DATAFLOW,REF_AREA:Geographic area,INDICATOR:Indicator,SEX:Sex,TIME_PERIOD:Time period,OBS_VALUE:Observation Value,UNIT_MULTIPLIER:Unit multiplier,UNIT_MEASURE:Unit of measure,OBS_STATUS:Observation Status,OBS_CONF:Observation confidentaility,LOWER_BOUND:Lower Bound,UPPER_BOUND:Upper Bound,WGTD_SAMPL_SIZE:Weighted Sample Size,OBS_FOOTNOTE:Observation footnote,SERIES_FOOTNOTE:Series footnote,DATA_SOURCE:Data Source,SOURCE_LINK:Citation of or link to the data source,CUSTODIAN:Custodian,TIME_PERIOD_METHOD:Time period activity related to when the data are collected,REF_PERIOD:Reference Period,COVERAGE_TIME:The period of time for which data are provided,AGE:Current age
UNICEF:GLOBAL_DATAFLOW(1.0): Cross-sector indicators,SDGRC_ECA_CA: (SDGRC) Central Africa,CME_MRY0T4: Under-five mortality rate,_T: Total,2018,91.0381179041598,,"D_PER_1000_B: Deaths per 1,000 live births",,,,,,,,UN_IGME,,,,,,_T: Total
UNICEF:GLOBAL_DATAFLOW(1.0): Cross-sector indicators,SDGRC_ECA_CA: (SDGRC) Central Africa,CME_MRY0T4: Under-five mortality rate,_T: Total,2019,88.9413148862125,,"D_PER_1000_B: Deaths per 1,000 live births",,,,,,,,UN_IGME,,,,,,_T: Total
UNICEF:GLOBAL_DATAFLOW(1.0): Cross-sector indicators,SDGRC_ECA_CA: (SDGRC) Central Africa,CME_MRY0T4: Under-five mortality rate,_T: Total,2020,85.8285785437647,,"D_PER_1000_B: Deaths per 1,000 live births",,,,,,,,UN_IGME,,,,,,_T: Total
UNICEF:GLOBAL_DATAFLOW(1.0): Cross-sector indicators,SDGRC_ECA_CA: (SDGRC) Central Africa,CME_MRY0T4: Under-five mortality rate,_T: Total,2021,83.1399057895412,,"D_PER_1000_B: Deaths per 1,000 live births",,,,,,,,UN_IGME,,,,,,_T: Total
UNICEF:GLOBAL_DATAFLOW(1.0): Cross-sector indicators,SDGRC_ECA_CA: (SDGRC) Central Africa,CME_MRY0T4: Under-five mortality rate,_T: Total,2022,80.5835230505014,,"D_PER_1000_B: Deaths per 1,000 live births",,,,,,,,UN_IGME,,,,,,_T: Total
UNICEF:GLOBAL_DATAFLOW(1.0): Cross-sector indicators,SDGRC_ECA_EA: (SDGRC) Eastern Africa,CME_MRY0T4: Under-five mortality rate,_T: Total,2018,63.9295421019506,,"D_PER_1000_B: Deaths per 1,000 live births",,,,,,,,UN_IGME,,,,,,_T: Total
UNICEF:GLOBAL_DATAFLOW(1.0): Cross-sector indicators,SDGRC_ECA_EA: (SDGRC) Eastern Africa,CME_MRY0T4: Under-five mortality rate,_T: Total,2019,61.8699142513379,,"D_PER_1000_B: Deaths per 1,000 live births",,,,,,,,UN_IGME,,,,,,_T: Total
UNICEF:GLOBAL_DATAFLOW(1.0): Cross-sector indicators,SDGRC_ECA_EA: (SDGRC) Eastern Africa,CME_MRY0T4: Under-five mortality rate,_T: Total,2020,59.9262249293627,,"D_PER_1000_B: Deaths per 1,000 live births",,,,,,,,UN_IGME,,,,,,_T: Total
UNICEF:GLOBAL_DATAFLOW(1.0): Cross-sector indicators,SDGRC_ECA_EA: (SDGRC) Eastern Africa,CME_MRY0T4: Under-five mortality rate,_T: Total,2021,58.0699311497812,,"D_PER_1000_B: Deaths per 1,000 live births",,,,,,,,UN_IGME,,,,,,_T: Total
UNICEF:GLOBAL_DATAFLOW(1.0): Cross-sector indicators,SDGRC_ECA_EA: (SDGRC) Eastern Africa,CME_MRY0T4: Under-five mortality rate,_T: Total,2022,56.3503918940446,,"D_PER_1000_B: Deaths per 1,000 live births",,,,,,,,UN_IGME,,,,,,_T: Total
UNICEF:GLOBAL_DATAFLOW(1.0): Cross-sector indicators,SDGRC_ECA_NA: (SDGRC) North Africa,CME_MRY0T4: Under-five mortality rate,_T: Total,2018,30.5195417980991,,"D_PER_1000_B: Deaths per 1,000 live births",,,,,,,,UN_IGME,,,,,,_T: Total
UNICEF:GLOBAL_DATAFLOW(1.0): Cross-sector indicators,SDGRC_ECA_NA: (SDGRC) North Africa,CME_MRY0T4: Under-five mortality rate,_T: Total,2019,29.7698797344699,,"D_PER_1000_B: Deaths per 1,000 live births",,,,,,,,UN_IGME,,,,,,_T: Total
UNICEF:GLOBAL_DATAFLOW(1.0): Cross-sector indicators,SDGRC_ECA_NA: (SDGRC) North Africa,CME_MRY0T4: Under-five mortality rate,_T: Total,2020,28.9737807617501,,"D_PER_1000_B: Deaths per 1,000 live births",,,,,,,,UN_IGME,,,,,,_T: Total
UNICEF:GLOBAL_DATAFLOW(1.0): Cross-sector indicators,SDGRC_ECA_NA: (SDGRC) North Africa,CME_MRY0T4: Under-five mortality rate,_T: Total,2021,28.1283449354141,,"D_PER_1000_B: Deaths per 1,000 live births",,,,,,,,UN_IGME,,,,,,_T: Total
UNICEF:GLOBAL_DATAFLOW(1.0): Cross-sector indicators,SDGRC_ECA_NA: (SDGRC) North Africa,CME_MRY0T4: Under-five mortality rate,_T: Total,2022,27.2859878696653,,"D_PER_1000_B: Deaths per 1,000 live births",,,,,,,,UN_IGME,,,,,,_T: Total
UNICEF:GLOBAL_DATAFLOW(1.0): Cross-sector indicators,SDGRC_ECA_SA: (SDGRC) Southern Africa,CME_MRY0T4: Under-five mortality rate,_T: Total,2018,59.8168073421856,,"D_PER_1000_B: Deaths per 1,000 live births",,,,,,,,UN_IGME,,,,,,_T: Total
UNICEF:GLOBAL_DATAFLOW(1.0): Cross-sector indicators,SDGRC_ECA_SA: (SDGRC) Southern Africa,CME_MRY0T4: Under-five mortality rate,_T: Total,2019,57.9143797221393,,"D_PER_1000_B: Deaths per 1,000 live births",,,,,,,,UN_IGME,,,,,,_T: Total
UNICEF:GLOBAL_DATAFLOW(1.0): Cross-sector indicators,SDGRC_ECA_SA: (SDGRC) Southern Africa,CME_MRY0T4: Under-five mortality rate,_T: Total,2020,56.2850362128637,,"D_PER_1000_B: Deaths per 1,000 live births",,,,,,,,UN_IGME,,,,,,_T: Total
UNICEF:GLOBAL_DATAFLOW(1.0): Cross-sector indicators,SDGRC_ECA_SA: (SDGRC) Southern Africa,CME_MRY0T4: Under-five mortality rate,_T: Total,2021,54.6895212290797,,"D_PER_1000_B: Deaths per 1,000 live births",,,,,,,,UN_IGME,,,,,,_T: Total
UNICEF:GLOBAL_DATAFLOW(1.0): Cross-sector indicators,SDGRC_ECA_SA: (SDGRC) Southern Africa,CME_MRY0T4: Under-five mortality rate,_T: Total,2022,53.3804825379484,,"D_PER_1000_B: Deaths per 1,000 live births",,,,,,,,UN_IGME,,,,,,_T: Total
UNICEF:GLOBAL_DATAFLOW(1.0): Cross-sector indicators,SDGRC_ECA_ALL: (SDGRC) United Nations Economic Commission for Africa,CME_MRY0T4: Under-five mortality rate,_T: Total,2018,73.3125417734725,,"D_PER_1000_B: Deaths per 1,000 live births",,,,,,,,UN_IGME,,,,,,_T: Total
UNICEF:GLOBAL_DATAFLOW(1.0): Cross-sector indicators,SDGRC_ECA_ALL: (SDGRC) United Nations Economic Commission for Africa,CME_MRY0T4: Under-five mortality rate,_T: Total,2019,71.3733535427972,,"D_PER_1000_B: Deaths per 1,000 live births",,,,,,,,UN_IGME,,,,,,_T: Total
UNICEF:GLOBAL_DATAFLOW(1.0): Cross-sector indicators,SDGRC_ECA_ALL: (SDGRC) United Nations Economic Commission for Africa,CME_MRY0T4: Under-five mortality rate,_T: Total,2020,69.478762202845,,"D_PER_1000_B: Deaths per 1,000 live births",,,,,,,,UN_IGME,,,,,,_T: Total
UNICEF:GLOBAL_DATAFLOW(1.0): Cross-sector indicators,SDGRC_ECA_ALL: (SDGRC) United Nations Economic Commission for Africa,CME_MRY0T4: Under-five mortality rate,_T: Total,2021,67.566511953738,,"D_PER_1000_B: Deaths per 1,000 live births",,,,,,,,UN_IGME,,,,,,_T: Total
UNICEF:GLOBAL_DATAFLOW(1.0): Cross-sector indicators,SDGRC_ECA_ALL: (SDGRC) United Nations Economic Commission for Africa,CME_MRY0T4: Under-five mortality rate,_T: Total,2022,65.7083918633763,,"D_PER_1000_B: Deaths per 1,000 live births",,,,,,,,UN_IGME,,,,,,_T: Total
UNICEF:GLOBAL_DATAFLOW(1.0): Cross-sector indicators,SDGRC_ECA_WA: (SDGRC) West Africa,CME_MRY0T4: Under-five mortality rate,_T: Total,2018,104.512476264084,,"D_PER_1000_B: Deaths per 1,000 live births",,,,,,,,UN_IGME,,,,,,_T: Total
UNICEF:GLOBAL_DATAFLOW(1.0): Cross-sector indicators,SDGRC_ECA_WA: (SDGRC) West Africa,CME_MRY0T4: Under-five mortality rate,_T: Total,2019,101.876116803784,,"D_PER_1000_B: Deaths per 1,000 live births",,,,,,,,UN_IGME,,,,,,_T: Total
UNICEF:GLOBAL_DATAFLOW(1.0): Cross-sector indicators,SDGRC_ECA_WA: (SDGRC) West Africa,CME_MRY0T4: Under-five mortality rate,_T: Total,2020,99.3076389739889,,"D_PER_1000_B: Deaths per 1,000 live births",,,,,,,,UN_IGME,,,,,,_T: Total
UNICEF:GLOBAL_DATAFLOW(1.0): Cross-sector indicators,SDGRC_ECA_WA: (SDGRC) West Africa,CME_MRY0T4: Under-five mortality rate,_T: Total,2021,96.5566261768346,,"D_PER_1000_B: Deaths per 1,000 live births",,,,,,,,UN_IGME,,,,,,_T: Total
UNICEF:GLOBAL_DATAFLOW(1.0): Cross-sector indicators,SDGRC_ECA_WA: (SDGRC) West Africa,CME_MRY0T4: Under-five mortality rate,_T: Total,2022,93.7439237559601,,"D_PER_1000_B: Deaths per 1,000 live births",,,,,,,,UN_IGME,,,,,,_T: Total
UNICEF:GLOBAL_DATAFLOW(1.0): Cross-sector indicators,AFG: Afghanistan,CME_MRY0T4: Under-five mortality rate,_T: Total,2018,65.4298993690391,,"D_PER_1000_B: Deaths per 1,000 live births",A: Normal value,,55.4070292561668,76.1318165096319,,,,UN_IGME,,,,,,_T: Total
UNICEF:GLOBAL_DATAFLOW(1.0): Cross-sector indicators,AFG: Afghanistan,CME_MRY0T4: Under-five mortality rate,_T: Total,2019,63.3243188292192,,"D_PER_1000_B: Deaths per 1,000 live births",A: Normal value,,52.5264069662,75.2145404816498,,,,UN_IGME,,,,,,_T: Total
UNICEF:GLOBAL_DATAFLOW(1.0): Cross-sector indicators,AFG: Afghanistan,CME_MRY0T4: Under-five mortality rate,_T: Total,2020,61.3055387997174,,"D_PER_1000_B: Deaths per 1,000 live births",A: Normal value,,49.9433442213359,74.4662853458725,,,,UN_IGME,,,,,,_T: Total
UNICEF:GLOBAL_DATAFLOW(1.0): Cross-sector indicators,AFG: Afghanistan,CME_MRY0T4: Under-five mortality rate,_T: Total,2021,59.3354287138306,,"D_PER_1000_B: Deaths per 1,000 live births",A: Normal value,,47.3435073160204,73.6142116097595,,,,UN_IGME,,,,,,_T: Total
UNICEF:GLOBAL_DATAFLOW(1.0): Cross-sector indicators,AFG: Afghanistan,CME_MRY0T4: Under-five mortality rate,_T: Total,2022,57.3906363339213,,"D_PER_1000_B: Deaths per 1,000 live births",A: Normal value,,44.8187836636417,73.1177477315738,,,,UN_IGME,,,,,,_T: Total
UNICEF:GLOBAL_DATAFLOW(1.0): Cross-sector indicators,WHO_AFRO: Africa,CME_MRY0T4: Under-five mortality rate,_T: Total,2018,78.0660368805509,,"D_PER_1000_B: Deaths per 1,000 live births",,,72.5949037838865,86.4906567612332,,,,UN_IGME,,,,,,_T: Total
UNICEF:GLOBAL_DATAFLOW(1.0): Cross-sector indicators,WHO_AFRO: Africa,CME_MRY0T4: Under-five mortality rate,_T: Total,2019,76.3607236047346,,"D_PER_1000_B: Deaths per 1,000 live births",,,70.5785682954115,85.5284805579552,,,,UN_IGME,,,,,,_T: Total
UNICEF:GLOBAL_DATAFLOW(1.0): Cross-sector indicators,WHO_AFRO: Africa,CME_MRY0T4: Under-five mortality rate,_T: Total,2020,73.3555185261334,,"D_PER_1000_B: Deaths per 1,000 live births",,,67.3564097016147,83.4487946785503,,,,UN_IGME,,,,,,_T: Total
UNICEF:GLOBAL_DATAFLOW(1.0): Cross-sector indicators,WHO_AFRO: Africa,CME_MRY0T4: Under-five mortality rate,_T: Total,2021,71.5232089092521,,"D_PER_1000_B: Deaths per 1,000 live births",,,65.2338549337826,82.5654465258,,,,UN_IGME,,,,,,_T: Total
UNICEF:GLOBAL_DATAFLOW(1.0): Cross-sector indicators,WHO_AFRO: Africa,CME_MRY0T4: Under-five mortality rate,_T: Total,2022,71.0499891396026,,"D_PER_1000_B: Deaths per 1,000 live births",,,64.5822755796057,83.1060993875003,,,,UN_IGME,,,,,,_T: Total
UNICEF:GLOBAL_DATAFLOW(1.0): Cross-sector indicators,AU_AFRICA: African Union,CME_MRY0T4: Under-five mortality rate,_T: Total,2018,73.3125417734725,,"D_PER_1000_B: Deaths per 1,000 live births",,,,,,,,UN_IGME,,,,,,_T: Total
UNICEF:GLOBAL_DATAFLOW(1.0): Cross-sector indicators,AU_AFRICA: African Union,CME_MRY0T4: Under-five mortality rate,_T: Total,2019,71.3733535427972,,"D_PER_1000_B: Deaths per 1,000 live births",,,,,,,,UN_IGME,,,,,,_T: Total
UNICEF:GLOBAL_DATAFLOW(1.0): Cross-sector indicators,AU_AFRICA: African Union,CME_MRY0T4: Under-five mortality rate,_T: Total,2020,69.478762202845,,"D_PER_1000_B: Deaths per 1,000 live births",,,,,,,,UN_IGME,,,,,,_T: Total
UNICEF:GLOBAL_DATAFLOW(1.0): Cross-sector indicators,AU_AFRICA: African Union,CME_MRY0T4: Under-five mortality rate,_T: Total,2021,67.566511953738,,"D_PER_1000_B: Deaths per 1,000 live births",,,,,,,,UN_IGME,,,,,,_T: Total
UNICEF:GLOBAL_DATAFLOW(1.0): Cross-sector indicators,AU_AFRICA: African Union,CME_MRY0T4: Under-five mortality rate,_T: Total,2022,65.7083918633763,,"D_PER_1000_B: Deaths per 1,000 live births",,,,,,,,UN_IGME,,,,,,_T: Total
UNICEF:GLOBAL_DATAFLOW(1.0): Cross-sector indicators,ALB: Albania,CME_MRY0T4: Under-five mortality rate,_T: Total,2018,9.34293878980078,,"D_PER_1000_B: Deaths per 1,000 live births",A: Normal value,,8.95423665822058,9.7466140392121,,,,UN_IGME,,,,,,_T: Total
UNICEF:GLOBAL_DATAFLOW(1.0): Cross-sector indicators,ALB: Albania,CME_MRY0T4: Under-five mortality rate,_T: Total,2019,9.38644535597836,,"D_PER_1000_B: Deaths per 1,000 live births",A: Normal value,,8.9349061624785,9.84804624790056,,,,UN_IGME,,,,,,_T: Total
UNICEF:GLOBAL_DATAFLOW(1.0): Cross-sector indicators,ALB: Albania,CME_MRY0T4: Under-five mortality rate,_T: Total,2020,9.43316579920125,,"D_PER_1000_B: Deaths per 1,000 live births",A: Normal value,,8.8762020764933,10.0071493072501,,,,UN_IGME,,,,,,_T: Total
UNICEF:GLOBAL_DATAFLOW(1.0): Cross-sector indicators,ALB: Albania,CME_MRY0T4: Under-five mortality rate,_T: Total,2021,9.4650550667463,,"D_PER_1000_B: Deaths per 1,000 live births",A: Normal value,,8.73748401292897,10.2255023275363,,,,UN_IGME,,,,,,_T: Total
UNICEF:GLOBAL_DATAFLOW(1.0): Cross-sector indicators,ALB: Albania,CME_MRY0T4: Under-five mortality rate,_T: Total,2022,9.44571138015178,,"D_PER_1000_B: Deaths per 1,000 live births",A: Normal value,,8.52036566634592,10.4789752779898,,,,UN_IGME,,,,,,_T: Total
UNICEF:GLOBAL_DATAFLOW(1.0): Cross-sector indicators,DZA: Algeria,CME_MRY0T4: Under-five mortality rate,_T: Total,2018,23.6501215337194,,"D_PER_1000_B: Deaths per 1,000 live births",A: Normal value,,22.309099310766,25.0401442634151,,,,UN_IGME,,,,,,_T: Total
UNICEF:GLOBAL_DATAFLOW(1.0): Cross-sector indicators,DZA: Algeria,CME_MRY0T4: Under-five mortality rate,_T: Total,2019,23.2700797493441,,"D_PER_1000_B: Deaths per 1,000 live births",A: Normal value,,21.9438812597229,24.6597945424424,,,,UN_IGME,,,,,,_T: Total
UNICEF:GLOBAL_DATAFLOW(1.0): Cross-sector indicators,DZA: Algeria,CME_MRY0T4: Under-five mortality rate,_T: Total,2020,22.9334639100936,,"D_PER_1000_B: Deaths per 1,000 live births",A: Normal value,,21.58703710441,24.3490326094351,,,,UN_IGME,,,,,,_T: Total
UNICEF:GLOBAL_DATAFLOW(1.0): Cross-sector indicators,DZA: Algeria,CME_MRY0T4: Under-five mortality rate,_T: Total,2021,22.5911632228903,,"D_PER_1000_B: Deaths per 1,000 live births",A: Normal value,,21.1626110847869,24.1625949235485,,,,UN_IGME,,,,,,_T: Total
UNICEF:GLOBAL_DATAFLOW(1.0): Cross-sector indicators,DZA: Algeria,CME_MRY0T4: Under-five mortality rate,_T: Total,2022,22.3006474183766,,"D_PER_1000_B: Deaths per 1,000 live births",A: Normal value,,20.5797891148064,24.1720124176827,,,,UN_IGME,,,,,,_T: Total
UNICEF:GLOBAL_DATAFLOW(1.0): Cross-sector indicators,WHO_AMRO: Americas,CME_MRY0T4: Under-five mortality rate,_T: Total,2018,14.2756364253299,,"D_PER_1000_B: Deaths per 1,000 live births",,,13.8301937049502,14.9232365197021,,,,UN_IGME,,,,,,_T: Total
UNICEF:GLOBAL_DATAFLOW(1.0): Cross-sector indicators,WHO_AMRO: Americas,CME_MRY0T4: Under-five mortality rate,_T: Total,2019,13.9887494736511,,"D_PER_1000_B: Deaths per 1,000 live births",,,13.502183920026,14.7131206461875,,,,UN_IGME,,,,,,_T: Total
UNICEF:GLOBAL_DATAFLOW(1.0): Cross-sector indicators,WHO_AMRO: Americas,CME_MRY0T4: Under-five mortality rate,_T: Total,2020,13.7636305719477,,"D_PER_1000_B: Deaths per 1,000 live births",,,13.2254072978201,14.5876858291412,,,,UN_IGME,,,,,,_T: Total
UNICEF:GLOBAL_DATAFLOW(1.0): Cross-sector indicators,WHO_AMRO: Americas,CME_MRY0T4: Under-five mortality rate,_T: Total,2021,13.4856080427795,,"D_PER_1000_B: Deaths per 1,000 live births",,,12.8776726745004,14.4161147142659,,,,UN_IGME,,,,,,_T: Total
UNICEF:GLOBAL_DATAFLOW(1.0): Cross-sector indicators,WHO_AMRO: Americas,CME_MRY0T4: Under-five mortality rate,_T: Total,2022,13.2049159414553,,"D_PER_1000_B: Deaths per 1,000 live births",,,12.5407608016867,14.2577302997547,,,,UN_IGME,,,,,,_T: Total
UNICEF:GLOBAL_DATAFLOW(1.0): Cross-sector indicators,AND: Andorra,CME_MRY0T4: Under-five mortality rate,_T: Total,2018,3.08401718025745,,"D_PER_1000_B: Deaths per 1,000 live births",A: Normal value,,0.90862852724989,10.734056038177,,,,UN_IGME,,,,,,_T: Total
UNICEF:GLOBAL_DATAFLOW(1.0): Cross-sector indicators,AND: Andorra,CME_MRY0T4: Under-five mortality rate,_T: Total,2019,2.96617637885265,,"D_PER_1000_B: Deaths per 1,000 live births",A: Normal value,,0.849813317000449,10.6883939801239,,,,UN_IGME,,,,,,_T: Total
UNICEF:GLOBAL_DATAFLOW(1.0): Cross-sector indicators,AND: Andorra,CME_MRY0T4: Under-five mortality rate,_T: Total,2020,2.85647717874567,,"D_PER_1000_B: Deaths per 1,000 live births",A: Normal value,,0.79837010620031,10.5664850290796,,,,UN_IGME,,,,,,_T: Total
UNICEF:GLOBAL_DATAFLOW(1.0): Cross-sector indicators,AND: Andorra,CME_MRY0T4: Under-five mortality rate,_T: Total,2021,2.76307247764778,,"D_PER_1000_B: Deaths per 1,000 live births",A: Normal value,,0.749193827994743,10.4393938650929,,,,UN_IGME,,,,,,_T: Total
UNICEF:GLOBAL_DATAFLOW(1.0): Cross-sector indicators,AND: Andorra,CME_MRY0T4: Under-five mortality rate,_T: Total,2022,2.66850210954286,,"D_PER_1000_B: Deaths per 1,000 live births",A: Normal value,,0.709520010047456,10.3347240994443,,,,UN_IGME,,,,,,_T: Total
UNICEF:GLOBAL_DATAFLOW(1.0): Cross-sector indicators,AGO: Angola,CME_MRY0T4: Under-five mortality rate,_T: Total,2018,77.2545335368577,,"D_PER_1000_B: Deaths per 1,000 live births",A: Normal value,,35.8585401097175,141.632551257201,,,,UN_IGME,,,,,,_T: Total
UNICEF:GLOBAL_DATAFLOW(1.0): Cross-sector indicators,AGO: Angola,CME_MRY0T4: Under-five mortality rate,_T: Total,2019,74.3628954441331,,"D_PER_1000_B: Deaths per 1,000 live births",A: Normal value,,33.6530621791894,139.889517430987,,,,UN_IGME,,,,,,_T: Total
UNICEF:GLOBAL_DATAFLOW(1.0): Cross-sector indicators,AGO: Angola,CME_MRY0T4: Under-five mortality rate,_T: Total,2020,71.5969261907476,,"D_PER_1000_B: Deaths per 1,000 live births",A: Normal value,,31.4071410302907,137.994102830783,,,,UN_IGME,,,,,,_T: Total
UNICEF:GLOBAL_DATAFLOW(1.0): Cross-sector indicators,AGO: Angola,CME_MRY0T4: Under-five mortality rate,_T: Total,2021,68.9975089539462,,"D_PER_1000_B: Deaths per 1,000 live births",A: Normal value,,29.8550157705877,135.736031603385,,,,UN_IGME,,,,,,_T: Total
UNICEF:GLOBAL_DATAFLOW(1.0): Cross-sector indicators,AGO: Angola,CME_MRY0T4: Under-five mortality rate,_T: Total,2022,66.4370458171984,,"D_PER_1000_B: Deaths per 1,000 live births",A: Normal value,,28.2878731949653,133.537740499078,,,,UN_IGME,,,,,,_T: Total
UNICEF:GLOBAL_DATAFLOW(1.0): Cross-sector indicators,AIA: Anguilla,CME_MRY0T4: Under-five mortality rate,_T: Total,2018,6.7474655392619,,"D_PER_1000_B: Deaths per 1,000 live births",A: Normal value,,3.67273854981,12.3904922166682,,,,UN_IGME,,,,,,_T: Total
UNICEF:GLOBAL_DATAFLOW(1.0): Cross-sector indicators,AIA: Anguilla,CME_MRY0T4: Under-five mortality rate,_T: Total,2019,6.56202675705254,,"D_PER_1000_B: Deaths per 1,000 live births",A: Normal value,,3.47238180529744,12.2099381511765,,,,UN_IGME,,,,,,_T: Total
UNICEF:GLOBAL_DATAFLOW(1.0): Cross-sector indicators,AIA: Anguilla,CME_MRY0T4: Under-five mortality rate,_T: Total,2020,6.35653785328371,,"D_PER_1000_B: Deaths per 1,000 live births",A: Normal value,,3.2985894674531,12.1171258030874,,,,UN_IGME,,,,,,_T: Total
UNICEF:GLOBAL_DATAFLOW(1.0): Cross-sector indicators,AIA: Anguilla,CME_MRY0T4: Under-five mortality rate,_T: Total,2021,6.14244367334113,,"D_PER_1000_B: Deaths per 1,000 live births",A: Normal value,,3.14186144471834,11.9317752063781,,,,UN_IGME,,,,,,_T: Total
UNICEF:GLOBAL_DATAFLOW(1.0): Cross-sector indicators,AIA: Anguilla,CME_MRY0T4: Under-five mortality rate,_T: Total,2022,5.94316233089138,,"D_PER_1000_B: Deaths per 1,000 live births",A: Normal value,,2.96371639241971,11.8154668598828,,,,UN_IGME,,,,,,_T: Total
UNICEF:GLOBAL_DATAFLOW(1.0): Cross-sector indicators,ATG: Antigua and Barbuda,CME_MRY0T4: Under-five mortality rate,_T: Total,2018,10.4795629586564,,"D_PER_1000_B: Deaths per 1,000 live births",A: Normal value,,8.83933182762774,12.5138299253105,,,,UN_IGME,,,,,,_T: Total
UNICEF:GLOBAL_DATAFLOW(1.0): Cross-sector indicators,ATG: Antigua and Barbuda,CME_MRY0T4: Under-five mortality rate,_T: Total,2019,10.2790969681881,,"D_PER_1000_B: Deaths per 1,000 live births",A: Normal value,,8.47253861827572,12.5736349526525,,,,UN_IGME,,,,,,_T: Total
UNICEF:GLOBAL_DATAFLOW(1.0): Cross-sector indicators,ATG: Antigua and Barbuda,CME_MRY0T4: Under-five mortality rate,_T: Total,2020,10.0626514100816,,"D_PER_1000_B: Deaths per 1,000 live births",A: Normal value,,8.07843599648853,12.6318877075702,,,,UN_IGME,,,,,,_T: Total
UNICEF:GLOBAL_DATAFLOW(1.0): Cross-sector indicators,ATG: Antigua and Barbuda,CME_MRY0T4: Under-five mortality rate,_T: Total,2021,9.8270539875825,,"D_PER_1000_B: Deaths per 1,000 live births",A: Normal value,,7.63306942487663,12.664552743156,,,,UN_IGME,,,,,,_T: Total
UNICEF:GLOBAL_DATAFLOW(1.0): Cross-sector indicators,ATG: Antigua and Barbuda,CME_MRY0T4: Under-five mortality rate,_T: Total,2022,9.58318101090616,,"D_PER_1000_B: Deaths per 1,000 live births",A: Normal value,,7.2078392422078,12.7291641585721,,,,UN_IGME,,,,,,_T: Total
UNICEF:GLOBAL_DATAFLOW(1.0): Cross-sector indicators,AUREC_AMU: Arab Maghreb Union (AMU),CME_MRY0T4: Under-five mortality rate,_T: Total,2018,22.6677358439983,,"D_PER_1000_B: Deaths per 1,000 live births",,,,,,,,UN_IGME,,,,,,_T: Total
UNICEF:GLOBAL_DATAFLOW(1.0): Cross-sector indicators,AUREC_AMU: Arab Maghreb Union (AMU),CME_MRY0T4: Under-five mortality rate,_T: Total,2019,21.9914313161284,,"D_PER_1000_B: Deaths per 1,000 live births",,,,,,,,UN_IGME,,,,,,_T: Total
UNICEF:GLOBAL_DATAFLOW(1.0): Cross-sector indicators,AUREC_AMU: Arab Maghreb Union (AMU),CME_MRY0T4: Under-five mortality rate,_T: Total,2020,21.3098485858507,,"D_PER_1000_B: Deaths per 1,000 live births",,,,,,,,UN_IGME,,,,,,_T: Total
UNICEF:GLOBAL_DATAFLOW(1.0): Cross-sector indicators,AUREC_AMU: Arab Maghreb Union (AMU),CME_MRY0T4: Under-five mortality rate,_T: Total,2021,20.6592109120775,,"D_PER_1000_B: Deaths per 1,000 live births",,,,,,,,UN_IGME,,,,,,_T: Total
UNICEF:GLOBAL_DATAFLOW(1.0): Cross-sector indicators,AUREC_AMU: Arab Maghreb Union (AMU),CME_MRY0T4: Under-five mortality rate,_T: Total,2022,20.02091386432,,"D_PER_1000_B: Deaths per 1,000 live births",,,,,,,,UN_IGME,,,,,,_T: Total
UNICEF:GLOBAL_DATAFLOW(1.0): Cross-sector indicators,ARG: Argentina,CME_MRY0T4: Under-five mortality rate,_T: Total,2018,10.7455102810636,,"D_PER_1000_B: Deaths per 1,000 live births",A: Normal value,,10.195730203999,11.3254769190108,,,,UN_IGME,,,,,,_T: Total
UNICEF:GLOBAL_DATAFLOW(1.0): Cross-sector indicators,ARG: Argentina,CME_MRY0T4: Under-five mortality rate,_T: Total,2019,10.4830734242708,,"D_PER_1000_B: Deaths per 1,000 live births",A: Normal value,,9.8879895004484,11.1232269856745,,,,UN_IGME,,,,,,_T: Total
UNICEF:GLOBAL_DATAFLOW(1.0): Cross-sector indicators,ARG: Argentina,CME_MRY0T4: Under-five mortality rate,_T: Total,2020,10.2582116963671,,"D_PER_1000_B: Deaths per 1,000 live births",A: Normal value,,9.59631960481925,10.975947940835,,,,UN_IGME,,,,,,_T: Total
UNICEF:GLOBAL_DATAFLOW(1.0): Cross-sector indicators,ARG: Argentina,CME_MRY0T4: Under-five mortality rate,_T: Total,2021,10.0468513667165,,"D_PER_1000_B: Deaths per 1,000 live births",A: Normal value,,9.25916272170375,10.9191618800092,,,,UN_IGME,,,,,,_T: Total
UNICEF:GLOBAL_DATAFLOW(1.0): Cross-sector indicators,ARG: Argentina,CME_MRY0T4: Under-five mortality rate,_T: Total,2022,9.84577900908724,,"D_PER_1000_B: Deaths per 1,000 live births",A: Normal value,,8.88739106479147,10.9203632985074,,,,UN_IGME,,,,,,_T: Total
UNICEF:GLOBAL_DATAFLOW(1.0): Cross-sector indicators,ARM: Armenia,CME_MRY0T4: Under-five mortality rate,_T: Total,2018,12.7114825411208,,"D_PER_1000_B: Deaths per 1,000 live births",A: Normal value,,10.6007198096558,14.9897455419687,,,,UN_IGME,,,,,,_T: Total
UNICEF:GLOBAL_DATAFLOW(1.0): Cross-sector indicators,ARM: Armenia,CME_MRY0T4: Under-five mortality rate,_T: Total,2019,12.1320360351397,,"D_PER_1000_B: Deaths per 1,000 live births",A: Normal value,,10.0674445213348,14.4061801015922,,,,UN_IGME,,,,,,_T: Total
UNICEF:GLOBAL_DATAFLOW(1.0): Cross-sector indicators,ARM: Armenia,CME_MRY0T4: Under-five mortality rate,_T: Total,2020,11.5714440557054,,"D_PER_1000_B: Deaths per 1,000 live births",A: Normal value,,9.553796965025,13.9199861112381,,,,UN_IGME,,,,,,_T: Total
UNICEF:GLOBAL_DATAFLOW(1.0): Cross-sector indicators,ARM: Armenia,CME_MRY0T4: Under-five mortality rate,_T: Total,2021,11.0391690610356,,"D_PER_1000_B: Deaths per 1,000 live births",A: Normal value,,9.04315533686781,13.4673661229268,,,,UN_IGME,,,,,,_T: Total
UNICEF:GLOBAL_DATAFLOW(1.0): Cross-sector indicators,ARM: Armenia,CME_MRY0T4: Under-five mortality rate,_T: Total,2022,10.5305723433989,,"D_PER_1000_B: Deaths per 1,000 live births",A: Normal value,,8.53812260861556,13.0604571724916,,,,UN_IGME,,,,,,_T: Total
UNICEF:GLOBAL_DATAFLOW(1.0): Cross-sector indicators,AUS: Australia,CME_MRY0T4: Under-five mortality rate,_T: Total,2018,3.78900413559939,,"D_PER_1000_B: Deaths per 1,000 live births",A: Normal value,,3.70817649470097,3.87507198988247,,,,UN_IGME,,,,,,_T: Total
UNICEF:GLOBAL_DATAFLOW(1.0): Cross-sector indicators,AUS: Australia,CME_MRY0T4: Under-five mortality rate,_T: Total,2019,3.78377046216863,,"D_PER_1000_B: Deaths per 1,000 live births",A: Normal value,,3.70037662246437,3.87485831117491,,,,UN_IGME,,,,,,_T: Total
UNICEF:GLOBAL_DATAFLOW(1.0): Cross-sector indicators,AUS: Australia,CME_MRY0T4: Under-five mortality rate,_T: Total,2020,3.77297462496702,,"D_PER_1000_B: Deaths per 1,000 live births",A: Normal value,,3.68783563585376,3.86147003155863,,,,UN_IGME,,,,,,_T: Total
UNICEF:GLOBAL_DATAFLOW(1.0): Cross-sector indicators,AUS: Australia,CME_MRY0T4: Under-five mortality rate,_T: Total,2021,3.7494924976183,,"D_PER_1000_B: Deaths per 1,000 live births",A: Normal value,,3.66286509660725,3.83785717544928,,,,UN_IGME,,,,,,_T: Total
UNICEF:GLOBAL_DATAFLOW(1.0): Cross-sector indicators,AUS: Australia,CME_MRY0T4: Under-five mortality rate,_T: Total,2022,3.71338951172435,,"D_PER_1000_B: Deaths per 1,000 live births",A: Normal value,,3.61469343848256,3.81608171787083,,,,UN_IGME,,,,,,_T: Total
UNICEF:GLOBAL_DATAFLOW(1.0): Cross-sector indicators,UNSDG_AUSTRALIANEWZEALAND: Australia and New Zealand,CME_MRY0T4: Under-five mortality rate,_T: Total,2018,4.01126253909034,,"D_PER_1000_B: Deaths per 1,000 live births",A: Normal value,,3.93218083996923,4.09261196670565,,,,UN_IGME,,,,,,_T: Total
UNICEF:GLOBAL_DATAFLOW(1.0): Cross-sector indicators,UNSDG_AUSTRALIANEWZEALAND: Australia and New Zealand,CME_MRY0T4: Under-five mortality rate,_T: Total,2019,3.99617873364877,,"D_PER_1000_B: Deaths per 1,000 live births",A: Normal value,,3.91102029575565,4.08568504619269,,,,UN_IGME,,,,,,_T: Total
UNICEF:GLOBAL_DATAFLOW(1.0): Cross-sector indicators,UNSDG_AUSTRALIANEWZEALAND: Australia and New Zealand,CME_MRY0T4: Under-five mortality rate,_T: Total,2020,3.9731807727319,,"D_PER_1000_B: Deaths per 1,000 live births",A: Normal value,,3.88102478403652,4.06647837707775,,,,UN_IGME,,,,,,_T: Total
UNICEF:GLOBAL_DATAFLOW(1.0): Cross-sector indicators,UNSDG_AUSTRALIANEWZEALAND: Australia and New Zealand,CME_MRY0T4: Under-five mortality rate,_T: Total,2021,3.93671109019333,,"D_PER_1000_B: Deaths per 1,000 live births",A: Normal value,,3.83591848060499,4.04050550399909,,,,UN_IGME,,,,,,_T: Total
UNICEF:GLOBAL_DATAFLOW(1.0): Cross-sector indicators,UNSDG_AUSTRALIANEWZEALAND: Australia and New Zealand,CME_MRY0T4: Under-five mortality rate,_T: Total,2022,3.88935937532475,,"D_PER_1000_B: Deaths per 1,000 live births",A: Normal value,,3.77436116880794,4.01548034654769,,,,UN_IGME,,,,,,_T: Total
UNICEF:GLOBAL_DATAFLOW(1.0): Cross-sector indicators,AUT: Austria,CME_MRY0T4: Under-five mortality rate,_T: Total,2018,3.54861778963197,,"D_PER_1000_B: Deaths per 1,000 live births",A: Normal value,,3.40616513309159,3.69566789019551,,,,UN_IGME,,,,,,_T: Total
UNICEF:GLOBAL_DATAFLOW(1.0): Cross-sector indicators,AUT: Austria,CME_MRY0T4: Under-five mortality rate,_T: Total,2019,3.49366199578761,,"D_PER_1000_B: Deaths per 1,000 live births",A: Normal value,,3.34783057233447,3.64416995556973,,,,UN_IGME,,,,,,_T: Total
UNICEF:GLOBAL_DATAFLOW(1.0): Cross-sector indicators,AUT: Austria,CME_MRY0T4: Under-five mortality rate,_T: Total,2020,3.42054535520444,,"D_PER_1000_B: Deaths per 1,000 live births",A: Normal value,,3.27687674092533,3.57013136193071,,,,UN_IGME,,,,,,_T: Total
UNICEF:GLOBAL_DATAFLOW(1.0): Cross-sector indicators,AUT: Austria,CME_MRY0T4: Under-five mortality rate,_T: Total,2021,3.32912917152151,,"D_PER_1000_B: Deaths per 1,000 live births",A: Normal value,,3.18065006316385,3.48320049670562,,,,UN_IGME,,,,,,_T: Total
UNICEF:GLOBAL_DATAFLOW(1.0): Cross-sector indicators,AUT: Austria,CME_MRY0T4: Under-five mortality rate,_T: Total,2022,3.22882819817805,,"D_PER_1000_B: Deaths per 1,000 live births",A: Normal value,,3.05525431372976,3.40891884354407,,,,UN_IGME,,,,,,_T: Total
UNICEF:GLOBAL_DATAFLOW(1.0): Cross-sector indicators,AZE: Azerbaijan,CME_MRY0T4: Under-five mortality rate,_T: Total,2018,23.6159676718251,,"D_PER_1000_B: Deaths per 1,000 live births",A: Normal value,,17.8201161733012,31.0483803801488,,,,UN_IGME,,,,,,_T: Total
UNICEF:GLOBAL_DATAFLOW(1.0): Cross-sector indicators,AZE: Azerbaijan,CME_MRY0T4: Under-five mortality rate,_T: Total,2019,22.437231915153,,"D_PER_1000_B: Deaths per 1,000 live births",A: Normal value,,16.671645746887,30.1237311493485,,,,UN_IGME,,,,,,_T: Total
UNICEF:GLOBAL_DATAFLOW(1.0): Cross-sector indicators,AZE: Azerbaijan,CME_MRY0T4: Under-five mortality rate,_T: Total,2020,21.3304127300201,,"D_PER_1000_B: Deaths per 1,000 live births",A: Normal value,,15.5429638172798,29.4307264334424,,,,UN_IGME,,,,,,_T: Total
UNICEF:GLOBAL_DATAFLOW(1.0): Cross-sector indicators,AZE: Azerbaijan,CME_MRY0T4: Under-five mortality rate,_T: Total,2021,20.3673996566608,,"D_PER_1000_B: Deaths per 1,000 live births",A: Normal value,,14.4289986692772,28.8651906788808,,,,UN_IGME,,,,,,_T: Total
UNICEF:GLOBAL_DATAFLOW(1.0): Cross-sector indicators,AZE: Azerbaijan,CME_MRY0T4: Under-five mortality rate,_T: Total,2022,19.4345255026578,,"D_PER_1000_B: Deaths per 1,000 live births",A: Normal value,,13.2896817003155,28.5705372686284,,,,UN_IGME,,,,,,_T: Total
UNICEF:GLOBAL_DATAFLOW(1.0): Cross-sector indicators,BHS: Bahamas,CME_MRY0T4: Under-five mortality rate,_T: Total,2018,13.5341521016676,,"D_PER_1000_B: Deaths per 1,000 live births",A: Normal value,,12.3817814619606,14.7479324885961,,,,UN_IGME,,,,,,_T: Total
UNICEF:GLOBAL_DATAFLOW(1.0): Cross-sector indicators,BHS: Bahamas,CME_MRY0T4: Under-five mortality rate,_T: Total,2019,23.505862604181,,"D_PER_1000_B: Deaths per 1,000 live births",A: Normal value,,21.1549484519298,26.1144593706381,,,,UN_IGME,,,,,,_T: Total
UNICEF:GLOBAL_DATAFLOW(1.0): Cross-sector indicators,BHS: Bahamas,CME_MRY0T4: Under-five mortality rate,_T: Total,2020,13.3015763827394,,"D_PER_1000_B: Deaths per 1,000 live births",A: Normal value,,11.7077334298354,15.1354016950769,,,,UN_IGME,,,,,,_T: Total
UNICEF:GLOBAL_DATAFLOW(1.0): Cross-sector indicators,BHS: Bahamas,CME_MRY0T4: Under-five mortality rate,_T: Total,2021,13.1422725904653,,"D_PER_1000_B: Deaths per 1,000 live births",A: Normal value,,11.287683964478,15.3524643280296,,,,UN_IGME,,,,,,_T: Total
UNICEF:GLOBAL_DATAFLOW(1.0): Cross-sector indicators,BHS: Bahamas,CME_MRY0T4: Under-five mortality rate,_T: Total,2022,12.9325921233378,,"D_PER_1000_B: Deaths per 1,000 live births",A: Normal value,,10.7769545584726,15.5291426657815,,,,UN_IGME,,,,,,_T: Total
UNICEF:GLOBAL_DATAFLOW(1.0): Cross-sector indicators,BHR: Bahrain,CME_MRY0T4: Under-five mortality rate,_T: Total,2018,7.72009401003567,,"D_PER_1000_B: Deaths per 1,000 live births",A: Normal value,,7.34674192262675,8.10126065315636,,,,UN_IGME,,,,,,_T: Total
UNICEF:GLOBAL_DATAFLOW(1.0): Cross-sector indicators,BHR: Bahrain,CME_MRY0T4: Under-five mortality rate,_T: Total,2019,7.83295666082737,,"D_PER_1000_B: Deaths per 1,000 live births",A: Normal value,,7.44575432231375,8.22708060946641,,,,UN_IGME,,,,,,_T: Total
UNICEF:GLOBAL_DATAFLOW(1.0): Cross-sector indicators,BHR: Bahrain,CME_MRY0T4: Under-five mortality rate,_T: Total,2020,7.98920821170263,,"D_PER_1000_B: Deaths per 1,000 live births",A: Normal value,,7.57816474083724,8.41271309494103,,,,UN_IGME,,,,,,_T: Total
UNICEF:GLOBAL_DATAFLOW(1.0): Cross-sector indicators,BHR: Bahrain,CME_MRY0T4: Under-five mortality rate,_T: Total,2021,8.18210478174494,,"D_PER_1000_B: Deaths per 1,000 live births",A: Normal value,,7.72650379184105,8.65353326965766,,,,UN_IGME,,,,,,_T: Total
UNICEF:GLOBAL_DATAFLOW(1.0): Cross-sector indicators,BHR: Bahrain,CME_MRY0T4: Under-five mortality rate,_T: Total,2022,8.39177144813229,,"D_PER_1000_B: Deaths per 1,000 live births",A: Normal value,,7.84163744553137,8.98577764599162,,,,UN_IGME,,,,,,_T: Total
UNICEF:GLOBAL_DATAFLOW(1.0): Cross-sector indicators,BGD: Bangladesh,CME_MRY0T4: Under-five mortality rate,_T: Total,2018,33.6611783411063,,"D_PER_1000_B: Deaths per 1,000 live births",A: Normal value,,31.9676205051039,35.1784990186792,,,,UN_IGME,,,,,,_T: Total
UNICEF:GLOBAL_DATAFLOW(1.0): Cross-sector indicators,BGD: Bangladesh,CME_MRY0T4: Under-five mortality rate,_T: Total,2019,32.4251596318216,,"D_PER_1000_B: Deaths per 1,000 live births",A: Normal value,,30.7358363638733,33.8687150419565,,,,UN_IGME,,,,,,_T: Total
UNICEF:GLOBAL_DATAFLOW(1.0): Cross-sector indicators,BGD: Bangladesh,CME_MRY0T4: Under-five mortality rate,_T: Total,2020,31.5442189896782,,"D_PER_1000_B: Deaths per 1,000 live births",A: Normal value,,30.0077717878732,32.8170047647062,,,,UN_IGME,,,,,,_T: Total
UNICEF:GLOBAL_DATAFLOW(1.0): Cross-sector indicators,BGD: Bangladesh,CME_MRY0T4: Under-five mortality rate,_T: Total,2021,30.9672054275143,,"D_PER_1000_B: Deaths per 1,000 live births",A: Normal value,,29.7961864182513,32.0426864824865,,,,UN_IGME,,,,,,_T: Total
UNICEF:GLOBAL_DATAFLOW(1.0): Cross-sector indicators,BGD: Bangladesh,CME_MRY0T4: Under-five mortality rate,_T: Total,2022,30.6670360079829,,"D_PER_1000_B: Deaths per 1,000 live births",A: Normal value,,29.6964475488891,31.6983130043055,,,,UN_IGME,,,,,,_T: Total
UNICEF:GLOBAL_DATAFLOW(1.0): Cross-sector indicators,BRB: Barbados,CME_MRY0T4: Under-five mortality rate,_T: Total,2018,11.7723059685614,,"D_PER_1000_B: Deaths per 1,000 live births",A: Normal value,,8.76123034132073,15.8033681702537,,,,UN_IGME,,,,,,_T: Total
UNICEF:GLOBAL_DATAFLOW(1.0): Cross-sector indicators,BRB: Barbados,CME_MRY0T4: Under-five mortality rate,_T: Total,2019,11.408282299549,,"D_PER_1000_B: Deaths per 1,000 live births",A: Normal value,,8.21389022263734,15.898754388931,,,,UN_IGME,,,,,,_T: Total
UNICEF:GLOBAL_DATAFLOW(1.0): Cross-sector indicators,BRB: Barbados,CME_MRY0T4: Under-five mortality rate,_T: Total,2020,11.0650138155729,,"D_PER_1000_B: Deaths per 1,000 live births",A: Normal value,,7.68742346466087,15.9480388606334,,,,UN_IGME,,,,,,_T: Total
UNICEF:GLOBAL_DATAFLOW(1.0): Cross-sector indicators,BRB: Barbados,CME_MRY0T4: Under-five mortality rate,_T: Total,2021,10.7218711934676,,"D_PER_1000_B: Deaths per 1,000 live births",A: Normal value,,7.20381057064465,16.0227131609985,,,,UN_IGME,,,,,,_T: Total
UNICEF:GLOBAL_DATAFLOW(1.0): Cross-sector indicators,BRB: Barbados,CME_MRY0T4: Under-five mortality rate,_T: Total,2022,10.3833748698198,,"D_PER_1000_B: Deaths per 1,000 live births",A: Normal value,,6.74258073185776,16.1158127805963,,,,UN_IGME,,,,,,_T: Total
UNICEF:GLOBAL_DATAFLOW(1.0): Cross-sector indicators,BLR: Belarus,CME_MRY0T4: Under-five mortality rate,_T: Total,2018,3.37260661461968,,"D_PER_1000_B: Deaths per 1,000 live births",A: Normal value,,3.211562417543,3.54399995658507,,,,UN_IGME,,,,,,_T: Total
UNICEF:GLOBAL_DATAFLOW(1.0): Cross-sector indicators,BLR: Belarus,CME_MRY0T4: Under-five mortality rate,_T: Total,2019,3.13233403016875,,"D_PER_1000_B: Deaths per 1,000 live births",A: Normal value,,2.91248839347277,3.35991694370161,,,,UN_IGME,,,,,,_T: Total
UNICEF:GLOBAL_DATAFLOW(1.0): Cross-sector indicators,BLR: Belarus,CME_MRY0T4: Under-five mortality rate,_T: Total,2020,2.91420011386217,,"D_PER_1000_B: Deaths per 1,000 live births",A: Normal value,,2.62032146447921,3.22269145098957,,,,UN_IGME,,,,,,_T: Total
UNICEF:GLOBAL_DATAFLOW(1.0): Cross-sector indicators,BLR: Belarus,CME_MRY0T4: Under-five mortality rate,_T: Total,2021,2.72691755785312,,"D_PER_1000_B: Deaths per 1,000 live births",A: Normal value,,2.35888420046031,3.12351791512462,,,,UN_IGME,,,,,,_T: Total
UNICEF:GLOBAL_DATAFLOW(1.0): Cross-sector indicators,BLR: Belarus,CME_MRY0T4: Under-five mortality rate,_T: Total,2022,2.57229813702596,,"D_PER_1000_B: Deaths per 1,000 live births",A: Normal value,,2.13306701061683,3.07321123106157,,,,UN_IGME,,,,,,_T: Total
UNICEF:GLOBAL_DATAFLOW(1.0): Cross-sector indicators,BEL: Belgium,CME_MRY0T4: Under-five mortality rate,_T: Total,2018,3.98640533950915,,"D_PER_1000_B: Deaths per 1,000 live births",A: Normal value,,3.86461726906281,4.11611064421318,,,,UN_IGME,,,,,,_T: Total
UNICEF:GLOBAL_DATAFLOW(1.0): Cross-sector indicators,BEL: Belgium,CME_MRY0T4: Under-five mortality rate,_T: Total,2019,3.9289662960746,,"D_PER_1000_B: Deaths per 1,000 live births",A: Normal value,,3.80356629914842,4.06774791529362,,,,UN_IGME,,,,,,_T: Total
UNICEF:GLOBAL_DATAFLOW(1.0): Cross-sector indicators,BEL: Belgium,CME_MRY0T4: Under-five mortality rate,_T: Total,2020,3.85877616439055,,"D_PER_1000_B: Deaths per 1,000 live births",A: Normal value,,3.71238271087931,4.02248576122954,,,,UN_IGME,,,,,,_T: Total
UNICEF:GLOBAL_DATAFLOW(1.0): Cross-sector indicators,BEL: Belgium,CME_MRY0T4: Under-five mortality rate,_T: Total,2021,3.77938180593982,,"D_PER_1000_B: Deaths per 1,000 live births",A: Normal value,,3.58184907266104,3.98828720532157,,,,UN_IGME,,,,,,_T: Total
UNICEF:GLOBAL_DATAFLOW(1.0): Cross-sector indicators,BEL: Belgium,CME_MRY0T4: Under-five mortality rate,_T: Total,2022,3.69625524596886,,"D_PER_1000_B: Deaths per 1,000 live births",A: Normal value,,3.42175048428768,3.96700365631646,,,,UN_IGME,,,,,,_T: Total
UNICEF:GLOBAL_DATAFLOW(1.0): Cross-sector indicators,BLZ: Belize,CME_MRY0T4: Under-five mortality rate,_T: Total,2018,13.8983320147746,,"D_PER_1000_B: Deaths per 1,000 live births",A: Normal value,,13.1021654549656,14.752402263711,,,,UN_IGME,,,,,,_T: Total
UNICEF:GLOBAL_DATAFLOW(1.0): Cross-sector indicators,BLZ: Belize,CME_MRY0T4: Under-five mortality rate,_T: Total,2019,13.4824035125073,,"D_PER_1000_B: Deaths per 1,000 live births",A: Normal value,,12.7061285735984,14.3389660769938,,,,UN_IGME,,,,,,_T: Total
UNICEF:GLOBAL_DATAFLOW(1.0): Cross-sector indicators,BLZ: Belize,CME_MRY0T4: Under-five mortality rate,_T: Total,2020,13.1719260135385,,"D_PER_1000_B: Deaths per 1,000 live births",A: Normal value,,12.3695575644901,14.0420726320141,,,,UN_IGME,,,,,,_T: Total
UNICEF:GLOBAL_DATAFLOW(1.0): Cross-sector indicators,BLZ: Belize,CME_MRY0T4: Under-five mortality rate,_T: Total,2021,12.9536919778421,,"D_PER_1000_B: Deaths per 1,000 live births",A: Normal value,,12.0665179913808,13.9240513731724,,,,UN_IGME,,,,,,_T: Total
UNICEF:GLOBAL_DATAFLOW(1.0): Cross-sector indicators,BLZ: Belize,CME_MRY0T4: Under-five mortality rate,_T: Total,2022,12.8201577522924,,"D_PER_1000_B: Deaths per 1,000 live births",A: Normal value,,11.7651184322008,13.9610886097617,,,,UN_IGME,,,,,,_T: Total
UNICEF:GLOBAL_DATAFLOW(1.0): Cross-sector indicators,BEN: Benin,CME_MRY0T4: Under-five mortality rate,_T: Total,2018,90.4570108453301,,"D_PER_1000_B: Deaths per 1,000 live births",A: Normal value,,79.3337084607998,102.802162292426,,,,UN_IGME,,,,,,_T: Total
UNICEF:GLOBAL_DATAFLOW(1.0): Cross-sector indicators,BEN: Benin,CME_MRY0T4: Under-five mortality rate,_T: Total,2019,88.0034705533197,,"D_PER_1000_B: Deaths per 1,000 live births",A: Normal value,,75.6476571536133,101.990785127233,,,,UN_IGME,,,,,,_T: Total
UNICEF:GLOBAL_DATAFLOW(1.0): Cross-sector indicators,BEN: Benin,CME_MRY0T4: Under-five mortality rate,_T: Total,2020,85.5445576123389,,"D_PER_1000_B: Deaths per 1,000 live births",A: Normal value,,71.6361674365425,101.284564138332,,,,UN_IGME,,,,,,_T: Total
UNICEF:GLOBAL_DATAFLOW(1.0): Cross-sector indicators,BEN: Benin,CME_MRY0T4: Under-five mortality rate,_T: Total,2021,83.0583134212207,,"D_PER_1000_B: Deaths per 1,000 live births",A: Normal value,,67.6393598727893,101.442437829995,,,,UN_IGME,,,,,,_T: Total
UNICEF:GLOBAL_DATAFLOW(1.0): Cross-sector indicators,BEN: Benin,CME_MRY0T4: Under-five mortality rate,_T: Total,2022,80.4331187623433,,"D_PER_1000_B: Deaths per 1,000 live births",A: Normal value,,63.5355886110612,101.752985692143,,,,UN_IGME,,,,,,_T: Total
UNICEF:GLOBAL_DATAFLOW(1.0): Cross-sector indicators,BTN: Bhutan,CME_MRY0T4: Under-five mortality rate,_T: Total,2018,27.4463330813707,,"D_PER_1000_B: Deaths per 1,000 live births",A: Normal value,,17.3233531628752,43.3067782659636,,,,UN_IGME,,,,,,_T: Total
UNICEF:GLOBAL_DATAFLOW(1.0): Cross-sector indicators,BTN: Bhutan,CME_MRY0T4: Under-five mortality rate,_T: Total,2019,26.455569869186,,"D_PER_1000_B: Deaths per 1,000 live births",A: Normal value,,16.1987935207107,43.1858561699058,,,,UN_IGME,,,,,,_T: Total
UNICEF:GLOBAL_DATAFLOW(1.0): Cross-sector indicators,BTN: Bhutan,CME_MRY0T4: Under-five mortality rate,_T: Total,2020,25.4905751754242,,"D_PER_1000_B: Deaths per 1,000 live births",A: Normal value,,15.1553098806351,43.1358422239007,,,,UN_IGME,,,,,,_T: Total
UNICEF:GLOBAL_DATAFLOW(1.0): Cross-sector indicators,BTN: Bhutan,CME_MRY0T4: Under-five mortality rate,_T: Total,2021,24.691200402369,,"D_PER_1000_B: Deaths per 1,000 live births",A: Normal value,,14.2188157064992,42.9279427910587,,,,UN_IGME,,,,,,_T: Total
UNICEF:GLOBAL_DATAFLOW(1.0): Cross-sector indicators,BTN: Bhutan,CME_MRY0T4: Under-five mortality rate,_T: Total,2022,23.8639022523501,,"D_PER_1000_B: Deaths per 1,000 live births",A: Normal value,,13.3152196190877,42.5425402824483,,,,UN_IGME,,,,,,_T: Total
UNICEF:GLOBAL_DATAFLOW(1.0): Cross-sector indicators,BOL: Bolivia (Plurinational State of),CME_MRY0T4: Under-five mortality rate,_T: Total,2018,27.8093618670705,,"D_PER_1000_B: Deaths per 1,000 live births",A: Normal value,,21.6457021698017,35.5326655902172,,,,UN_IGME,,,,,,_T: Total
UNICEF:GLOBAL_DATAFLOW(1.0): Cross-sector indicators,BOL: Bolivia (Plurinational State of),CME_MRY0T4: Under-five mortality rate,_T: Total,2019,26.7181697674123,,"D_PER_1000_B: Deaths per 1,000 live births",A: Normal value,,20.2350957011197,35.1154150754271,,,,UN_IGME,,,,,,_T: Total
UNICEF:GLOBAL_DATAFLOW(1.0): Cross-sector indicators,BOL: Bolivia (Plurinational State of),CME_MRY0T4: Under-five mortality rate,_T: Total,2020,25.7344309399083,,"D_PER_1000_B: Deaths per 1,000 live births",A: Normal value,,18.8937625709808,34.8186010270455,,,,UN_IGME,,,,,,_T: Total
UNICEF:GLOBAL_DATAFLOW(1.0): Cross-sector indicators,BOL: Bolivia (Plurinational State of),CME_MRY0T4: Under-five mortality rate,_T: Total,2021,24.8140047022859,,"D_PER_1000_B: Deaths per 1,000 live births",A: Normal value,,17.6281227466952,34.6686670087914,,,,UN_IGME,,,,,,_T: Total
UNICEF:GLOBAL_DATAFLOW(1.0): Cross-sector indicators,BOL: Bolivia (Plurinational State of),CME_MRY0T4: Under-five mortality rate,_T: Total,2022,23.9438414707003,,"D_PER_1000_B: Deaths per 1,000 live births",A: Normal value,,16.4868735775274,34.5455741044096,,,,UN_IGME,,,,,,_T: Total
UNICEF:GLOBAL_DATAFLOW(1.0): Cross-sector indicators,BIH: Bosnia and Herzegovina,CME_MRY0T4: Under-five mortality rate,_T: Total,2018,6.76447147819534,,"D_PER_1000_B: Deaths per 1,000 live births",A: Normal value,,6.47721451310712,7.07079799468943,,,,UN_IGME,,,,,,_T: Total
UNICEF:GLOBAL_DATAFLOW(1.0): Cross-sector indicators,BIH: Bosnia and Herzegovina,CME_MRY0T4: Under-five mortality rate,_T: Total,2019,6.69467022106725,,"D_PER_1000_B: Deaths per 1,000 live births",A: Normal value,,6.39884877173788,7.00846604488837,,,,UN_IGME,,,,,,_T: Total
UNICEF:GLOBAL_DATAFLOW(1.0): Cross-sector indicators,BIH: Bosnia and Herzegovina,CME_MRY0T4: Under-five mortality rate,_T: Total,2020,6.5741488471037,,"D_PER_1000_B: Deaths per 1,000 live births",A: Normal value,,6.26801112301072,6.89445877672779,,,,UN_IGME,,,,,,_T: Total
UNICEF:GLOBAL_DATAFLOW(1.0): Cross-sector indicators,BIH: Bosnia and Herzegovina,CME_MRY0T4: Under-five mortality rate,_T: Total,2021,6.41101201132951,,"D_PER_1000_B: Deaths per 1,000 live births",A: Normal value,,6.08056370458911,6.76213333228875,,,,UN_IGME,,,,,,_T: Total
UNICEF:GLOBAL_DATAFLOW(1.0): Cross-sector indicators,BIH: Bosnia and Herzegovina,CME_MRY0T4: Under-five mortality rate,_T: Total,2022,6.22768694168589,,"D_PER_1000_B: Deaths per 1,000 live births",A: Normal value,,5.82849421714029,6.66018854188591,,,,UN_IGME,,,,,,_T: Total
UNICEF:GLOBAL_DATAFLOW(1.0): Cross-sector indicators,BWA: Botswana,CME_MRY0T4: Under-five mortality rate,_T: Total,2018,45.8765473147908,,"D_PER_1000_B: Deaths per 1,000 live births",A: Normal value,,21.6035610713423,104.59267428665,,,,UN_IGME,,,,,,_T: Total
UNICEF:GLOBAL_DATAFLOW(1.0): Cross-sector indicators,BWA: Botswana,CME_MRY0T4: Under-five mortality rate,_T: Total,2019,44.9939039265893,,"D_PER_1000_B: Deaths per 1,000 live births",A: Normal value,,20.1674125405553,106.375348271601,,,,UN_IGME,,,,,,_T: Total
UNICEF:GLOBAL_DATAFLOW(1.0): Cross-sector indicators,BWA: Botswana,CME_MRY0T4: Under-five mortality rate,_T: Total,2020,43.8910937838267,,"D_PER_1000_B: Deaths per 1,000 live births",A: Normal value,,18.7518843254084,108.105478681643,,,,UN_IGME,,,,,,_T: Total
UNICEF:GLOBAL_DATAFLOW(1.0): Cross-sector indicators,BWA: Botswana,CME_MRY0T4: Under-five mortality rate,_T: Total,2021,42.0255352403768,,"D_PER_1000_B: Deaths per 1,000 live births",A: Normal value,,17.1682703032155,106.948858257729,,,,UN_IGME,,,,,,_T: Total
UNICEF:GLOBAL_DATAFLOW(1.0): Cross-sector indicators,BWA: Botswana,CME_MRY0T4: Under-five mortality rate,_T: Total,2022,40.658396411606,,"D_PER_1000_B: Deaths per 1,000 live births",A: Normal value,,15.9421746765295,106.28954263423,,,,UN_IGME,,,,,,_T: Total
UNICEF:GLOBAL_DATAFLOW(1.0): Cross-sector indicators,BRA: Brazil,CME_MRY0T4: Under-five mortality rate,_T: Total,2018,15.2119495254606,,"D_PER_1000_B: Deaths per 1,000 live births",A: Normal value,,14.4301866358744,16.0454448751219,,,,UN_IGME,,,,,,_T: Total
UNICEF:GLOBAL_DATAFLOW(1.0): Cross-sector indicators,BRA: Brazil,CME_MRY0T4: Under-five mortality rate,_T: Total,2019,15.0338456705172,,"D_PER_1000_B: Deaths per 1,000 live births",A: Normal value,,14.1788776562005,15.9614405065222,,,,UN_IGME,,,,,,_T: Total
UNICEF:GLOBAL_DATAFLOW(1.0): Cross-sector indicators,BRA: Brazil,CME_MRY0T4: Under-five mortality rate,_T: Total,2020,14.8718958055686,,"D_PER_1000_B: Deaths per 1,000 live births",A: Normal value,,13.8983933186241,15.9142491084894,,,,UN_IGME,,,,,,_T: Total
UNICEF:GLOBAL_DATAFLOW(1.0): Cross-sector indicators,BRA: Brazil,CME_MRY0T4: Under-five mortality rate,_T: Total,2021,14.7336358100307,,"D_PER_1000_B: Deaths per 1,000 live births",A: Normal value,,13.5632628730713,15.9717545266756,,,,UN_IGME,,,,,,_T: Total
UNICEF:GLOBAL_DATAFLOW(1.0): Cross-sector indicators,BRA: Brazil,CME_MRY0T4: Under-five mortality rate,_T: Total,2022,14.5944443378158,,"D_PER_1000_B: Deaths per 1,000 live births",A: Normal value,,13.1530980455296,16.1358031840846,,,,UN_IGME,,,,,,_T: Total
UNICEF:GLOBAL_DATAFLOW(1.0): Cross-sector indicators,VGB: British Virgin Islands,CME_MRY0T4: Under-five mortality rate,_T: Total,2018,14.6048392250703,,"D_PER_1000_B: Deaths per 1,000 live births",A: Normal value,,8.88782995218471,23.6674836779214,,,,UN_IGME,,,,,,_T: Total
UNICEF:GLOBAL_DATAFLOW(1.0): Cross-sector indicators,VGB: British Virgin Islands,CME_MRY0T4: Under-five mortality rate,_T: Total,2019,14.2576031858173,,"D_PER_1000_B: Deaths per 1,000 live births",A: Normal value,,8.40904064672852,23.6697969454577,,,,UN_IGME,,,,,,_T: Total
UNICEF:GLOBAL_DATAFLOW(1.0): Cross-sector indicators,VGB: British Virgin Islands,CME_MRY0T4: Under-five mortality rate,_T: Total,2020,13.9147744068414,,"D_PER_1000_B: Deaths per 1,000 live births",A: Normal value,,8.02389665443306,23.7028400680176,,,,UN_IGME,,,,,,_T: Total
UNICEF:GLOBAL_DATAFLOW(1.0): Cross-sector indicators,VGB: British Virgin Islands,CME_MRY0T4: Under-five mortality rate,_T: Total,2021,13.515735102663,,"D_PER_1000_B: Deaths per 1,000 live births",A: Normal value,,7.58263759272944,23.6856979858545,,,,UN_IGME,,,,,,_T: Total
UNICEF:GLOBAL_DATAFLOW(1.0): Cross-sector indicators,VGB: British Virgin Islands,CME_MRY0T4: Under-five mortality rate,_T: Total,2022,13.1325066174382,,"D_PER_1000_B: Deaths per 1,000 live births",A: Normal value,,7.19641206182757,23.5143733785185,,,,UN_IGME,,,,,,_T: Total
UNICEF:GLOBAL_DATAFLOW(1.0): Cross-sector indicators,BRN: Brunei Darussalam,CME_MRY0T4: Under-five mortality rate,_T: Total,2018,9.90883252331267,,"D_PER_1000_B: Deaths per 1,000 live births",A: Normal value,,9.21883371507747,10.6416234975743,,,,UN_IGME,,,,,,_T: Total
UNICEF:GLOBAL_DATAFLOW(1.0): Cross-sector indicators,BRN: Brunei Darussalam,CME_MRY0T4: Under-five mortality rate,_T: Total,2019,9.83474602882669,,"D_PER_1000_B: Deaths per 1,000 live births",A: Normal value,,9.12538716723949,10.6081112674266,,,,UN_IGME,,,,,,_T: Total
UNICEF:GLOBAL_DATAFLOW(1.0): Cross-sector indicators,BRN: Brunei Darussalam,CME_MRY0T4: Under-five mortality rate,_T: Total,2020,9.73850004762403,,"D_PER_1000_B: Deaths per 1,000 live births",A: Normal value,,8.95409919836312,10.6338178921025,,,,UN_IGME,,,,,,_T: Total
UNICEF:GLOBAL_DATAFLOW(1.0): Cross-sector indicators,BRN: Brunei Darussalam,CME_MRY0T4: Under-five mortality rate,_T: Total,2021,9.64336810824806,,"D_PER_1000_B: Deaths per 1,000 live births",A: Normal value,,8.71240040005426,10.6877965327261,,,,UN_IGME,,,,,,_T: Total
UNICEF:GLOBAL_DATAFLOW(1.0): Cross-sector indicators,BRN: Brunei Darussalam,CME_MRY0T4: Under-five mortality rate,_T: Total,2022,9.52843151621451,,"D_PER_1000_B: Deaths per 1,000 live births",A: Normal value,,8.41573781879313,10.8053586127032,,,,UN_IGME,,,,,,_T: Total
UNICEF:GLOBAL_DATAFLOW(1.0): Cross-sector indicators,BGR: Bulgaria,CME_MRY0T4: Under-five mortality rate,_T: Total,2018,6.96547946413363,,"D_PER_1000_B: Deaths per 1,000 live births",A: Normal value,,6.71883088505664,7.22647559515175,,,,UN_IGME,,,,,,_T: Total
UNICEF:GLOBAL_DATAFLOW(1.0): Cross-sector indicators,BGR: Bulgaria,CME_MRY0T4: Under-five mortality rate,_T: Total,2019,6.69052279787169,,"D_PER_1000_B: Deaths per 1,000 live births",A: Normal value,,6.43241554350746,6.95812514873768,,,,UN_IGME,,,,,,_T: Total
UNICEF:GLOBAL_DATAFLOW(1.0): Cross-sector indicators,BGR: Bulgaria,CME_MRY0T4: Under-five mortality rate,_T: Total,2020,6.47772798317469,,"D_PER_1000_B: Deaths per 1,000 live births",A: Normal value,,6.21707331192332,6.73670178164012,,,,UN_IGME,,,,,,_T: Total
UNICEF:GLOBAL_DATAFLOW(1.0): Cross-sector indicators,BGR: Bulgaria,CME_MRY0T4: Under-five mortality rate,_T: Total,2021,6.31252438647687,,"D_PER_1000_B: Deaths per 1,000 live births",A: Normal value,,6.05240233353342,6.57640989966049,,,,UN_IGME,,,,,,_T: Total
UNICEF:GLOBAL_DATAFLOW(1.0): Cross-sector indicators,BGR: Bulgaria,CME_MRY0T4: Under-five mortality rate,_T: Total,2022,6.18285565828212,,"D_PER_1000_B: Deaths per 1,000 live births",A: Normal value,,5.89318690103388,6.48074788187535,,,,UN_IGME,,,,,,_T: Total
UNICEF:GLOBAL_DATAFLOW(1.0): Cross-sector indicators,BFA: Burkina Faso,CME_MRY0T4: Under-five mortality rate,_T: Total,2018,91.2302287579781,,"D_PER_1000_B: Deaths per 1,000 live births",A: Normal value,,69.736463075551,120.29696771544,,,,UN_IGME,,,,,,_T: Total
UNICEF:GLOBAL_DATAFLOW(1.0): Cross-sector indicators,BFA: Burkina Faso,CME_MRY0T4: Under-five mortality rate,_T: Total,2019,88.2484752761752,,"D_PER_1000_B: Deaths per 1,000 live births",A: Normal value,,65.2476015354057,120.03487550594,,,,UN_IGME,,,,,,_T: Total
UNICEF:GLOBAL_DATAFLOW(1.0): Cross-sector indicators,BFA: Burkina Faso,CME_MRY0T4: Under-five mortality rate,_T: Total,2020,85.254300966641,,"D_PER_1000_B: Deaths per 1,000 live births",A: Normal value,,61.0960028062832,119.907975052103,,,,UN_IGME,,,,,,_T: Total
UNICEF:GLOBAL_DATAFLOW(1.0): Cross-sector indicators,BFA: Burkina Faso,CME_MRY0T4: Under-five mortality rate,_T: Total,2021,82.4705380552955,,"D_PER_1000_B: Deaths per 1,000 live births",A: Normal value,,56.9070225463997,120.167802097484,,,,UN_IGME,,,,,,_T: Total
UNICEF:GLOBAL_DATAFLOW(1.0): Cross-sector indicators,BFA: Burkina Faso,CME_MRY0T4: Under-five mortality rate,_T: Total,2022,79.8947005050986,,"D_PER_1000_B: Deaths per 1,000 live births",A: Normal value,,53.4519565629078,119.687619095839,,,,UN_IGME,,,,,,_T: Total
UNICEF:GLOBAL_DATAFLOW(1.0): Cross-sector indicators,BDI: Burundi,CME_MRY0T4: Under-five mortality rate,_T: Total,2018,58.9924976418284,,"D_PER_1000_B: Deaths per 1,000 live births",A: Normal value,,40.7276034922386,85.3994931243368,,,,UN_IGME,,,,,,_T: Total
UNICEF:GLOBAL_DATAFLOW(1.0): Cross-sector indicators,BDI: Burundi,CME_MRY0T4: Under-five mortality rate,_T: Total,2019,56.6573088603511,,"D_PER_1000_B: Deaths per 1,000 live births",A: Normal value,,37.8418085736123,84.8587401376888,,,,UN_IGME,,,,,,_T: Total
UNICEF:GLOBAL_DATAFLOW(1.0): Cross-sector indicators,BDI: Burundi,CME_MRY0T4: Under-five mortality rate,_T: Total,2020,54.631948674125,,"D_PER_1000_B: Deaths per 1,000 live births",A: Normal value,,35.218050962934,84.4754414570474,,,,UN_IGME,,,,,,_T: Total
UNICEF:GLOBAL_DATAFLOW(1.0): Cross-sector indicators,BDI: Burundi,CME_MRY0T4: Under-five mortality rate,_T: Total,2021,52.6477608883087,,"D_PER_1000_B: Deaths per 1,000 live births",A: Normal value,,32.9085576531402,84.2484866417155,,,,UN_IGME,,,,,,_T: Total
UNICEF:GLOBAL_DATAFLOW(1.0): Cross-sector indicators,BDI: Burundi,CME_MRY0T4: Under-five mortality rate,_T: Total,2022,50.8367233896553,,"D_PER_1000_B: Deaths per 1,000 live births",A: Normal value,,30.714136106725,84.0974383881676,,,,UN_IGME,,,,,,_T: Total
UNICEF:GLOBAL_DATAFLOW(1.0): Cross-sector indicators,CPV: Cabo Verde,CME_MRY0T4: Under-five mortality rate,_T: Total,2018,15.0639890322229,,"D_PER_1000_B: Deaths per 1,000 live births",A: Normal value,,14.3057873283822,15.8655200623801,,,,UN_IGME,,,,,,_T: Total
UNICEF:GLOBAL_DATAFLOW(1.0): Cross-sector indicators,CPV: Cabo Verde,CME_MRY0T4: Under-five mortality rate,_T: Total,2019,14.1208919212114,,"D_PER_1000_B: Deaths per 1,000 live births",A: Normal value,,13.3749238844896,14.9183803652576,,,,UN_IGME,,,,,,_T: Total
UNICEF:GLOBAL_DATAFLOW(1.0): Cross-sector indicators,CPV: Cabo Verde,CME_MRY0T4: Under-five mortality rate,_T: Total,2020,13.3461683499832,,"D_PER_1000_B: Deaths per 1,000 live births",A: Normal value,,12.5372311786172,14.1958267860103,,,,UN_IGME,,,,,,_T: Total
UNICEF:GLOBAL_DATAFLOW(1.0): Cross-sector indicators,CPV: Cabo Verde,CME_MRY0T4: Under-five mortality rate,_T: Total,2021,12.683950613865,,"D_PER_1000_B: Deaths per 1,000 live births",A: Normal value,,11.7382298070186,13.6850111167525,,,,UN_IGME,,,,,,_T: Total
UNICEF:GLOBAL_DATAFLOW(1.0): Cross-sector indicators,CPV: Cabo Verde,CME_MRY0T4: Under-five mortality rate,_T: Total,2022,12.1077962414503,,"D_PER_1000_B: Deaths per 1,000 live births",A: Normal value,,10.9934839223606,13.3303239919659,,,,UN_IGME,,,,,,_T: Total
UNICEF:GLOBAL_DATAFLOW(1.0): Cross-sector indicators,KHM: Cambodia,CME_MRY0T4: Under-five mortality rate,_T: Total,2018,27.7132233311254,,"D_PER_1000_B: Deaths per 1,000 live births",A: Normal value,,15.6225981543462,49.2072209903274,,,,UN_IGME,,,,,,_T: Total
UNICEF:GLOBAL_DATAFLOW(1.0): Cross-sector indicators,KHM: Cambodia,CME_MRY0T4: Under-five mortality rate,_T: Total,2019,26.6569750727035,,"D_PER_1000_B: Deaths per 1,000 live births",A: Normal value,,14.5090426196646,49.1929944018602,,,,UN_IGME,,,,,,_T: Total
UNICEF:GLOBAL_DATAFLOW(1.0): Cross-sector indicators,KHM: Cambodia,CME_MRY0T4: Under-five mortality rate,_T: Total,2020,25.6293728507409,,"D_PER_1000_B: Deaths per 1,000 live births",A: Normal value,,13.4125165716258,49.2494569265003,,,,UN_IGME,,,,,,_T: Total
UNICEF:GLOBAL_DATAFLOW(1.0): Cross-sector indicators,KHM: Cambodia,CME_MRY0T4: Under-five mortality rate,_T: Total,2021,24.7252921777712,,"D_PER_1000_B: Deaths per 1,000 live births",A: Normal value,,12.4876756576963,49.3387384114176,,,,UN_IGME,,,,,,_T: Total
UNICEF:GLOBAL_DATAFLOW(1.0): Cross-sector indicators,KHM: Cambodia,CME_MRY0T4: Under-five mortality rate,_T: Total,2022,23.8291727913741,,"D_PER_1000_B: Deaths per 1,000 live births",A: Normal value,,11.660435758708,49.125020980696,,,,UN_IGME,,,,,,_T: Total
UNICEF:GLOBAL_DATAFLOW(1.0): Cross-sector indicators,CMR: Cameroon,CME_MRY0T4: Under-five mortality rate,_T: Total,2018,79.6849320158463,,"D_PER_1000_B: Deaths per 1,000 live births",A: Normal value,,68.7447958572708,92.1964835173334,,,,UN_IGME,,,,,,_T: Total
UNICEF:GLOBAL_DATAFLOW(1.0): Cross-sector indicators,CMR: Cameroon,CME_MRY0T4: Under-five mortality rate,_T: Total,2019,77.2057657926375,,"D_PER_1000_B: Deaths per 1,000 live births",A: Normal value,,65.053452475936,91.5854109707226,,,,UN_IGME,,,,,,_T: Total
UNICEF:GLOBAL_DATAFLOW(1.0): Cross-sector indicators,CMR: Cameroon,CME_MRY0T4: Under-five mortality rate,_T: Total,2020,74.649339133728,,"D_PER_1000_B: Deaths per 1,000 live births",A: Normal value,,61.1305332395657,91.2632296699138,,,,UN_IGME,,,,,,_T: Total
UNICEF:GLOBAL_DATAFLOW(1.0): Cross-sector indicators,CMR: Cameroon,CME_MRY0T4: Under-five mortality rate,_T: Total,2021,72.1042967053714,,"D_PER_1000_B: Deaths per 1,000 live births",A: Normal value,,57.0726951759656,90.8353897210635,,,,UN_IGME,,,,,,_T: Total
UNICEF:GLOBAL_DATAFLOW(1.0): Cross-sector indicators,CMR: Cameroon,CME_MRY0T4: Under-five mortality rate,_T: Total,2022,69.5224225341944,,"D_PER_1000_B: Deaths per 1,000 live births",A: Normal value,,53.2468638488522,90.3881409868587,,,,UN_IGME,,,,,,_T: Total
UNICEF:GLOBAL_DATAFLOW(1.0): Cross-sector indicators,CAN: Canada,CME_MRY0T4: Under-five mortality rate,_T: Total,2018,5.18537341821745,,"D_PER_1000_B: Deaths per 1,000 live births",A: Normal value,,5.09249199545163,5.27517591256614,,,,UN_IGME,,,,,,_T: Total
UNICEF:GLOBAL_DATAFLOW(1.0): Cross-sector indicators,CAN: Canada,CME_MRY0T4: Under-five mortality rate,_T: Total,2019,5.14737055633171,,"D_PER_1000_B: Deaths per 1,000 live births",A: Normal value,,5.05427042314906,5.23702367401582,,,,UN_IGME,,,,,,_T: Total
UNICEF:GLOBAL_DATAFLOW(1.0): Cross-sector indicators,CAN: Canada,CME_MRY0T4: Under-five mortality rate,_T: Total,2020,5.11837926819681,,"D_PER_1000_B: Deaths per 1,000 live births",A: Normal value,,5.02223600143141,5.21128377433608,,,,UN_IGME,,,,,,_T: Total
UNICEF:GLOBAL_DATAFLOW(1.0): Cross-sector indicators,CAN: Canada,CME_MRY0T4: Under-five mortality rate,_T: Total,2021,5.09999576446677,,"D_PER_1000_B: Deaths per 1,000 live births",A: Normal value,,4.98857793797248,5.21194168852266,,,,UN_IGME,,,,,,_T: Total
UNICEF:GLOBAL_DATAFLOW(1.0): Cross-sector indicators,CAN: Canada,CME_MRY0T4: Under-five mortality rate,_T: Total,2022,5.08805253282014,,"D_PER_1000_B: Deaths per 1,000 live births",A: Normal value,,4.93811818582986,5.24216772672127,,,,UN_IGME,,,,,,_T: Total
UNICEF:GLOBAL_DATAFLOW(1.0): Cross-sector indicators,AU_CENTRAL_AFRICA: Central Africa (African Union),CME_MRY0T4: Under-five mortality rate,_T: Total,2018,86.2063768331965,,"D_PER_1000_B: Deaths per 1,000 live births",,,,,,,,UN_IGME,,,,,,_T: Total
UNICEF:GLOBAL_DATAFLOW(1.0): Cross-sector indicators,AU_CENTRAL_AFRICA: Central Africa (African Union),CME_MRY0T4: Under-five mortality rate,_T: Total,2019,83.6855113301015,,"D_PER_1000_B: Deaths per 1,000 live births",,,,,,,,UN_IGME,,,,,,_T: Total
UNICEF:GLOBAL_DATAFLOW(1.0): Cross-sector indicators,AU_CENTRAL_AFRICA: Central Africa (African Union),CME_MRY0T4: Under-five mortality rate,_T: Total,2020,80.7515504322933,,"D_PER_1000_B: Deaths per 1,000 live births",,,,,,,,UN_IGME,,,,,,_T: Total
UNICEF:GLOBAL_DATAFLOW(1.0): Cross-sector indicators,AU_CENTRAL_AFRICA: Central Africa (African Union),CME_MRY0T4: Under-five mortality rate,_T: Total,2021,78.1576804112256,,"D_PER_1000_B: Deaths per 1,000 live births",,,,,,,,UN_IGME,,,,,,_T: Total
UNICEF:GLOBAL_DATAFLOW(1.0): Cross-sector indicators,AU_CENTRAL_AFRICA: Central Africa (African Union),CME_MRY0T4: Under-five mortality rate,_T: Total,2022,75.6338133781396,,"D_PER_1000_B: Deaths per 1,000 live births",,,,,,,,UN_IGME,,,,,,_T: Total
UNICEF:GLOBAL_DATAFLOW(1.0): Cross-sector indicators,CAF: Central African Republic,CME_MRY0T4: Under-five mortality rate,_T: Total,2018,119.788665587216,,"D_PER_1000_B: Deaths per 1,000 live births",A: Normal value,,99.4444498991141,143.172355696078,,,,UN_IGME,,,,,,_T: Total
UNICEF:GLOBAL_DATAFLOW(1.0): Cross-sector indicators,CAF: Central African Republic,CME_MRY0T4: Under-five mortality rate,_T: Total,2019,243.12053040911,,"D_PER_1000_B: Deaths per 1,000 live births",A: Normal value,,198.914354748438,294.977902706512,,,,UN_IGME,,,,,,_T: Total
UNICEF:GLOBAL_DATAFLOW(1.0): Cross-sector indicators,CAF: Central African Republic,CME_MRY0T4: Under-five mortality rate,_T: Total,2020,122.62268965196,,"D_PER_1000_B: Deaths per 1,000 live births",A: Normal value,,98.3984500579991,151.854031232118,,,,UN_IGME,,,,,,_T: Total
UNICEF:GLOBAL_DATAFLOW(1.0): Cross-sector indicators,CAF: Central African Republic,CME_MRY0T4: Under-five mortality rate,_T: Total,2021,171.252412987167,,"D_PER_1000_B: Deaths per 1,000 live births",A: Normal value,,134.159235929719,217.282591338325,,,,UN_IGME,,,,,,_T: Total
UNICEF:GLOBAL_DATAFLOW(1.0): Cross-sector indicators,CAF: Central African Republic,CME_MRY0T4: Under-five mortality rate,_T: Total,2022,387.442500174647,,"D_PER_1000_B: Deaths per 1,000 live births",A: Normal value,,296.473909158927,503.657324173625,,,,UN_IGME,,,,,,_T: Total
UNICEF:GLOBAL_DATAFLOW(1.0): Cross-sector indicators,UNSDG_CENTRALASIA: Central Asia,CME_MRY0T4: Under-five mortality rate,_T: Total,2018,19.7103795583519,,"D_PER_1000_B: Deaths per 1,000 live births",A: Normal value,,18.2840493194344,21.3862256358219,,,,UN_IGME,,,,,,_T: Total
UNICEF:GLOBAL_DATAFLOW(1.0): Cross-sector indicators,UNSDG_CENTRALASIA: Central Asia,CME_MRY0T4: Under-five mortality rate,_T: Total,2019,19.1405676347556,,"D_PER_1000_B: Deaths per 1,000 live births",A: Normal value,,17.6520885314908,20.9632408524533,,,,UN_IGME,,,,,,_T: Total
UNICEF:GLOBAL_DATAFLOW(1.0): Cross-sector indicators,UNSDG_CENTRALASIA: Central Asia,CME_MRY0T4: Under-five mortality rate,_T: Total,2020,18.4773247778834,,"D_PER_1000_B: Deaths per 1,000 live births",A: Normal value,,16.9636761481504,20.4325574773961,,,,UN_IGME,,,,,,_T: Total
UNICEF:GLOBAL_DATAFLOW(1.0): Cross-sector indicators,UNSDG_CENTRALASIA: Central Asia,CME_MRY0T4: Under-five mortality rate,_T: Total,2021,17.8705058310431,,"D_PER_1000_B: Deaths per 1,000 live births",A: Normal value,,16.3276430525501,20.0068853771143,,,,UN_IGME,,,,,,_T: Total
UNICEF:GLOBAL_DATAFLOW(1.0): Cross-sector indicators,UNSDG_CENTRALASIA: Central Asia,CME_MRY0T4: Under-five mortality rate,_T: Total,2022,17.5235768948652,,"D_PER_1000_B: Deaths per 1,000 live births",A: Normal value,,15.9003837967863,19.9324221808944,,,,UN_IGME,,,,,,_T: Total
UNICEF:GLOBAL_DATAFLOW(1.0): Cross-sector indicators,UNSDG_CENTRALASIASOUTHERNASIA: Central and Southern Asia,CME_MRY0T4: Under-five mortality rate,_T: Total,2018,40.7162491660293,,"D_PER_1000_B: Deaths per 1,000 live births",A: Normal value,,38.8210646496994,42.803602651954,,,,UN_IGME,,,,,,_T: Total
UNICEF:GLOBAL_DATAFLOW(1.0): Cross-sector indicators,UNSDG_CENTRALASIASOUTHERNASIA: Central and Southern Asia,CME_MRY0T4: Under-five mortality rate,_T: Total,2019,38.960479992856,,"D_PER_1000_B: Deaths per 1,000 live births",A: Normal value,,36.9050245035631,41.2570566241797,,,,UN_IGME,,,,,,_T: Total
UNICEF:GLOBAL_DATAFLOW(1.0): Cross-sector indicators,UNSDG_CENTRALASIASOUTHERNASIA: Central and Southern Asia,CME_MRY0T4: Under-five mortality rate,_T: Total,2020,37.3242633221187,,"D_PER_1000_B: Deaths per 1,000 live births",A: Normal value,,35.0934162812927,39.859779905941,,,,UN_IGME,,,,,,_T: Total
UNICEF:GLOBAL_DATAFLOW(1.0): Cross-sector indicators,UNSDG_CENTRALASIASOUTHERNASIA: Central and Southern Asia,CME_MRY0T4: Under-five mortality rate,_T: Total,2021,35.8070947511868,,"D_PER_1000_B: Deaths per 1,000 live births",A: Normal value,,33.384676745727,38.5998389658629,,,,UN_IGME,,,,,,_T: Total
UNICEF:GLOBAL_DATAFLOW(1.0): Cross-sector indicators,UNSDG_CENTRALASIASOUTHERNASIA: Central and Southern Asia,CME_MRY0T4: Under-five mortality rate,_T: Total,2022,34.4608114217625,,"D_PER_1000_B: Deaths per 1,000 live births",A: Normal value,,31.7881494829939,37.5793106212949,,,,UN_IGME,,,,,,_T: Total
UNICEF:GLOBAL_DATAFLOW(1.0): Cross-sector indicators,TCD: Chad,CME_MRY0T4: Under-five mortality rate,_T: Total,2018,118.334266245668,,"D_PER_1000_B: Deaths per 1,000 live births",A: Normal value,,94.1335926174224,147.881652385337,,,,UN_IGME,,,,,,_T: Total
UNICEF:GLOBAL_DATAFLOW(1.0): Cross-sector indicators,TCD: Chad,CME_MRY0T4: Under-five mortality rate,_T: Total,2019,114.634441964153,,"D_PER_1000_B: Deaths per 1,000 live births",A: Normal value,,88.3800491714816,147.484960889942,,,,UN_IGME,,,,,,_T: Total
UNICEF:GLOBAL_DATAFLOW(1.0): Cross-sector indicators,TCD: Chad,CME_MRY0T4: Under-five mortality rate,_T: Total,2020,111.005150363643,,"D_PER_1000_B: Deaths per 1,000 live births",A: Normal value,,82.8181017714195,147.912546892831,,,,UN_IGME,,,,,,_T: Total
UNICEF:GLOBAL_DATAFLOW(1.0): Cross-sector indicators,TCD: Chad,CME_MRY0T4: Under-five mortality rate,_T: Total,2021,107.572948439318,,"D_PER_1000_B: Deaths per 1,000 live births",A: Normal value,,77.7354440169822,147.922663514244,,,,UN_IGME,,,,,,_T: Total
UNICEF:GLOBAL_DATAFLOW(1.0): Cross-sector indicators,TCD: Chad,CME_MRY0T4: Under-five mortality rate,_T: Total,2022,104.333309693075,,"D_PER_1000_B: Deaths per 1,000 live births",A: Normal value,,72.7985976609248,148.118927893079,,,,UN_IGME,,,,,,_T: Total
UNICEF:GLOBAL_DATAFLOW(1.0): Cross-sector indicators,CHL: Chile,CME_MRY0T4: Under-five mortality rate,_T: Total,2018,7.24434743241162,,"D_PER_1000_B: Deaths per 1,000 live births",A: Normal value,,7.08066914478478,7.40744821326865,,,,UN_IGME,,,,,,_T: Total
UNICEF:GLOBAL_DATAFLOW(1.0): Cross-sector indicators,CHL: Chile,CME_MRY0T4: Under-five mortality rate,_T: Total,2019,6.97299103258655,,"D_PER_1000_B: Deaths per 1,000 live births",A: Normal value,,6.80059618306221,7.1520504017658,,,,UN_IGME,,,,,,_T: Total
UNICEF:GLOBAL_DATAFLOW(1.0): Cross-sector indicators,CHL: Chile,CME_MRY0T4: Under-five mortality rate,_T: Total,2020,6.7660951263355,,"D_PER_1000_B: Deaths per 1,000 live births",A: Normal value,,6.59746459468331,6.94260583863761,,,,UN_IGME,,,,,,_T: Total
UNICEF:GLOBAL_DATAFLOW(1.0): Cross-sector indicators,CHL: Chile,CME_MRY0T4: Under-five mortality rate,_T: Total,2021,6.68939395961215,,"D_PER_1000_B: Deaths per 1,000 live births",A: Normal value,,6.50373816476626,6.8758726824085,,,,UN_IGME,,,,,,_T: Total
UNICEF:GLOBAL_DATAFLOW(1.0): Cross-sector indicators,CHL: Chile,CME_MRY0T4: Under-five mortality rate,_T: Total,2022,6.81752022825302,,"D_PER_1000_B: Deaths per 1,000 live births",A: Normal value,,6.63402090299112,7.00851239922005,,,,UN_IGME,,,,,,_T: Total
UNICEF:GLOBAL_DATAFLOW(1.0): Cross-sector indicators,CHN: China,CME_MRY0T4: Under-five mortality rate,_T: Total,2018,8.60863160108358,,"D_PER_1000_B: Deaths per 1,000 live births",A: Normal value,,8.10206948919592,9.1394548222058,,,,UN_IGME,,,,,,_T: Total
UNICEF:GLOBAL_DATAFLOW(1.0): Cross-sector indicators,CHN: China,CME_MRY0T4: Under-five mortality rate,_T: Total,2019,8.03920515359815,,"D_PER_1000_B: Deaths per 1,000 live births",A: Normal value,,7.54637816209735,8.54281630089765,,,,UN_IGME,,,,,,_T: Total
UNICEF:GLOBAL_DATAFLOW(1.0): Cross-sector indicators,CHN: China,CME_MRY0T4: Under-five mortality rate,_T: Total,2020,7.51663400226327,,"D_PER_1000_B: Deaths per 1,000 live births",A: Normal value,,7.05240363886767,8.00826493870078,,,,UN_IGME,,,,,,_T: Total
UNICEF:GLOBAL_DATAFLOW(1.0): Cross-sector indicators,CHN: China,CME_MRY0T4: Under-five mortality rate,_T: Total,2021,7.03962556070945,,"D_PER_1000_B: Deaths per 1,000 live births",A: Normal value,,6.56732083755536,7.55075865507935,,,,UN_IGME,,,,,,_T: Total
UNICEF:GLOBAL_DATAFLOW(1.0): Cross-sector indicators,CHN: China,CME_MRY0T4: Under-five mortality rate,_T: Total,2022,6.59504673847644,,"D_PER_1000_B: Deaths per 1,000 live births",A: Normal value,,6.08059620304844,7.17460901420847,,,,UN_IGME,,,,,,_T: Total
UNICEF:GLOBAL_DATAFLOW(1.0): Cross-sector indicators,COL: Colombia,CME_MRY0T4: Under-five mortality rate,_T: Total,2018,14.1063187299282,,"D_PER_1000_B: Deaths per 1,000 live births",A: Normal value,,10.4782581079349,18.9615296781403,,,,UN_IGME,,,,,,_T: Total
UNICEF:GLOBAL_DATAFLOW(1.0): Cross-sector indicators,COL: Colombia,CME_MRY0T4: Under-five mortality rate,_T: Total,2019,13.6783528722579,,"D_PER_1000_B: Deaths per 1,000 live births",A: Normal value,,9.86032056037469,18.9572567994313,,,,UN_IGME,,,,,,_T: Total
UNICEF:GLOBAL_DATAFLOW(1.0): Cross-sector indicators,COL: Colombia,CME_MRY0T4: Under-five mortality rate,_T: Total,2020,13.240182232365,,"D_PER_1000_B: Deaths per 1,000 live births",A: Normal value,,9.24907343641323,18.9682312595542,,,,UN_IGME,,,,,,_T: Total
UNICEF:GLOBAL_DATAFLOW(1.0): Cross-sector indicators,COL: Colombia,CME_MRY0T4: Under-five mortality rate,_T: Total,2021,12.8055820078323,,"D_PER_1000_B: Deaths per 1,000 live births",A: Normal value,,8.68262738064338,18.9346922326674,,,,UN_IGME,,,,,,_T: Total
UNICEF:GLOBAL_DATAFLOW(1.0): Cross-sector indicators,COL: Colombia,CME_MRY0T4: Under-five mortality rate,_T: Total,2022,12.4191986512656,,"D_PER_1000_B: Deaths per 1,000 live births",A: Normal value,,8.12343534932728,18.8924750243808,,,,UN_IGME,,,,,,_T: Total
UNICEF:GLOBAL_DATAFLOW(1.0): Cross-sector indicators,AUREC_COMESA: Common Market for Eastern and Southern Africa (COMESA),CME_MRY0T4: Under-five mortality rate,_T: Total,2018,57.243697938549,,"D_PER_1000_B: Deaths per 1,000 live births",,,,,,,,UN_IGME,,,,,,_T: Total
UNICEF:GLOBAL_DATAFLOW(1.0): Cross-sector indicators,AUREC_COMESA: Common Market for Eastern and Southern Africa (COMESA),CME_MRY0T4: Under-five mortality rate,_T: Total,2019,55.6540499007063,,"D_PER_1000_B: Deaths per 1,000 live births",,,,,,,,UN_IGME,,,,,,_T: Total
UNICEF:GLOBAL_DATAFLOW(1.0): Cross-sector indicators,AUREC_COMESA: Common Market for Eastern and Southern Africa (COMESA),CME_MRY0T4: Under-five mortality rate,_T: Total,2020,54.015134011724,,"D_PER_1000_B: Deaths per 1,000 live births",,,,,,,,UN_IGME,,,,,,_T: Total
UNICEF:GLOBAL_DATAFLOW(1.0): Cross-sector indicators,AUREC_COMESA: Common Market for Eastern and Southern Africa (COMESA),CME_MRY0T4: Under-five mortality rate,_T: Total,2021,52.4325368745905,,"D_PER_1000_B: Deaths per 1,000 live births",,,,,,,,UN_IGME,,,,,,_T: Total
UNICEF:GLOBAL_DATAFLOW(1.0): Cross-sector indicators,AUREC_COMESA: Common Market for Eastern and Southern Africa (COMESA),CME_MRY0T4: Under-five mortality rate,_T: Total,2022,50.9528409615535,,"D_PER_1000_B: Deaths per 1,000 live births",,,,,,,,UN_IGME,,,,,,_T: Total
UNICEF:GLOBAL_DATAFLOW(1.0): Cross-sector indicators,AUREC_CEN_SAD: Community of Sahel-Saharan States (CEN-SAD),CME_MRY0T4: Under-five mortality rate,_T: Total,2018,86.9648482550922,,"D_PER_1000_B: Deaths per 1,000 live births",,,,,,,,UN_IGME,,,,,,_T: Total
UNICEF:GLOBAL_DATAFLOW(1.0): Cross-sector indicators,AUREC_CEN_SAD: Community of Sahel-Saharan States (CEN-SAD),CME_MRY0T4: Under-five mortality rate,_T: Total,2019,85.0051564800517,,"D_PER_1000_B: Deaths per 1,000 live births",,,,,,,,UN_IGME,,,,,,_T: Total
UNICEF:GLOBAL_DATAFLOW(1.0): Cross-sector indicators,AUREC_CEN_SAD: Community of Sahel-Saharan States (CEN-SAD),CME_MRY0T4: Under-five mortality rate,_T: Total,2020,83.0655981403875,,"D_PER_1000_B: Deaths per 1,000 live births",,,,,,,,UN_IGME,,,,,,_T: Total
UNICEF:GLOBAL_DATAFLOW(1.0): Cross-sector indicators,AUREC_CEN_SAD: Community of Sahel-Saharan States (CEN-SAD),CME_MRY0T4: Under-five mortality rate,_T: Total,2021,80.9327974868478,,"D_PER_1000_B: Deaths per 1,000 live births",,,,,,,,UN_IGME,,,,,,_T: Total
UNICEF:GLOBAL_DATAFLOW(1.0): Cross-sector indicators,AUREC_CEN_SAD: Community of Sahel-Saharan States (CEN-SAD),CME_MRY0T4: Under-five mortality rate,_T: Total,2022,78.7347388828781,,"D_PER_1000_B: Deaths per 1,000 live births",,,,,,,,UN_IGME,,,,,,_T: Total
UNICEF:GLOBAL_DATAFLOW(1.0): Cross-sector indicators,COM: Comoros,CME_MRY0T4: Under-five mortality rate,_T: Total,2018,45.6118837979103,,"D_PER_1000_B: Deaths per 1,000 live births",A: Normal value,,36.8413693368994,54.3945137942723,,,,UN_IGME,,,,,,_T: Total
UNICEF:GLOBAL_DATAFLOW(1.0): Cross-sector indicators,COM: Comoros,CME_MRY0T4: Under-five mortality rate,_T: Total,2019,44.5804533565545,,"D_PER_1000_B: Deaths per 1,000 live births",A: Normal value,,35.6075530606226,53.9338168032942,,,,UN_IGME,,,,,,_T: Total
UNICEF:GLOBAL_DATAFLOW(1.0): Cross-sector indicators,COM: Comoros,CME_MRY0T4: Under-five mortality rate,_T: Total,2020,43.5261900023264,,"D_PER_1000_B: Deaths per 1,000 live births",A: Normal value,,34.3181502081916,53.5024035378102,,,,UN_IGME,,,,,,_T: Total
UNICEF:GLOBAL_DATAFLOW(1.0): Cross-sector indicators,COM: Comoros,CME_MRY0T4: Under-five mortality rate,_T: Total,2021,42.3764748369165,,"D_PER_1000_B: Deaths per 1,000 live births",A: Normal value,,32.8710343802489,53.2389253567948,,,,UN_IGME,,,,,,_T: Total
UNICEF:GLOBAL_DATAFLOW(1.0): Cross-sector indicators,COM: Comoros,CME_MRY0T4: Under-five mortality rate,_T: Total,2022,41.1351694880202,,"D_PER_1000_B: Deaths per 1,000 live births",A: Normal value,,31.484212460751,53.1080725248378,,,,UN_IGME,,,,,,_T: Total
UNICEF:GLOBAL_DATAFLOW(1.0): Cross-sector indicators,COG: Congo,CME_MRY0T4: Under-five mortality rate,_T: Total,2018,47.7139128119114,,"D_PER_1000_B: Deaths per 1,000 live births",A: Normal value,,29.5379381989756,76.4226478359917,,,,UN_IGME,,,,,,_T: Total
UNICEF:GLOBAL_DATAFLOW(1.0): Cross-sector indicators,COG: Congo,CME_MRY0T4: Under-five mortality rate,_T: Total,2019,52.3837521124408,,"D_PER_1000_B: Deaths per 1,000 live births",A: Normal value,,31.4310962025741,87.0073043311818,,,,UN_IGME,,,,,,_T: Total
UNICEF:GLOBAL_DATAFLOW(1.0): Cross-sector indicators,COG: Congo,CME_MRY0T4: Under-five mortality rate,_T: Total,2020,44.7324218758192,,"D_PER_1000_B: Deaths per 1,000 live births",A: Normal value,,25.8947638549643,76.7086729177813,,,,UN_IGME,,,,,,_T: Total
UNICEF:GLOBAL_DATAFLOW(1.0): Cross-sector indicators,COG: Congo,CME_MRY0T4: Under-five mortality rate,_T: Total,2021,43.310543881617,,"D_PER_1000_B: Deaths per 1,000 live births",A: Normal value,,24.3983695045183,76.703208597658,,,,UN_IGME,,,,,,_T: Total
UNICEF:GLOBAL_DATAFLOW(1.0): Cross-sector indicators,COG: Congo,CME_MRY0T4: Under-five mortality rate,_T: Total,2022,41.8637722901581,,"D_PER_1000_B: Deaths per 1,000 live births",A: Normal value,,22.8675278430389,75.9318766741965,,,,UN_IGME,,,,,,_T: Total
UNICEF:GLOBAL_DATAFLOW(1.0): Cross-sector indicators,COK: Cook Islands,CME_MRY0T4: Under-five mortality rate,_T: Total,2018,14.2169695331059,,"D_PER_1000_B: Deaths per 1,000 live births",A: Normal value,,10.0821765350183,19.8402933501761,,,,UN_IGME,,,,,,_T: Total
UNICEF:GLOBAL_DATAFLOW(1.0): Cross-sector indicators,COK: Cook Islands,CME_MRY0T4: Under-five mortality rate,_T: Total,2019,14.337186860661,,"D_PER_1000_B: Deaths per 1,000 live births",A: Normal value,,9.90345055226695,20.5188642218655,,,,UN_IGME,,,,,,_T: Total
UNICEF:GLOBAL_DATAFLOW(1.0): Cross-sector indicators,COK: Cook Islands,CME_MRY0T4: Under-five mortality rate,_T: Total,2020,14.3164968488879,,"D_PER_1000_B: Deaths per 1,000 live births",A: Normal value,,9.64361246360493,20.9798473437765,,,,UN_IGME,,,,,,_T: Total
UNICEF:GLOBAL_DATAFLOW(1.0): Cross-sector indicators,COK: Cook Islands,CME_MRY0T4: Under-five mortality rate,_T: Total,2021,14.1564562123361,,"D_PER_1000_B: Deaths per 1,000 live births",A: Normal value,,9.35772113306895,21.2682130015218,,,,UN_IGME,,,,,,_T: Total
UNICEF:GLOBAL_DATAFLOW(1.0): Cross-sector indicators,COK: Cook Islands,CME_MRY0T4: Under-five mortality rate,_T: Total,2022,13.9288112882005,,"D_PER_1000_B: Deaths per 1,000 live births",A: Normal value,,9.00033102584796,21.4307313473081,,,,UN_IGME,,,,,,_T: Total
UNICEF:GLOBAL_DATAFLOW(1.0): Cross-sector indicators,CRI: Costa Rica,CME_MRY0T4: Under-five mortality rate,_T: Total,2018,8.93558713244007,,"D_PER_1000_B: Deaths per 1,000 live births",A: Normal value,,8.67283632242478,9.20444448754995,,,,UN_IGME,,,,,,_T: Total
UNICEF:GLOBAL_DATAFLOW(1.0): Cross-sector indicators,CRI: Costa Rica,CME_MRY0T4: Under-five mortality rate,_T: Total,2019,9.10926183012802,,"D_PER_1000_B: Deaths per 1,000 live births",A: Normal value,,8.83974758389956,9.38692745115695,,,,UN_IGME,,,,,,_T: Total
UNICEF:GLOBAL_DATAFLOW(1.0): Cross-sector indicators,CRI: Costa Rica,CME_MRY0T4: Under-five mortality rate,_T: Total,2020,9.3711499958544,,"D_PER_1000_B: Deaths per 1,000 live births",A: Normal value,,9.08659155821576,9.67510781428497,,,,UN_IGME,,,,,,_T: Total
UNICEF:GLOBAL_DATAFLOW(1.0): Cross-sector indicators,CRI: Costa Rica,CME_MRY0T4: Under-five mortality rate,_T: Total,2021,9.71273397055681,,"D_PER_1000_B: Deaths per 1,000 live births",A: Normal value,,9.36492461118865,10.0916951029214,,,,UN_IGME,,,,,,_T: Total
UNICEF:GLOBAL_DATAFLOW(1.0): Cross-sector indicators,CRI: Costa Rica,CME_MRY0T4: Under-five mortality rate,_T: Total,2022,10.1043119614414,,"D_PER_1000_B: Deaths per 1,000 live births",A: Normal value,,9.61317361409019,10.651836963611,,,,UN_IGME,,,,,,_T: Total
UNICEF:GLOBAL_DATAFLOW(1.0): Cross-sector indicators,HRV: Croatia,CME_MRY0T4: Under-five mortality rate,_T: Total,2018,4.76732650139714,,"D_PER_1000_B: Deaths per 1,000 live births",A: Normal value,,4.54828577174576,4.99927672544351,,,,UN_IGME,,,,,,_T: Total
UNICEF:GLOBAL_DATAFLOW(1.0): Cross-sector indicators,HRV: Croatia,CME_MRY0T4: Under-five mortality rate,_T: Total,2019,4.72508915770342,,"D_PER_1000_B: Deaths per 1,000 live births",A: Normal value,,4.49716171090428,4.96369003154704,,,,UN_IGME,,,,,,_T: Total
UNICEF:GLOBAL_DATAFLOW(1.0): Cross-sector indicators,HRV: Croatia,CME_MRY0T4: Under-five mortality rate,_T: Total,2020,4.68462849430892,,"D_PER_1000_B: Deaths per 1,000 live births",A: Normal value,,4.44469733466771,4.93474048824348,,,,UN_IGME,,,,,,_T: Total
UNICEF:GLOBAL_DATAFLOW(1.0): Cross-sector indicators,HRV: Croatia,CME_MRY0T4: Under-five mortality rate,_T: Total,2021,4.64519521411871,,"D_PER_1000_B: Deaths per 1,000 live births",A: Normal value,,4.38210687560164,4.91714242257981,,,,UN_IGME,,,,,,_T: Total
UNICEF:GLOBAL_DATAFLOW(1.0): Cross-sector indicators,HRV: Croatia,CME_MRY0T4: Under-five mortality rate,_T: Total,2022,4.61066609748704,,"D_PER_1000_B: Deaths per 1,000 live births",A: Normal value,,4.30268594300566,4.93031279836886,,,,UN_IGME,,,,,,_T: Total
UNICEF:GLOBAL_DATAFLOW(1.0): Cross-sector indicators,CUB: Cuba,CME_MRY0T4: Under-five mortality rate,_T: Total,2018,6.59677298274106,,"D_PER_1000_B: Deaths per 1,000 live births",A: Normal value,,5.83298562511748,7.40847174303975,,,,UN_IGME,,,,,,_T: Total
UNICEF:GLOBAL_DATAFLOW(1.0): Cross-sector indicators,CUB: Cuba,CME_MRY0T4: Under-five mortality rate,_T: Total,2019,6.86602875379022,,"D_PER_1000_B: Deaths per 1,000 live births",A: Normal value,,6.09665493982555,7.71881155594899,,,,UN_IGME,,,,,,_T: Total
UNICEF:GLOBAL_DATAFLOW(1.0): Cross-sector indicators,CUB: Cuba,CME_MRY0T4: Under-five mortality rate,_T: Total,2020,7.18846751883226,,"D_PER_1000_B: Deaths per 1,000 live births",A: Normal value,,6.35404369582289,8.1463884069029,,,,UN_IGME,,,,,,_T: Total
UNICEF:GLOBAL_DATAFLOW(1.0): Cross-sector indicators,CUB: Cuba,CME_MRY0T4: Under-five mortality rate,_T: Total,2021,7.55771566696062,,"D_PER_1000_B: Deaths per 1,000 live births",A: Normal value,,6.5495931690848,8.74503169867318,,,,UN_IGME,,,,,,_T: Total
UNICEF:GLOBAL_DATAFLOW(1.0): Cross-sector indicators,CUB: Cuba,CME_MRY0T4: Under-five mortality rate,_T: Total,2022,7.94196344370646,,"D_PER_1000_B: Deaths per 1,000 live births",A: Normal value,,6.70602966908595,9.5055237521571,,,,UN_IGME,,,,,,_T: Total
UNICEF:GLOBAL_DATAFLOW(1.0): Cross-sector indicators,CYP: Cyprus,CME_MRY0T4: Under-five mortality rate,_T: Total,2018,3.02415141692112,,"D_PER_1000_B: Deaths per 1,000 live births",A: Normal value,,2.70606711270676,3.38838842577296,,"Some UN IGME indicators are calculated using population and live birth numbers from the World Population Prospects: The 2024 revision (WPP). The WPP numbers for Cyprus refer to the entire country. However, the underlying data used to calculate mortality rates estimates, provided by the Health Monitoring Unit of the Cyprus Ministry of Health, cover only the government-controlled areas, whereas according to Eurostat, the number of live births in 2023 was 10,295 (https://ec.europa.eu/eurostat/databrowser/view/tps00204/), the population on 1 January 2023 was 920,701 (https://ec.europa.eu/eurostat/databrowser/view/tps00001/), the population under 5 was 49,326,  adolescent population was 99,207 and the number of women of reproductive age was 235,268 (https://doi.org/10.2908/DEMO_PJAN).",,UN_IGME,,,,,,_T: Total
UNICEF:GLOBAL_DATAFLOW(1.0): Cross-sector indicators,CYP: Cyprus,CME_MRY0T4: Under-five mortality rate,_T: Total,2019,3.12102091876282,,"D_PER_1000_B: Deaths per 1,000 live births",A: Normal value,,2.79165766292385,3.49894098946902,,"Some UN IGME indicators are calculated using population and live birth numbers from the World Population Prospects: The 2024 revision (WPP). The WPP numbers for Cyprus refer to the entire country. However, the underlying data used to calculate mortality rates estimates, provided by the Health Monitoring Unit of the Cyprus Ministry of Health, cover only the government-controlled areas, whereas according to Eurostat, the number of live births in 2023 was 10,295 (https://ec.europa.eu/eurostat/databrowser/view/tps00204/), the population on 1 January 2023 was 920,701 (https://ec.europa.eu/eurostat/databrowser/view/tps00001/), the population under 5 was 49,326,  adolescent population was 99,207 and the number of women of reproductive age was 235,268 (https://doi.org/10.2908/DEMO_PJAN).",,UN_IGME,,,,,,_T: Total
UNICEF:GLOBAL_DATAFLOW(1.0): Cross-sector indicators,CYP: Cyprus,CME_MRY0T4: Under-five mortality rate,_T: Total,2020,3.24023188872089,,"D_PER_1000_B: Deaths per 1,000 live births",A: Normal value,,2.86308343839121,3.67113323259567,,"Some UN IGME indicators are calculated using population and live birth numbers from the World Population Prospects: The 2024 revision (WPP). The WPP numbers for Cyprus refer to the entire country. However, the underlying data used to calculate mortality rates estimates, provided by the Health Monitoring Unit of the Cyprus Ministry of Health, cover only the government-controlled areas, whereas according to Eurostat, the number of live births in 2023 was 10,295 (https://ec.europa.eu/eurostat/databrowser/view/tps00204/), the population on 1 January 2023 was 920,701 (https://ec.europa.eu/eurostat/databrowser/view/tps00001/), the population under 5 was 49,326,  adolescent population was 99,207 and the number of women of reproductive age was 235,268 (https://doi.org/10.2908/DEMO_PJAN).",,UN_IGME,,,,,,_T: Total
UNICEF:GLOBAL_DATAFLOW(1.0): Cross-sector indicators,CYP: Cyprus,CME_MRY0T4: Under-five mortality rate,_T: Total,2021,3.3637527924336,,"D_PER_1000_B: Deaths per 1,000 live births",A: Normal value,,2.90609399146775,3.91385479559397,,"Some UN IGME indicators are calculated using population and live birth numbers from the World Population Prospects: The 2024 revision (WPP). The WPP numbers for Cyprus refer to the entire country. However, the underlying data used to calculate mortality rates estimates, provided by the Health Monitoring Unit of the Cyprus Ministry of Health, cover only the government-controlled areas, whereas according to Eurostat, the number of live births in 2023 was 10,295 (https://ec.europa.eu/eurostat/databrowser/view/tps00204/), the population on 1 January 2023 was 920,701 (https://ec.europa.eu/eurostat/databrowser/view/tps00001/), the population under 5 was 49,326,  adolescent population was 99,207 and the number of women of reproductive age was 235,268 (https://doi.org/10.2908/DEMO_PJAN).",,UN_IGME,,,,,,_T: Total
UNICEF:GLOBAL_DATAFLOW(1.0): Cross-sector indicators,CYP: Cyprus,CME_MRY0T4: Under-five mortality rate,_T: Total,2022,3.47316581701333,,"D_PER_1000_B: Deaths per 1,000 live births",A: Normal value,,2.88555182901233,4.2259974055475,,"Some UN IGME indicators are calculated using population and live birth numbers from the World Population Prospects: The 2024 revision (WPP). The WPP numbers for Cyprus refer to the entire country. However, the underlying data used to calculate mortality rates estimates, provided by the Health Monitoring Unit of the Cyprus Ministry of Health, cover only the government-controlled areas, whereas according to Eurostat, the number of live births in 2023 was 10,295 (https://ec.europa.eu/eurostat/databrowser/view/tps00204/), the population on 1 January 2023 was 920,701 (https://ec.europa.eu/eurostat/databrowser/view/tps00001/), the population under 5 was 49,326,  adolescent population was 99,207 and the number of women of reproductive age was 235,268 (https://doi.org/10.2908/DEMO_PJAN).",,UN_IGME,,,,,,_T: Total
UNICEF:GLOBAL_DATAFLOW(1.0): Cross-sector indicators,CZE: Czechia,CME_MRY0T4: Under-five mortality rate,_T: Total,2018,3.11983400961388,,"D_PER_1000_B: Deaths per 1,000 live births",A: Normal value,,2.99718582292362,3.25061051224333,,,,UN_IGME,,,,,,_T: Total
UNICEF:GLOBAL_DATAFLOW(1.0): Cross-sector indicators,CZE: Czechia,CME_MRY0T4: Under-five mortality rate,_T: Total,2019,3.02372055829428,,"D_PER_1000_B: Deaths per 1,000 live births",A: Normal value,,2.90103776273146,3.15395269594452,,,,UN_IGME,,,,,,_T: Total
UNICEF:GLOBAL_DATAFLOW(1.0): Cross-sector indicators,CZE: Czechia,CME_MRY0T4: Under-five mortality rate,_T: Total,2020,2.90584969315132,,"D_PER_1000_B: Deaths per 1,000 live births",A: Normal value,,2.78654839370498,3.03483705099117,,,,UN_IGME,,,,,,_T: Total
UNICEF:GLOBAL_DATAFLOW(1.0): Cross-sector indicators,CZE: Czechia,CME_MRY0T4: Under-five mortality rate,_T: Total,2021,2.78473505262077,,"D_PER_1000_B: Deaths per 1,000 live births",A: Normal value,,2.65904179887531,2.91512620521424,,,,UN_IGME,,,,,,_T: Total
UNICEF:GLOBAL_DATAFLOW(1.0): Cross-sector indicators,CZE: Czechia,CME_MRY0T4: Under-five mortality rate,_T: Total,2022,2.66584608293291,,"D_PER_1000_B: Deaths per 1,000 live births",A: Normal value,,2.52393488420002,2.81655111997696,,,,UN_IGME,,,,,,_T: Total
UNICEF:GLOBAL_DATAFLOW(1.0): Cross-sector indicators,CIV: Côte d'Ivoire,CME_MRY0T4: Under-five mortality rate,_T: Total,2018,78.5323057188448,,"D_PER_1000_B: Deaths per 1,000 live births",A: Normal value,,69.5255715663867,88.5236680653031,,,,UN_IGME,,,,,,_T: Total
UNICEF:GLOBAL_DATAFLOW(1.0): Cross-sector indicators,CIV: Côte d'Ivoire,CME_MRY0T4: Under-five mortality rate,_T: Total,2019,75.9142123652578,,"D_PER_1000_B: Deaths per 1,000 live births",A: Normal value,,66.4151020170753,86.5772229981751,,,,UN_IGME,,,,,,_T: Total
UNICEF:GLOBAL_DATAFLOW(1.0): Cross-sector indicators,CIV: Côte d'Ivoire,CME_MRY0T4: Under-five mortality rate,_T: Total,2020,73.7155940291808,,"D_PER_1000_B: Deaths per 1,000 live births",A: Normal value,,63.6473694880118,85.2542803665725,,,,UN_IGME,,,,,,_T: Total
UNICEF:GLOBAL_DATAFLOW(1.0): Cross-sector indicators,CIV: Côte d'Ivoire,CME_MRY0T4: Under-five mortality rate,_T: Total,2021,71.3770671838728,,"D_PER_1000_B: Deaths per 1,000 live births",A: Normal value,,60.7499254578828,83.8164228691891,,,,UN_IGME,,,,,,_T: Total
UNICEF:GLOBAL_DATAFLOW(1.0): Cross-sector indicators,CIV: Côte d'Ivoire,CME_MRY0T4: Under-five mortality rate,_T: Total,2022,69.1876341410701,,"D_PER_1000_B: Deaths per 1,000 live births",A: Normal value,,57.7416979235652,83.017008685691,,,,UN_IGME,,,,,,_T: Total
UNICEF:GLOBAL_DATAFLOW(1.0): Cross-sector indicators,PRK: Democratic People's Republic of Korea,CME_MRY0T4: Under-five mortality rate,_T: Total,2018,18.4163842270056,,"D_PER_1000_B: Deaths per 1,000 live births",A: Normal value,,14.4223847561004,23.5795664535855,,The UN IGME estimates are not the official statistics of the Democratic People's Republic of Korea.,,UN_IGME,,,,,,_T: Total
UNICEF:GLOBAL_DATAFLOW(1.0): Cross-sector indicators,PRK: Democratic People's Republic of Korea,CME_MRY0T4: Under-five mortality rate,_T: Total,2019,17.7002146267721,,"D_PER_1000_B: Deaths per 1,000 live births",A: Normal value,,13.8615323434947,22.6626129152258,,The UN IGME estimates are not the official statistics of the Democratic People's Republic of Korea.,,UN_IGME,,,,,,_T: Total
UNICEF:GLOBAL_DATAFLOW(1.0): Cross-sector indicators,PRK: Democratic People's Republic of Korea,CME_MRY0T4: Under-five mortality rate,_T: Total,2020,17.4478985843584,,"D_PER_1000_B: Deaths per 1,000 live births",A: Normal value,,13.6639366048865,22.3395580301809,,The UN IGME estimates are not the official statistics of the Democratic People's Republic of Korea.,,UN_IGME,,,,,,_T: Total
UNICEF:GLOBAL_DATAFLOW(1.0): Cross-sector indicators,PRK: Democratic People's Republic of Korea,CME_MRY0T4: Under-five mortality rate,_T: Total,2021,17.4444365679304,,"D_PER_1000_B: Deaths per 1,000 live births",A: Normal value,,13.6612254031468,22.3351254094547,,The UN IGME estimates are not the official statistics of the Democratic People's Republic of Korea.,,UN_IGME,,,,,,_T: Total
UNICEF:GLOBAL_DATAFLOW(1.0): Cross-sector indicators,PRK: Democratic People's Republic of Korea,CME_MRY0T4: Under-five mortality rate,_T: Total,2022,17.7237063988379,,"D_PER_1000_B: Deaths per 1,000 live births",A: Normal value,,13.8799294061949,22.6926907955368,,The UN IGME estimates are not the official statistics of the Democratic People's Republic of Korea.,,UN_IGME,,,,,,_T: Total
UNICEF:GLOBAL_DATAFLOW(1.0): Cross-sector indicators,COD: Democratic Republic of the Congo,CME_MRY0T4: Under-five mortality rate,_T: Total,2018,86.2514494990363,,"D_PER_1000_B: Deaths per 1,000 live births",A: Normal value,,58.0249377493135,126.44994859846,,,,UN_IGME,,,,,,_T: Total
UNICEF:GLOBAL_DATAFLOW(1.0): Cross-sector indicators,COD: Democratic Republic of the Congo,CME_MRY0T4: Under-five mortality rate,_T: Total,2019,83.4568857257111,,"D_PER_1000_B: Deaths per 1,000 live births",A: Normal value,,54.2902072009748,126.350065976679,,,,UN_IGME,,,,,,_T: Total
UNICEF:GLOBAL_DATAFLOW(1.0): Cross-sector indicators,COD: Democratic Republic of the Congo,CME_MRY0T4: Under-five mortality rate,_T: Total,2020,80.6985728359994,,"D_PER_1000_B: Deaths per 1,000 live births",A: Normal value,,51.0179529762883,125.863334703531,,,,UN_IGME,,,,,,_T: Total
UNICEF:GLOBAL_DATAFLOW(1.0): Cross-sector indicators,COD: Democratic Republic of the Congo,CME_MRY0T4: Under-five mortality rate,_T: Total,2021,78.137030942477,,"D_PER_1000_B: Deaths per 1,000 live births",A: Normal value,,47.7788124455675,125.833243998202,,,,UN_IGME,,,,,,_T: Total
UNICEF:GLOBAL_DATAFLOW(1.0): Cross-sector indicators,COD: Democratic Republic of the Congo,CME_MRY0T4: Under-five mortality rate,_T: Total,2022,75.7333508487677,,"D_PER_1000_B: Deaths per 1,000 live births",A: Normal value,,44.7300803938086,125.405705791572,,,,UN_IGME,,,,,,_T: Total
UNICEF:GLOBAL_DATAFLOW(1.0): Cross-sector indicators,DNK: Denmark,CME_MRY0T4: Under-five mortality rate,_T: Total,2018,3.87803959896128,,"D_PER_1000_B: Deaths per 1,000 live births",A: Normal value,,3.7050365192979,4.05971109313604,,,,UN_IGME,,,,,,_T: Total
UNICEF:GLOBAL_DATAFLOW(1.0): Cross-sector indicators,DNK: Denmark,CME_MRY0T4: Under-five mortality rate,_T: Total,2019,3.78250582264818,,"D_PER_1000_B: Deaths per 1,000 live births",A: Normal value,,3.61338331934632,3.96419577051897,,,,UN_IGME,,,,,,_T: Total
UNICEF:GLOBAL_DATAFLOW(1.0): Cross-sector indicators,DNK: Denmark,CME_MRY0T4: Under-five mortality rate,_T: Total,2020,3.68715704648769,,"D_PER_1000_B: Deaths per 1,000 live births",A: Normal value,,3.51328672072534,3.87420378522354,,,,UN_IGME,,,,,,_T: Total
UNICEF:GLOBAL_DATAFLOW(1.0): Cross-sector indicators,DNK: Denmark,CME_MRY0T4: Under-five mortality rate,_T: Total,2021,3.59544733811772,,"D_PER_1000_B: Deaths per 1,000 live births",A: Normal value,,3.39212783737664,3.808698076098,,,,UN_IGME,,,,,,_T: Total
UNICEF:GLOBAL_DATAFLOW(1.0): Cross-sector indicators,DNK: Denmark,CME_MRY0T4: Under-five mortality rate,_T: Total,2022,3.510567448292,,"D_PER_1000_B: Deaths per 1,000 live births",A: Normal value,,3.24474551154953,3.79025083628,,,,UN_IGME,,,,,,_T: Total
UNICEF:GLOBAL_DATAFLOW(1.0): Cross-sector indicators,DJI: Djibouti,CME_MRY0T4: Under-five mortality rate,_T: Total,2018,59.4131913055125,,"D_PER_1000_B: Deaths per 1,000 live births",A: Normal value,,36.4961676228336,94.9365572075408,,,,UN_IGME,,,,,,_T: Total
UNICEF:GLOBAL_DATAFLOW(1.0): Cross-sector indicators,DJI: Djibouti,CME_MRY0T4: Under-five mortality rate,_T: Total,2019,57.479299211419,,"D_PER_1000_B: Deaths per 1,000 live births",A: Normal value,,34.2565487795598,94.4746595680872,,,,UN_IGME,,,,,,_T: Total
UNICEF:GLOBAL_DATAFLOW(1.0): Cross-sector indicators,DJI: Djibouti,CME_MRY0T4: Under-five mortality rate,_T: Total,2020,55.6156612846772,,"D_PER_1000_B: Deaths per 1,000 live births",A: Normal value,,32.2456968602378,94.7691055977283,,,,UN_IGME,,,,,,_T: Total
UNICEF:GLOBAL_DATAFLOW(1.0): Cross-sector indicators,DJI: Djibouti,CME_MRY0T4: Under-five mortality rate,_T: Total,2021,53.829707991345,,"D_PER_1000_B: Deaths per 1,000 live births",A: Normal value,,30.2327536863926,94.804949854277,,,,UN_IGME,,,,,,_T: Total
UNICEF:GLOBAL_DATAFLOW(1.0): Cross-sector indicators,DJI: Djibouti,CME_MRY0T4: Under-five mortality rate,_T: Total,2022,52.1575252895253,,"D_PER_1000_B: Deaths per 1,000 live births",A: Normal value,,28.5249573432218,94.523427618048,,,,UN_IGME,,,,,,_T: Total
UNICEF:GLOBAL_DATAFLOW(1.0): Cross-sector indicators,DMA: Dominica,CME_MRY0T4: Under-five mortality rate,_T: Total,2018,32.1189514761989,,"D_PER_1000_B: Deaths per 1,000 live births",A: Normal value,,28.928734808238,35.6731042655515,,,,UN_IGME,,,,,,_T: Total
UNICEF:GLOBAL_DATAFLOW(1.0): Cross-sector indicators,DMA: Dominica,CME_MRY0T4: Under-five mortality rate,_T: Total,2019,33.0151866401763,,"D_PER_1000_B: Deaths per 1,000 live births",A: Normal value,,29.48288829638,36.9530861704666,,,,UN_IGME,,,,,,_T: Total
UNICEF:GLOBAL_DATAFLOW(1.0): Cross-sector indicators,DMA: Dominica,CME_MRY0T4: Under-five mortality rate,_T: Total,2020,33.8223537297416,,"D_PER_1000_B: Deaths per 1,000 live births",A: Normal value,,29.9787094532885,38.1905372752515,,,,UN_IGME,,,,,,_T: Total
UNICEF:GLOBAL_DATAFLOW(1.0): Cross-sector indicators,DMA: Dominica,CME_MRY0T4: Under-five mortality rate,_T: Total,2021,34.5170551504778,,"D_PER_1000_B: Deaths per 1,000 live births",A: Normal value,,30.388615772213,39.3232240745645,,,,UN_IGME,,,,,,_T: Total
UNICEF:GLOBAL_DATAFLOW(1.0): Cross-sector indicators,DMA: Dominica,CME_MRY0T4: Under-five mortality rate,_T: Total,2022,35.0976614033221,,"D_PER_1000_B: Deaths per 1,000 live births",A: Normal value,,30.6463256665489,40.2524258719924,,,,UN_IGME,,,,,,_T: Total
UNICEF:GLOBAL_DATAFLOW(1.0): Cross-sector indicators,DOM: Dominican Republic,CME_MRY0T4: Under-five mortality rate,_T: Total,2018,34.7379166015156,,"D_PER_1000_B: Deaths per 1,000 live births",A: Normal value,,27.8990119896876,43.3233334812914,,,,UN_IGME,,,,,,_T: Total
UNICEF:GLOBAL_DATAFLOW(1.0): Cross-sector indicators,DOM: Dominican Republic,CME_MRY0T4: Under-five mortality rate,_T: Total,2019,34.3479854756032,,"D_PER_1000_B: Deaths per 1,000 live births",A: Normal value,,27.0716244026508,43.7615792985935,,,,UN_IGME,,,,,,_T: Total
UNICEF:GLOBAL_DATAFLOW(1.0): Cross-sector indicators,DOM: Dominican Republic,CME_MRY0T4: Under-five mortality rate,_T: Total,2020,33.7506480278912,,"D_PER_1000_B: Deaths per 1,000 live births",A: Normal value,,25.9599323677918,44.1263011247775,,,,UN_IGME,,,,,,_T: Total
UNICEF:GLOBAL_DATAFLOW(1.0): Cross-sector indicators,DOM: Dominican Republic,CME_MRY0T4: Under-five mortality rate,_T: Total,2021,33.0724289069111,,"D_PER_1000_B: Deaths per 1,000 live births",A: Normal value,,24.773353420014,44.3672510799169,,,,UN_IGME,,,,,,_T: Total
UNICEF:GLOBAL_DATAFLOW(1.0): Cross-sector indicators,DOM: Dominican Republic,CME_MRY0T4: Under-five mortality rate,_T: Total,2022,32.2499409242581,,"D_PER_1000_B: Deaths per 1,000 live births",A: Normal value,,23.4717306404458,44.5988261789155,,,,UN_IGME,,,,,,_T: Total
UNICEF:GLOBAL_DATAFLOW(1.0): Cross-sector indicators,AUREC_EAC: East African Community (EAC),CME_MRY0T4: Under-five mortality rate,_T: Total,2018,63.6395502359762,,"D_PER_1000_B: Deaths per 1,000 live births",,,,,,,,UN_IGME,,,,,,_T: Total
UNICEF:GLOBAL_DATAFLOW(1.0): Cross-sector indicators,AUREC_EAC: East African Community (EAC),CME_MRY0T4: Under-five mortality rate,_T: Total,2019,61.5714760497934,,"D_PER_1000_B: Deaths per 1,000 live births",,,,,,,,UN_IGME,,,,,,_T: Total
UNICEF:GLOBAL_DATAFLOW(1.0): Cross-sector indicators,AUREC_EAC: East African Community (EAC),CME_MRY0T4: Under-five mortality rate,_T: Total,2020,59.6028815353582,,"D_PER_1000_B: Deaths per 1,000 live births",,,,,,,,UN_IGME,,,,,,_T: Total
UNICEF:GLOBAL_DATAFLOW(1.0): Cross-sector indicators,AUREC_EAC: East African Community (EAC),CME_MRY0T4: Under-five mortality rate,_T: Total,2021,57.6966887811359,,"D_PER_1000_B: Deaths per 1,000 live births",,,,,,,,UN_IGME,,,,,,_T: Total
UNICEF:GLOBAL_DATAFLOW(1.0): Cross-sector indicators,AUREC_EAC: East African Community (EAC),CME_MRY0T4: Under-five mortality rate,_T: Total,2022,55.9646682844934,,"D_PER_1000_B: Deaths per 1,000 live births",,,,,,,,UN_IGME,,,,,,_T: Total
UNICEF:GLOBAL_DATAFLOW(1.0): Cross-sector indicators,UNICEF_EAP: East Asia and Pacific,CME_MRY0T4: Under-five mortality rate,_T: Total,2018,15.1799934881117,,"D_PER_1000_B: Deaths per 1,000 live births",A: Normal value,,14.3630855534452,16.2342267860078,,,,UN_IGME,,,,,,_T: Total
UNICEF:GLOBAL_DATAFLOW(1.0): Cross-sector indicators,UNICEF_EAP: East Asia and Pacific,CME_MRY0T4: Under-five mortality rate,_T: Total,2019,14.8206824060734,,"D_PER_1000_B: Deaths per 1,000 live births",A: Normal value,,13.9185899789632,16.0240921552898,,,,UN_IGME,,,,,,_T: Total
UNICEF:GLOBAL_DATAFLOW(1.0): Cross-sector indicators,UNICEF_EAP: East Asia and Pacific,CME_MRY0T4: Under-five mortality rate,_T: Total,2020,14.9273144264176,,"D_PER_1000_B: Deaths per 1,000 live births",A: Normal value,,13.8835382015536,16.3929536427862,,,,UN_IGME,,,,,,_T: Total
UNICEF:GLOBAL_DATAFLOW(1.0): Cross-sector indicators,UNICEF_EAP: East Asia and Pacific,CME_MRY0T4: Under-five mortality rate,_T: Total,2021,14.8591938608695,,"D_PER_1000_B: Deaths per 1,000 live births",A: Normal value,,13.6857602530921,16.5837265603774,,,,UN_IGME,,,,,,_T: Total
UNICEF:GLOBAL_DATAFLOW(1.0): Cross-sector indicators,UNICEF_EAP: East Asia and Pacific,CME_MRY0T4: Under-five mortality rate,_T: Total,2022,14.7183951294726,,"D_PER_1000_B: Deaths per 1,000 live births",A: Normal value,,13.4106495399516,16.693051767987,,,,UN_IGME,,,,,,_T: Total
UNICEF:GLOBAL_DATAFLOW(1.0): Cross-sector indicators,UNICEF_EAPRO: East Asia and Pacific,CME_MRY0T4: Under-five mortality rate,_T: Total,2018,15.9146473164905,,"D_PER_1000_B: Deaths per 1,000 live births",A: Normal value,,15.0481844744485,17.0325631757493,,,,UN_IGME,,,,,,_T: Total
UNICEF:GLOBAL_DATAFLOW(1.0): Cross-sector indicators,UNICEF_EAPRO: East Asia and Pacific,CME_MRY0T4: Under-five mortality rate,_T: Total,2019,15.5389426756355,,"D_PER_1000_B: Deaths per 1,000 live births",A: Normal value,,14.5831128522407,16.8141744160586,,,,UN_IGME,,,,,,_T: Total
UNICEF:GLOBAL_DATAFLOW(1.0): Cross-sector indicators,UNICEF_EAPRO: East Asia and Pacific,CME_MRY0T4: Under-five mortality rate,_T: Total,2020,15.7020271824139,,"D_PER_1000_B: Deaths per 1,000 live births",A: Normal value,,14.5911405983058,17.2617865075765,,,,UN_IGME,,,,,,_T: Total
UNICEF:GLOBAL_DATAFLOW(1.0): Cross-sector indicators,UNICEF_EAPRO: East Asia and Pacific,CME_MRY0T4: Under-five mortality rate,_T: Total,2021,15.6761838851971,,"D_PER_1000_B: Deaths per 1,000 live births",A: Normal value,,14.4241669871334,17.5211631081269,,,,UN_IGME,,,,,,_T: Total
UNICEF:GLOBAL_DATAFLOW(1.0): Cross-sector indicators,UNICEF_EAPRO: East Asia and Pacific,CME_MRY0T4: Under-five mortality rate,_T: Total,2022,15.5577860020752,,"D_PER_1000_B: Deaths per 1,000 live births",A: Normal value,,14.158493141122,17.6738364686857,,,,UN_IGME,,,,,,_T: Total
UNICEF:GLOBAL_DATAFLOW(1.0): Cross-sector indicators,AU_EASTERN_AFRICA: Eastern Africa (African Union),CME_MRY0T4: Under-five mortality rate,_T: Total,2018,56.8653407046026,,"D_PER_1000_B: Deaths per 1,000 live births",,,,,,,,UN_IGME,,,,,,_T: Total
UNICEF:GLOBAL_DATAFLOW(1.0): Cross-sector indicators,AU_EASTERN_AFRICA: Eastern Africa (African Union),CME_MRY0T4: Under-five mortality rate,_T: Total,2019,55.0096875635058,,"D_PER_1000_B: Deaths per 1,000 live births",,,,,,,,UN_IGME,,,,,,_T: Total
UNICEF:GLOBAL_DATAFLOW(1.0): Cross-sector indicators,AU_EASTERN_AFRICA: Eastern Africa (African Union),CME_MRY0T4: Under-five mortality rate,_T: Total,2020,53.3356098164972,,"D_PER_1000_B: Deaths per 1,000 live births",,,,,,,,UN_IGME,,,,,,_T: Total
UNICEF:GLOBAL_DATAFLOW(1.0): Cross-sector indicators,AU_EASTERN_AFRICA: Eastern Africa (African Union),CME_MRY0T4: Under-five mortality rate,_T: Total,2021,51.648168711142,,"D_PER_1000_B: Deaths per 1,000 live births",,,,,,,,UN_IGME,,,,,,_T: Total
UNICEF:GLOBAL_DATAFLOW(1.0): Cross-sector indicators,AU_EASTERN_AFRICA: Eastern Africa (African Union),CME_MRY0T4: Under-five mortality rate,_T: Total,2022,50.1135979237898,,"D_PER_1000_B: Deaths per 1,000 live births",,,,,,,,UN_IGME,,,,,,_T: Total
UNICEF:GLOBAL_DATAFLOW(1.0): Cross-sector indicators,UNSDG_EASTERNASIA: Eastern Asia,CME_MRY0T4: Under-five mortality rate,_T: Total,2018,8.42299371793398,,"D_PER_1000_B: Deaths per 1,000 live births",A: Normal value,,7.96491973989101,8.91371917002864,,,,UN_IGME,,,,,,_T: Total
UNICEF:GLOBAL_DATAFLOW(1.0): Cross-sector indicators,UNSDG_EASTERNASIA: Eastern Asia,CME_MRY0T4: Under-five mortality rate,_T: Total,2019,7.89265553374363,,"D_PER_1000_B: Deaths per 1,000 live births",A: Normal value,,7.44875640835122,8.36638695117606,,,,UN_IGME,,,,,,_T: Total
UNICEF:GLOBAL_DATAFLOW(1.0): Cross-sector indicators,UNSDG_EASTERNASIA: Eastern Asia,CME_MRY0T4: Under-five mortality rate,_T: Total,2020,7.41444760464272,,"D_PER_1000_B: Deaths per 1,000 live births",A: Normal value,,6.99472460227044,7.87550383266311,,,,UN_IGME,,,,,,_T: Total
UNICEF:GLOBAL_DATAFLOW(1.0): Cross-sector indicators,UNSDG_EASTERNASIA: Eastern Asia,CME_MRY0T4: Under-five mortality rate,_T: Total,2021,6.98420868474781,,"D_PER_1000_B: Deaths per 1,000 live births",A: Normal value,,6.5594715885957,7.4579377521472,,,,UN_IGME,,,,,,_T: Total
UNICEF:GLOBAL_DATAFLOW(1.0): Cross-sector indicators,UNSDG_EASTERNASIA: Eastern Asia,CME_MRY0T4: Under-five mortality rate,_T: Total,2022,6.60331259665925,,"D_PER_1000_B: Deaths per 1,000 live births",A: Normal value,,6.14875682226243,7.13119471778179,,,,UN_IGME,,,,,,_T: Total
UNICEF:GLOBAL_DATAFLOW(1.0): Cross-sector indicators,UNICEF_EECA: Eastern Europe and Central Asia,CME_MRY0T4: Under-five mortality rate,_T: Total,2018,12.2309285784,,"D_PER_1000_B: Deaths per 1,000 live births",A: Normal value,,11.7319423046677,12.822512990327,,,,UN_IGME,,,,,,_T: Total
UNICEF:GLOBAL_DATAFLOW(1.0): Cross-sector indicators,UNICEF_EECA: Eastern Europe and Central Asia,CME_MRY0T4: Under-five mortality rate,_T: Total,2019,11.9447241087616,,"D_PER_1000_B: Deaths per 1,000 live births",A: Normal value,,11.405230960104,12.6071145658005,,,,UN_IGME,,,,,,_T: Total
UNICEF:GLOBAL_DATAFLOW(1.0): Cross-sector indicators,UNICEF_EECA: Eastern Europe and Central Asia,CME_MRY0T4: Under-five mortality rate,_T: Total,2020,11.6046020862914,,"D_PER_1000_B: Deaths per 1,000 live births",A: Normal value,,11.0412861664543,12.3527839207943,,,,UN_IGME,,,,,,_T: Total
UNICEF:GLOBAL_DATAFLOW(1.0): Cross-sector indicators,UNICEF_EECA: Eastern Europe and Central Asia,CME_MRY0T4: Under-five mortality rate,_T: Total,2021,11.2892801425185,,"D_PER_1000_B: Deaths per 1,000 live births",A: Normal value,,10.7004482223663,12.1266302534804,,,,UN_IGME,,,,,,_T: Total
UNICEF:GLOBAL_DATAFLOW(1.0): Cross-sector indicators,UNICEF_EECA: Eastern Europe and Central Asia,CME_MRY0T4: Under-five mortality rate,_T: Total,2022,11.1007497803479,,"D_PER_1000_B: Deaths per 1,000 live births",A: Normal value,,10.4654870786528,12.0716340910032,,,,UN_IGME,,,,,,_T: Total
UNICEF:GLOBAL_DATAFLOW(1.0): Cross-sector indicators,WHO_EMRO: Eastern Mediterranean,CME_MRY0T4: Under-five mortality rate,_T: Total,2018,48.7559675670951,,"D_PER_1000_B: Deaths per 1,000 live births",,,45.039678402345,54.6757872309507,,,,UN_IGME,,,,,,_T: Total
UNICEF:GLOBAL_DATAFLOW(1.0): Cross-sector indicators,WHO_EMRO: Eastern Mediterranean,CME_MRY0T4: Under-five mortality rate,_T: Total,2019,47.2669922661111,,"D_PER_1000_B: Deaths per 1,000 live births",,,43.4356973408536,53.2568537058771,,,,UN_IGME,,,,,,_T: Total
UNICEF:GLOBAL_DATAFLOW(1.0): Cross-sector indicators,WHO_EMRO: Eastern Mediterranean,CME_MRY0T4: Under-five mortality rate,_T: Total,2020,46.011057752363,,"D_PER_1000_B: Deaths per 1,000 live births",,,41.9445859001652,52.4438401942663,,,,UN_IGME,,,,,,_T: Total
UNICEF:GLOBAL_DATAFLOW(1.0): Cross-sector indicators,WHO_EMRO: Eastern Mediterranean,CME_MRY0T4: Under-five mortality rate,_T: Total,2021,44.9000581472551,,"D_PER_1000_B: Deaths per 1,000 live births",,,40.6636685709813,51.8138674448195,,,,UN_IGME,,,,,,_T: Total
UNICEF:GLOBAL_DATAFLOW(1.0): Cross-sector indicators,WHO_EMRO: Eastern Mediterranean,CME_MRY0T4: Under-five mortality rate,_T: Total,2022,45.0693704786963,,"D_PER_1000_B: Deaths per 1,000 live births",,,40.1695533196964,53.9126682900616,,,,UN_IGME,,,,,,_T: Total
UNICEF:GLOBAL_DATAFLOW(1.0): Cross-sector indicators,UNSDG_EASTERNASIASOUTHEASTERNASIA: Eastern and South-Eastern Asia,CME_MRY0T4: Under-five mortality rate,_T: Total,2018,15.0213707215457,,"D_PER_1000_B: Deaths per 1,000 live births",A: Normal value,,14.1796286980118,16.0740254470381,,,,UN_IGME,,,,,,_T: Total
UNICEF:GLOBAL_DATAFLOW(1.0): Cross-sector indicators,UNSDG_EASTERNASIASOUTHEASTERNASIA: Eastern and South-Eastern Asia,CME_MRY0T4: Under-five mortality rate,_T: Total,2019,14.6536933050557,,"D_PER_1000_B: Deaths per 1,000 live births",A: Normal value,,13.7341043470235,15.8558582264445,,,,UN_IGME,,,,,,_T: Total
UNICEF:GLOBAL_DATAFLOW(1.0): Cross-sector indicators,UNSDG_EASTERNASIASOUTHEASTERNASIA: Eastern and South-Eastern Asia,CME_MRY0T4: Under-five mortality rate,_T: Total,2020,14.7541881167389,,"D_PER_1000_B: Deaths per 1,000 live births",A: Normal value,,13.6926201379254,16.2296430750825,,,,UN_IGME,,,,,,_T: Total
UNICEF:GLOBAL_DATAFLOW(1.0): Cross-sector indicators,UNSDG_EASTERNASIASOUTHEASTERNASIA: Eastern and South-Eastern Asia,CME_MRY0T4: Under-five mortality rate,_T: Total,2021,14.6881399961905,,"D_PER_1000_B: Deaths per 1,000 live births",A: Normal value,,13.4809944565905,16.4307939563643,,,,UN_IGME,,,,,,_T: Total
UNICEF:GLOBAL_DATAFLOW(1.0): Cross-sector indicators,UNSDG_EASTERNASIASOUTHEASTERNASIA: Eastern and South-Eastern Asia,CME_MRY0T4: Under-five mortality rate,_T: Total,2022,14.5519640318655,,"D_PER_1000_B: Deaths per 1,000 live births",A: Normal value,,13.204721554025,16.5612314605152,,,,UN_IGME,,,,,,_T: Total
UNICEF:GLOBAL_DATAFLOW(1.0): Cross-sector indicators,UNICEF_ESA: Eastern and Southern Africa,CME_MRY0T4: Under-five mortality rate,_T: Total,2018,58.694048431424,,"D_PER_1000_B: Deaths per 1,000 live births",A: Normal value,,54.2583934796435,66.6499535490828,,,,UN_IGME,,,,,,_T: Total
UNICEF:GLOBAL_DATAFLOW(1.0): Cross-sector indicators,UNICEF_ESA: Eastern and Southern Africa,CME_MRY0T4: Under-five mortality rate,_T: Total,2019,55.9432006281707,,"D_PER_1000_B: Deaths per 1,000 live births",A: Normal value,,51.5822550354359,63.818329476278,,,,UN_IGME,,,,,,_T: Total
UNICEF:GLOBAL_DATAFLOW(1.0): Cross-sector indicators,UNICEF_ESA: Eastern and Southern Africa,CME_MRY0T4: Under-five mortality rate,_T: Total,2020,54.4005890556433,,"D_PER_1000_B: Deaths per 1,000 live births",A: Normal value,,49.9880857012999,62.7963649781947,,,,UN_IGME,,,,,,_T: Total
UNICEF:GLOBAL_DATAFLOW(1.0): Cross-sector indicators,UNICEF_ESA: Eastern and Southern Africa,CME_MRY0T4: Under-five mortality rate,_T: Total,2021,52.7717546872124,,"D_PER_1000_B: Deaths per 1,000 live births",A: Normal value,,48.298041420185,61.6192330758159,,,,UN_IGME,,,,,,_T: Total
UNICEF:GLOBAL_DATAFLOW(1.0): Cross-sector indicators,UNICEF_ESA: Eastern and Southern Africa,CME_MRY0T4: Under-five mortality rate,_T: Total,2022,52.6781046831524,,"D_PER_1000_B: Deaths per 1,000 live births",A: Normal value,,47.6647311887796,63.3810650830079,,,,UN_IGME,,,,,,_T: Total
UNICEF:GLOBAL_DATAFLOW(1.0): Cross-sector indicators,UNICEF_ESARO: Eastern and Southern Africa,CME_MRY0T4: Under-five mortality rate,_T: Total,2018,58.7086069064674,,"D_PER_1000_B: Deaths per 1,000 live births",A: Normal value,,53.9993454222156,67.2147034738036,,,,UN_IGME,,,,,,_T: Total
UNICEF:GLOBAL_DATAFLOW(1.0): Cross-sector indicators,UNICEF_ESARO: Eastern and Southern Africa,CME_MRY0T4: Under-five mortality rate,_T: Total,2019,55.8726516504996,,"D_PER_1000_B: Deaths per 1,000 live births",A: Normal value,,51.2926840462704,64.2872993628238,,,,UN_IGME,,,,,,_T: Total
UNICEF:GLOBAL_DATAFLOW(1.0): Cross-sector indicators,UNICEF_ESARO: Eastern and Southern Africa,CME_MRY0T4: Under-five mortality rate,_T: Total,2020,54.350019183285,,"D_PER_1000_B: Deaths per 1,000 live births",A: Normal value,,49.6953871195216,63.2898022871328,,,,UN_IGME,,,,,,_T: Total
UNICEF:GLOBAL_DATAFLOW(1.0): Cross-sector indicators,UNICEF_ESARO: Eastern and Southern Africa,CME_MRY0T4: Under-five mortality rate,_T: Total,2021,52.7314235206019,,"D_PER_1000_B: Deaths per 1,000 live births",A: Normal value,,47.9784688331723,62.2266462179685,,,,UN_IGME,,,,,,_T: Total
UNICEF:GLOBAL_DATAFLOW(1.0): Cross-sector indicators,UNICEF_ESARO: Eastern and Southern Africa,CME_MRY0T4: Under-five mortality rate,_T: Total,2022,52.7875509396063,,"D_PER_1000_B: Deaths per 1,000 live births",A: Normal value,,47.5686056544235,64.2491997782074,,,,UN_IGME,,,,,,_T: Total
UNICEF:GLOBAL_DATAFLOW(1.0): Cross-sector indicators,AUREC_ECCAS: Economic Community of Central African States (ECCAS),CME_MRY0T4: Under-five mortality rate,_T: Total,2018,82.6657469784603,,"D_PER_1000_B: Deaths per 1,000 live births",,,,,,,,UN_IGME,,,,,,_T: Total
UNICEF:GLOBAL_DATAFLOW(1.0): Cross-sector indicators,AUREC_ECCAS: Economic Community of Central African States (ECCAS),CME_MRY0T4: Under-five mortality rate,_T: Total,2019,80.1485097733248,,"D_PER_1000_B: Deaths per 1,000 live births",,,,,,,,UN_IGME,,,,,,_T: Total
UNICEF:GLOBAL_DATAFLOW(1.0): Cross-sector indicators,AUREC_ECCAS: Economic Community of Central African States (ECCAS),CME_MRY0T4: Under-five mortality rate,_T: Total,2020,77.343806501931,,"D_PER_1000_B: Deaths per 1,000 live births",,,,,,,,UN_IGME,,,,,,_T: Total
UNICEF:GLOBAL_DATAFLOW(1.0): Cross-sector indicators,AUREC_ECCAS: Economic Community of Central African States (ECCAS),CME_MRY0T4: Under-five mortality rate,_T: Total,2021,74.8614540969547,,"D_PER_1000_B: Deaths per 1,000 live births",,,,,,,,UN_IGME,,,,,,_T: Total
UNICEF:GLOBAL_DATAFLOW(1.0): Cross-sector indicators,AUREC_ECCAS: Economic Community of Central African States (ECCAS),CME_MRY0T4: Under-five mortality rate,_T: Total,2022,72.4696086902864,,"D_PER_1000_B: Deaths per 1,000 live births",,,,,,,,UN_IGME,,,,,,_T: Total
UNICEF:GLOBAL_DATAFLOW(1.0): Cross-sector indicators,AUREC_ECOWAS_202502: Economic Community of West African States (ECOWAS 2025),CME_MRY0T4: Under-five mortality rate,_T: Total,2018,103.691686673903,,"D_PER_1000_B: Deaths per 1,000 live births",,,,,,,,UN_IGME,,,,,,_T: Total
UNICEF:GLOBAL_DATAFLOW(1.0): Cross-sector indicators,AUREC_ECOWAS_202502: Economic Community of West African States (ECOWAS 2025),CME_MRY0T4: Under-five mortality rate,_T: Total,2019,100.933487889816,,"D_PER_1000_B: Deaths per 1,000 live births",,,,,,,,UN_IGME,,,,,,_T: Total
UNICEF:GLOBAL_DATAFLOW(1.0): Cross-sector indicators,AUREC_ECOWAS_202502: Economic Community of West African States (ECOWAS 2025),CME_MRY0T4: Under-five mortality rate,_T: Total,2020,98.2563470225796,,"D_PER_1000_B: Deaths per 1,000 live births",,,,,,,,UN_IGME,,,,,,_T: Total
UNICEF:GLOBAL_DATAFLOW(1.0): Cross-sector indicators,AUREC_ECOWAS_202502: Economic Community of West African States (ECOWAS 2025),CME_MRY0T4: Under-five mortality rate,_T: Total,2021,95.3963507996535,,"D_PER_1000_B: Deaths per 1,000 live births",,,,,,,,UN_IGME,,,,,,_T: Total
UNICEF:GLOBAL_DATAFLOW(1.0): Cross-sector indicators,AUREC_ECOWAS_202502: Economic Community of West African States (ECOWAS 2025),CME_MRY0T4: Under-five mortality rate,_T: Total,2022,92.4583207916578,,"D_PER_1000_B: Deaths per 1,000 live births",,,,,,,,UN_IGME,,,,,,_T: Total
UNICEF:GLOBAL_DATAFLOW(1.0): Cross-sector indicators,AUREC_ECOWAS: Economic Community of West African States (ECOWAS),CME_MRY0T4: Under-five mortality rate,_T: Total,2018,104.512476264084,,"D_PER_1000_B: Deaths per 1,000 live births",,,,,,,,UN_IGME,,,,,,_T: Total
UNICEF:GLOBAL_DATAFLOW(1.0): Cross-sector indicators,AUREC_ECOWAS: Economic Community of West African States (ECOWAS),CME_MRY0T4: Under-five mortality rate,_T: Total,2019,101.876116803784,,"D_PER_1000_B: Deaths per 1,000 live births",,,,,,,,UN_IGME,,,,,,_T: Total
UNICEF:GLOBAL_DATAFLOW(1.0): Cross-sector indicators,AUREC_ECOWAS: Economic Community of West African States (ECOWAS),CME_MRY0T4: Under-five mortality rate,_T: Total,2020,99.3076389739889,,"D_PER_1000_B: Deaths per 1,000 live births",,,,,,,,UN_IGME,,,,,,_T: Total
UNICEF:GLOBAL_DATAFLOW(1.0): Cross-sector indicators,AUREC_ECOWAS: Economic Community of West African States (ECOWAS),CME_MRY0T4: Under-five mortality rate,_T: Total,2021,96.5566261768346,,"D_PER_1000_B: Deaths per 1,000 live births",,,,,,,,UN_IGME,,,,,,_T: Total
UNICEF:GLOBAL_DATAFLOW(1.0): Cross-sector indicators,AUREC_ECOWAS: Economic Community of West African States (ECOWAS),CME_MRY0T4: Under-five mortality rate,_T: Total,2022,93.7439237559601,,"D_PER_1000_B: Deaths per 1,000 live births",,,,,,,,UN_IGME,,,,,,_T: Total
UNICEF:GLOBAL_DATAFLOW(1.0): Cross-sector indicators,ECU: Ecuador,CME_MRY0T4: Under-five mortality rate,_T: Total,2018,14.0910680985183,,"D_PER_1000_B: Deaths per 1,000 live births",A: Normal value,,13.6444702825265,14.5540361912308,,,,UN_IGME,,,,,,_T: Total
UNICEF:GLOBAL_DATAFLOW(1.0): Cross-sector indicators,ECU: Ecuador,CME_MRY0T4: Under-five mortality rate,_T: Total,2019,13.8034133371985,,"D_PER_1000_B: Deaths per 1,000 live births",A: Normal value,,13.2538270983674,14.3947311012088,,,,UN_IGME,,,,,,_T: Total
UNICEF:GLOBAL_DATAFLOW(1.0): Cross-sector indicators,ECU: Ecuador,CME_MRY0T4: Under-five mortality rate,_T: Total,2020,13.5631256795844,,"D_PER_1000_B: Deaths per 1,000 live births",A: Normal value,,12.8955141946283,14.2854220464195,,,,UN_IGME,,,,,,_T: Total
UNICEF:GLOBAL_DATAFLOW(1.0): Cross-sector indicators,ECU: Ecuador,CME_MRY0T4: Under-five mortality rate,_T: Total,2021,13.3655922455933,,"D_PER_1000_B: Deaths per 1,000 live births",A: Normal value,,12.5428053666488,14.2208171629903,,,,UN_IGME,,,,,,_T: Total
UNICEF:GLOBAL_DATAFLOW(1.0): Cross-sector indicators,ECU: Ecuador,CME_MRY0T4: Under-five mortality rate,_T: Total,2022,13.2025824429791,,"D_PER_1000_B: Deaths per 1,000 live births",A: Normal value,,12.1741985566314,14.273861886417,,,,UN_IGME,,,,,,_T: Total
UNICEF:GLOBAL_DATAFLOW(1.0): Cross-sector indicators,EGY: Egypt,CME_MRY0T4: Under-five mortality rate,_T: Total,2018,20.8070791943941,,"D_PER_1000_B: Deaths per 1,000 live births",A: Normal value,,15.2421071409157,28.6883478046186,,,,UN_IGME,,,,,,_T: Total
UNICEF:GLOBAL_DATAFLOW(1.0): Cross-sector indicators,EGY: Egypt,CME_MRY0T4: Under-five mortality rate,_T: Total,2019,20.0925586252139,,"D_PER_1000_B: Deaths per 1,000 live births",A: Normal value,,14.293894391389,28.5069024209825,,,,UN_IGME,,,,,,_T: Total
UNICEF:GLOBAL_DATAFLOW(1.0): Cross-sector indicators,EGY: Egypt,CME_MRY0T4: Under-five mortality rate,_T: Total,2020,19.3780007389559,,"D_PER_1000_B: Deaths per 1,000 live births",A: Normal value,,13.3330094741493,28.3623836100105,,,,UN_IGME,,,,,,_T: Total
UNICEF:GLOBAL_DATAFLOW(1.0): Cross-sector indicators,EGY: Egypt,CME_MRY0T4: Under-five mortality rate,_T: Total,2021,18.7488654996652,,"D_PER_1000_B: Deaths per 1,000 live births",A: Normal value,,12.4656263142816,28.4856581551208,,,,UN_IGME,,,,,,_T: Total
UNICEF:GLOBAL_DATAFLOW(1.0): Cross-sector indicators,EGY: Egypt,CME_MRY0T4: Under-five mortality rate,_T: Total,2022,18.105475637763,,"D_PER_1000_B: Deaths per 1,000 live births",A: Normal value,,11.6951738320771,28.3895102861511,,,,UN_IGME,,,,,,_T: Total
UNICEF:GLOBAL_DATAFLOW(1.0): Cross-sector indicators,SLV: El Salvador,CME_MRY0T4: Under-five mortality rate,_T: Total,2018,12.7101445540283,,"D_PER_1000_B: Deaths per 1,000 live births",A: Normal value,,8.90290533223221,18.5727842848905,,,,UN_IGME,,,,,,_T: Total
UNICEF:GLOBAL_DATAFLOW(1.0): Cross-sector indicators,SLV: El Salvador,CME_MRY0T4: Under-five mortality rate,_T: Total,2019,12.1700544626667,,"D_PER_1000_B: Deaths per 1,000 live births",A: Normal value,,8.27648630910015,18.3588050109469,,,,UN_IGME,,,,,,_T: Total
UNICEF:GLOBAL_DATAFLOW(1.0): Cross-sector indicators,SLV: El Salvador,CME_MRY0T4: Under-five mortality rate,_T: Total,2020,11.6893316751217,,"D_PER_1000_B: Deaths per 1,000 live births",A: Normal value,,7.70738972434527,18.1324603030472,,,,UN_IGME,,,,,,_T: Total
UNICEF:GLOBAL_DATAFLOW(1.0): Cross-sector indicators,SLV: El Salvador,CME_MRY0T4: Under-five mortality rate,_T: Total,2021,11.238339333072,,"D_PER_1000_B: Deaths per 1,000 live births",A: Normal value,,7.22779011854861,17.9189442241661,,,,UN_IGME,,,,,,_T: Total
UNICEF:GLOBAL_DATAFLOW(1.0): Cross-sector indicators,SLV: El Salvador,CME_MRY0T4: Under-five mortality rate,_T: Total,2022,10.8176937366879,,"D_PER_1000_B: Deaths per 1,000 live births",A: Normal value,,6.78376320546831,17.7831658787087,,,,UN_IGME,,,,,,_T: Total
UNICEF:GLOBAL_DATAFLOW(1.0): Cross-sector indicators,GNQ: Equatorial Guinea,CME_MRY0T4: Under-five mortality rate,_T: Total,2018,84.1722290133583,,"D_PER_1000_B: Deaths per 1,000 live births",A: Normal value,,52.0022785542081,131.684696276097,,,,UN_IGME,,,,,,_T: Total
UNICEF:GLOBAL_DATAFLOW(1.0): Cross-sector indicators,GNQ: Equatorial Guinea,CME_MRY0T4: Under-five mortality rate,_T: Total,2019,81.6945386236266,,"D_PER_1000_B: Deaths per 1,000 live births",A: Normal value,,48.8431364540695,131.277000878416,,,,UN_IGME,,,,,,_T: Total
UNICEF:GLOBAL_DATAFLOW(1.0): Cross-sector indicators,GNQ: Equatorial Guinea,CME_MRY0T4: Under-five mortality rate,_T: Total,2020,78.8099311251027,,"D_PER_1000_B: Deaths per 1,000 live births",A: Normal value,,45.8806711404042,131.725963230166,,,,UN_IGME,,,,,,_T: Total
UNICEF:GLOBAL_DATAFLOW(1.0): Cross-sector indicators,GNQ: Equatorial Guinea,CME_MRY0T4: Under-five mortality rate,_T: Total,2021,76.1188261774832,,"D_PER_1000_B: Deaths per 1,000 live births",A: Normal value,,43.0046261861697,131.16940283253,,,,UN_IGME,,,,,,_T: Total
UNICEF:GLOBAL_DATAFLOW(1.0): Cross-sector indicators,GNQ: Equatorial Guinea,CME_MRY0T4: Under-five mortality rate,_T: Total,2022,73.3993786558073,,"D_PER_1000_B: Deaths per 1,000 live births",A: Normal value,,40.5255450328872,131.329832257342,,,,UN_IGME,,,,,,_T: Total
UNICEF:GLOBAL_DATAFLOW(1.0): Cross-sector indicators,ERI: Eritrea,CME_MRY0T4: Under-five mortality rate,_T: Total,2018,41.7317460771059,,"D_PER_1000_B: Deaths per 1,000 live births",A: Normal value,,26.4142761932186,66.4246844896746,,,,UN_IGME,,,,,,_T: Total
UNICEF:GLOBAL_DATAFLOW(1.0): Cross-sector indicators,ERI: Eritrea,CME_MRY0T4: Under-five mortality rate,_T: Total,2019,40.345238654804,,"D_PER_1000_B: Deaths per 1,000 live births",A: Normal value,,24.8007972712708,66.276675726012,,,,UN_IGME,,,,,,_T: Total
UNICEF:GLOBAL_DATAFLOW(1.0): Cross-sector indicators,ERI: Eritrea,CME_MRY0T4: Under-five mortality rate,_T: Total,2020,39.0500627008417,,"D_PER_1000_B: Deaths per 1,000 live births",A: Normal value,,23.2666424602677,66.3396184034819,,,,UN_IGME,,,,,,_T: Total
UNICEF:GLOBAL_DATAFLOW(1.0): Cross-sector indicators,ERI: Eritrea,CME_MRY0T4: Under-five mortality rate,_T: Total,2021,37.8860481838477,,"D_PER_1000_B: Deaths per 1,000 live births",A: Normal value,,21.8991475733609,66.2622699835463,,,,UN_IGME,,,,,,_T: Total
UNICEF:GLOBAL_DATAFLOW(1.0): Cross-sector indicators,ERI: Eritrea,CME_MRY0T4: Under-five mortality rate,_T: Total,2022,36.6422093011391,,"D_PER_1000_B: Deaths per 1,000 live births",A: Normal value,,20.5483488887118,66.074710961621,,,,UN_IGME,,,,,,_T: Total
UNICEF:GLOBAL_DATAFLOW(1.0): Cross-sector indicators,EST: Estonia,CME_MRY0T4: Under-five mortality rate,_T: Total,2018,2.67103177232396,,"D_PER_1000_B: Deaths per 1,000 live births",A: Normal value,,2.44380357388856,2.91315211004551,,,,UN_IGME,,,,,,_T: Total
UNICEF:GLOBAL_DATAFLOW(1.0): Cross-sector indicators,EST: Estonia,CME_MRY0T4: Under-five mortality rate,_T: Total,2019,2.53891155311482,,"D_PER_1000_B: Deaths per 1,000 live births",A: Normal value,,2.30828228492596,2.78722085508644,,,,UN_IGME,,,,,,_T: Total
UNICEF:GLOBAL_DATAFLOW(1.0): Cross-sector indicators,EST: Estonia,CME_MRY0T4: Under-five mortality rate,_T: Total,2020,2.41655435753784,,"D_PER_1000_B: Deaths per 1,000 live births",A: Normal value,,2.17363899896082,2.68248772675119,,,,UN_IGME,,,,,,_T: Total
UNICEF:GLOBAL_DATAFLOW(1.0): Cross-sector indicators,EST: Estonia,CME_MRY0T4: Under-five mortality rate,_T: Total,2021,2.30555655543244,,"D_PER_1000_B: Deaths per 1,000 live births",A: Normal value,,2.04262059171901,2.60521715627756,,,,UN_IGME,,,,,,_T: Total
UNICEF:GLOBAL_DATAFLOW(1.0): Cross-sector indicators,EST: Estonia,CME_MRY0T4: Under-five mortality rate,_T: Total,2022,2.20157336805942,,"D_PER_1000_B: Deaths per 1,000 live births",A: Normal value,,1.91421918689322,2.53878311155216,,,,UN_IGME,,,,,,_T: Total
UNICEF:GLOBAL_DATAFLOW(1.0): Cross-sector indicators,SWZ: Eswatini,CME_MRY0T4: Under-five mortality rate,_T: Total,2018,50.9627184279405,,"D_PER_1000_B: Deaths per 1,000 live births",A: Normal value,,39.1623296108434,68.1320319768206,,,,UN_IGME,,,,,,_T: Total
UNICEF:GLOBAL_DATAFLOW(1.0): Cross-sector indicators,SWZ: Eswatini,CME_MRY0T4: Under-five mortality rate,_T: Total,2019,51.6436014239289,,"D_PER_1000_B: Deaths per 1,000 live births",A: Normal value,,38.5366855511461,71.0490041187628,,,,UN_IGME,,,,,,_T: Total
UNICEF:GLOBAL_DATAFLOW(1.0): Cross-sector indicators,SWZ: Eswatini,CME_MRY0T4: Under-five mortality rate,_T: Total,2020,49.8169730661019,,"D_PER_1000_B: Deaths per 1,000 live births",A: Normal value,,36.1291098524018,70.2199850932877,,,,UN_IGME,,,,,,_T: Total
UNICEF:GLOBAL_DATAFLOW(1.0): Cross-sector indicators,SWZ: Eswatini,CME_MRY0T4: Under-five mortality rate,_T: Total,2021,47.6438285227954,,"D_PER_1000_B: Deaths per 1,000 live births",A: Normal value,,33.7055252705117,68.7964053601159,,,,UN_IGME,,,,,,_T: Total
UNICEF:GLOBAL_DATAFLOW(1.0): Cross-sector indicators,SWZ: Eswatini,CME_MRY0T4: Under-five mortality rate,_T: Total,2022,46.1928108648584,,"D_PER_1000_B: Deaths per 1,000 live births",A: Normal value,,32.0422169854331,68.4996149315642,,,,UN_IGME,,,,,,_T: Total
UNICEF:GLOBAL_DATAFLOW(1.0): Cross-sector indicators,ETH: Ethiopia,CME_MRY0T4: Under-five mortality rate,_T: Total,2018,56.350122554776,,"D_PER_1000_B: Deaths per 1,000 live births",A: Normal value,,47.8022713107949,66.5828629369667,,,,UN_IGME,,,,,,_T: Total
UNICEF:GLOBAL_DATAFLOW(1.0): Cross-sector indicators,ETH: Ethiopia,CME_MRY0T4: Under-five mortality rate,_T: Total,2019,54.0839485619709,,"D_PER_1000_B: Deaths per 1,000 live births",A: Normal value,,44.7688634522065,65.451563487801,,,,UN_IGME,,,,,,_T: Total
UNICEF:GLOBAL_DATAFLOW(1.0): Cross-sector indicators,ETH: Ethiopia,CME_MRY0T4: Under-five mortality rate,_T: Total,2020,51.9632233205957,,"D_PER_1000_B: Deaths per 1,000 live births",A: Normal value,,41.8156813768221,64.5873501213832,,,,UN_IGME,,,,,,_T: Total
UNICEF:GLOBAL_DATAFLOW(1.0): Cross-sector indicators,ETH: Ethiopia,CME_MRY0T4: Under-five mortality rate,_T: Total,2021,50.0499044116251,,"D_PER_1000_B: Deaths per 1,000 live births",A: Normal value,,38.9822635597009,64.0614648364077,,,,UN_IGME,,,,,,_T: Total
UNICEF:GLOBAL_DATAFLOW(1.0): Cross-sector indicators,ETH: Ethiopia,CME_MRY0T4: Under-five mortality rate,_T: Total,2022,48.2278433845331,,"D_PER_1000_B: Deaths per 1,000 live births",A: Normal value,,36.4061797811745,63.6096101456356,,,,UN_IGME,,,,,,_T: Total
UNICEF:GLOBAL_DATAFLOW(1.0): Cross-sector indicators,UNSDG_EUROPE: Europe,CME_MRY0T4: Under-five mortality rate,_T: Total,2018,4.92929530583064,,"D_PER_1000_B: Deaths per 1,000 live births",A: Normal value,,4.89013640131207,4.97198356929665,,,,UN_IGME,,,,,,_T: Total
UNICEF:GLOBAL_DATAFLOW(1.0): Cross-sector indicators,UNSDG_EUROPE: Europe,CME_MRY0T4: Under-five mortality rate,_T: Total,2019,4.73785811669503,,"D_PER_1000_B: Deaths per 1,000 live births",A: Normal value,,4.69728205508983,4.77983721716201,,,,UN_IGME,,,,,,_T: Total
UNICEF:GLOBAL_DATAFLOW(1.0): Cross-sector indicators,UNSDG_EUROPE: Europe,CME_MRY0T4: Under-five mortality rate,_T: Total,2020,4.58928647470558,,"D_PER_1000_B: Deaths per 1,000 live births",A: Normal value,,4.54324877576149,4.63820185765827,,,,UN_IGME,,,,,,_T: Total
UNICEF:GLOBAL_DATAFLOW(1.0): Cross-sector indicators,UNSDG_EUROPE: Europe,CME_MRY0T4: Under-five mortality rate,_T: Total,2021,4.45281324094948,,"D_PER_1000_B: Deaths per 1,000 live births",A: Normal value,,4.39182946793986,4.51983705545437,,,,UN_IGME,,,,,,_T: Total
UNICEF:GLOBAL_DATAFLOW(1.0): Cross-sector indicators,UNSDG_EUROPE: Europe,CME_MRY0T4: Under-five mortality rate,_T: Total,2022,4.34702009520094,,"D_PER_1000_B: Deaths per 1,000 live births",A: Normal value,,4.26425977047741,4.44195246089873,,,,UN_IGME,,,,,,_T: Total
UNICEF:GLOBAL_DATAFLOW(1.0): Cross-sector indicators,WHO_EURO: Europe,CME_MRY0T4: Under-five mortality rate,_T: Total,2018,8.45127035586224,,"D_PER_1000_B: Deaths per 1,000 live births",,,8.17836125656941,8.77624694181647,,,,UN_IGME,,,,,,_T: Total
UNICEF:GLOBAL_DATAFLOW(1.0): Cross-sector indicators,WHO_EURO: Europe,CME_MRY0T4: Under-five mortality rate,_T: Total,2019,8.24875319395191,,"D_PER_1000_B: Deaths per 1,000 live births",,,7.95705461829867,8.6104561648148,,,,UN_IGME,,,,,,_T: Total
UNICEF:GLOBAL_DATAFLOW(1.0): Cross-sector indicators,WHO_EURO: Europe,CME_MRY0T4: Under-five mortality rate,_T: Total,2020,8.0457353339819,,"D_PER_1000_B: Deaths per 1,000 live births",,,7.7381090294146,8.4523540754992,,,,UN_IGME,,,,,,_T: Total
UNICEF:GLOBAL_DATAFLOW(1.0): Cross-sector indicators,WHO_EURO: Europe,CME_MRY0T4: Under-five mortality rate,_T: Total,2021,7.8267101804258,,"D_PER_1000_B: Deaths per 1,000 live births",,,7.50770252401945,8.27816705777162,,,,UN_IGME,,,,,,_T: Total
UNICEF:GLOBAL_DATAFLOW(1.0): Cross-sector indicators,WHO_EURO: Europe,CME_MRY0T4: Under-five mortality rate,_T: Total,2022,7.70153957866526,,"D_PER_1000_B: Deaths per 1,000 live births",,,7.36056693931102,8.22515878128398,,,,UN_IGME,,,,,,_T: Total
UNICEF:GLOBAL_DATAFLOW(1.0): Cross-sector indicators,UNICEF_ECA: Europe and Central Asia,CME_MRY0T4: Under-five mortality rate,_T: Total,2018,8.52972671638907,,"D_PER_1000_B: Deaths per 1,000 live births",A: Normal value,,8.25273845308057,8.85966606987546,,,,UN_IGME,,,,,,_T: Total
UNICEF:GLOBAL_DATAFLOW(1.0): Cross-sector indicators,UNICEF_ECA: Europe and Central Asia,CME_MRY0T4: Under-five mortality rate,_T: Total,2019,8.32628717132233,,"D_PER_1000_B: Deaths per 1,000 live births",A: Normal value,,8.02971558396249,8.69329994508073,,,,UN_IGME,,,,,,_T: Total
UNICEF:GLOBAL_DATAFLOW(1.0): Cross-sector indicators,UNICEF_ECA: Europe and Central Asia,CME_MRY0T4: Under-five mortality rate,_T: Total,2020,8.12109516441462,,"D_PER_1000_B: Deaths per 1,000 live births",A: Normal value,,7.80790035955915,8.53431105103041,,,,UN_IGME,,,,,,_T: Total
UNICEF:GLOBAL_DATAFLOW(1.0): Cross-sector indicators,UNICEF_ECA: Europe and Central Asia,CME_MRY0T4: Under-five mortality rate,_T: Total,2021,7.90206906268931,,"D_PER_1000_B: Deaths per 1,000 live births",A: Normal value,,7.57737029555925,8.36117417148913,,,,UN_IGME,,,,,,_T: Total
UNICEF:GLOBAL_DATAFLOW(1.0): Cross-sector indicators,UNICEF_ECA: Europe and Central Asia,CME_MRY0T4: Under-five mortality rate,_T: Total,2022,7.7780238714984,,"D_PER_1000_B: Deaths per 1,000 live births",A: Normal value,,7.43142509039388,8.3108166282666,,,,UN_IGME,,,,,,_T: Total
UNICEF:GLOBAL_DATAFLOW(1.0): Cross-sector indicators,UNICEF_ECARO: Europe and Central Asia,CME_MRY0T4: Under-five mortality rate,_T: Total,2018,14.2080000853938,,"D_PER_1000_B: Deaths per 1,000 live births",A: Normal value,,13.5383502567944,15.0012594482882,,,,UN_IGME,,,,,,_T: Total
UNICEF:GLOBAL_DATAFLOW(1.0): Cross-sector indicators,UNICEF_ECARO: Europe and Central Asia,CME_MRY0T4: Under-five mortality rate,_T: Total,2019,13.8841206934316,,"D_PER_1000_B: Deaths per 1,000 live births",A: Normal value,,13.1717336094835,14.7625554834954,,,,UN_IGME,,,,,,_T: Total
UNICEF:GLOBAL_DATAFLOW(1.0): Cross-sector indicators,UNICEF_ECARO: Europe and Central Asia,CME_MRY0T4: Under-five mortality rate,_T: Total,2020,13.5457182933336,,"D_PER_1000_B: Deaths per 1,000 live births",A: Normal value,,12.8029740215791,14.5171496802663,,,,UN_IGME,,,,,,_T: Total
UNICEF:GLOBAL_DATAFLOW(1.0): Cross-sector indicators,UNICEF_ECARO: Europe and Central Asia,CME_MRY0T4: Under-five mortality rate,_T: Total,2021,13.2169154566245,,"D_PER_1000_B: Deaths per 1,000 live births",A: Normal value,,12.4432642657872,14.3060325351846,,,,UN_IGME,,,,,,_T: Total
UNICEF:GLOBAL_DATAFLOW(1.0): Cross-sector indicators,UNICEF_ECARO: Europe and Central Asia,CME_MRY0T4: Under-five mortality rate,_T: Total,2022,13.0504672000659,,"D_PER_1000_B: Deaths per 1,000 live births",A: Normal value,,12.2212422049037,14.3154876548018,,,,UN_IGME,,,,,,_T: Total
UNICEF:GLOBAL_DATAFLOW(1.0): Cross-sector indicators,UNSDG_EUROPENORTHERNAMR: Europe and Northern America,CME_MRY0T4: Under-five mortality rate,_T: Total,2018,5.46861426279788,,"D_PER_1000_B: Deaths per 1,000 live births",A: Normal value,,5.42468114881516,5.51319917161864,,,,UN_IGME,,,,,,_T: Total
UNICEF:GLOBAL_DATAFLOW(1.0): Cross-sector indicators,UNSDG_EUROPENORTHERNAMR: Europe and Northern America,CME_MRY0T4: Under-five mortality rate,_T: Total,2019,5.3378731779572,,"D_PER_1000_B: Deaths per 1,000 live births",A: Normal value,,5.29276543661943,5.38313301748556,,,,UN_IGME,,,,,,_T: Total
UNICEF:GLOBAL_DATAFLOW(1.0): Cross-sector indicators,UNSDG_EUROPENORTHERNAMR: Europe and Northern America,CME_MRY0T4: Under-five mortality rate,_T: Total,2020,5.23260456445318,,"D_PER_1000_B: Deaths per 1,000 live births",A: Normal value,,5.18398849173817,5.28057551960781,,,,UN_IGME,,,,,,_T: Total
UNICEF:GLOBAL_DATAFLOW(1.0): Cross-sector indicators,UNSDG_EUROPENORTHERNAMR: Europe and Northern America,CME_MRY0T4: Under-five mortality rate,_T: Total,2021,5.14941297031368,,"D_PER_1000_B: Deaths per 1,000 live births",A: Normal value,,5.09477071477885,5.20733322656734,,,,UN_IGME,,,,,,_T: Total
UNICEF:GLOBAL_DATAFLOW(1.0): Cross-sector indicators,UNSDG_EUROPENORTHERNAMR: Europe and Northern America,CME_MRY0T4: Under-five mortality rate,_T: Total,2022,5.11628554350541,,"D_PER_1000_B: Deaths per 1,000 live births",A: Normal value,,5.04716354842474,5.19339172330727,,,,UN_IGME,,,,,,_T: Total
UNICEF:GLOBAL_DATAFLOW(1.0): Cross-sector indicators,FJI: Fiji,CME_MRY0T4: Under-five mortality rate,_T: Total,2018,24.1320148769244,,"D_PER_1000_B: Deaths per 1,000 live births",A: Normal value,,23.2288815429481,25.1001053712386,,,,UN_IGME,,,,,,_T: Total
UNICEF:GLOBAL_DATAFLOW(1.0): Cross-sector indicators,FJI: Fiji,CME_MRY0T4: Under-five mortality rate,_T: Total,2019,25.7146678062797,,"D_PER_1000_B: Deaths per 1,000 live births",A: Normal value,,24.4133230520266,27.0936426055168,,,,UN_IGME,,,,,,_T: Total
UNICEF:GLOBAL_DATAFLOW(1.0): Cross-sector indicators,FJI: Fiji,CME_MRY0T4: Under-five mortality rate,_T: Total,2020,27.1909472330416,,"D_PER_1000_B: Deaths per 1,000 live births",A: Normal value,,25.2822214107463,29.2719269968061,,,,UN_IGME,,,,,,_T: Total
UNICEF:GLOBAL_DATAFLOW(1.0): Cross-sector indicators,FJI: Fiji,CME_MRY0T4: Under-five mortality rate,_T: Total,2021,28.2710406312851,,"D_PER_1000_B: Deaths per 1,000 live births",A: Normal value,,25.6052140841949,31.3536935520831,,,,UN_IGME,,,,,,_T: Total
UNICEF:GLOBAL_DATAFLOW(1.0): Cross-sector indicators,FJI: Fiji,CME_MRY0T4: Under-five mortality rate,_T: Total,2022,28.9144964231966,,"D_PER_1000_B: Deaths per 1,000 live births",A: Normal value,,25.2945841168885,33.2191902075791,,,,UN_IGME,,,,,,_T: Total
UNICEF:GLOBAL_DATAFLOW(1.0): Cross-sector indicators,FIN: Finland,CME_MRY0T4: Under-five mortality rate,_T: Total,2018,2.36007808505712,,"D_PER_1000_B: Deaths per 1,000 live births",A: Normal value,,2.23253501990626,2.4972746750518,,,,UN_IGME,,,,,,_T: Total
UNICEF:GLOBAL_DATAFLOW(1.0): Cross-sector indicators,FIN: Finland,CME_MRY0T4: Under-five mortality rate,_T: Total,2019,2.33971538891506,,"D_PER_1000_B: Deaths per 1,000 live births",A: Normal value,,2.21437102653107,2.47958110311939,,,,UN_IGME,,,,,,_T: Total
UNICEF:GLOBAL_DATAFLOW(1.0): Cross-sector indicators,FIN: Finland,CME_MRY0T4: Under-five mortality rate,_T: Total,2020,2.32422846354997,,"D_PER_1000_B: Deaths per 1,000 live births",A: Normal value,,2.19411072580696,2.46924797094284,,,,UN_IGME,,,,,,_T: Total
UNICEF:GLOBAL_DATAFLOW(1.0): Cross-sector indicators,FIN: Finland,CME_MRY0T4: Under-five mortality rate,_T: Total,2021,2.31323379944176,,"D_PER_1000_B: Deaths per 1,000 live births",A: Normal value,,2.16609212579495,2.47160039183197,,,,UN_IGME,,,,,,_T: Total
UNICEF:GLOBAL_DATAFLOW(1.0): Cross-sector indicators,FIN: Finland,CME_MRY0T4: Under-five mortality rate,_T: Total,2022,2.30412634763535,,"D_PER_1000_B: Deaths per 1,000 live births",A: Normal value,,2.12692933893511,2.4952910406446,,,,UN_IGME,,,,,,_T: Total
UNICEF:GLOBAL_DATAFLOW(1.0): Cross-sector indicators,FRA: France,CME_MRY0T4: Under-five mortality rate,_T: Total,2018,4.23580369514235,,"D_PER_1000_B: Deaths per 1,000 live births",A: Normal value,,4.15676384658692,4.32090180536411,,,,UN_IGME,,,,,,_T: Total
UNICEF:GLOBAL_DATAFLOW(1.0): Cross-sector indicators,FRA: France,CME_MRY0T4: Under-five mortality rate,_T: Total,2019,4.23808474818672,,"D_PER_1000_B: Deaths per 1,000 live births",A: Normal value,,4.15429520895415,4.32433042236678,,,,UN_IGME,,,,,,_T: Total
UNICEF:GLOBAL_DATAFLOW(1.0): Cross-sector indicators,FRA: France,CME_MRY0T4: Under-five mortality rate,_T: Total,2020,4.24496642313891,,"D_PER_1000_B: Deaths per 1,000 live births",A: Normal value,,4.16018880886485,4.32991000696092,,,,UN_IGME,,,,,,_T: Total
UNICEF:GLOBAL_DATAFLOW(1.0): Cross-sector indicators,FRA: France,CME_MRY0T4: Under-five mortality rate,_T: Total,2021,4.26071280108956,,"D_PER_1000_B: Deaths per 1,000 live births",A: Normal value,,4.17685826818127,4.34574303317564,,,,UN_IGME,,,,,,_T: Total
UNICEF:GLOBAL_DATAFLOW(1.0): Cross-sector indicators,FRA: France,CME_MRY0T4: Under-five mortality rate,_T: Total,2022,4.28810427350141,,"D_PER_1000_B: Deaths per 1,000 live births",A: Normal value,,4.19602149075931,4.38389730346298,,,,UN_IGME,,,,,,_T: Total
UNICEF:GLOBAL_DATAFLOW(1.0): Cross-sector indicators,GAB: Gabon,CME_MRY0T4: Under-five mortality rate,_T: Total,2018,39.5600693666667,,"D_PER_1000_B: Deaths per 1,000 live births",A: Normal value,,32.0609523190046,49.7537820655376,,,,UN_IGME,,,,,,_T: Total
UNICEF:GLOBAL_DATAFLOW(1.0): Cross-sector indicators,GAB: Gabon,CME_MRY0T4: Under-five mortality rate,_T: Total,2019,37.9921867266968,,"D_PER_1000_B: Deaths per 1,000 live births",A: Normal value,,30.2588472565855,48.9046111178956,,,,UN_IGME,,,,,,_T: Total
UNICEF:GLOBAL_DATAFLOW(1.0): Cross-sector indicators,GAB: Gabon,CME_MRY0T4: Under-five mortality rate,_T: Total,2020,36.1983528694763,,"D_PER_1000_B: Deaths per 1,000 live births",A: Normal value,,28.2426956613499,47.6814770719998,,,,UN_IGME,,,,,,_T: Total
UNICEF:GLOBAL_DATAFLOW(1.0): Cross-sector indicators,GAB: Gabon,CME_MRY0T4: Under-five mortality rate,_T: Total,2021,35.1527266314444,,"D_PER_1000_B: Deaths per 1,000 live births",A: Normal value,,26.7625609456061,47.6232567288487,,,,UN_IGME,,,,,,_T: Total
UNICEF:GLOBAL_DATAFLOW(1.0): Cross-sector indicators,GAB: Gabon,CME_MRY0T4: Under-five mortality rate,_T: Total,2022,34.1408158943378,,"D_PER_1000_B: Deaths per 1,000 live births",A: Normal value,,25.2228806316979,47.5935124033816,,,,UN_IGME,,,,,,_T: Total
UNICEF:GLOBAL_DATAFLOW(1.0): Cross-sector indicators,GMB: Gambia,CME_MRY0T4: Under-five mortality rate,_T: Total,2018,52.7006494917598,,"D_PER_1000_B: Deaths per 1,000 live births",A: Normal value,,43.9618777131587,62.6071847827801,,,,UN_IGME,,,,,,_T: Total
UNICEF:GLOBAL_DATAFLOW(1.0): Cross-sector indicators,GMB: Gambia,CME_MRY0T4: Under-five mortality rate,_T: Total,2019,50.7424339096337,,"D_PER_1000_B: Deaths per 1,000 live births",A: Normal value,,41.6182896730237,61.3132323916875,,,,UN_IGME,,,,,,_T: Total
UNICEF:GLOBAL_DATAFLOW(1.0): Cross-sector indicators,GMB: Gambia,CME_MRY0T4: Under-five mortality rate,_T: Total,2020,48.9415350310901,,"D_PER_1000_B: Deaths per 1,000 live births",A: Normal value,,39.3683816888944,60.6021642307656,,,,UN_IGME,,,,,,_T: Total
UNICEF:GLOBAL_DATAFLOW(1.0): Cross-sector indicators,GMB: Gambia,CME_MRY0T4: Under-five mortality rate,_T: Total,2021,47.2197180698422,,"D_PER_1000_B: Deaths per 1,000 live births",A: Normal value,,37.0107427830369,59.9207264991921,,,,UN_IGME,,,,,,_T: Total
UNICEF:GLOBAL_DATAFLOW(1.0): Cross-sector indicators,GMB: Gambia,CME_MRY0T4: Under-five mortality rate,_T: Total,2022,45.5962099734394,,"D_PER_1000_B: Deaths per 1,000 live births",A: Normal value,,34.6206433578588,59.7911376862809,,,,UN_IGME,,,,,,_T: Total
UNICEF:GLOBAL_DATAFLOW(1.0): Cross-sector indicators,GEO: Georgia,CME_MRY0T4: Under-five mortality rate,_T: Total,2018,9.84246200623357,,"D_PER_1000_B: Deaths per 1,000 live births",A: Normal value,,9.22221237580796,10.4933734609482,,,,UN_IGME,,,,,,_T: Total
UNICEF:GLOBAL_DATAFLOW(1.0): Cross-sector indicators,GEO: Georgia,CME_MRY0T4: Under-five mortality rate,_T: Total,2019,9.69425629307991,,"D_PER_1000_B: Deaths per 1,000 live births",A: Normal value,,9.04186886128084,10.3990647141995,,,,UN_IGME,,,,,,_T: Total
UNICEF:GLOBAL_DATAFLOW(1.0): Cross-sector indicators,GEO: Georgia,CME_MRY0T4: Under-five mortality rate,_T: Total,2020,9.57235349918813,,"D_PER_1000_B: Deaths per 1,000 live births",A: Normal value,,8.80534638863259,10.4122552060146,,,,UN_IGME,,,,,,_T: Total
UNICEF:GLOBAL_DATAFLOW(1.0): Cross-sector indicators,GEO: Georgia,CME_MRY0T4: Under-five mortality rate,_T: Total,2021,9.46386174884658,,"D_PER_1000_B: Deaths per 1,000 live births",A: Normal value,,8.47483739358469,10.5654151077044,,,,UN_IGME,,,,,,_T: Total
UNICEF:GLOBAL_DATAFLOW(1.0): Cross-sector indicators,GEO: Georgia,CME_MRY0T4: Under-five mortality rate,_T: Total,2022,9.33416208295188,,"D_PER_1000_B: Deaths per 1,000 live births",A: Normal value,,8.07554102097527,10.8471939073197,,,,UN_IGME,,,,,,_T: Total
UNICEF:GLOBAL_DATAFLOW(1.0): Cross-sector indicators,DEU: Germany,CME_MRY0T4: Under-five mortality rate,_T: Total,2018,3.79391455489899,,"D_PER_1000_B: Deaths per 1,000 live births",A: Normal value,,3.72761609560396,3.86182145352891,,,,UN_IGME,,,,,,_T: Total
UNICEF:GLOBAL_DATAFLOW(1.0): Cross-sector indicators,DEU: Germany,CME_MRY0T4: Under-five mortality rate,_T: Total,2019,3.74133438319875,,"D_PER_1000_B: Deaths per 1,000 live births",A: Normal value,,3.67200344795104,3.80938157088371,,,,UN_IGME,,,,,,_T: Total
UNICEF:GLOBAL_DATAFLOW(1.0): Cross-sector indicators,DEU: Germany,CME_MRY0T4: Under-five mortality rate,_T: Total,2020,3.69870924828686,,"D_PER_1000_B: Deaths per 1,000 live births",A: Normal value,,3.62735452472961,3.76517895186313,,,,UN_IGME,,,,,,_T: Total
UNICEF:GLOBAL_DATAFLOW(1.0): Cross-sector indicators,DEU: Germany,CME_MRY0T4: Under-five mortality rate,_T: Total,2021,3.66959902039282,,"D_PER_1000_B: Deaths per 1,000 live births",A: Normal value,,3.5997575439305,3.73330481612603,,,,UN_IGME,,,,,,_T: Total
UNICEF:GLOBAL_DATAFLOW(1.0): Cross-sector indicators,DEU: Germany,CME_MRY0T4: Under-five mortality rate,_T: Total,2022,3.65442376880761,,"D_PER_1000_B: Deaths per 1,000 live births",A: Normal value,,3.58617016265345,3.72210832888744,,,,UN_IGME,,,,,,_T: Total
UNICEF:GLOBAL_DATAFLOW(1.0): Cross-sector indicators,GHA: Ghana,CME_MRY0T4: Under-five mortality rate,_T: Total,2018,45.9985090964223,,"D_PER_1000_B: Deaths per 1,000 live births",A: Normal value,,41.2795979998687,51.2764045568688,,,,UN_IGME,,,,,,_T: Total
UNICEF:GLOBAL_DATAFLOW(1.0): Cross-sector indicators,GHA: Ghana,CME_MRY0T4: Under-five mortality rate,_T: Total,2019,43.9221821114606,,"D_PER_1000_B: Deaths per 1,000 live births",A: Normal value,,38.7764418589956,49.839391117367,,,,UN_IGME,,,,,,_T: Total
UNICEF:GLOBAL_DATAFLOW(1.0): Cross-sector indicators,GHA: Ghana,CME_MRY0T4: Under-five mortality rate,_T: Total,2020,41.990832978112,,"D_PER_1000_B: Deaths per 1,000 live births",A: Normal value,,36.2724978576752,48.6547534626067,,,,UN_IGME,,,,,,_T: Total
UNICEF:GLOBAL_DATAFLOW(1.0): Cross-sector indicators,GHA: Ghana,CME_MRY0T4: Under-five mortality rate,_T: Total,2021,40.2049280449674,,"D_PER_1000_B: Deaths per 1,000 live births",A: Normal value,,33.8730890332257,47.6795183968941,,,,UN_IGME,,,,,,_T: Total
UNICEF:GLOBAL_DATAFLOW(1.0): Cross-sector indicators,GHA: Ghana,CME_MRY0T4: Under-five mortality rate,_T: Total,2022,38.5487264003604,,"D_PER_1000_B: Deaths per 1,000 live births",A: Normal value,,31.6593471320999,46.9639920709837,,,,UN_IGME,,,,,,_T: Total
UNICEF:GLOBAL_DATAFLOW(1.0): Cross-sector indicators,GRC: Greece,CME_MRY0T4: Under-five mortality rate,_T: Total,2018,4.19927964253155,,"D_PER_1000_B: Deaths per 1,000 live births",A: Normal value,,4.03305529059385,4.37005184071259,,,,UN_IGME,,,,,,_T: Total
UNICEF:GLOBAL_DATAFLOW(1.0): Cross-sector indicators,GRC: Greece,CME_MRY0T4: Under-five mortality rate,_T: Total,2019,4.10920415511074,,"D_PER_1000_B: Deaths per 1,000 live births",A: Normal value,,3.92620431636977,4.29401769179261,,,,UN_IGME,,,,,,_T: Total
UNICEF:GLOBAL_DATAFLOW(1.0): Cross-sector indicators,GRC: Greece,CME_MRY0T4: Under-five mortality rate,_T: Total,2020,4.01391274623857,,"D_PER_1000_B: Deaths per 1,000 live births",A: Normal value,,3.7797292798185,4.25858690684798,,,,UN_IGME,,,,,,_T: Total
UNICEF:GLOBAL_DATAFLOW(1.0): Cross-sector indicators,GRC: Greece,CME_MRY0T4: Under-five mortality rate,_T: Total,2021,3.92569546993478,,"D_PER_1000_B: Deaths per 1,000 live births",A: Normal value,,3.60183906050686,4.27862868096104,,,,UN_IGME,,,,,,_T: Total
UNICEF:GLOBAL_DATAFLOW(1.0): Cross-sector indicators,GRC: Greece,CME_MRY0T4: Under-five mortality rate,_T: Total,2022,3.83937255894887,,"D_PER_1000_B: Deaths per 1,000 live births",A: Normal value,,3.39663656101942,4.32612890666439,,,,UN_IGME,,,,,,_T: Total
UNICEF:GLOBAL_DATAFLOW(1.0): Cross-sector indicators,GRD: Grenada,CME_MRY0T4: Under-five mortality rate,_T: Total,2018,18.3373747839273,,"D_PER_1000_B: Deaths per 1,000 live births",A: Normal value,,16.3613656279928,20.4381037977698,,,,UN_IGME,,,,,,_T: Total
UNICEF:GLOBAL_DATAFLOW(1.0): Cross-sector indicators,GRD: Grenada,CME_MRY0T4: Under-five mortality rate,_T: Total,2019,18.5246396154931,,"D_PER_1000_B: Deaths per 1,000 live births",A: Normal value,,16.2498206437098,21.0324853062631,,,,UN_IGME,,,,,,_T: Total
UNICEF:GLOBAL_DATAFLOW(1.0): Cross-sector indicators,GRD: Grenada,CME_MRY0T4: Under-five mortality rate,_T: Total,2020,18.6626487697942,,"D_PER_1000_B: Deaths per 1,000 live births",A: Normal value,,15.9698261787366,21.684943114382,,,,UN_IGME,,,,,,_T: Total
UNICEF:GLOBAL_DATAFLOW(1.0): Cross-sector indicators,GRD: Grenada,CME_MRY0T4: Under-five mortality rate,_T: Total,2021,18.6645541232191,,"D_PER_1000_B: Deaths per 1,000 live births",A: Normal value,,15.5683670871877,22.2778374703434,,,,UN_IGME,,,,,,_T: Total
UNICEF:GLOBAL_DATAFLOW(1.0): Cross-sector indicators,GRD: Grenada,CME_MRY0T4: Under-five mortality rate,_T: Total,2022,18.5053484150362,,"D_PER_1000_B: Deaths per 1,000 live births",A: Normal value,,14.9985073442416,22.8107380525357,,,,UN_IGME,,,,,,_T: Total
UNICEF:GLOBAL_DATAFLOW(1.0): Cross-sector indicators,GTM: Guatemala,CME_MRY0T4: Under-five mortality rate,_T: Total,2018,25.3517115659577,,"D_PER_1000_B: Deaths per 1,000 live births",A: Normal value,,20.3016731373211,31.5909742479268,,,,UN_IGME,,,,,,_T: Total
UNICEF:GLOBAL_DATAFLOW(1.0): Cross-sector indicators,GTM: Guatemala,CME_MRY0T4: Under-five mortality rate,_T: Total,2019,24.5162064436201,,"D_PER_1000_B: Deaths per 1,000 live births",A: Normal value,,19.0495056788591,31.4232635451011,,,,UN_IGME,,,,,,_T: Total
UNICEF:GLOBAL_DATAFLOW(1.0): Cross-sector indicators,GTM: Guatemala,CME_MRY0T4: Under-five mortality rate,_T: Total,2020,23.673427824087,,"D_PER_1000_B: Deaths per 1,000 live births",A: Normal value,,17.8257662270827,31.3030001514507,,,,UN_IGME,,,,,,_T: Total
UNICEF:GLOBAL_DATAFLOW(1.0): Cross-sector indicators,GTM: Guatemala,CME_MRY0T4: Under-five mortality rate,_T: Total,2021,22.8464098939496,,"D_PER_1000_B: Deaths per 1,000 live births",A: Normal value,,16.6946846900488,31.1851689798801,,,,UN_IGME,,,,,,_T: Total
UNICEF:GLOBAL_DATAFLOW(1.0): Cross-sector indicators,GTM: Guatemala,CME_MRY0T4: Under-five mortality rate,_T: Total,2022,22.0953941965416,,"D_PER_1000_B: Deaths per 1,000 live births",A: Normal value,,15.6563232185153,31.2496285578131,,,,UN_IGME,,,,,,_T: Total
UNICEF:GLOBAL_DATAFLOW(1.0): Cross-sector indicators,GIN: Guinea,CME_MRY0T4: Under-five mortality rate,_T: Total,2018,108.037299538771,,"D_PER_1000_B: Deaths per 1,000 live births",A: Normal value,,94.4337154988994,123.744155599608,,,,UN_IGME,,,,,,_T: Total
UNICEF:GLOBAL_DATAFLOW(1.0): Cross-sector indicators,GIN: Guinea,CME_MRY0T4: Under-five mortality rate,_T: Total,2019,105.745851080402,,"D_PER_1000_B: Deaths per 1,000 live births",A: Normal value,,91.1668436993671,123.098750755694,,,,UN_IGME,,,,,,_T: Total
UNICEF:GLOBAL_DATAFLOW(1.0): Cross-sector indicators,GIN: Guinea,CME_MRY0T4: Under-five mortality rate,_T: Total,2020,103.152339500824,,"D_PER_1000_B: Deaths per 1,000 live births",A: Normal value,,87.0138649343983,123.078888819176,,,,UN_IGME,,,,,,_T: Total
UNICEF:GLOBAL_DATAFLOW(1.0): Cross-sector indicators,GIN: Guinea,CME_MRY0T4: Under-five mortality rate,_T: Total,2021,100.50603935632,,"D_PER_1000_B: Deaths per 1,000 live births",A: Normal value,,82.5884939268382,123.18062846615,,,,UN_IGME,,,,,,_T: Total
UNICEF:GLOBAL_DATAFLOW(1.0): Cross-sector indicators,GIN: Guinea,CME_MRY0T4: Under-five mortality rate,_T: Total,2022,97.7916698278964,,"D_PER_1000_B: Deaths per 1,000 live births",A: Normal value,,77.9539381455538,123.614429397905,,,,UN_IGME,,,,,,_T: Total
UNICEF:GLOBAL_DATAFLOW(1.0): Cross-sector indicators,GNB: Guinea-Bissau,CME_MRY0T4: Under-five mortality rate,_T: Total,2018,82.0868667730897,,"D_PER_1000_B: Deaths per 1,000 live births",A: Normal value,,53.6988710279215,121.723947273398,,,,UN_IGME,,,,,,_T: Total
UNICEF:GLOBAL_DATAFLOW(1.0): Cross-sector indicators,GNB: Guinea-Bissau,CME_MRY0T4: Under-five mortality rate,_T: Total,2019,79.1085790664886,,"D_PER_1000_B: Deaths per 1,000 live births",A: Normal value,,50.5335121740111,121.611892550215,,,,UN_IGME,,,,,,_T: Total
UNICEF:GLOBAL_DATAFLOW(1.0): Cross-sector indicators,GNB: Guinea-Bissau,CME_MRY0T4: Under-five mortality rate,_T: Total,2020,76.5668021954472,,"D_PER_1000_B: Deaths per 1,000 live births",A: Normal value,,47.2657542538703,120.396794407126,,,,UN_IGME,,,,,,_T: Total
UNICEF:GLOBAL_DATAFLOW(1.0): Cross-sector indicators,GNB: Guinea-Bissau,CME_MRY0T4: Under-five mortality rate,_T: Total,2021,74.1469843448644,,"D_PER_1000_B: Deaths per 1,000 live births",A: Normal value,,44.391207494307,120.06973231555,,,,UN_IGME,,,,,,_T: Total
UNICEF:GLOBAL_DATAFLOW(1.0): Cross-sector indicators,GNB: Guinea-Bissau,CME_MRY0T4: Under-five mortality rate,_T: Total,2022,71.638056307781,,"D_PER_1000_B: Deaths per 1,000 live births",A: Normal value,,41.6963948590671,120.00643453515,,,,UN_IGME,,,,,,_T: Total
UNICEF:GLOBAL_DATAFLOW(1.0): Cross-sector indicators,GUY: Guyana,CME_MRY0T4: Under-five mortality rate,_T: Total,2018,30.1930333403458,,"D_PER_1000_B: Deaths per 1,000 live births",A: Normal value,,19.4941382383973,47.4907081652754,,,,UN_IGME,,,,,,_T: Total
UNICEF:GLOBAL_DATAFLOW(1.0): Cross-sector indicators,GUY: Guyana,CME_MRY0T4: Under-five mortality rate,_T: Total,2019,29.2780950336145,,"D_PER_1000_B: Deaths per 1,000 live births",A: Normal value,,18.3354701042337,47.2624107963806,,,,UN_IGME,,,,,,_T: Total
UNICEF:GLOBAL_DATAFLOW(1.0): Cross-sector indicators,GUY: Guyana,CME_MRY0T4: Under-five mortality rate,_T: Total,2020,28.3639527377769,,"D_PER_1000_B: Deaths per 1,000 live births",A: Normal value,,17.3146315589528,47.1705197856603,,,,UN_IGME,,,,,,_T: Total
UNICEF:GLOBAL_DATAFLOW(1.0): Cross-sector indicators,GUY: Guyana,CME_MRY0T4: Under-five mortality rate,_T: Total,2021,27.4597373839958,,"D_PER_1000_B: Deaths per 1,000 live births",A: Normal value,,16.3030423044061,46.9459134215894,,,,UN_IGME,,,,,,_T: Total
UNICEF:GLOBAL_DATAFLOW(1.0): Cross-sector indicators,GUY: Guyana,CME_MRY0T4: Under-five mortality rate,_T: Total,2022,26.5816383557417,,"D_PER_1000_B: Deaths per 1,000 live births",A: Normal value,,15.3553409532864,46.5969201126232,,,,UN_IGME,,,,,,_T: Total
UNICEF:GLOBAL_DATAFLOW(1.0): Cross-sector indicators,HTI: Haiti,CME_MRY0T4: Under-five mortality rate,_T: Total,2018,64.1777605611844,,"D_PER_1000_B: Deaths per 1,000 live births",A: Normal value,,50.4794130383134,83.2310693231168,,,,UN_IGME,,,,,,_T: Total
UNICEF:GLOBAL_DATAFLOW(1.0): Cross-sector indicators,HTI: Haiti,CME_MRY0T4: Under-five mortality rate,_T: Total,2019,62.3101465222157,,"D_PER_1000_B: Deaths per 1,000 live births",A: Normal value,,47.3345113695633,83.2057238020818,,,,UN_IGME,,,,,,_T: Total
UNICEF:GLOBAL_DATAFLOW(1.0): Cross-sector indicators,HTI: Haiti,CME_MRY0T4: Under-five mortality rate,_T: Total,2020,60.3990297635109,,"D_PER_1000_B: Deaths per 1,000 live births",A: Normal value,,44.3518111018643,83.3571759484231,,,,UN_IGME,,,,,,_T: Total
UNICEF:GLOBAL_DATAFLOW(1.0): Cross-sector indicators,HTI: Haiti,CME_MRY0T4: Under-five mortality rate,_T: Total,2021,58.5305332244717,,"D_PER_1000_B: Deaths per 1,000 live births",A: Normal value,,41.6396142240278,83.8073475339555,,,,UN_IGME,,,,,,_T: Total
UNICEF:GLOBAL_DATAFLOW(1.0): Cross-sector indicators,HTI: Haiti,CME_MRY0T4: Under-five mortality rate,_T: Total,2022,56.8679575167803,,"D_PER_1000_B: Deaths per 1,000 live births",A: Normal value,,38.9935564264706,83.7781446955763,,,,UN_IGME,,,,,,_T: Total
UNICEF:GLOBAL_DATAFLOW(1.0): Cross-sector indicators,HND: Honduras,CME_MRY0T4: Under-five mortality rate,_T: Total,2018,18.3853815611983,,"D_PER_1000_B: Deaths per 1,000 live births",A: Normal value,,15.0128389405753,22.9697455437263,,,,UN_IGME,,,,,,_T: Total
UNICEF:GLOBAL_DATAFLOW(1.0): Cross-sector indicators,HND: Honduras,CME_MRY0T4: Under-five mortality rate,_T: Total,2019,17.7644782397889,,"D_PER_1000_B: Deaths per 1,000 live births",A: Normal value,,14.2663077264276,22.6968966562005,,,,UN_IGME,,,,,,_T: Total
UNICEF:GLOBAL_DATAFLOW(1.0): Cross-sector indicators,HND: Honduras,CME_MRY0T4: Under-five mortality rate,_T: Total,2020,17.173487537862,,"D_PER_1000_B: Deaths per 1,000 live births",A: Normal value,,13.4474494242731,22.3992653761728,,,,UN_IGME,,,,,,_T: Total
UNICEF:GLOBAL_DATAFLOW(1.0): Cross-sector indicators,HND: Honduras,CME_MRY0T4: Under-five mortality rate,_T: Total,2021,16.5945522558049,,"D_PER_1000_B: Deaths per 1,000 live births",A: Normal value,,12.6529108015002,22.1363622410518,,,,UN_IGME,,,,,,_T: Total
UNICEF:GLOBAL_DATAFLOW(1.0): Cross-sector indicators,HND: Honduras,CME_MRY0T4: Under-five mortality rate,_T: Total,2022,16.0305297998314,,"D_PER_1000_B: Deaths per 1,000 live births",A: Normal value,,11.9159855630142,22.0534549145682,,,,UN_IGME,,,,,,_T: Total
UNICEF:GLOBAL_DATAFLOW(1.0): Cross-sector indicators,HUN: Hungary,CME_MRY0T4: Under-five mortality rate,_T: Total,2018,4.27466074733773,,"D_PER_1000_B: Deaths per 1,000 live births",A: Normal value,,4.10020098625316,4.45192062724147,,,,UN_IGME,,,,,,_T: Total
UNICEF:GLOBAL_DATAFLOW(1.0): Cross-sector indicators,HUN: Hungary,CME_MRY0T4: Under-five mortality rate,_T: Total,2019,4.13634074971664,,"D_PER_1000_B: Deaths per 1,000 live births",A: Normal value,,3.9626329437232,4.31543202708064,,,,UN_IGME,,,,,,_T: Total
UNICEF:GLOBAL_DATAFLOW(1.0): Cross-sector indicators,HUN: Hungary,CME_MRY0T4: Under-five mortality rate,_T: Total,2020,4.03738743648072,,"D_PER_1000_B: Deaths per 1,000 live births",A: Normal value,,3.87127101666768,4.21287986100585,,,,UN_IGME,,,,,,_T: Total
UNICEF:GLOBAL_DATAFLOW(1.0): Cross-sector indicators,HUN: Hungary,CME_MRY0T4: Under-five mortality rate,_T: Total,2021,3.96475320719312,,"D_PER_1000_B: Deaths per 1,000 live births",A: Normal value,,3.79998485113691,4.14112244968147,,,,UN_IGME,,,,,,_T: Total
UNICEF:GLOBAL_DATAFLOW(1.0): Cross-sector indicators,HUN: Hungary,CME_MRY0T4: Under-five mortality rate,_T: Total,2022,3.88999500843685,,"D_PER_1000_B: Deaths per 1,000 live births",A: Normal value,,3.70482889990558,4.08811677408745,,,,UN_IGME,,,,,,_T: Total
UNICEF:GLOBAL_DATAFLOW(1.0): Cross-sector indicators,ISL: Iceland,CME_MRY0T4: Under-five mortality rate,_T: Total,2018,2.66544433831886,,"D_PER_1000_B: Deaths per 1,000 live births",A: Normal value,,2.28110182752081,3.09894798846418,,,,UN_IGME,,,,,,_T: Total
UNICEF:GLOBAL_DATAFLOW(1.0): Cross-sector indicators,ISL: Iceland,CME_MRY0T4: Under-five mortality rate,_T: Total,2019,2.67604165808587,,"D_PER_1000_B: Deaths per 1,000 live births",A: Normal value,,2.25205927224207,3.17418010714855,,,,UN_IGME,,,,,,_T: Total
UNICEF:GLOBAL_DATAFLOW(1.0): Cross-sector indicators,ISL: Iceland,CME_MRY0T4: Under-five mortality rate,_T: Total,2020,2.67728366680787,,"D_PER_1000_B: Deaths per 1,000 live births",A: Normal value,,2.20089217093104,3.24517475019575,,,,UN_IGME,,,,,,_T: Total
UNICEF:GLOBAL_DATAFLOW(1.0): Cross-sector indicators,ISL: Iceland,CME_MRY0T4: Under-five mortality rate,_T: Total,2021,2.65938190047675,,"D_PER_1000_B: Deaths per 1,000 live births",A: Normal value,,2.12999333274728,3.29834739717776,,,,UN_IGME,,,,,,_T: Total
UNICEF:GLOBAL_DATAFLOW(1.0): Cross-sector indicators,ISL: Iceland,CME_MRY0T4: Under-five mortality rate,_T: Total,2022,2.62271004215836,,"D_PER_1000_B: Deaths per 1,000 live births",A: Normal value,,2.04064472869873,3.35087570026996,,,,UN_IGME,,,,,,_T: Total
UNICEF:GLOBAL_DATAFLOW(1.0): Cross-sector indicators,IND: India,CME_MRY0T4: Under-five mortality rate,_T: Total,2018,36.4399261790398,,"D_PER_1000_B: Deaths per 1,000 live births",A: Normal value,,34.1143324604496,38.879098145637,,The UN IGME estimates are not the official statistics of India. The Sample Registration System (SRS) of ORGI is the official data source of India for all mortality estimates.,,UN_IGME,,,,,,_T: Total
UNICEF:GLOBAL_DATAFLOW(1.0): Cross-sector indicators,IND: India,CME_MRY0T4: Under-five mortality rate,_T: Total,2019,34.3224625984635,,"D_PER_1000_B: Deaths per 1,000 live births",A: Normal value,,31.7870393207995,36.977690675438,,The UN IGME estimates are not the official statistics of India. The Sample Registration System (SRS) of ORGI is the official data source of India for all mortality estimates.,,UN_IGME,,,,,,_T: Total
UNICEF:GLOBAL_DATAFLOW(1.0): Cross-sector indicators,IND: India,CME_MRY0T4: Under-five mortality rate,_T: Total,2020,32.3566819974041,,"D_PER_1000_B: Deaths per 1,000 live births",A: Normal value,,29.5596490765476,35.2497516359537,,The UN IGME estimates are not the official statistics of India. The Sample Registration System (SRS) of ORGI is the official data source of India for all mortality estimates.,,UN_IGME,,,,,,_T: Total
UNICEF:GLOBAL_DATAFLOW(1.0): Cross-sector indicators,IND: India,CME_MRY0T4: Under-five mortality rate,_T: Total,2021,30.6036588769095,,"D_PER_1000_B: Deaths per 1,000 live births",A: Normal value,,27.5478009957421,33.7840323567851,,The UN IGME estimates are not the official statistics of India. The Sample Registration System (SRS) of ORGI is the official data source of India for all mortality estimates.,,UN_IGME,,,,,,_T: Total
UNICEF:GLOBAL_DATAFLOW(1.0): Cross-sector indicators,IND: India,CME_MRY0T4: Under-five mortality rate,_T: Total,2022,29.0806666674609,,"D_PER_1000_B: Deaths per 1,000 live births",A: Normal value,,25.6736248088105,32.6200001626327,,The UN IGME estimates are not the official statistics of India. The Sample Registration System (SRS) of ORGI is the official data source of India for all mortality estimates.,,UN_IGME,,,,,,_T: Total
UNICEF:GLOBAL_DATAFLOW(1.0): Cross-sector indicators,IDN: Indonesia,CME_MRY0T4: Under-five mortality rate,_T: Total,2018,24.4573635086892,,"D_PER_1000_B: Deaths per 1,000 live births",A: Normal value,,21.0037111824437,28.6636955182114,,,,UN_IGME,,,,,,_T: Total
UNICEF:GLOBAL_DATAFLOW(1.0): Cross-sector indicators,IDN: Indonesia,CME_MRY0T4: Under-five mortality rate,_T: Total,2019,23.6121136317793,,"D_PER_1000_B: Deaths per 1,000 live births",A: Normal value,,19.7942975962085,28.3663368936535,,,,UN_IGME,,,,,,_T: Total
UNICEF:GLOBAL_DATAFLOW(1.0): Cross-sector indicators,IDN: Indonesia,CME_MRY0T4: Under-five mortality rate,_T: Total,2020,22.7879767553902,,"D_PER_1000_B: Deaths per 1,000 live births",A: Normal value,,18.6032589128771,28.0988554251054,,,,UN_IGME,,,,,,_T: Total
UNICEF:GLOBAL_DATAFLOW(1.0): Cross-sector indicators,IDN: Indonesia,CME_MRY0T4: Under-five mortality rate,_T: Total,2021,22.0200222214196,,"D_PER_1000_B: Deaths per 1,000 live births",A: Normal value,,17.4427621262153,27.9312532894275,,,,UN_IGME,,,,,,_T: Total
UNICEF:GLOBAL_DATAFLOW(1.0): Cross-sector indicators,IDN: Indonesia,CME_MRY0T4: Under-five mortality rate,_T: Total,2022,21.292702315721,,"D_PER_1000_B: Deaths per 1,000 live births",A: Normal value,,16.3061509330485,27.8550137140748,,,,UN_IGME,,,,,,_T: Total
UNICEF:GLOBAL_DATAFLOW(1.0): Cross-sector indicators,AUREC_IGAD: Intergovernmental Authority on Development (IGAD),CME_MRY0T4: Under-five mortality rate,_T: Total,2018,58.7676948315494,,"D_PER_1000_B: Deaths per 1,000 live births",,,,,,,,UN_IGME,,,,,,_T: Total
UNICEF:GLOBAL_DATAFLOW(1.0): Cross-sector indicators,AUREC_IGAD: Intergovernmental Authority on Development (IGAD),CME_MRY0T4: Under-five mortality rate,_T: Total,2019,56.6938879871195,,"D_PER_1000_B: Deaths per 1,000 live births",,,,,,,,UN_IGME,,,,,,_T: Total
UNICEF:GLOBAL_DATAFLOW(1.0): Cross-sector indicators,AUREC_IGAD: Intergovernmental Authority on Development (IGAD),CME_MRY0T4: Under-five mortality rate,_T: Total,2020,54.8680675456902,,"D_PER_1000_B: Deaths per 1,000 live births",,,,,,,,UN_IGME,,,,,,_T: Total
UNICEF:GLOBAL_DATAFLOW(1.0): Cross-sector indicators,AUREC_IGAD: Intergovernmental Authority on Development (IGAD),CME_MRY0T4: Under-five mortality rate,_T: Total,2021,53.1220658356383,,"D_PER_1000_B: Deaths per 1,000 live births",,,,,,,,UN_IGME,,,,,,_T: Total
UNICEF:GLOBAL_DATAFLOW(1.0): Cross-sector indicators,AUREC_IGAD: Intergovernmental Authority on Development (IGAD),CME_MRY0T4: Under-five mortality rate,_T: Total,2022,51.5052503698927,,"D_PER_1000_B: Deaths per 1,000 live births",,,,,,,,UN_IGME,,,,,,_T: Total
UNICEF:GLOBAL_DATAFLOW(1.0): Cross-sector indicators,IRN: Iran (Islamic Republic of),CME_MRY0T4: Under-five mortality rate,_T: Total,2018,13.9478955592194,,"D_PER_1000_B: Deaths per 1,000 live births",A: Normal value,,8.9571548585376,21.6209750293615,,,,UN_IGME,,,,,,_T: Total
UNICEF:GLOBAL_DATAFLOW(1.0): Cross-sector indicators,IRN: Iran (Islamic Republic of),CME_MRY0T4: Under-five mortality rate,_T: Total,2019,13.4720113832698,,"D_PER_1000_B: Deaths per 1,000 live births",A: Normal value,,8.31495799259186,21.6034074978155,,,,UN_IGME,,,,,,_T: Total
UNICEF:GLOBAL_DATAFLOW(1.0): Cross-sector indicators,IRN: Iran (Islamic Republic of),CME_MRY0T4: Under-five mortality rate,_T: Total,2020,13.0219004781241,,"D_PER_1000_B: Deaths per 1,000 live births",A: Normal value,,7.763840649272,21.5229503270344,,,,UN_IGME,,,,,,_T: Total
UNICEF:GLOBAL_DATAFLOW(1.0): Cross-sector indicators,IRN: Iran (Islamic Republic of),CME_MRY0T4: Under-five mortality rate,_T: Total,2021,12.5902359721896,,"D_PER_1000_B: Deaths per 1,000 live births",A: Normal value,,7.29409680831525,21.3502592609977,,,,UN_IGME,,,,,,_T: Total
UNICEF:GLOBAL_DATAFLOW(1.0): Cross-sector indicators,IRN: Iran (Islamic Republic of),CME_MRY0T4: Under-five mortality rate,_T: Total,2022,12.1758347323086,,"D_PER_1000_B: Deaths per 1,000 live births",A: Normal value,,6.84496976910197,21.236711534345,,,,UN_IGME,,,,,,_T: Total
UNICEF:GLOBAL_DATAFLOW(1.0): Cross-sector indicators,IRQ: Iraq,CME_MRY0T4: Under-five mortality rate,_T: Total,2018,26.6239371974693,,"D_PER_1000_B: Deaths per 1,000 live births",A: Normal value,,20.9862613709218,33.4105436706622,,,,UN_IGME,,,,,,_T: Total
UNICEF:GLOBAL_DATAFLOW(1.0): Cross-sector indicators,IRQ: Iraq,CME_MRY0T4: Under-five mortality rate,_T: Total,2019,25.74699132225,,"D_PER_1000_B: Deaths per 1,000 live births",A: Normal value,,19.8486474190895,33.0945354648595,,,,UN_IGME,,,,,,_T: Total
UNICEF:GLOBAL_DATAFLOW(1.0): Cross-sector indicators,IRQ: Iraq,CME_MRY0T4: Under-five mortality rate,_T: Total,2020,24.9058294776419,,"D_PER_1000_B: Deaths per 1,000 live births",A: Normal value,,18.8394359837235,32.7399115150329,,,,UN_IGME,,,,,,_T: Total
UNICEF:GLOBAL_DATAFLOW(1.0): Cross-sector indicators,IRQ: Iraq,CME_MRY0T4: Under-five mortality rate,_T: Total,2021,24.1387332946948,,"D_PER_1000_B: Deaths per 1,000 live births",A: Normal value,,17.7965147244147,32.3818785804185,,,,UN_IGME,,,,,,_T: Total
UNICEF:GLOBAL_DATAFLOW(1.0): Cross-sector indicators,IRQ: Iraq,CME_MRY0T4: Under-five mortality rate,_T: Total,2022,23.3373371832285,,"D_PER_1000_B: Deaths per 1,000 live births",A: Normal value,,16.7233231664773,32.2327679824808,,,,UN_IGME,,,,,,_T: Total
UNICEF:GLOBAL_DATAFLOW(1.0): Cross-sector indicators,IRL: Ireland,CME_MRY0T4: Under-five mortality rate,_T: Total,2018,3.42890973217796,,"D_PER_1000_B: Deaths per 1,000 live births",A: Normal value,,3.24491744548849,3.60568721475511,,,,UN_IGME,,,,,,_T: Total
UNICEF:GLOBAL_DATAFLOW(1.0): Cross-sector indicators,IRL: Ireland,CME_MRY0T4: Under-five mortality rate,_T: Total,2019,3.43546378108957,,"D_PER_1000_B: Deaths per 1,000 live births",A: Normal value,,3.25074429982929,3.61597968503227,,,,UN_IGME,,,,,,_T: Total
UNICEF:GLOBAL_DATAFLOW(1.0): Cross-sector indicators,IRL: Ireland,CME_MRY0T4: Under-five mortality rate,_T: Total,2020,3.49147422961898,,"D_PER_1000_B: Deaths per 1,000 live births",A: Normal value,,3.30995886429214,3.67870630464723,,,,UN_IGME,,,,,,_T: Total
UNICEF:GLOBAL_DATAFLOW(1.0): Cross-sector indicators,IRL: Ireland,CME_MRY0T4: Under-five mortality rate,_T: Total,2021,3.58544101059847,,"D_PER_1000_B: Deaths per 1,000 live births",A: Normal value,,3.37314473353894,3.80889323839451,,,,UN_IGME,,,,,,_T: Total
UNICEF:GLOBAL_DATAFLOW(1.0): Cross-sector indicators,IRL: Ireland,CME_MRY0T4: Under-five mortality rate,_T: Total,2022,3.70133508270838,,"D_PER_1000_B: Deaths per 1,000 live births",A: Normal value,,3.40318333964127,4.03814687071225,,,,UN_IGME,,,,,,_T: Total
UNICEF:GLOBAL_DATAFLOW(1.0): Cross-sector indicators,ISR: Israel,CME_MRY0T4: Under-five mortality rate,_T: Total,2018,3.65410930899171,,"D_PER_1000_B: Deaths per 1,000 live births",A: Normal value,,3.55791731094322,3.74978487198637,,,,UN_IGME,,,,,,_T: Total
UNICEF:GLOBAL_DATAFLOW(1.0): Cross-sector indicators,ISR: Israel,CME_MRY0T4: Under-five mortality rate,_T: Total,2019,3.57701185538996,,"D_PER_1000_B: Deaths per 1,000 live births",A: Normal value,,3.47930949988913,3.67357800357396,,,,UN_IGME,,,,,,_T: Total
UNICEF:GLOBAL_DATAFLOW(1.0): Cross-sector indicators,ISR: Israel,CME_MRY0T4: Under-five mortality rate,_T: Total,2020,3.51358193337547,,"D_PER_1000_B: Deaths per 1,000 live births",A: Normal value,,3.4190238630048,3.61065103723867,,,,UN_IGME,,,,,,_T: Total
UNICEF:GLOBAL_DATAFLOW(1.0): Cross-sector indicators,ISR: Israel,CME_MRY0T4: Under-five mortality rate,_T: Total,2021,3.46324864320842,,"D_PER_1000_B: Deaths per 1,000 live births",A: Normal value,,3.36771765632215,3.56273122041128,,,,UN_IGME,,,,,,_T: Total
UNICEF:GLOBAL_DATAFLOW(1.0): Cross-sector indicators,ISR: Israel,CME_MRY0T4: Under-five mortality rate,_T: Total,2022,3.42311980875297,,"D_PER_1000_B: Deaths per 1,000 live births",A: Normal value,,3.30727619751702,3.54124960195307,,,,UN_IGME,,,,,,_T: Total
UNICEF:GLOBAL_DATAFLOW(1.0): Cross-sector indicators,ITA: Italy,CME_MRY0T4: Under-five mortality rate,_T: Total,2018,3.19577331604874,,"D_PER_1000_B: Deaths per 1,000 live births",A: Normal value,,3.13198499383286,3.26242306167281,,,,UN_IGME,,,,,,_T: Total
UNICEF:GLOBAL_DATAFLOW(1.0): Cross-sector indicators,ITA: Italy,CME_MRY0T4: Under-five mortality rate,_T: Total,2019,3.07877888818832,,"D_PER_1000_B: Deaths per 1,000 live births",A: Normal value,,3.01192879518856,3.14695991912723,,,,UN_IGME,,,,,,_T: Total
UNICEF:GLOBAL_DATAFLOW(1.0): Cross-sector indicators,ITA: Italy,CME_MRY0T4: Under-five mortality rate,_T: Total,2020,2.97409905606829,,"D_PER_1000_B: Deaths per 1,000 live births",A: Normal value,,2.90835337208119,3.04293997379322,,,,UN_IGME,,,,,,_T: Total
UNICEF:GLOBAL_DATAFLOW(1.0): Cross-sector indicators,ITA: Italy,CME_MRY0T4: Under-five mortality rate,_T: Total,2021,2.88575862202504,,"D_PER_1000_B: Deaths per 1,000 live births",A: Normal value,,2.81886319062994,2.95413490444436,,,,UN_IGME,,,,,,_T: Total
UNICEF:GLOBAL_DATAFLOW(1.0): Cross-sector indicators,ITA: Italy,CME_MRY0T4: Under-five mortality rate,_T: Total,2022,2.81384849195682,,"D_PER_1000_B: Deaths per 1,000 live births",A: Normal value,,2.74099145850147,2.89078310434133,,,,UN_IGME,,,,,,_T: Total
UNICEF:GLOBAL_DATAFLOW(1.0): Cross-sector indicators,JAM: Jamaica,CME_MRY0T4: Under-five mortality rate,_T: Total,2018,18.7196521546316,,"D_PER_1000_B: Deaths per 1,000 live births",A: Normal value,,18.1809720756256,19.2719307507454,,,,UN_IGME,,,,,,_T: Total
UNICEF:GLOBAL_DATAFLOW(1.0): Cross-sector indicators,JAM: Jamaica,CME_MRY0T4: Under-five mortality rate,_T: Total,2019,18.8371103582658,,"D_PER_1000_B: Deaths per 1,000 live births",A: Normal value,,18.2693107433191,19.4069665208649,,,,UN_IGME,,,,,,_T: Total
UNICEF:GLOBAL_DATAFLOW(1.0): Cross-sector indicators,JAM: Jamaica,CME_MRY0T4: Under-five mortality rate,_T: Total,2020,18.9745779939666,,"D_PER_1000_B: Deaths per 1,000 live births",A: Normal value,,18.3513244789919,19.6102211183233,,,,UN_IGME,,,,,,_T: Total
UNICEF:GLOBAL_DATAFLOW(1.0): Cross-sector indicators,JAM: Jamaica,CME_MRY0T4: Under-five mortality rate,_T: Total,2021,19.131172120412,,"D_PER_1000_B: Deaths per 1,000 live births",A: Normal value,,18.3527492707455,19.9016218885243,,,,UN_IGME,,,,,,_T: Total
UNICEF:GLOBAL_DATAFLOW(1.0): Cross-sector indicators,JAM: Jamaica,CME_MRY0T4: Under-five mortality rate,_T: Total,2022,19.2611340715634,,"D_PER_1000_B: Deaths per 1,000 live births",A: Normal value,,18.2427627363,20.3027029585069,,,,UN_IGME,,,,,,_T: Total
UNICEF:GLOBAL_DATAFLOW(1.0): Cross-sector indicators,JPN: Japan,CME_MRY0T4: Under-five mortality rate,_T: Total,2018,2.52524077781325,,"D_PER_1000_B: Deaths per 1,000 live births",A: Normal value,,2.47786424105032,2.57270364231424,,,,UN_IGME,,,,,,_T: Total
UNICEF:GLOBAL_DATAFLOW(1.0): Cross-sector indicators,JPN: Japan,CME_MRY0T4: Under-five mortality rate,_T: Total,2019,2.46372768410503,,"D_PER_1000_B: Deaths per 1,000 live births",A: Normal value,,2.41484165182704,2.51175367072666,,,,UN_IGME,,,,,,_T: Total
UNICEF:GLOBAL_DATAFLOW(1.0): Cross-sector indicators,JPN: Japan,CME_MRY0T4: Under-five mortality rate,_T: Total,2020,2.41376957564972,,"D_PER_1000_B: Deaths per 1,000 live births",A: Normal value,,2.36615711995658,2.46079108562773,,,,UN_IGME,,,,,,_T: Total
UNICEF:GLOBAL_DATAFLOW(1.0): Cross-sector indicators,JPN: Japan,CME_MRY0T4: Under-five mortality rate,_T: Total,2021,2.37932855176326,,"D_PER_1000_B: Deaths per 1,000 live births",A: Normal value,,2.33241131644884,2.42577533651946,,,,UN_IGME,,,,,,_T: Total
UNICEF:GLOBAL_DATAFLOW(1.0): Cross-sector indicators,JPN: Japan,CME_MRY0T4: Under-five mortality rate,_T: Total,2022,2.36327140065304,,"D_PER_1000_B: Deaths per 1,000 live births",A: Normal value,,2.31035973483129,2.41578316639201,,,,UN_IGME,,,,,,_T: Total
UNICEF:GLOBAL_DATAFLOW(1.0): Cross-sector indicators,JOR: Jordan,CME_MRY0T4: Under-five mortality rate,_T: Total,2018,15.2084045945734,,"D_PER_1000_B: Deaths per 1,000 live births",A: Normal value,,12.4510514769619,19.0181097990605,,,,UN_IGME,,,,,,_T: Total
UNICEF:GLOBAL_DATAFLOW(1.0): Cross-sector indicators,JOR: Jordan,CME_MRY0T4: Under-five mortality rate,_T: Total,2019,14.8074215132138,,"D_PER_1000_B: Deaths per 1,000 live births",A: Normal value,,11.9202946682514,18.9387022432785,,,,UN_IGME,,,,,,_T: Total
UNICEF:GLOBAL_DATAFLOW(1.0): Cross-sector indicators,JOR: Jordan,CME_MRY0T4: Under-five mortality rate,_T: Total,2020,14.3938387467522,,"D_PER_1000_B: Deaths per 1,000 live births",A: Normal value,,11.4007363061771,18.8404931545382,,,,UN_IGME,,,,,,_T: Total
UNICEF:GLOBAL_DATAFLOW(1.0): Cross-sector indicators,JOR: Jordan,CME_MRY0T4: Under-five mortality rate,_T: Total,2021,14.0086293076021,,"D_PER_1000_B: Deaths per 1,000 live births",A: Normal value,,10.8864961959204,18.7398999032249,,,,UN_IGME,,,,,,_T: Total
UNICEF:GLOBAL_DATAFLOW(1.0): Cross-sector indicators,JOR: Jordan,CME_MRY0T4: Under-five mortality rate,_T: Total,2022,13.6096626015462,,"D_PER_1000_B: Deaths per 1,000 live births",A: Normal value,,10.3631364675726,18.5714128671184,,,,UN_IGME,,,,,,_T: Total
UNICEF:GLOBAL_DATAFLOW(1.0): Cross-sector indicators,KAZ: Kazakhstan,CME_MRY0T4: Under-five mortality rate,_T: Total,2018,10.3155707362224,,"D_PER_1000_B: Deaths per 1,000 live births",A: Normal value,,10.1049490290487,10.5248998618214,,,,UN_IGME,,,,,,_T: Total
UNICEF:GLOBAL_DATAFLOW(1.0): Cross-sector indicators,KAZ: Kazakhstan,CME_MRY0T4: Under-five mortality rate,_T: Total,2019,10.2161045943455,,"D_PER_1000_B: Deaths per 1,000 live births",A: Normal value,,9.98785766380228,10.445466528134,,,,UN_IGME,,,,,,_T: Total
UNICEF:GLOBAL_DATAFLOW(1.0): Cross-sector indicators,KAZ: Kazakhstan,CME_MRY0T4: Under-five mortality rate,_T: Total,2020,10.1191857746263,,"D_PER_1000_B: Deaths per 1,000 live births",A: Normal value,,9.89674893077512,10.3521242265188,,,,UN_IGME,,,,,,_T: Total
UNICEF:GLOBAL_DATAFLOW(1.0): Cross-sector indicators,KAZ: Kazakhstan,CME_MRY0T4: Under-five mortality rate,_T: Total,2021,9.9898421059869,,"D_PER_1000_B: Deaths per 1,000 live births",A: Normal value,,9.7740736647378,10.2158419854859,,,,UN_IGME,,,,,,_T: Total
UNICEF:GLOBAL_DATAFLOW(1.0): Cross-sector indicators,KAZ: Kazakhstan,CME_MRY0T4: Under-five mortality rate,_T: Total,2022,9.83080746530065,,"D_PER_1000_B: Deaths per 1,000 live births",A: Normal value,,9.60482777626703,10.058707863902,,,,UN_IGME,,,,,,_T: Total
UNICEF:GLOBAL_DATAFLOW(1.0): Cross-sector indicators,KEN: Kenya,CME_MRY0T4: Under-five mortality rate,_T: Total,2018,44.2628829517735,,"D_PER_1000_B: Deaths per 1,000 live births",A: Normal value,,40.2180225481874,48.9718424141486,,,,UN_IGME,,,,,,_T: Total
UNICEF:GLOBAL_DATAFLOW(1.0): Cross-sector indicators,KEN: Kenya,CME_MRY0T4: Under-five mortality rate,_T: Total,2019,43.2535333733226,,"D_PER_1000_B: Deaths per 1,000 live births",A: Normal value,,39.0170540918281,48.149196441533,,,,UN_IGME,,,,,,_T: Total
UNICEF:GLOBAL_DATAFLOW(1.0): Cross-sector indicators,KEN: Kenya,CME_MRY0T4: Under-five mortality rate,_T: Total,2020,42.7785766907303,,"D_PER_1000_B: Deaths per 1,000 live births",A: Normal value,,38.1591961614354,48.159074023274,,,,UN_IGME,,,,,,_T: Total
UNICEF:GLOBAL_DATAFLOW(1.0): Cross-sector indicators,KEN: Kenya,CME_MRY0T4: Under-five mortality rate,_T: Total,2021,41.9127667725179,,"D_PER_1000_B: Deaths per 1,000 live births",A: Normal value,,36.6749177563995,48.0672547493954,,,,UN_IGME,,,,,,_T: Total
UNICEF:GLOBAL_DATAFLOW(1.0): Cross-sector indicators,KEN: Kenya,CME_MRY0T4: Under-five mortality rate,_T: Total,2022,41.0915613388345,,"D_PER_1000_B: Deaths per 1,000 live births",A: Normal value,,35.2080349960783,48.1008102748312,,,,UN_IGME,,,,,,_T: Total
UNICEF:GLOBAL_DATAFLOW(1.0): Cross-sector indicators,KIR: Kiribati,CME_MRY0T4: Under-five mortality rate,_T: Total,2018,59.8260172594512,,"D_PER_1000_B: Deaths per 1,000 live births",A: Normal value,,42.8473023062056,82.6328787321596,,,,UN_IGME,,,,,,_T: Total
UNICEF:GLOBAL_DATAFLOW(1.0): Cross-sector indicators,KIR: Kiribati,CME_MRY0T4: Under-five mortality rate,_T: Total,2019,59.2997770024295,,"D_PER_1000_B: Deaths per 1,000 live births",A: Normal value,,41.572338164189,83.9646288500488,,,,UN_IGME,,,,,,_T: Total
UNICEF:GLOBAL_DATAFLOW(1.0): Cross-sector indicators,KIR: Kiribati,CME_MRY0T4: Under-five mortality rate,_T: Total,2020,58.5783560475941,,"D_PER_1000_B: Deaths per 1,000 live births",A: Normal value,,39.9262455997348,85.1645072706481,,,,UN_IGME,,,,,,_T: Total
UNICEF:GLOBAL_DATAFLOW(1.0): Cross-sector indicators,KIR: Kiribati,CME_MRY0T4: Under-five mortality rate,_T: Total,2021,57.6005780379831,,"D_PER_1000_B: Deaths per 1,000 live births",A: Normal value,,38.0933575526378,85.5442073525914,,,,UN_IGME,,,,,,_T: Total
UNICEF:GLOBAL_DATAFLOW(1.0): Cross-sector indicators,KIR: Kiribati,CME_MRY0T4: Under-five mortality rate,_T: Total,2022,56.4568325855418,,"D_PER_1000_B: Deaths per 1,000 live births",A: Normal value,,36.2876104254119,85.6326669470283,,,,UN_IGME,,,,,,_T: Total
UNICEF:GLOBAL_DATAFLOW(1.0): Cross-sector indicators,XKX: Kosovo (UNSCR 1244),CME_MRY0T4: Under-five mortality rate,_T: Total,2018,11.8593170464475,,"D_PER_1000_B: Deaths per 1,000 live births",A: Normal value,,11.0410943557197,12.7385196679819,,All references to Kosovo in the UN IGME estimates should be understood in the context of United Nations Security Council resolution 1244 (1999). ,,UN_IGME,,,,,,_T: Total
UNICEF:GLOBAL_DATAFLOW(1.0): Cross-sector indicators,XKX: Kosovo (UNSCR 1244),CME_MRY0T4: Under-five mortality rate,_T: Total,2019,11.1507332141789,,"D_PER_1000_B: Deaths per 1,000 live births",A: Normal value,,10.3246122713147,12.0730079545993,,All references to Kosovo in the UN IGME estimates should be understood in the context of United Nations Security Council resolution 1244 (1999). ,,UN_IGME,,,,,,_T: Total
UNICEF:GLOBAL_DATAFLOW(1.0): Cross-sector indicators,XKX: Kosovo (UNSCR 1244),CME_MRY0T4: Under-five mortality rate,_T: Total,2020,10.518500201971,,"D_PER_1000_B: Deaths per 1,000 live births",A: Normal value,,9.50649575626271,11.6648882276707,,All references to Kosovo in the UN IGME estimates should be understood in the context of United Nations Security Council resolution 1244 (1999). ,,UN_IGME,,,,,,_T: Total
UNICEF:GLOBAL_DATAFLOW(1.0): Cross-sector indicators,XKX: Kosovo (UNSCR 1244),CME_MRY0T4: Under-five mortality rate,_T: Total,2021,9.96596173727163,,"D_PER_1000_B: Deaths per 1,000 live births",A: Normal value,,8.7616114518006,11.4160950344547,,All references to Kosovo in the UN IGME estimates should be understood in the context of United Nations Security Council resolution 1244 (1999). ,,UN_IGME,,,,,,_T: Total
UNICEF:GLOBAL_DATAFLOW(1.0): Cross-sector indicators,XKX: Kosovo (UNSCR 1244),CME_MRY0T4: Under-five mortality rate,_T: Total,2022,9.51026416242216,,"D_PER_1000_B: Deaths per 1,000 live births",A: Normal value,,8.0613642522792,11.2366587145798,,All references to Kosovo in the UN IGME estimates should be understood in the context of United Nations Security Council resolution 1244 (1999). ,,UN_IGME,,,,,,_T: Total
UNICEF:GLOBAL_DATAFLOW(1.0): Cross-sector indicators,KWT: Kuwait,CME_MRY0T4: Under-five mortality rate,_T: Total,2018,8.87172562837812,,"D_PER_1000_B: Deaths per 1,000 live births",A: Normal value,,8.57343541513278,9.17888647732284,,,,UN_IGME,,,,,,_T: Total
UNICEF:GLOBAL_DATAFLOW(1.0): Cross-sector indicators,KWT: Kuwait,CME_MRY0T4: Under-five mortality rate,_T: Total,2019,8.86690831214716,,"D_PER_1000_B: Deaths per 1,000 live births",A: Normal value,,8.54192295620854,9.21090907402688,,,,UN_IGME,,,,,,_T: Total
UNICEF:GLOBAL_DATAFLOW(1.0): Cross-sector indicators,KWT: Kuwait,CME_MRY0T4: Under-five mortality rate,_T: Total,2020,8.87007139180448,,"D_PER_1000_B: Deaths per 1,000 live births",A: Normal value,,8.51923963995272,9.23005296367384,,,,UN_IGME,,,,,,_T: Total
UNICEF:GLOBAL_DATAFLOW(1.0): Cross-sector indicators,KWT: Kuwait,CME_MRY0T4: Under-five mortality rate,_T: Total,2021,8.85686626244616,,"D_PER_1000_B: Deaths per 1,000 live births",A: Normal value,,8.49150226703272,9.23922217108075,,,,UN_IGME,,,,,,_T: Total
UNICEF:GLOBAL_DATAFLOW(1.0): Cross-sector indicators,KWT: Kuwait,CME_MRY0T4: Under-five mortality rate,_T: Total,2022,8.82170099780834,,"D_PER_1000_B: Deaths per 1,000 live births",A: Normal value,,8.41598795705618,9.25340671031903,,,,UN_IGME,,,,,,_T: Total
UNICEF:GLOBAL_DATAFLOW(1.0): Cross-sector indicators,KGZ: Kyrgyzstan,CME_MRY0T4: Under-five mortality rate,_T: Total,2018,19.0825646872542,,"D_PER_1000_B: Deaths per 1,000 live births",A: Normal value,,18.4761603143398,19.6538007047143,,,,UN_IGME,,,,,,_T: Total
UNICEF:GLOBAL_DATAFLOW(1.0): Cross-sector indicators,KGZ: Kyrgyzstan,CME_MRY0T4: Under-five mortality rate,_T: Total,2019,18.3594370723756,,"D_PER_1000_B: Deaths per 1,000 live births",A: Normal value,,17.791719038074,18.9279303357379,,,,UN_IGME,,,,,,_T: Total
UNICEF:GLOBAL_DATAFLOW(1.0): Cross-sector indicators,KGZ: Kyrgyzstan,CME_MRY0T4: Under-five mortality rate,_T: Total,2020,17.8453339507594,,"D_PER_1000_B: Deaths per 1,000 live births",A: Normal value,,17.343578887993,18.3515198077037,,,,UN_IGME,,,,,,_T: Total
UNICEF:GLOBAL_DATAFLOW(1.0): Cross-sector indicators,KGZ: Kyrgyzstan,CME_MRY0T4: Under-five mortality rate,_T: Total,2021,17.4828937365646,,"D_PER_1000_B: Deaths per 1,000 live births",A: Normal value,,17.0053575457663,17.9929925933978,,,,UN_IGME,,,,,,_T: Total
UNICEF:GLOBAL_DATAFLOW(1.0): Cross-sector indicators,KGZ: Kyrgyzstan,CME_MRY0T4: Under-five mortality rate,_T: Total,2022,17.2216486582906,,"D_PER_1000_B: Deaths per 1,000 live births",A: Normal value,,16.6457788980198,17.8650210214144,,,,UN_IGME,,,,,,_T: Total
UNICEF:GLOBAL_DATAFLOW(1.0): Cross-sector indicators,UNSDG_LLDC: Landlocked developing countries (LLDCs),CME_MRY0T4: Under-five mortality rate,_T: Total,2018,62.2455500882507,,"D_PER_1000_B: Deaths per 1,000 live births",A: Normal value,,59.0423110878341,67.191588953288,,,,UN_IGME,,,,,,_T: Total
UNICEF:GLOBAL_DATAFLOW(1.0): Cross-sector indicators,UNSDG_LLDC: Landlocked developing countries (LLDCs),CME_MRY0T4: Under-five mortality rate,_T: Total,2019,61.4957838365526,,"D_PER_1000_B: Deaths per 1,000 live births",A: Normal value,,58.1196262802444,66.7569035383861,,,,UN_IGME,,,,,,_T: Total
UNICEF:GLOBAL_DATAFLOW(1.0): Cross-sector indicators,UNSDG_LLDC: Landlocked developing countries (LLDCs),CME_MRY0T4: Under-five mortality rate,_T: Total,2020,57.9627789663052,,"D_PER_1000_B: Deaths per 1,000 live births",A: Normal value,,54.4158410579072,63.8394533569788,,,,UN_IGME,,,,,,_T: Total
UNICEF:GLOBAL_DATAFLOW(1.0): Cross-sector indicators,UNSDG_LLDC: Landlocked developing countries (LLDCs),CME_MRY0T4: Under-five mortality rate,_T: Total,2021,56.9030856264484,,"D_PER_1000_B: Deaths per 1,000 live births",A: Normal value,,53.1114902578293,63.4973644376726,,,,UN_IGME,,,,,,_T: Total
UNICEF:GLOBAL_DATAFLOW(1.0): Cross-sector indicators,UNSDG_LLDC: Landlocked developing countries (LLDCs),CME_MRY0T4: Under-five mortality rate,_T: Total,2022,58.8534607334114,,"D_PER_1000_B: Deaths per 1,000 live births",A: Normal value,,54.6191825808309,66.5651520657269,,,,UN_IGME,,,,,,_T: Total
UNICEF:GLOBAL_DATAFLOW(1.0): Cross-sector indicators,LAO: Lao People's Democratic Republic,CME_MRY0T4: Under-five mortality rate,_T: Total,2018,46.8372713039163,,"D_PER_1000_B: Deaths per 1,000 live births",A: Normal value,,35.7536207896958,60.1359176161951,,,,UN_IGME,,,,,,_T: Total
UNICEF:GLOBAL_DATAFLOW(1.0): Cross-sector indicators,LAO: Lao People's Democratic Republic,CME_MRY0T4: Under-five mortality rate,_T: Total,2019,45.0711260223207,,"D_PER_1000_B: Deaths per 1,000 live births",A: Normal value,,33.5682646297505,59.3871166630526,,,,UN_IGME,,,,,,_T: Total
UNICEF:GLOBAL_DATAFLOW(1.0): Cross-sector indicators,LAO: Lao People's Democratic Republic,CME_MRY0T4: Under-five mortality rate,_T: Total,2020,43.4424522217324,,"D_PER_1000_B: Deaths per 1,000 live births",A: Normal value,,31.4362365019973,58.92087210839,,,,UN_IGME,,,,,,_T: Total
UNICEF:GLOBAL_DATAFLOW(1.0): Cross-sector indicators,LAO: Lao People's Democratic Republic,CME_MRY0T4: Under-five mortality rate,_T: Total,2021,41.8952947553333,,"D_PER_1000_B: Deaths per 1,000 live births",A: Normal value,,29.4760420883593,58.5010972665731,,,,UN_IGME,,,,,,_T: Total
UNICEF:GLOBAL_DATAFLOW(1.0): Cross-sector indicators,LAO: Lao People's Democratic Republic,CME_MRY0T4: Under-five mortality rate,_T: Total,2022,40.4312097804571,,"D_PER_1000_B: Deaths per 1,000 live births",A: Normal value,,27.6632851968429,58.1645268295082,,,,UN_IGME,,,,,,_T: Total
UNICEF:GLOBAL_DATAFLOW(1.0): Cross-sector indicators,UNICEF_LAC: Latin America and the Caribbean,CME_MRY0T4: Under-five mortality rate,_T: Total,2018,17.529978980797,,"D_PER_1000_B: Deaths per 1,000 live births",A: Normal value,,16.9077062143246,18.4433711840854,,,,UN_IGME,,,,,,_T: Total
UNICEF:GLOBAL_DATAFLOW(1.0): Cross-sector indicators,UNICEF_LAC: Latin America and the Caribbean,CME_MRY0T4: Under-five mortality rate,_T: Total,2019,17.167634380777,,"D_PER_1000_B: Deaths per 1,000 live births",A: Normal value,,16.4799191996952,18.1972218480535,,,,UN_IGME,,,,,,_T: Total
UNICEF:GLOBAL_DATAFLOW(1.0): Cross-sector indicators,UNICEF_LAC: Latin America and the Caribbean,CME_MRY0T4: Under-five mortality rate,_T: Total,2020,16.8527812907198,,"D_PER_1000_B: Deaths per 1,000 live births",A: Normal value,,16.0882955092111,18.0150906807033,,,,UN_IGME,,,,,,_T: Total
UNICEF:GLOBAL_DATAFLOW(1.0): Cross-sector indicators,UNICEF_LAC: Latin America and the Caribbean,CME_MRY0T4: Under-five mortality rate,_T: Total,2021,16.5218009099038,,"D_PER_1000_B: Deaths per 1,000 live births",A: Normal value,,15.6569083980803,17.8502593278516,,,,UN_IGME,,,,,,_T: Total
UNICEF:GLOBAL_DATAFLOW(1.0): Cross-sector indicators,UNICEF_LAC: Latin America and the Caribbean,CME_MRY0T4: Under-five mortality rate,_T: Total,2022,16.1889604478769,,"D_PER_1000_B: Deaths per 1,000 live births",A: Normal value,,15.2389509049771,17.7027811325468,,,,UN_IGME,,,,,,_T: Total
UNICEF:GLOBAL_DATAFLOW(1.0): Cross-sector indicators,UNICEF_LACRO: Latin America and the Caribbean,CME_MRY0T4: Under-five mortality rate,_T: Total,2018,17.5317256188925,,"D_PER_1000_B: Deaths per 1,000 live births",A: Normal value,,16.9092502065978,18.4455203778722,,,,UN_IGME,,,,,,_T: Total
UNICEF:GLOBAL_DATAFLOW(1.0): Cross-sector indicators,UNICEF_LACRO: Latin America and the Caribbean,CME_MRY0T4: Under-five mortality rate,_T: Total,2019,17.1648416200191,,"D_PER_1000_B: Deaths per 1,000 live births",A: Normal value,,16.477049989813,18.195241110687,,,,UN_IGME,,,,,,_T: Total
UNICEF:GLOBAL_DATAFLOW(1.0): Cross-sector indicators,UNICEF_LACRO: Latin America and the Caribbean,CME_MRY0T4: Under-five mortality rate,_T: Total,2020,16.8543917430121,,"D_PER_1000_B: Deaths per 1,000 live births",A: Normal value,,16.0895028569681,18.0171266642215,,,,UN_IGME,,,,,,_T: Total
UNICEF:GLOBAL_DATAFLOW(1.0): Cross-sector indicators,UNICEF_LACRO: Latin America and the Caribbean,CME_MRY0T4: Under-five mortality rate,_T: Total,2021,16.5233530206325,,"D_PER_1000_B: Deaths per 1,000 live births",A: Normal value,,15.6582597805478,17.8528935272201,,,,UN_IGME,,,,,,_T: Total
UNICEF:GLOBAL_DATAFLOW(1.0): Cross-sector indicators,UNICEF_LACRO: Latin America and the Caribbean,CME_MRY0T4: Under-five mortality rate,_T: Total,2022,16.1904652277254,,"D_PER_1000_B: Deaths per 1,000 live births",A: Normal value,,15.2394098134315,17.7053898650168,,,,UN_IGME,,,,,,_T: Total
UNICEF:GLOBAL_DATAFLOW(1.0): Cross-sector indicators,UNSDG_LAC: Latin America and the Caribbean,CME_MRY0T4: Under-five mortality rate,_T: Total,2018,17.529978980797,,"D_PER_1000_B: Deaths per 1,000 live births",A: Normal value,,16.9077062143246,18.4433711840854,,,,UN_IGME,,,,,,_T: Total
UNICEF:GLOBAL_DATAFLOW(1.0): Cross-sector indicators,UNSDG_LAC: Latin America and the Caribbean,CME_MRY0T4: Under-five mortality rate,_T: Total,2019,17.167634380777,,"D_PER_1000_B: Deaths per 1,000 live births",A: Normal value,,16.4799191996952,18.1972218480535,,,,UN_IGME,,,,,,_T: Total
UNICEF:GLOBAL_DATAFLOW(1.0): Cross-sector indicators,UNSDG_LAC: Latin America and the Caribbean,CME_MRY0T4: Under-five mortality rate,_T: Total,2020,16.8527812907198,,"D_PER_1000_B: Deaths per 1,000 live births",A: Normal value,,16.0882955092111,18.0150906807033,,,,UN_IGME,,,,,,_T: Total
UNICEF:GLOBAL_DATAFLOW(1.0): Cross-sector indicators,UNSDG_LAC: Latin America and the Caribbean,CME_MRY0T4: Under-five mortality rate,_T: Total,2021,16.5218009099038,,"D_PER_1000_B: Deaths per 1,000 live births",A: Normal value,,15.6569083980803,17.8502593278516,,,,UN_IGME,,,,,,_T: Total
UNICEF:GLOBAL_DATAFLOW(1.0): Cross-sector indicators,UNSDG_LAC: Latin America and the Caribbean,CME_MRY0T4: Under-five mortality rate,_T: Total,2022,16.1889604478769,,"D_PER_1000_B: Deaths per 1,000 live births",A: Normal value,,15.2389509049771,17.7027811325468,,,,UN_IGME,,,,,,_T: Total
UNICEF:GLOBAL_DATAFLOW(1.0): Cross-sector indicators,LVA: Latvia,CME_MRY0T4: Under-five mortality rate,_T: Total,2018,4.21546606702018,,"D_PER_1000_B: Deaths per 1,000 live births",A: Normal value,,3.88663806366898,4.56911420679399,,,,UN_IGME,,,,,,_T: Total
UNICEF:GLOBAL_DATAFLOW(1.0): Cross-sector indicators,LVA: Latvia,CME_MRY0T4: Under-five mortality rate,_T: Total,2019,3.97380927887994,,"D_PER_1000_B: Deaths per 1,000 live births",A: Normal value,,3.65427854894532,4.33356964186104,,,,UN_IGME,,,,,,_T: Total
UNICEF:GLOBAL_DATAFLOW(1.0): Cross-sector indicators,LVA: Latvia,CME_MRY0T4: Under-five mortality rate,_T: Total,2020,3.72778173648513,,"D_PER_1000_B: Deaths per 1,000 live births",A: Normal value,,3.41252422927916,4.08335403184326,,,,UN_IGME,,,,,,_T: Total
UNICEF:GLOBAL_DATAFLOW(1.0): Cross-sector indicators,LVA: Latvia,CME_MRY0T4: Under-five mortality rate,_T: Total,2021,3.4695675634873,,"D_PER_1000_B: Deaths per 1,000 live births",A: Normal value,,3.1420211794631,3.82223013804977,,,,UN_IGME,,,,,,_T: Total
UNICEF:GLOBAL_DATAFLOW(1.0): Cross-sector indicators,LVA: Latvia,CME_MRY0T4: Under-five mortality rate,_T: Total,2022,3.20624005844129,,"D_PER_1000_B: Deaths per 1,000 live births",A: Normal value,,2.82512663004143,3.62150636442899,,,,UN_IGME,,,,,,_T: Total
UNICEF:GLOBAL_DATAFLOW(1.0): Cross-sector indicators,UNSDG_LDC: Least developed countries,CME_MRY0T4: Under-five mortality rate,_T: Total,2018,66.691573860195,,"D_PER_1000_B: Deaths per 1,000 live births",A: Normal value,,62.8005638138363,73.5401249472484,,,,UN_IGME,,,,,,_T: Total
UNICEF:GLOBAL_DATAFLOW(1.0): Cross-sector indicators,UNSDG_LDC: Least developed countries,CME_MRY0T4: Under-five mortality rate,_T: Total,2019,64.9991251482488,,"D_PER_1000_B: Deaths per 1,000 live births",A: Normal value,,61.103095224428,72.2185037570292,,,,UN_IGME,,,,,,_T: Total
UNICEF:GLOBAL_DATAFLOW(1.0): Cross-sector indicators,UNSDG_LDC: Least developed countries,CME_MRY0T4: Under-five mortality rate,_T: Total,2020,62.2246831645567,,"D_PER_1000_B: Deaths per 1,000 live births",A: Normal value,,58.2555507900296,69.9736843422268,,,,UN_IGME,,,,,,_T: Total
UNICEF:GLOBAL_DATAFLOW(1.0): Cross-sector indicators,UNSDG_LDC: Least developed countries,CME_MRY0T4: Under-five mortality rate,_T: Total,2021,60.7761171915002,,"D_PER_1000_B: Deaths per 1,000 live births",A: Normal value,,56.7213988036588,69.0668658107511,,,,UN_IGME,,,,,,_T: Total
UNICEF:GLOBAL_DATAFLOW(1.0): Cross-sector indicators,UNSDG_LDC: Least developed countries,CME_MRY0T4: Under-five mortality rate,_T: Total,2022,61.5327097074579,,"D_PER_1000_B: Deaths per 1,000 live births",A: Normal value,,57.2061466653963,71.1024431403671,,,,UN_IGME,,,,,,_T: Total
UNICEF:GLOBAL_DATAFLOW(1.0): Cross-sector indicators,LBN: Lebanon,CME_MRY0T4: Under-five mortality rate,_T: Total,2018,14.0259959947325,,"D_PER_1000_B: Deaths per 1,000 live births",A: Normal value,,12.9143873325126,15.1893343481558,,,,UN_IGME,,,,,,_T: Total
UNICEF:GLOBAL_DATAFLOW(1.0): Cross-sector indicators,LBN: Lebanon,CME_MRY0T4: Under-five mortality rate,_T: Total,2019,14.684220511523,,"D_PER_1000_B: Deaths per 1,000 live births",A: Normal value,,13.6632035263382,15.7543441994503,,,,UN_IGME,,,,,,_T: Total
UNICEF:GLOBAL_DATAFLOW(1.0): Cross-sector indicators,LBN: Lebanon,CME_MRY0T4: Under-five mortality rate,_T: Total,2020,15.4569811176429,,"D_PER_1000_B: Deaths per 1,000 live births",A: Normal value,,14.4633580170752,16.5070744503777,,,,UN_IGME,,,,,,_T: Total
UNICEF:GLOBAL_DATAFLOW(1.0): Cross-sector indicators,LBN: Lebanon,CME_MRY0T4: Under-five mortality rate,_T: Total,2021,16.340440433725,,"D_PER_1000_B: Deaths per 1,000 live births",A: Normal value,,15.2569127861335,17.5218377085432,,,,UN_IGME,,,,,,_T: Total
UNICEF:GLOBAL_DATAFLOW(1.0): Cross-sector indicators,LBN: Lebanon,CME_MRY0T4: Under-five mortality rate,_T: Total,2022,17.3097193713219,,"D_PER_1000_B: Deaths per 1,000 live births",A: Normal value,,15.9473184699008,18.8237872584586,,,,UN_IGME,,,,,,_T: Total
UNICEF:GLOBAL_DATAFLOW(1.0): Cross-sector indicators,LSO: Lesotho,CME_MRY0T4: Under-five mortality rate,_T: Total,2018,69.0514908784698,,"D_PER_1000_B: Deaths per 1,000 live births",A: Normal value,,59.8199323474172,79.5681001911494,,,,UN_IGME,,,,,,_T: Total
UNICEF:GLOBAL_DATAFLOW(1.0): Cross-sector indicators,LSO: Lesotho,CME_MRY0T4: Under-five mortality rate,_T: Total,2019,68.7079493938518,,"D_PER_1000_B: Deaths per 1,000 live births",A: Normal value,,57.9466903612182,80.9488657309723,,,,UN_IGME,,,,,,_T: Total
UNICEF:GLOBAL_DATAFLOW(1.0): Cross-sector indicators,LSO: Lesotho,CME_MRY0T4: Under-five mortality rate,_T: Total,2020,66.7802247848276,,"D_PER_1000_B: Deaths per 1,000 live births",A: Normal value,,54.5356887445748,80.9402696539415,,,,UN_IGME,,,,,,_T: Total
UNICEF:GLOBAL_DATAFLOW(1.0): Cross-sector indicators,LSO: Lesotho,CME_MRY0T4: Under-five mortality rate,_T: Total,2021,64.3986063939768,,"D_PER_1000_B: Deaths per 1,000 live births",A: Normal value,,50.4772235982149,80.3040996746006,,,,UN_IGME,,,,,,_T: Total
UNICEF:GLOBAL_DATAFLOW(1.0): Cross-sector indicators,LSO: Lesotho,CME_MRY0T4: Under-five mortality rate,_T: Total,2022,61.5383608217488,,"D_PER_1000_B: Deaths per 1,000 live births",A: Normal value,,46.6018865686503,79.0802692665674,,,,UN_IGME,,,,,,_T: Total
UNICEF:GLOBAL_DATAFLOW(1.0): Cross-sector indicators,LBR: Liberia,CME_MRY0T4: Under-five mortality rate,_T: Total,2018,83.9890690072932,,"D_PER_1000_B: Deaths per 1,000 live births",A: Normal value,,70.5093512920248,100.038041700535,,,,UN_IGME,,,,,,_T: Total
UNICEF:GLOBAL_DATAFLOW(1.0): Cross-sector indicators,LBR: Liberia,CME_MRY0T4: Under-five mortality rate,_T: Total,2019,81.9062875957296,,"D_PER_1000_B: Deaths per 1,000 live births",A: Normal value,,66.7637764769926,100.264747411851,,,,UN_IGME,,,,,,_T: Total
UNICEF:GLOBAL_DATAFLOW(1.0): Cross-sector indicators,LBR: Liberia,CME_MRY0T4: Under-five mortality rate,_T: Total,2020,79.6554521301693,,"D_PER_1000_B: Deaths per 1,000 live births",A: Normal value,,62.948807217833,100.558616281979,,,,UN_IGME,,,,,,_T: Total
UNICEF:GLOBAL_DATAFLOW(1.0): Cross-sector indicators,LBR: Liberia,CME_MRY0T4: Under-five mortality rate,_T: Total,2021,77.3677128627362,,"D_PER_1000_B: Deaths per 1,000 live births",A: Normal value,,59.2783118647629,100.910662698679,,,,UN_IGME,,,,,,_T: Total
UNICEF:GLOBAL_DATAFLOW(1.0): Cross-sector indicators,LBR: Liberia,CME_MRY0T4: Under-five mortality rate,_T: Total,2022,75.0525128446794,,"D_PER_1000_B: Deaths per 1,000 live births",A: Normal value,,55.6176426247329,101.459080774936,,,,UN_IGME,,,,,,_T: Total
UNICEF:GLOBAL_DATAFLOW(1.0): Cross-sector indicators,LBY: Libya,CME_MRY0T4: Under-five mortality rate,_T: Total,2018,11.9358737238274,,"D_PER_1000_B: Deaths per 1,000 live births",A: Normal value,,7.83610818416354,18.1028762264359,,,,UN_IGME,,,,,,_T: Total
UNICEF:GLOBAL_DATAFLOW(1.0): Cross-sector indicators,LBY: Libya,CME_MRY0T4: Under-five mortality rate,_T: Total,2019,11.556216027669,,"D_PER_1000_B: Deaths per 1,000 live births",A: Normal value,,7.28267392774183,18.034577399211,,,,UN_IGME,,,,,,_T: Total
UNICEF:GLOBAL_DATAFLOW(1.0): Cross-sector indicators,LBY: Libya,CME_MRY0T4: Under-five mortality rate,_T: Total,2020,11.1729171663322,,"D_PER_1000_B: Deaths per 1,000 live births",A: Normal value,,6.81609734122382,18.1276441191261,,,,UN_IGME,,,,,,_T: Total
UNICEF:GLOBAL_DATAFLOW(1.0): Cross-sector indicators,LBY: Libya,CME_MRY0T4: Under-five mortality rate,_T: Total,2021,10.83661401196,,"D_PER_1000_B: Deaths per 1,000 live births",A: Normal value,,6.37490523302164,18.1149663051872,,,,UN_IGME,,,,,,_T: Total
UNICEF:GLOBAL_DATAFLOW(1.0): Cross-sector indicators,LBY: Libya,CME_MRY0T4: Under-five mortality rate,_T: Total,2022,10.4646981428284,,"D_PER_1000_B: Deaths per 1,000 live births",A: Normal value,,5.99133396673121,18.014308130719,,,,UN_IGME,,,,,,_T: Total
UNICEF:GLOBAL_DATAFLOW(1.0): Cross-sector indicators,LTU: Lithuania,CME_MRY0T4: Under-five mortality rate,_T: Total,2018,4.22831894992368,,"D_PER_1000_B: Deaths per 1,000 live births",A: Normal value,,3.90740062211361,4.57524267811512,,,,UN_IGME,,,,,,_T: Total
UNICEF:GLOBAL_DATAFLOW(1.0): Cross-sector indicators,LTU: Lithuania,CME_MRY0T4: Under-five mortality rate,_T: Total,2019,3.91211489340312,,"D_PER_1000_B: Deaths per 1,000 live births",A: Normal value,,3.58864030315725,4.27095693566507,,,,UN_IGME,,,,,,_T: Total
UNICEF:GLOBAL_DATAFLOW(1.0): Cross-sector indicators,LTU: Lithuania,CME_MRY0T4: Under-five mortality rate,_T: Total,2020,3.69729303270767,,"D_PER_1000_B: Deaths per 1,000 live births",A: Normal value,,3.38215382288902,4.02460850684804,,,,UN_IGME,,,,,,_T: Total
UNICEF:GLOBAL_DATAFLOW(1.0): Cross-sector indicators,LTU: Lithuania,CME_MRY0T4: Under-five mortality rate,_T: Total,2021,3.55232813763988,,"D_PER_1000_B: Deaths per 1,000 live births",A: Normal value,,3.24022907967124,3.88559163248751,,,,UN_IGME,,,,,,_T: Total
UNICEF:GLOBAL_DATAFLOW(1.0): Cross-sector indicators,LTU: Lithuania,CME_MRY0T4: Under-five mortality rate,_T: Total,2022,3.4509259082547,,"D_PER_1000_B: Deaths per 1,000 live births",A: Normal value,,3.11729128952387,3.82455819866331,,,,UN_IGME,,,,,,_T: Total
UNICEF:GLOBAL_DATAFLOW(1.0): Cross-sector indicators,LUX: Luxembourg,CME_MRY0T4: Under-five mortality rate,_T: Total,2018,2.50392877866615,,"D_PER_1000_B: Deaths per 1,000 live births",A: Normal value,,2.19222718184899,2.84188227166141,,,,UN_IGME,,,,,,_T: Total
UNICEF:GLOBAL_DATAFLOW(1.0): Cross-sector indicators,LUX: Luxembourg,CME_MRY0T4: Under-five mortality rate,_T: Total,2019,2.48219613654691,,"D_PER_1000_B: Deaths per 1,000 live births",A: Normal value,,2.14564734952207,2.86203142389185,,,,UN_IGME,,,,,,_T: Total
UNICEF:GLOBAL_DATAFLOW(1.0): Cross-sector indicators,LUX: Luxembourg,CME_MRY0T4: Under-five mortality rate,_T: Total,2020,2.45946320011754,,"D_PER_1000_B: Deaths per 1,000 live births",A: Normal value,,2.08504942048799,2.89027392315606,,,,UN_IGME,,,,,,_T: Total
UNICEF:GLOBAL_DATAFLOW(1.0): Cross-sector indicators,LUX: Luxembourg,CME_MRY0T4: Under-five mortality rate,_T: Total,2021,2.42569748784485,,"D_PER_1000_B: Deaths per 1,000 live births",A: Normal value,,2.00815447599055,2.92382066903729,,,,UN_IGME,,,,,,_T: Total
UNICEF:GLOBAL_DATAFLOW(1.0): Cross-sector indicators,LUX: Luxembourg,CME_MRY0T4: Under-five mortality rate,_T: Total,2022,2.38557777298844,,"D_PER_1000_B: Deaths per 1,000 live births",A: Normal value,,1.921626761371,2.96466366890764,,,,UN_IGME,,,,,,_T: Total
UNICEF:GLOBAL_DATAFLOW(1.0): Cross-sector indicators,MDG: Madagascar,CME_MRY0T4: Under-five mortality rate,_T: Total,2018,65.8341463782166,,"D_PER_1000_B: Deaths per 1,000 live births",A: Normal value,,58.2689800539263,74.5180954133741,,,,UN_IGME,,,,,,_T: Total
UNICEF:GLOBAL_DATAFLOW(1.0): Cross-sector indicators,MDG: Madagascar,CME_MRY0T4: Under-five mortality rate,_T: Total,2019,66.0840736430449,,"D_PER_1000_B: Deaths per 1,000 live births",A: Normal value,,57.6818424476462,75.9049542463133,,,,UN_IGME,,,,,,_T: Total
UNICEF:GLOBAL_DATAFLOW(1.0): Cross-sector indicators,MDG: Madagascar,CME_MRY0T4: Under-five mortality rate,_T: Total,2020,66.2595953536867,,"D_PER_1000_B: Deaths per 1,000 live births",A: Normal value,,56.7478797593619,77.5667717499529,,,,UN_IGME,,,,,,_T: Total
UNICEF:GLOBAL_DATAFLOW(1.0): Cross-sector indicators,MDG: Madagascar,CME_MRY0T4: Under-five mortality rate,_T: Total,2021,66.2117852965213,,"D_PER_1000_B: Deaths per 1,000 live births",A: Normal value,,55.4259624830277,79.4903639515359,,,,UN_IGME,,,,,,_T: Total
UNICEF:GLOBAL_DATAFLOW(1.0): Cross-sector indicators,MDG: Madagascar,CME_MRY0T4: Under-five mortality rate,_T: Total,2022,65.7400488804604,,"D_PER_1000_B: Deaths per 1,000 live births",A: Normal value,,53.6981658772778,81.0469728656778,,,,UN_IGME,,,,,,_T: Total
UNICEF:GLOBAL_DATAFLOW(1.0): Cross-sector indicators,MWI: Malawi,CME_MRY0T4: Under-five mortality rate,_T: Total,2018,47.5237431559952,,"D_PER_1000_B: Deaths per 1,000 live births",A: Normal value,,33.7765640994077,64.1113974803158,,,,UN_IGME,,,,,,_T: Total
UNICEF:GLOBAL_DATAFLOW(1.0): Cross-sector indicators,MWI: Malawi,CME_MRY0T4: Under-five mortality rate,_T: Total,2019,45.4559462807597,,"D_PER_1000_B: Deaths per 1,000 live births",A: Normal value,,30.708278594688,64.6174151771674,,,,UN_IGME,,,,,,_T: Total
UNICEF:GLOBAL_DATAFLOW(1.0): Cross-sector indicators,MWI: Malawi,CME_MRY0T4: Under-five mortality rate,_T: Total,2020,43.0862285512254,,"D_PER_1000_B: Deaths per 1,000 live births",A: Normal value,,27.8452556280379,64.4659638697561,,,,UN_IGME,,,,,,_T: Total
UNICEF:GLOBAL_DATAFLOW(1.0): Cross-sector indicators,MWI: Malawi,CME_MRY0T4: Under-five mortality rate,_T: Total,2021,41.5268685611888,,"D_PER_1000_B: Deaths per 1,000 live births",A: Normal value,,25.7018532043021,65.1005625546475,,,,UN_IGME,,,,,,_T: Total
UNICEF:GLOBAL_DATAFLOW(1.0): Cross-sector indicators,MWI: Malawi,CME_MRY0T4: Under-five mortality rate,_T: Total,2022,39.9396817890851,,"D_PER_1000_B: Deaths per 1,000 live births",A: Normal value,,23.6518275598314,65.4695518898395,,,,UN_IGME,,,,,,_T: Total
UNICEF:GLOBAL_DATAFLOW(1.0): Cross-sector indicators,MYS: Malaysia,CME_MRY0T4: Under-five mortality rate,_T: Total,2018,8.19311502243173,,"D_PER_1000_B: Deaths per 1,000 live births",A: Normal value,,7.8668734027514,8.53499487792721,,,,UN_IGME,,,,,,_T: Total
UNICEF:GLOBAL_DATAFLOW(1.0): Cross-sector indicators,MYS: Malaysia,CME_MRY0T4: Under-five mortality rate,_T: Total,2019,8.1687383090114,,"D_PER_1000_B: Deaths per 1,000 live births",A: Normal value,,7.7838997517189,8.58234265703403,,,,UN_IGME,,,,,,_T: Total
UNICEF:GLOBAL_DATAFLOW(1.0): Cross-sector indicators,MYS: Malaysia,CME_MRY0T4: Under-five mortality rate,_T: Total,2020,8.14118992382855,,"D_PER_1000_B: Deaths per 1,000 live births",A: Normal value,,7.70322411193188,8.62676839951448,,,,UN_IGME,,,,,,_T: Total
UNICEF:GLOBAL_DATAFLOW(1.0): Cross-sector indicators,MYS: Malaysia,CME_MRY0T4: Under-five mortality rate,_T: Total,2021,8.11573398519042,,"D_PER_1000_B: Deaths per 1,000 live births",A: Normal value,,7.60476300154254,8.69261731731781,,,,UN_IGME,,,,,,_T: Total
UNICEF:GLOBAL_DATAFLOW(1.0): Cross-sector indicators,MYS: Malaysia,CME_MRY0T4: Under-five mortality rate,_T: Total,2022,8.09620705912598,,"D_PER_1000_B: Deaths per 1,000 live births",A: Normal value,,7.46752513846564,8.79398322147409,,,,UN_IGME,,,,,,_T: Total
UNICEF:GLOBAL_DATAFLOW(1.0): Cross-sector indicators,MDV: Maldives,CME_MRY0T4: Under-five mortality rate,_T: Total,2018,7.96948705522277,,"D_PER_1000_B: Deaths per 1,000 live births",A: Normal value,,7.32350051083624,8.66418076511273,,,,UN_IGME,,,,,,_T: Total
UNICEF:GLOBAL_DATAFLOW(1.0): Cross-sector indicators,MDV: Maldives,CME_MRY0T4: Under-five mortality rate,_T: Total,2019,7.40431525294222,,"D_PER_1000_B: Deaths per 1,000 live births",A: Normal value,,6.70240878212148,8.17076682172136,,,,UN_IGME,,,,,,_T: Total
UNICEF:GLOBAL_DATAFLOW(1.0): Cross-sector indicators,MDV: Maldives,CME_MRY0T4: Under-five mortality rate,_T: Total,2020,6.88154076367319,,"D_PER_1000_B: Deaths per 1,000 live births",A: Normal value,,6.11278956442711,7.73801111346389,,,,UN_IGME,,,,,,_T: Total
UNICEF:GLOBAL_DATAFLOW(1.0): Cross-sector indicators,MDV: Maldives,CME_MRY0T4: Under-five mortality rate,_T: Total,2021,6.41253685833476,,"D_PER_1000_B: Deaths per 1,000 live births",A: Normal value,,5.56358690813392,7.39909305384135,,,,UN_IGME,,,,,,_T: Total
UNICEF:GLOBAL_DATAFLOW(1.0): Cross-sector indicators,MDV: Maldives,CME_MRY0T4: Under-five mortality rate,_T: Total,2022,6.02670005207896,,"D_PER_1000_B: Deaths per 1,000 live births",A: Normal value,,5.09252460596841,7.14355485623089,,,,UN_IGME,,,,,,_T: Total
UNICEF:GLOBAL_DATAFLOW(1.0): Cross-sector indicators,MLI: Mali,CME_MRY0T4: Under-five mortality rate,_T: Total,2018,106.124838957611,,"D_PER_1000_B: Deaths per 1,000 live births",A: Normal value,,91.0205495015849,124.214233253708,,,,UN_IGME,,,,,,_T: Total
UNICEF:GLOBAL_DATAFLOW(1.0): Cross-sector indicators,MLI: Mali,CME_MRY0T4: Under-five mortality rate,_T: Total,2019,103.114881397531,,"D_PER_1000_B: Deaths per 1,000 live births",A: Normal value,,86.9163124412232,122.951458977864,,,,UN_IGME,,,,,,_T: Total
UNICEF:GLOBAL_DATAFLOW(1.0): Cross-sector indicators,MLI: Mali,CME_MRY0T4: Under-five mortality rate,_T: Total,2020,99.9977666649356,,"D_PER_1000_B: Deaths per 1,000 live births",A: Normal value,,82.438840647334,121.930821647578,,,,UN_IGME,,,,,,_T: Total
UNICEF:GLOBAL_DATAFLOW(1.0): Cross-sector indicators,MLI: Mali,CME_MRY0T4: Under-five mortality rate,_T: Total,2021,96.9474519567274,,"D_PER_1000_B: Deaths per 1,000 live births",A: Normal value,,77.8965811777597,121.18499901377,,,,UN_IGME,,,,,,_T: Total
UNICEF:GLOBAL_DATAFLOW(1.0): Cross-sector indicators,MLI: Mali,CME_MRY0T4: Under-five mortality rate,_T: Total,2022,93.982847990321,,"D_PER_1000_B: Deaths per 1,000 live births",A: Normal value,,73.3507475217108,121.096547725411,,,,UN_IGME,,,,,,_T: Total
UNICEF:GLOBAL_DATAFLOW(1.0): Cross-sector indicators,MLT: Malta,CME_MRY0T4: Under-five mortality rate,_T: Total,2018,6.26149002923152,,"D_PER_1000_B: Deaths per 1,000 live births",A: Normal value,,5.62171995722988,6.9551659562273,,,,UN_IGME,,,,,,_T: Total
UNICEF:GLOBAL_DATAFLOW(1.0): Cross-sector indicators,MLT: Malta,CME_MRY0T4: Under-five mortality rate,_T: Total,2019,6.11808602491842,,"D_PER_1000_B: Deaths per 1,000 live births",A: Normal value,,5.43255086435521,6.86164612389271,,,,UN_IGME,,,,,,_T: Total
UNICEF:GLOBAL_DATAFLOW(1.0): Cross-sector indicators,MLT: Malta,CME_MRY0T4: Under-five mortality rate,_T: Total,2020,5.96749099531594,,"D_PER_1000_B: Deaths per 1,000 live births",A: Normal value,,5.21663573326223,6.80752964758787,,,,UN_IGME,,,,,,_T: Total
UNICEF:GLOBAL_DATAFLOW(1.0): Cross-sector indicators,MLT: Malta,CME_MRY0T4: Under-five mortality rate,_T: Total,2021,5.81528835479,,"D_PER_1000_B: Deaths per 1,000 live births",A: Normal value,,4.96930053823286,6.78839928054273,,,,UN_IGME,,,,,,_T: Total
UNICEF:GLOBAL_DATAFLOW(1.0): Cross-sector indicators,MLT: Malta,CME_MRY0T4: Under-five mortality rate,_T: Total,2022,5.65315500954276,,"D_PER_1000_B: Deaths per 1,000 live births",A: Normal value,,4.72386155163434,6.7759796410456,,,,UN_IGME,,,,,,_T: Total
UNICEF:GLOBAL_DATAFLOW(1.0): Cross-sector indicators,MHL: Marshall Islands,CME_MRY0T4: Under-five mortality rate,_T: Total,2018,32.8640368694861,,"D_PER_1000_B: Deaths per 1,000 live births",A: Normal value,,21.8323889245361,49.6559846773151,,,,UN_IGME,,,,,,_T: Total
UNICEF:GLOBAL_DATAFLOW(1.0): Cross-sector indicators,MHL: Marshall Islands,CME_MRY0T4: Under-five mortality rate,_T: Total,2019,31.9252789124803,,"D_PER_1000_B: Deaths per 1,000 live births",A: Normal value,,20.4187221471097,49.8293857351009,,,,UN_IGME,,,,,,_T: Total
UNICEF:GLOBAL_DATAFLOW(1.0): Cross-sector indicators,MHL: Marshall Islands,CME_MRY0T4: Under-five mortality rate,_T: Total,2020,31.02859927019,,"D_PER_1000_B: Deaths per 1,000 live births",A: Normal value,,19.2066904868174,49.8518965489848,,,,UN_IGME,,,,,,_T: Total
UNICEF:GLOBAL_DATAFLOW(1.0): Cross-sector indicators,MHL: Marshall Islands,CME_MRY0T4: Under-five mortality rate,_T: Total,2021,30.0337378698046,,"D_PER_1000_B: Deaths per 1,000 live births",A: Normal value,,18.0877736036132,49.5054093629813,,,,UN_IGME,,,,,,_T: Total
UNICEF:GLOBAL_DATAFLOW(1.0): Cross-sector indicators,MHL: Marshall Islands,CME_MRY0T4: Under-five mortality rate,_T: Total,2022,29.1317485910793,,"D_PER_1000_B: Deaths per 1,000 live births",A: Normal value,,16.9796971790079,49.2472156523,,,,UN_IGME,,,,,,_T: Total
UNICEF:GLOBAL_DATAFLOW(1.0): Cross-sector indicators,MRT: Mauritania,CME_MRY0T4: Under-five mortality rate,_T: Total,2018,44.4640038703403,,"D_PER_1000_B: Deaths per 1,000 live births",A: Normal value,,37.2666448848294,53.2177593075999,,,,UN_IGME,,,,,,_T: Total
UNICEF:GLOBAL_DATAFLOW(1.0): Cross-sector indicators,MRT: Mauritania,CME_MRY0T4: Under-five mortality rate,_T: Total,2019,43.0479696328401,,"D_PER_1000_B: Deaths per 1,000 live births",A: Normal value,,35.0047027252383,53.1550654598107,,,,UN_IGME,,,,,,_T: Total
UNICEF:GLOBAL_DATAFLOW(1.0): Cross-sector indicators,MRT: Mauritania,CME_MRY0T4: Under-five mortality rate,_T: Total,2020,41.6692513084338,,"D_PER_1000_B: Deaths per 1,000 live births",A: Normal value,,32.9115113711517,53.0366631636671,,,,UN_IGME,,,,,,_T: Total
UNICEF:GLOBAL_DATAFLOW(1.0): Cross-sector indicators,MRT: Mauritania,CME_MRY0T4: Under-five mortality rate,_T: Total,2021,40.320899723226,,"D_PER_1000_B: Deaths per 1,000 live births",A: Normal value,,30.8428137004804,53.0716258808713,,,,UN_IGME,,,,,,_T: Total
UNICEF:GLOBAL_DATAFLOW(1.0): Cross-sector indicators,MRT: Mauritania,CME_MRY0T4: Under-five mortality rate,_T: Total,2022,39.1215118947649,,"D_PER_1000_B: Deaths per 1,000 live births",A: Normal value,,28.8006435767745,53.1951313454392,,,,UN_IGME,,,,,,_T: Total
UNICEF:GLOBAL_DATAFLOW(1.0): Cross-sector indicators,MUS: Mauritius,CME_MRY0T4: Under-five mortality rate,_T: Total,2018,15.3436089374634,,"D_PER_1000_B: Deaths per 1,000 live births",A: Normal value,,14.4943523620921,16.2593716301018,,,,UN_IGME,,,,,,_T: Total
UNICEF:GLOBAL_DATAFLOW(1.0): Cross-sector indicators,MUS: Mauritius,CME_MRY0T4: Under-five mortality rate,_T: Total,2019,15.7051225131244,,"D_PER_1000_B: Deaths per 1,000 live births",A: Normal value,,14.7918269819509,16.6983891303987,,,,UN_IGME,,,,,,_T: Total
UNICEF:GLOBAL_DATAFLOW(1.0): Cross-sector indicators,MUS: Mauritius,CME_MRY0T4: Under-five mortality rate,_T: Total,2020,15.8474418671538,,"D_PER_1000_B: Deaths per 1,000 live births",A: Normal value,,14.9191165661318,16.8234891291389,,,,UN_IGME,,,,,,_T: Total
UNICEF:GLOBAL_DATAFLOW(1.0): Cross-sector indicators,MUS: Mauritius,CME_MRY0T4: Under-five mortality rate,_T: Total,2021,15.7467701741857,,"D_PER_1000_B: Deaths per 1,000 live births",A: Normal value,,14.8063741979654,16.7478245508662,,,,UN_IGME,,,,,,_T: Total
UNICEF:GLOBAL_DATAFLOW(1.0): Cross-sector indicators,MUS: Mauritius,CME_MRY0T4: Under-five mortality rate,_T: Total,2022,15.4944993009951,,"D_PER_1000_B: Deaths per 1,000 live births",A: Normal value,,14.493779053621,16.5730001830867,,,,UN_IGME,,,,,,_T: Total
UNICEF:GLOBAL_DATAFLOW(1.0): Cross-sector indicators,MEX: Mexico,CME_MRY0T4: Under-five mortality rate,_T: Total,2018,14.7206472110957,,"D_PER_1000_B: Deaths per 1,000 live births",A: Normal value,,13.5621290484719,15.8711270855314,,,,UN_IGME,,,,,,_T: Total
UNICEF:GLOBAL_DATAFLOW(1.0): Cross-sector indicators,MEX: Mexico,CME_MRY0T4: Under-five mortality rate,_T: Total,2019,14.2284092823639,,"D_PER_1000_B: Deaths per 1,000 live births",A: Normal value,,12.8982944877879,15.6107341210286,,,,UN_IGME,,,,,,_T: Total
UNICEF:GLOBAL_DATAFLOW(1.0): Cross-sector indicators,MEX: Mexico,CME_MRY0T4: Under-five mortality rate,_T: Total,2020,13.7606483028622,,"D_PER_1000_B: Deaths per 1,000 live births",A: Normal value,,12.1567143865818,15.4687467745107,,,,UN_IGME,,,,,,_T: Total
UNICEF:GLOBAL_DATAFLOW(1.0): Cross-sector indicators,MEX: Mexico,CME_MRY0T4: Under-five mortality rate,_T: Total,2021,13.3239958985978,,"D_PER_1000_B: Deaths per 1,000 live births",A: Normal value,,11.3947737310257,15.446176343035,,,,UN_IGME,,,,,,_T: Total
UNICEF:GLOBAL_DATAFLOW(1.0): Cross-sector indicators,MEX: Mexico,CME_MRY0T4: Under-five mortality rate,_T: Total,2022,12.873856786903,,"D_PER_1000_B: Deaths per 1,000 live births",A: Normal value,,10.6526684188325,15.4236379835749,,,,UN_IGME,,,,,,_T: Total
UNICEF:GLOBAL_DATAFLOW(1.0): Cross-sector indicators,FSM: Micronesia (Federated States of),CME_MRY0T4: Under-five mortality rate,_T: Total,2018,27.1297772363781,,"D_PER_1000_B: Deaths per 1,000 live births",A: Normal value,,13.7270491062921,53.1065521487527,,,,UN_IGME,,,,,,_T: Total
UNICEF:GLOBAL_DATAFLOW(1.0): Cross-sector indicators,FSM: Micronesia (Federated States of),CME_MRY0T4: Under-five mortality rate,_T: Total,2019,26.3489004125932,,"D_PER_1000_B: Deaths per 1,000 live births",A: Normal value,,12.9522097479792,52.7754306321415,,,,UN_IGME,,,,,,_T: Total
UNICEF:GLOBAL_DATAFLOW(1.0): Cross-sector indicators,FSM: Micronesia (Federated States of),CME_MRY0T4: Under-five mortality rate,_T: Total,2020,25.4906692515062,,"D_PER_1000_B: Deaths per 1,000 live births",A: Normal value,,12.2880081554748,52.0831184193649,,,,UN_IGME,,,,,,_T: Total
UNICEF:GLOBAL_DATAFLOW(1.0): Cross-sector indicators,FSM: Micronesia (Federated States of),CME_MRY0T4: Under-five mortality rate,_T: Total,2021,24.6969057126367,,"D_PER_1000_B: Deaths per 1,000 live births",A: Normal value,,11.6043459523955,51.7016884926195,,,,UN_IGME,,,,,,_T: Total
UNICEF:GLOBAL_DATAFLOW(1.0): Cross-sector indicators,FSM: Micronesia (Federated States of),CME_MRY0T4: Under-five mortality rate,_T: Total,2022,23.8921864918625,,"D_PER_1000_B: Deaths per 1,000 live births",A: Normal value,,10.9555242777541,51.2663891631878,,,,UN_IGME,,,,,,_T: Total
UNICEF:GLOBAL_DATAFLOW(1.0): Cross-sector indicators,UNICEF_MENA: Middle East and North Africa,CME_MRY0T4: Under-five mortality rate,_T: Total,2018,22.3774618882344,,"D_PER_1000_B: Deaths per 1,000 live births",A: Normal value,,20.5082293189259,24.9388588570863,,,,UN_IGME,,,,,,_T: Total
UNICEF:GLOBAL_DATAFLOW(1.0): Cross-sector indicators,UNICEF_MENA: Middle East and North Africa,CME_MRY0T4: Under-five mortality rate,_T: Total,2019,21.7988476179574,,"D_PER_1000_B: Deaths per 1,000 live births",A: Normal value,,19.8910334476141,24.5540942813983,,,,UN_IGME,,,,,,_T: Total
UNICEF:GLOBAL_DATAFLOW(1.0): Cross-sector indicators,UNICEF_MENA: Middle East and North Africa,CME_MRY0T4: Under-five mortality rate,_T: Total,2020,21.1099759075075,,"D_PER_1000_B: Deaths per 1,000 live births",A: Normal value,,19.1346569772329,24.1024812768249,,,,UN_IGME,,,,,,_T: Total
UNICEF:GLOBAL_DATAFLOW(1.0): Cross-sector indicators,UNICEF_MENA: Middle East and North Africa,CME_MRY0T4: Under-five mortality rate,_T: Total,2021,20.6656323014687,,"D_PER_1000_B: Deaths per 1,000 live births",A: Normal value,,18.5972993257743,23.8864191051999,,,,UN_IGME,,,,,,_T: Total
UNICEF:GLOBAL_DATAFLOW(1.0): Cross-sector indicators,UNICEF_MENA: Middle East and North Africa,CME_MRY0T4: Under-five mortality rate,_T: Total,2022,20.1293292610166,,"D_PER_1000_B: Deaths per 1,000 live births",A: Normal value,,17.9709561702565,23.5772998111006,,,,UN_IGME,,,,,,_T: Total
UNICEF:GLOBAL_DATAFLOW(1.0): Cross-sector indicators,UNICEF_MENARO: Middle East and North Africa,CME_MRY0T4: Under-five mortality rate,_T: Total,2018,27.5281893050413,,"D_PER_1000_B: Deaths per 1,000 live births",A: Normal value,,25.0376703508282,30.8394567906558,,,,UN_IGME,,,,,,_T: Total
UNICEF:GLOBAL_DATAFLOW(1.0): Cross-sector indicators,UNICEF_MENARO: Middle East and North Africa,CME_MRY0T4: Under-five mortality rate,_T: Total,2019,27.0052514183048,,"D_PER_1000_B: Deaths per 1,000 live births",A: Normal value,,24.3726774848585,30.6499332322599,,,,UN_IGME,,,,,,_T: Total
UNICEF:GLOBAL_DATAFLOW(1.0): Cross-sector indicators,UNICEF_MENARO: Middle East and North Africa,CME_MRY0T4: Under-five mortality rate,_T: Total,2020,26.2753905902046,,"D_PER_1000_B: Deaths per 1,000 live births",A: Normal value,,23.4830266087984,30.3057280114134,,,,UN_IGME,,,,,,_T: Total
UNICEF:GLOBAL_DATAFLOW(1.0): Cross-sector indicators,UNICEF_MENARO: Middle East and North Africa,CME_MRY0T4: Under-five mortality rate,_T: Total,2021,25.737911004736,,"D_PER_1000_B: Deaths per 1,000 live births",A: Normal value,,22.8206390432488,30.1456782854266,,,,UN_IGME,,,,,,_T: Total
UNICEF:GLOBAL_DATAFLOW(1.0): Cross-sector indicators,UNICEF_MENARO: Middle East and North Africa,CME_MRY0T4: Under-five mortality rate,_T: Total,2022,25.0706483412972,,"D_PER_1000_B: Deaths per 1,000 live births",A: Normal value,,22.0157825385077,29.8750771495213,,,,UN_IGME,,,,,,_T: Total
UNICEF:GLOBAL_DATAFLOW(1.0): Cross-sector indicators,MCO: Monaco,CME_MRY0T4: Under-five mortality rate,_T: Total,2018,3.22400379809144,,"D_PER_1000_B: Deaths per 1,000 live births",A: Normal value,,2.29737280862848,4.47423945159129,,,,UN_IGME,,,,,,_T: Total
UNICEF:GLOBAL_DATAFLOW(1.0): Cross-sector indicators,MCO: Monaco,CME_MRY0T4: Under-five mortality rate,_T: Total,2019,3.1251927411727,,"D_PER_1000_B: Deaths per 1,000 live births",A: Normal value,,2.15814366566909,4.49167715496147,,,,UN_IGME,,,,,,_T: Total
UNICEF:GLOBAL_DATAFLOW(1.0): Cross-sector indicators,MCO: Monaco,CME_MRY0T4: Under-five mortality rate,_T: Total,2020,3.0231939212768,,"D_PER_1000_B: Deaths per 1,000 live births",A: Normal value,,2.01792647395637,4.51814304598267,,,,UN_IGME,,,,,,_T: Total
UNICEF:GLOBAL_DATAFLOW(1.0): Cross-sector indicators,MCO: Monaco,CME_MRY0T4: Under-five mortality rate,_T: Total,2021,2.92991855407971,,"D_PER_1000_B: Deaths per 1,000 live births",A: Normal value,,1.89005390513443,4.52991144277074,,,,UN_IGME,,,,,,_T: Total
UNICEF:GLOBAL_DATAFLOW(1.0): Cross-sector indicators,MCO: Monaco,CME_MRY0T4: Under-five mortality rate,_T: Total,2022,2.83592039505627,,"D_PER_1000_B: Deaths per 1,000 live births",A: Normal value,,1.77381520648228,4.52264196271329,,,,UN_IGME,,,,,,_T: Total
UNICEF:GLOBAL_DATAFLOW(1.0): Cross-sector indicators,MNG: Mongolia,CME_MRY0T4: Under-five mortality rate,_T: Total,2018,16.429863964217,,"D_PER_1000_B: Deaths per 1,000 live births",A: Normal value,,16.0988445246882,16.7891329608929,,,,UN_IGME,,,,,,_T: Total
UNICEF:GLOBAL_DATAFLOW(1.0): Cross-sector indicators,MNG: Mongolia,CME_MRY0T4: Under-five mortality rate,_T: Total,2019,15.555161238703,,"D_PER_1000_B: Deaths per 1,000 live births",A: Normal value,,15.2171489050307,15.9177351146669,,,,UN_IGME,,,,,,_T: Total
UNICEF:GLOBAL_DATAFLOW(1.0): Cross-sector indicators,MNG: Mongolia,CME_MRY0T4: Under-five mortality rate,_T: Total,2020,14.8380424684519,,"D_PER_1000_B: Deaths per 1,000 live births",A: Normal value,,14.5121922819563,15.1881266997998,,,,UN_IGME,,,,,,_T: Total
UNICEF:GLOBAL_DATAFLOW(1.0): Cross-sector indicators,MNG: Mongolia,CME_MRY0T4: Under-five mortality rate,_T: Total,2021,14.2908170286191,,"D_PER_1000_B: Deaths per 1,000 live births",A: Normal value,,13.968472189443,14.642716023476,,,,UN_IGME,,,,,,_T: Total
UNICEF:GLOBAL_DATAFLOW(1.0): Cross-sector indicators,MNG: Mongolia,CME_MRY0T4: Under-five mortality rate,_T: Total,2022,13.8994275265758,,"D_PER_1000_B: Deaths per 1,000 live births",A: Normal value,,13.5130934604888,14.3020077713989,,,,UN_IGME,,,,,,_T: Total
UNICEF:GLOBAL_DATAFLOW(1.0): Cross-sector indicators,MNE: Montenegro,CME_MRY0T4: Under-five mortality rate,_T: Total,2018,3.34549220341134,,"D_PER_1000_B: Deaths per 1,000 live births",A: Normal value,,3.01230249511942,3.69839192026673,,,,UN_IGME,,,,,,_T: Total
UNICEF:GLOBAL_DATAFLOW(1.0): Cross-sector indicators,MNE: Montenegro,CME_MRY0T4: Under-five mortality rate,_T: Total,2019,3.1563722032915,,"D_PER_1000_B: Deaths per 1,000 live births",A: Normal value,,2.82262464391376,3.51812252295655,,,,UN_IGME,,,,,,_T: Total
UNICEF:GLOBAL_DATAFLOW(1.0): Cross-sector indicators,MNE: Montenegro,CME_MRY0T4: Under-five mortality rate,_T: Total,2020,2.98935635662226,,"D_PER_1000_B: Deaths per 1,000 live births",A: Normal value,,2.63566118054066,3.37756463532357,,,,UN_IGME,,,,,,_T: Total
UNICEF:GLOBAL_DATAFLOW(1.0): Cross-sector indicators,MNE: Montenegro,CME_MRY0T4: Under-five mortality rate,_T: Total,2021,2.8375703174216,,"D_PER_1000_B: Deaths per 1,000 live births",A: Normal value,,2.46362851398862,3.27251359048433,,,,UN_IGME,,,,,,_T: Total
UNICEF:GLOBAL_DATAFLOW(1.0): Cross-sector indicators,MNE: Montenegro,CME_MRY0T4: Under-five mortality rate,_T: Total,2022,2.70035827359175,,"D_PER_1000_B: Deaths per 1,000 live births",A: Normal value,,2.29507659175471,3.19298733297163,,,,UN_IGME,,,,,,_T: Total
UNICEF:GLOBAL_DATAFLOW(1.0): Cross-sector indicators,MSR: Montserrat,CME_MRY0T4: Under-five mortality rate,_T: Total,2018,7.60441752367802,,"D_PER_1000_B: Deaths per 1,000 live births",A: Normal value,,3.22589308661988,18.5412175095065,,,,UN_IGME,,,,,,_T: Total
UNICEF:GLOBAL_DATAFLOW(1.0): Cross-sector indicators,MSR: Montserrat,CME_MRY0T4: Under-five mortality rate,_T: Total,2019,7.32872329679086,,"D_PER_1000_B: Deaths per 1,000 live births",A: Normal value,,3.05640588923049,18.2377185875907,,,,UN_IGME,,,,,,_T: Total
UNICEF:GLOBAL_DATAFLOW(1.0): Cross-sector indicators,MSR: Montserrat,CME_MRY0T4: Under-five mortality rate,_T: Total,2020,7.12436714874721,,"D_PER_1000_B: Deaths per 1,000 live births",A: Normal value,,2.91159767498927,18.1313968523959,,,,UN_IGME,,,,,,_T: Total
UNICEF:GLOBAL_DATAFLOW(1.0): Cross-sector indicators,MSR: Montserrat,CME_MRY0T4: Under-five mortality rate,_T: Total,2021,6.89677899822329,,"D_PER_1000_B: Deaths per 1,000 live births",A: Normal value,,2.76467715451929,17.9371166790201,,,,UN_IGME,,,,,,_T: Total
UNICEF:GLOBAL_DATAFLOW(1.0): Cross-sector indicators,MSR: Montserrat,CME_MRY0T4: Under-five mortality rate,_T: Total,2022,6.67462602861855,,"D_PER_1000_B: Deaths per 1,000 live births",A: Normal value,,2.61447464718793,17.6086512032513,,,,UN_IGME,,,,,,_T: Total
UNICEF:GLOBAL_DATAFLOW(1.0): Cross-sector indicators,MAR: Morocco,CME_MRY0T4: Under-five mortality rate,_T: Total,2018,20.1887287828987,,"D_PER_1000_B: Deaths per 1,000 live births",A: Normal value,,15.0855538611038,26.2895516162737,,,,UN_IGME,,,,,,_T: Total
UNICEF:GLOBAL_DATAFLOW(1.0): Cross-sector indicators,MAR: Morocco,CME_MRY0T4: Under-five mortality rate,_T: Total,2019,19.359554575369,,"D_PER_1000_B: Deaths per 1,000 live births",A: Normal value,,14.076250722717,25.8614484384082,,,,UN_IGME,,,,,,_T: Total
UNICEF:GLOBAL_DATAFLOW(1.0): Cross-sector indicators,MAR: Morocco,CME_MRY0T4: Under-five mortality rate,_T: Total,2020,18.5785313595814,,"D_PER_1000_B: Deaths per 1,000 live births",A: Normal value,,13.1727016350326,25.4473545409404,,,,UN_IGME,,,,,,_T: Total
UNICEF:GLOBAL_DATAFLOW(1.0): Cross-sector indicators,MAR: Morocco,CME_MRY0T4: Under-five mortality rate,_T: Total,2021,17.8516649474166,,"D_PER_1000_B: Deaths per 1,000 live births",A: Normal value,,12.2450105790888,25.2238327592903,,,,UN_IGME,,,,,,_T: Total
UNICEF:GLOBAL_DATAFLOW(1.0): Cross-sector indicators,MAR: Morocco,CME_MRY0T4: Under-five mortality rate,_T: Total,2022,17.1770965876206,,"D_PER_1000_B: Deaths per 1,000 live births",A: Normal value,,11.5180067043771,24.906418745621,,,,UN_IGME,,,,,,_T: Total
UNICEF:GLOBAL_DATAFLOW(1.0): Cross-sector indicators,MOZ: Mozambique,CME_MRY0T4: Under-five mortality rate,_T: Total,2018,69.5107388682696,,"D_PER_1000_B: Deaths per 1,000 live births",A: Normal value,,61.8383907597484,78.4715007754707,,,,UN_IGME,,,,,,_T: Total
UNICEF:GLOBAL_DATAFLOW(1.0): Cross-sector indicators,MOZ: Mozambique,CME_MRY0T4: Under-five mortality rate,_T: Total,2019,68.3475779444266,,"D_PER_1000_B: Deaths per 1,000 live births",A: Normal value,,60.1394363755293,77.8539914564299,,,,UN_IGME,,,,,,_T: Total
UNICEF:GLOBAL_DATAFLOW(1.0): Cross-sector indicators,MOZ: Mozambique,CME_MRY0T4: Under-five mortality rate,_T: Total,2020,67.3413438990073,,"D_PER_1000_B: Deaths per 1,000 live births",A: Normal value,,58.3996260543067,77.805822136513,,,,UN_IGME,,,,,,_T: Total
UNICEF:GLOBAL_DATAFLOW(1.0): Cross-sector indicators,MOZ: Mozambique,CME_MRY0T4: Under-five mortality rate,_T: Total,2021,65.805460394953,,"D_PER_1000_B: Deaths per 1,000 live births",A: Normal value,,56.0792766080937,77.5611241935682,,,,UN_IGME,,,,,,_T: Total
UNICEF:GLOBAL_DATAFLOW(1.0): Cross-sector indicators,MOZ: Mozambique,CME_MRY0T4: Under-five mortality rate,_T: Total,2022,64.3299752975423,,"D_PER_1000_B: Deaths per 1,000 live births",A: Normal value,,53.6340186211547,77.4723309099903,,,,UN_IGME,,,,,,_T: Total
UNICEF:GLOBAL_DATAFLOW(1.0): Cross-sector indicators,MMR: Myanmar,CME_MRY0T4: Under-five mortality rate,_T: Total,2018,45.9776222546035,,"D_PER_1000_B: Deaths per 1,000 live births",A: Normal value,,32.4305203832726,62.0535459953847,,,,UN_IGME,,,,,,_T: Total
UNICEF:GLOBAL_DATAFLOW(1.0): Cross-sector indicators,MMR: Myanmar,CME_MRY0T4: Under-five mortality rate,_T: Total,2019,44.401819140587,,"D_PER_1000_B: Deaths per 1,000 live births",A: Normal value,,30.3300830587211,61.8308430336886,,,,UN_IGME,,,,,,_T: Total
UNICEF:GLOBAL_DATAFLOW(1.0): Cross-sector indicators,MMR: Myanmar,CME_MRY0T4: Under-five mortality rate,_T: Total,2020,42.8573643355886,,"D_PER_1000_B: Deaths per 1,000 live births",A: Normal value,,28.4826335768275,61.5479183984324,,,,UN_IGME,,,,,,_T: Total
UNICEF:GLOBAL_DATAFLOW(1.0): Cross-sector indicators,MMR: Myanmar,CME_MRY0T4: Under-five mortality rate,_T: Total,2021,41.3675582202375,,"D_PER_1000_B: Deaths per 1,000 live births",A: Normal value,,26.7103375719774,61.542748679551,,,,UN_IGME,,,,,,_T: Total
UNICEF:GLOBAL_DATAFLOW(1.0): Cross-sector indicators,MMR: Myanmar,CME_MRY0T4: Under-five mortality rate,_T: Total,2022,40.0308944745387,,"D_PER_1000_B: Deaths per 1,000 live births",A: Normal value,,25.0408837172819,61.671507093323,,,,UN_IGME,,,,,,_T: Total
UNICEF:GLOBAL_DATAFLOW(1.0): Cross-sector indicators,NAM: Namibia,CME_MRY0T4: Under-five mortality rate,_T: Total,2018,50.0827665874872,,"D_PER_1000_B: Deaths per 1,000 live births",A: Normal value,,40.5630352112326,61.1089704885672,,,,UN_IGME,,,,,,_T: Total
UNICEF:GLOBAL_DATAFLOW(1.0): Cross-sector indicators,NAM: Namibia,CME_MRY0T4: Under-five mortality rate,_T: Total,2019,47.8121207795564,,"D_PER_1000_B: Deaths per 1,000 live births",A: Normal value,,38.812093256089,59.360237958404,,,,UN_IGME,,,,,,_T: Total
UNICEF:GLOBAL_DATAFLOW(1.0): Cross-sector indicators,NAM: Namibia,CME_MRY0T4: Under-five mortality rate,_T: Total,2020,45.7233578089974,,"D_PER_1000_B: Deaths per 1,000 live births",A: Normal value,,37.4226254650823,57.4797893240039,,,,UN_IGME,,,,,,_T: Total
UNICEF:GLOBAL_DATAFLOW(1.0): Cross-sector indicators,NAM: Namibia,CME_MRY0T4: Under-five mortality rate,_T: Total,2021,43.8263824751421,,"D_PER_1000_B: Deaths per 1,000 live births",A: Normal value,,36.2761863125678,55.6747928618648,,,,UN_IGME,,,,,,_T: Total
UNICEF:GLOBAL_DATAFLOW(1.0): Cross-sector indicators,NAM: Namibia,CME_MRY0T4: Under-five mortality rate,_T: Total,2022,41.9679522404272,,"D_PER_1000_B: Deaths per 1,000 live births",A: Normal value,,34.8387544617554,54.2074317340907,,,,UN_IGME,,,,,,_T: Total
UNICEF:GLOBAL_DATAFLOW(1.0): Cross-sector indicators,NRU: Nauru,CME_MRY0T4: Under-five mortality rate,_T: Total,2018,13.3633254970632,,"D_PER_1000_B: Deaths per 1,000 live births",A: Normal value,,9.29017469581111,19.2198646800373,,,,UN_IGME,,,,,,_T: Total
UNICEF:GLOBAL_DATAFLOW(1.0): Cross-sector indicators,NRU: Nauru,CME_MRY0T4: Under-five mortality rate,_T: Total,2019,12.163153364988,,"D_PER_1000_B: Deaths per 1,000 live births",A: Normal value,,8.14372619355319,18.2587820067365,,,,UN_IGME,,,,,,_T: Total
UNICEF:GLOBAL_DATAFLOW(1.0): Cross-sector indicators,NRU: Nauru,CME_MRY0T4: Under-five mortality rate,_T: Total,2020,11.1290468877784,,"D_PER_1000_B: Deaths per 1,000 live births",A: Normal value,,7.16416698462725,17.5131041424108,,,,UN_IGME,,,,,,_T: Total
UNICEF:GLOBAL_DATAFLOW(1.0): Cross-sector indicators,NRU: Nauru,CME_MRY0T4: Under-five mortality rate,_T: Total,2021,10.2498813768859,,"D_PER_1000_B: Deaths per 1,000 live births",A: Normal value,,6.32169579898503,16.8717246646984,,,,UN_IGME,,,,,,_T: Total
UNICEF:GLOBAL_DATAFLOW(1.0): Cross-sector indicators,NRU: Nauru,CME_MRY0T4: Under-five mortality rate,_T: Total,2022,9.52976806491365,,"D_PER_1000_B: Deaths per 1,000 live births",A: Normal value,,5.68002740803492,16.2437813503999,,,,UN_IGME,,,,,,_T: Total
UNICEF:GLOBAL_DATAFLOW(1.0): Cross-sector indicators,NPL: Nepal,CME_MRY0T4: Under-five mortality rate,_T: Total,2018,32.9628022288236,,"D_PER_1000_B: Deaths per 1,000 live births",A: Normal value,,29.0482467011995,37.3907111521388,,,,UN_IGME,,,,,,_T: Total
UNICEF:GLOBAL_DATAFLOW(1.0): Cross-sector indicators,NPL: Nepal,CME_MRY0T4: Under-five mortality rate,_T: Total,2019,31.3668066872785,,"D_PER_1000_B: Deaths per 1,000 live births",A: Normal value,,27.2745127839138,36.1583057799636,,,,UN_IGME,,,,,,_T: Total
UNICEF:GLOBAL_DATAFLOW(1.0): Cross-sector indicators,NPL: Nepal,CME_MRY0T4: Under-five mortality rate,_T: Total,2020,29.9064152723848,,"D_PER_1000_B: Deaths per 1,000 live births",A: Normal value,,25.6523030233142,35.0042464606802,,,,UN_IGME,,,,,,_T: Total
UNICEF:GLOBAL_DATAFLOW(1.0): Cross-sector indicators,NPL: Nepal,CME_MRY0T4: Under-five mortality rate,_T: Total,2021,28.6423757125122,,"D_PER_1000_B: Deaths per 1,000 live births",A: Normal value,,24.1245732498692,33.9967358634012,,,,UN_IGME,,,,,,_T: Total
UNICEF:GLOBAL_DATAFLOW(1.0): Cross-sector indicators,NPL: Nepal,CME_MRY0T4: Under-five mortality rate,_T: Total,2022,27.5065680653666,,"D_PER_1000_B: Deaths per 1,000 live births",A: Normal value,,22.623264843762,33.2851912176482,,,,UN_IGME,,,,,,_T: Total
UNICEF:GLOBAL_DATAFLOW(1.0): Cross-sector indicators,NLD: Netherlands (Kingdom of the),CME_MRY0T4: Under-five mortality rate,_T: Total,2018,4.03007672019593,,"D_PER_1000_B: Deaths per 1,000 live births",A: Normal value,,3.9349168547755,4.13042263871269,,,,UN_IGME,,,,,,_T: Total
UNICEF:GLOBAL_DATAFLOW(1.0): Cross-sector indicators,NLD: Netherlands (Kingdom of the),CME_MRY0T4: Under-five mortality rate,_T: Total,2019,4.02333196159545,,"D_PER_1000_B: Deaths per 1,000 live births",A: Normal value,,3.92490816587311,4.12492798572036,,,,UN_IGME,,,,,,_T: Total
UNICEF:GLOBAL_DATAFLOW(1.0): Cross-sector indicators,NLD: Netherlands (Kingdom of the),CME_MRY0T4: Under-five mortality rate,_T: Total,2020,4.01159169967011,,"D_PER_1000_B: Deaths per 1,000 live births",A: Normal value,,3.91219690216302,4.11404813976616,,,,UN_IGME,,,,,,_T: Total
UNICEF:GLOBAL_DATAFLOW(1.0): Cross-sector indicators,NLD: Netherlands (Kingdom of the),CME_MRY0T4: Under-five mortality rate,_T: Total,2021,3.99581207760695,,"D_PER_1000_B: Deaths per 1,000 live births",A: Normal value,,3.88970488091228,4.10540518698338,,,,UN_IGME,,,,,,_T: Total
UNICEF:GLOBAL_DATAFLOW(1.0): Cross-sector indicators,NLD: Netherlands (Kingdom of the),CME_MRY0T4: Under-five mortality rate,_T: Total,2022,3.97778770282022,,"D_PER_1000_B: Deaths per 1,000 live births",A: Normal value,,3.85070078291275,4.1097387527287,,,,UN_IGME,,,,,,_T: Total
UNICEF:GLOBAL_DATAFLOW(1.0): Cross-sector indicators,NZL: New Zealand,CME_MRY0T4: Under-five mortality rate,_T: Total,2018,5.2189985402542,,"D_PER_1000_B: Deaths per 1,000 live births",A: Normal value,,4.98095603179463,5.45966992830998,,,,UN_IGME,,,,,,_T: Total
UNICEF:GLOBAL_DATAFLOW(1.0): Cross-sector indicators,NZL: New Zealand,CME_MRY0T4: Under-five mortality rate,_T: Total,2019,5.10850874340329,,"D_PER_1000_B: Deaths per 1,000 live births",A: Normal value,,4.82775526938782,5.38955671531471,,,,UN_IGME,,,,,,_T: Total
UNICEF:GLOBAL_DATAFLOW(1.0): Cross-sector indicators,NZL: New Zealand,CME_MRY0T4: Under-five mortality rate,_T: Total,2020,5.00442508192767,,"D_PER_1000_B: Deaths per 1,000 live births",A: Normal value,,4.66204839358235,5.35875498757469,,,,UN_IGME,,,,,,_T: Total
UNICEF:GLOBAL_DATAFLOW(1.0): Cross-sector indicators,NZL: New Zealand,CME_MRY0T4: Under-five mortality rate,_T: Total,2021,4.9034784222458,,"D_PER_1000_B: Deaths per 1,000 live births",A: Normal value,,4.48617956725217,5.34894396373081,,,,UN_IGME,,,,,,_T: Total
UNICEF:GLOBAL_DATAFLOW(1.0): Cross-sector indicators,NZL: New Zealand,CME_MRY0T4: Under-five mortality rate,_T: Total,2022,4.79559111783751,,"D_PER_1000_B: Deaths per 1,000 live births",A: Normal value,,4.30051985411591,5.35533638233776,,,,UN_IGME,,,,,,_T: Total
UNICEF:GLOBAL_DATAFLOW(1.0): Cross-sector indicators,NIC: Nicaragua,CME_MRY0T4: Under-five mortality rate,_T: Total,2018,16.3640475053158,,"D_PER_1000_B: Deaths per 1,000 live births",A: Normal value,,15.48216146061,17.7124222313988,,"The UN IGME estimates are not the official statistics of Nicaragua. The most recent national official estimates of neonatal, infant and under-five mortality rates available to the UN IGME come from the vital registration system for 2022, with a rate of 8.1, 11.7 and 13.3 deaths per 1,000 live births, respectively. Following a request from the Government of Nicaragua and per the objectives of the UN IGME, the UN IGME will continue to assess all data sources in the country relevant to child mortality estimation.",,UN_IGME,,,,,,_T: Total
UNICEF:GLOBAL_DATAFLOW(1.0): Cross-sector indicators,NIC: Nicaragua,CME_MRY0T4: Under-five mortality rate,_T: Total,2019,15.7123646594312,,"D_PER_1000_B: Deaths per 1,000 live births",A: Normal value,,14.8608085170098,17.0395981972481,,"The UN IGME estimates are not the official statistics of Nicaragua. The most recent national official estimates of neonatal, infant and under-five mortality rates available to the UN IGME come from the vital registration system for 2022, with a rate of 8.1, 11.7 and 13.3 deaths per 1,000 live births, respectively. Following a request from the Government of Nicaragua and per the objectives of the UN IGME, the UN IGME will continue to assess all data sources in the country relevant to child mortality estimation.",,UN_IGME,,,,,,_T: Total
UNICEF:GLOBAL_DATAFLOW(1.0): Cross-sector indicators,NIC: Nicaragua,CME_MRY0T4: Under-five mortality rate,_T: Total,2020,15.0922681987679,,"D_PER_1000_B: Deaths per 1,000 live births",A: Normal value,,14.2857826843986,16.4474596402593,,"The UN IGME estimates are not the official statistics of Nicaragua. The most recent national official estimates of neonatal, infant and under-five mortality rates available to the UN IGME come from the vital registration system for 2022, with a rate of 8.1, 11.7 and 13.3 deaths per 1,000 live births, respectively. Following a request from the Government of Nicaragua and per the objectives of the UN IGME, the UN IGME will continue to assess all data sources in the country relevant to child mortality estimation.",,UN_IGME,,,,,,_T: Total
UNICEF:GLOBAL_DATAFLOW(1.0): Cross-sector indicators,NIC: Nicaragua,CME_MRY0T4: Under-five mortality rate,_T: Total,2021,14.4947643777381,,"D_PER_1000_B: Deaths per 1,000 live births",A: Normal value,,13.7094061923314,15.9810540361921,,"The UN IGME estimates are not the official statistics of Nicaragua. The most recent national official estimates of neonatal, infant and under-five mortality rates available to the UN IGME come from the vital registration system for 2022, with a rate of 8.1, 11.7 and 13.3 deaths per 1,000 live births, respectively. Following a request from the Government of Nicaragua and per the objectives of the UN IGME, the UN IGME will continue to assess all data sources in the country relevant to child mortality estimation.",,UN_IGME,,,,,,_T: Total
UNICEF:GLOBAL_DATAFLOW(1.0): Cross-sector indicators,NIC: Nicaragua,CME_MRY0T4: Under-five mortality rate,_T: Total,2022,13.9277572825353,,"D_PER_1000_B: Deaths per 1,000 live births",A: Normal value,,13.0961254283614,15.6235654057349,,"The UN IGME estimates are not the official statistics of Nicaragua. The most recent national official estimates of neonatal, infant and under-five mortality rates available to the UN IGME come from the vital registration system for 2022, with a rate of 8.1, 11.7 and 13.3 deaths per 1,000 live births, respectively. Following a request from the Government of Nicaragua and per the objectives of the UN IGME, the UN IGME will continue to assess all data sources in the country relevant to child mortality estimation.",,UN_IGME,,,,,,_T: Total
UNICEF:GLOBAL_DATAFLOW(1.0): Cross-sector indicators,NER: Niger,CME_MRY0T4: Under-five mortality rate,_T: Total,2018,122.778740919661,,"D_PER_1000_B: Deaths per 1,000 live births",A: Normal value,,106.748278906343,141.498476383135,,,,UN_IGME,,,,,,_T: Total
UNICEF:GLOBAL_DATAFLOW(1.0): Cross-sector indicators,NER: Niger,CME_MRY0T4: Under-five mortality rate,_T: Total,2019,121.848257819974,,"D_PER_1000_B: Deaths per 1,000 live births",A: Normal value,,104.315192051695,142.550373765177,,,,UN_IGME,,,,,,_T: Total
UNICEF:GLOBAL_DATAFLOW(1.0): Cross-sector indicators,NER: Niger,CME_MRY0T4: Under-five mortality rate,_T: Total,2020,120.636604447892,,"D_PER_1000_B: Deaths per 1,000 live births",A: Normal value,,101.105791824812,144.028000182174,,,,UN_IGME,,,,,,_T: Total
UNICEF:GLOBAL_DATAFLOW(1.0): Cross-sector indicators,NER: Niger,CME_MRY0T4: Under-five mortality rate,_T: Total,2021,119.096547840985,,"D_PER_1000_B: Deaths per 1,000 live births",A: Normal value,,97.2404022268798,145.7500316661,,,,UN_IGME,,,,,,_T: Total
UNICEF:GLOBAL_DATAFLOW(1.0): Cross-sector indicators,NER: Niger,CME_MRY0T4: Under-five mortality rate,_T: Total,2022,117.068798311866,,"D_PER_1000_B: Deaths per 1,000 live births",A: Normal value,,92.9518938083803,147.267494028868,,,,UN_IGME,,,,,,_T: Total
UNICEF:GLOBAL_DATAFLOW(1.0): Cross-sector indicators,NGA: Nigeria,CME_MRY0T4: Under-five mortality rate,_T: Total,2018,120.195614558188,,"D_PER_1000_B: Deaths per 1,000 live births",A: Normal value,,97.3596433190282,151.048916148141,,,,UN_IGME,,,,,,_T: Total
UNICEF:GLOBAL_DATAFLOW(1.0): Cross-sector indicators,NGA: Nigeria,CME_MRY0T4: Under-five mortality rate,_T: Total,2019,117.471002948717,,"D_PER_1000_B: Deaths per 1,000 live births",A: Normal value,,92.563234747373,151.887433276819,,,,UN_IGME,,,,,,_T: Total
UNICEF:GLOBAL_DATAFLOW(1.0): Cross-sector indicators,NGA: Nigeria,CME_MRY0T4: Under-five mortality rate,_T: Total,2020,114.369991025191,,"D_PER_1000_B: Deaths per 1,000 live births",A: Normal value,,87.3529885737339,152.598424173565,,,,UN_IGME,,,,,,_T: Total
UNICEF:GLOBAL_DATAFLOW(1.0): Cross-sector indicators,NGA: Nigeria,CME_MRY0T4: Under-five mortality rate,_T: Total,2021,111.270285273019,,"D_PER_1000_B: Deaths per 1,000 live births",A: Normal value,,82.4636599541524,153.164492224917,,,,UN_IGME,,,,,,_T: Total
UNICEF:GLOBAL_DATAFLOW(1.0): Cross-sector indicators,NGA: Nigeria,CME_MRY0T4: Under-five mortality rate,_T: Total,2022,108.069070932718,,"D_PER_1000_B: Deaths per 1,000 live births",A: Normal value,,77.4886555753636,153.772886208079,,,,UN_IGME,,,,,,_T: Total
UNICEF:GLOBAL_DATAFLOW(1.0): Cross-sector indicators,NIU: Niue,CME_MRY0T4: Under-five mortality rate,_T: Total,2018,28.3533079264479,,"D_PER_1000_B: Deaths per 1,000 live births",A: Normal value,,13.5056592440015,60.1974106997095,,,,UN_IGME,,,,,,_T: Total
UNICEF:GLOBAL_DATAFLOW(1.0): Cross-sector indicators,NIU: Niue,CME_MRY0T4: Under-five mortality rate,_T: Total,2019,27.4609658065918,,"D_PER_1000_B: Deaths per 1,000 live births",A: Normal value,,12.7855239202982,59.1778294925348,,,,UN_IGME,,,,,,_T: Total
UNICEF:GLOBAL_DATAFLOW(1.0): Cross-sector indicators,NIU: Niue,CME_MRY0T4: Under-five mortality rate,_T: Total,2020,26.6392938676345,,"D_PER_1000_B: Deaths per 1,000 live births",A: Normal value,,12.1655931919246,58.9382007437435,,,,UN_IGME,,,,,,_T: Total
UNICEF:GLOBAL_DATAFLOW(1.0): Cross-sector indicators,NIU: Niue,CME_MRY0T4: Under-five mortality rate,_T: Total,2021,25.8052952229526,,"D_PER_1000_B: Deaths per 1,000 live births",A: Normal value,,11.5329898559263,58.2388354478435,,,,UN_IGME,,,,,,_T: Total
UNICEF:GLOBAL_DATAFLOW(1.0): Cross-sector indicators,NIU: Niue,CME_MRY0T4: Under-five mortality rate,_T: Total,2022,25.0227906801025,,"D_PER_1000_B: Deaths per 1,000 live births",A: Normal value,,10.9188947305865,57.6264096699206,,,,UN_IGME,,,,,,_T: Total
UNICEF:GLOBAL_DATAFLOW(1.0): Cross-sector indicators,UNICEF_NA: North America,CME_MRY0T4: Under-five mortality rate,_T: Total,2018,6.41867213827341,,"D_PER_1000_B: Deaths per 1,000 live births",A: Normal value,,6.31717574077948,6.51817461681584,,,,UN_IGME,,,,,,_T: Total
UNICEF:GLOBAL_DATAFLOW(1.0): Cross-sector indicators,UNICEF_NA: North America,CME_MRY0T4: Under-five mortality rate,_T: Total,2019,6.37193187999952,,"D_PER_1000_B: Deaths per 1,000 live births",A: Normal value,,6.26866681330046,6.47444286039558,,,,UN_IGME,,,,,,_T: Total
UNICEF:GLOBAL_DATAFLOW(1.0): Cross-sector indicators,UNICEF_NA: North America,CME_MRY0T4: Under-five mortality rate,_T: Total,2020,6.34683106771616,,"D_PER_1000_B: Deaths per 1,000 live births",A: Normal value,,6.24344943079985,6.44897059983619,,,,UN_IGME,,,,,,_T: Total
UNICEF:GLOBAL_DATAFLOW(1.0): Cross-sector indicators,UNICEF_NA: North America,CME_MRY0T4: Under-five mortality rate,_T: Total,2021,6.33883128988089,,"D_PER_1000_B: Deaths per 1,000 live births",A: Normal value,,6.2327779388172,6.44400433349814,,,,UN_IGME,,,,,,_T: Total
UNICEF:GLOBAL_DATAFLOW(1.0): Cross-sector indicators,UNICEF_NA: North America,CME_MRY0T4: Under-five mortality rate,_T: Total,2022,6.34900432015417,,"D_PER_1000_B: Deaths per 1,000 live births",A: Normal value,,6.21998063358661,6.4776809717226,,,,UN_IGME,,,,,,_T: Total
UNICEF:GLOBAL_DATAFLOW(1.0): Cross-sector indicators,UNSDG_NORTHERNAMR: North America,CME_MRY0T4: Under-five mortality rate,_T: Total,2018,6.41867213827341,,"D_PER_1000_B: Deaths per 1,000 live births",A: Normal value,,6.31717574077948,6.51817461681584,,,,UN_IGME,,,,,,_T: Total
UNICEF:GLOBAL_DATAFLOW(1.0): Cross-sector indicators,UNSDG_NORTHERNAMR: North America,CME_MRY0T4: Under-five mortality rate,_T: Total,2019,6.37193187999952,,"D_PER_1000_B: Deaths per 1,000 live births",A: Normal value,,6.26866681330046,6.47444286039558,,,,UN_IGME,,,,,,_T: Total
UNICEF:GLOBAL_DATAFLOW(1.0): Cross-sector indicators,UNSDG_NORTHERNAMR: North America,CME_MRY0T4: Under-five mortality rate,_T: Total,2020,6.34683106771616,,"D_PER_1000_B: Deaths per 1,000 live births",A: Normal value,,6.24344943079985,6.44897059983619,,,,UN_IGME,,,,,,_T: Total
UNICEF:GLOBAL_DATAFLOW(1.0): Cross-sector indicators,UNSDG_NORTHERNAMR: North America,CME_MRY0T4: Under-five mortality rate,_T: Total,2021,6.33883128988089,,"D_PER_1000_B: Deaths per 1,000 live births",A: Normal value,,6.2327779388172,6.44400433349814,,,,UN_IGME,,,,,,_T: Total
UNICEF:GLOBAL_DATAFLOW(1.0): Cross-sector indicators,UNSDG_NORTHERNAMR: North America,CME_MRY0T4: Under-five mortality rate,_T: Total,2022,6.34900432015417,,"D_PER_1000_B: Deaths per 1,000 live births",A: Normal value,,6.21998063358661,6.4776809717226,,,,UN_IGME,,,,,,_T: Total
UNICEF:GLOBAL_DATAFLOW(1.0): Cross-sector indicators,MKD: North Macedonia,CME_MRY0T4: Under-five mortality rate,_T: Total,2018,8.25123041106904,,"D_PER_1000_B: Deaths per 1,000 live births",A: Normal value,,7.649626893891,8.82911221760017,,,,UN_IGME,,,,,,_T: Total
UNICEF:GLOBAL_DATAFLOW(1.0): Cross-sector indicators,MKD: North Macedonia,CME_MRY0T4: Under-five mortality rate,_T: Total,2019,6.96886510161188,,"D_PER_1000_B: Deaths per 1,000 live births",A: Normal value,,6.40644757693933,7.53410031309102,,,,UN_IGME,,,,,,_T: Total
UNICEF:GLOBAL_DATAFLOW(1.0): Cross-sector indicators,MKD: North Macedonia,CME_MRY0T4: Under-five mortality rate,_T: Total,2020,5.9499939951042,,"D_PER_1000_B: Deaths per 1,000 live births",A: Normal value,,5.51540826251661,6.44163921715132,,,,UN_IGME,,,,,,_T: Total
UNICEF:GLOBAL_DATAFLOW(1.0): Cross-sector indicators,MKD: North Macedonia,CME_MRY0T4: Under-five mortality rate,_T: Total,2021,5.01686279025831,,"D_PER_1000_B: Deaths per 1,000 live births",A: Normal value,,4.59691013427444,5.50701812125317,,,,UN_IGME,,,,,,_T: Total
UNICEF:GLOBAL_DATAFLOW(1.0): Cross-sector indicators,MKD: North Macedonia,CME_MRY0T4: Under-five mortality rate,_T: Total,2022,4.08188450830908,,"D_PER_1000_B: Deaths per 1,000 live births",A: Normal value,,3.66127307309276,4.56274455377921,,,,UN_IGME,,,,,,_T: Total
UNICEF:GLOBAL_DATAFLOW(1.0): Cross-sector indicators,UNSDG_NORTHAFR: Northern Africa,CME_MRY0T4: Under-five mortality rate,_T: Total,2018,30.4473511337245,,"D_PER_1000_B: Deaths per 1,000 live births",A: Normal value,,26.1709711333523,35.9675325096056,,,,UN_IGME,,,,,,_T: Total
UNICEF:GLOBAL_DATAFLOW(1.0): Cross-sector indicators,UNSDG_NORTHAFR: Northern Africa,CME_MRY0T4: Under-five mortality rate,_T: Total,2019,29.957248078712,,"D_PER_1000_B: Deaths per 1,000 live births",A: Normal value,,25.3392848181799,36.2230277431577,,,,UN_IGME,,,,,,_T: Total
UNICEF:GLOBAL_DATAFLOW(1.0): Cross-sector indicators,UNSDG_NORTHAFR: Northern Africa,CME_MRY0T4: Under-five mortality rate,_T: Total,2020,29.2460335442387,,"D_PER_1000_B: Deaths per 1,000 live births",A: Normal value,,24.2992049860136,36.2097013579098,,,,UN_IGME,,,,,,_T: Total
UNICEF:GLOBAL_DATAFLOW(1.0): Cross-sector indicators,UNSDG_NORTHAFR: Northern Africa,CME_MRY0T4: Under-five mortality rate,_T: Total,2021,28.5770475332137,,"D_PER_1000_B: Deaths per 1,000 live births",A: Normal value,,23.3393078159756,36.2759283644822,,,,UN_IGME,,,,,,_T: Total
UNICEF:GLOBAL_DATAFLOW(1.0): Cross-sector indicators,UNSDG_NORTHAFR: Northern Africa,CME_MRY0T4: Under-five mortality rate,_T: Total,2022,27.8114704478688,,"D_PER_1000_B: Deaths per 1,000 live births",A: Normal value,,22.3489586724674,36.1547069617565,,,,UN_IGME,,,,,,_T: Total
UNICEF:GLOBAL_DATAFLOW(1.0): Cross-sector indicators,AU_NORTHERN_AFRICA: Northern Africa (African Union),CME_MRY0T4: Under-five mortality rate,_T: Total,2018,21.6936516095504,,"D_PER_1000_B: Deaths per 1,000 live births",,,,,,,,UN_IGME,,,,,,_T: Total
UNICEF:GLOBAL_DATAFLOW(1.0): Cross-sector indicators,AU_NORTHERN_AFRICA: Northern Africa (African Union),CME_MRY0T4: Under-five mortality rate,_T: Total,2019,20.9852561038776,,"D_PER_1000_B: Deaths per 1,000 live births",,,,,,,,UN_IGME,,,,,,_T: Total
UNICEF:GLOBAL_DATAFLOW(1.0): Cross-sector indicators,AU_NORTHERN_AFRICA: Northern Africa (African Union),CME_MRY0T4: Under-five mortality rate,_T: Total,2020,20.2865674639724,,"D_PER_1000_B: Deaths per 1,000 live births",,,,,,,,UN_IGME,,,,,,_T: Total
UNICEF:GLOBAL_DATAFLOW(1.0): Cross-sector indicators,AU_NORTHERN_AFRICA: Northern Africa (African Union),CME_MRY0T4: Under-five mortality rate,_T: Total,2021,19.6149982223391,,"D_PER_1000_B: Deaths per 1,000 live births",,,,,,,,UN_IGME,,,,,,_T: Total
UNICEF:GLOBAL_DATAFLOW(1.0): Cross-sector indicators,AU_NORTHERN_AFRICA: Northern Africa (African Union),CME_MRY0T4: Under-five mortality rate,_T: Total,2022,18.9581869616116,,"D_PER_1000_B: Deaths per 1,000 live births",,,,,,,,UN_IGME,,,,,,_T: Total
UNICEF:GLOBAL_DATAFLOW(1.0): Cross-sector indicators,UNSDG_WESTERNASIANORTHERNAFR: Northern Africa and Western Asia,CME_MRY0T4: Under-five mortality rate,_T: Total,2018,26.7248657861497,,"D_PER_1000_B: Deaths per 1,000 live births",A: Normal value,,24.331582074181,29.801348793508,,,,UN_IGME,,,,,,_T: Total
UNICEF:GLOBAL_DATAFLOW(1.0): Cross-sector indicators,UNSDG_WESTERNASIANORTHERNAFR: Northern Africa and Western Asia,CME_MRY0T4: Under-five mortality rate,_T: Total,2019,26.1456212056599,,"D_PER_1000_B: Deaths per 1,000 live births",A: Normal value,,23.604904667264,29.5773289129413,,,,UN_IGME,,,,,,_T: Total
UNICEF:GLOBAL_DATAFLOW(1.0): Cross-sector indicators,UNSDG_WESTERNASIANORTHERNAFR: Northern Africa and Western Asia,CME_MRY0T4: Under-five mortality rate,_T: Total,2020,25.4633072795429,,"D_PER_1000_B: Deaths per 1,000 live births",A: Normal value,,22.7535278292143,29.2564348822094,,,,UN_IGME,,,,,,_T: Total
UNICEF:GLOBAL_DATAFLOW(1.0): Cross-sector indicators,UNSDG_WESTERNASIANORTHERNAFR: Northern Africa and Western Asia,CME_MRY0T4: Under-five mortality rate,_T: Total,2021,24.9602765979993,,"D_PER_1000_B: Deaths per 1,000 live births",A: Normal value,,22.0725078933416,29.1452451851553,,,,UN_IGME,,,,,,_T: Total
UNICEF:GLOBAL_DATAFLOW(1.0): Cross-sector indicators,UNSDG_WESTERNASIANORTHERNAFR: Northern Africa and Western Asia,CME_MRY0T4: Under-five mortality rate,_T: Total,2022,24.3767957144501,,"D_PER_1000_B: Deaths per 1,000 live births",A: Normal value,,21.3530176141206,28.972570626299,,,,UN_IGME,,,,,,_T: Total
UNICEF:GLOBAL_DATAFLOW(1.0): Cross-sector indicators,NOR: Norway,CME_MRY0T4: Under-five mortality rate,_T: Total,2018,2.45842118007591,,"D_PER_1000_B: Deaths per 1,000 live births",A: Normal value,,2.32459828945503,2.59787985437927,,,,UN_IGME,,,,,,_T: Total
UNICEF:GLOBAL_DATAFLOW(1.0): Cross-sector indicators,NOR: Norway,CME_MRY0T4: Under-five mortality rate,_T: Total,2019,2.40245293956825,,"D_PER_1000_B: Deaths per 1,000 live births",A: Normal value,,2.26537115490917,2.54308983066555,,,,UN_IGME,,,,,,_T: Total
UNICEF:GLOBAL_DATAFLOW(1.0): Cross-sector indicators,NOR: Norway,CME_MRY0T4: Under-five mortality rate,_T: Total,2020,2.36508156953188,,"D_PER_1000_B: Deaths per 1,000 live births",A: Normal value,,2.22821655461465,2.50692096203558,,,,UN_IGME,,,,,,_T: Total
UNICEF:GLOBAL_DATAFLOW(1.0): Cross-sector indicators,NOR: Norway,CME_MRY0T4: Under-five mortality rate,_T: Total,2021,2.34678220134879,,"D_PER_1000_B: Deaths per 1,000 live births",A: Normal value,,2.20394338663936,2.49717019515438,,,,UN_IGME,,,,,,_T: Total
UNICEF:GLOBAL_DATAFLOW(1.0): Cross-sector indicators,NOR: Norway,CME_MRY0T4: Under-five mortality rate,_T: Total,2022,2.34603968713035,,"D_PER_1000_B: Deaths per 1,000 live births",A: Normal value,,2.17794255290116,2.52467318506188,,,,UN_IGME,,,,,,_T: Total
UNICEF:GLOBAL_DATAFLOW(1.0): Cross-sector indicators,UNSDG_OCEANIA: Oceania,CME_MRY0T4: Under-five mortality rate,_T: Total,2018,21.7914126585365,,"D_PER_1000_B: Deaths per 1,000 live births",A: Normal value,,17.2578751222636,27.7037423507666,,,,UN_IGME,,,,,,_T: Total
UNICEF:GLOBAL_DATAFLOW(1.0): Cross-sector indicators,UNSDG_OCEANIA: Oceania,CME_MRY0T4: Under-five mortality rate,_T: Total,2019,21.4671352658253,,"D_PER_1000_B: Deaths per 1,000 live births",A: Normal value,,16.7077225678798,27.8855758823161,,,,UN_IGME,,,,,,_T: Total
UNICEF:GLOBAL_DATAFLOW(1.0): Cross-sector indicators,UNSDG_OCEANIA: Oceania,CME_MRY0T4: Under-five mortality rate,_T: Total,2020,21.2405806041857,,"D_PER_1000_B: Deaths per 1,000 live births",A: Normal value,,16.1624580719327,28.3179924862966,,,,UN_IGME,,,,,,_T: Total
UNICEF:GLOBAL_DATAFLOW(1.0): Cross-sector indicators,UNSDG_OCEANIA: Oceania,CME_MRY0T4: Under-five mortality rate,_T: Total,2021,20.5653519111272,,"D_PER_1000_B: Deaths per 1,000 live births",A: Normal value,,15.2963048233871,28.2112160829417,,,,UN_IGME,,,,,,_T: Total
UNICEF:GLOBAL_DATAFLOW(1.0): Cross-sector indicators,UNSDG_OCEANIA: Oceania,CME_MRY0T4: Under-five mortality rate,_T: Total,2022,19.954182989222,,"D_PER_1000_B: Deaths per 1,000 live births",A: Normal value,,14.5573636907062,28.0644978397286,,,,UN_IGME,,,,,,_T: Total
UNICEF:GLOBAL_DATAFLOW(1.0): Cross-sector indicators,"UNSDG_OCEANIAexAUSNZL: Oceania, excluding Australia and New Zealand",CME_MRY0T4: Under-five mortality rate,_T: Total,2018,42.5435321800666,,"D_PER_1000_B: Deaths per 1,000 live births",A: Normal value,,32.7271347723819,55.3390377260696,,,,UN_IGME,,,,,,_T: Total
UNICEF:GLOBAL_DATAFLOW(1.0): Cross-sector indicators,"UNSDG_OCEANIAexAUSNZL: Oceania, excluding Australia and New Zealand",CME_MRY0T4: Under-five mortality rate,_T: Total,2019,41.5539352059918,,"D_PER_1000_B: Deaths per 1,000 live births",A: Normal value,,31.3107071194678,55.3159450840894,,,,UN_IGME,,,,,,_T: Total
UNICEF:GLOBAL_DATAFLOW(1.0): Cross-sector indicators,"UNSDG_OCEANIAexAUSNZL: Oceania, excluding Australia and New Zealand",CME_MRY0T4: Under-five mortality rate,_T: Total,2020,40.441878921548,,"D_PER_1000_B: Deaths per 1,000 live births",A: Normal value,,29.7248647752577,55.3563608499981,,,,UN_IGME,,,,,,_T: Total
UNICEF:GLOBAL_DATAFLOW(1.0): Cross-sector indicators,"UNSDG_OCEANIAexAUSNZL: Oceania, excluding Australia and New Zealand",CME_MRY0T4: Under-five mortality rate,_T: Total,2021,39.3333556394285,,"D_PER_1000_B: Deaths per 1,000 live births",A: Normal value,,28.1251584164571,55.5745168249641,,,,UN_IGME,,,,,,_T: Total
UNICEF:GLOBAL_DATAFLOW(1.0): Cross-sector indicators,"UNSDG_OCEANIAexAUSNZL: Oceania, excluding Australia and New Zealand",CME_MRY0T4: Under-five mortality rate,_T: Total,2022,38.1661559916605,,"D_PER_1000_B: Deaths per 1,000 live births",A: Normal value,,26.6552417139253,55.4583421771479,,,,UN_IGME,,,,,,_T: Total
UNICEF:GLOBAL_DATAFLOW(1.0): Cross-sector indicators,OMN: Oman,CME_MRY0T4: Under-five mortality rate,_T: Total,2018,10.9357859004086,,"D_PER_1000_B: Deaths per 1,000 live births",A: Normal value,,10.4594094252063,11.4487671904696,,,,UN_IGME,,,,,,_T: Total
UNICEF:GLOBAL_DATAFLOW(1.0): Cross-sector indicators,OMN: Oman,CME_MRY0T4: Under-five mortality rate,_T: Total,2019,10.8271168906404,,"D_PER_1000_B: Deaths per 1,000 live births",A: Normal value,,10.2683974202989,11.4323924327053,,,,UN_IGME,,,,,,_T: Total
UNICEF:GLOBAL_DATAFLOW(1.0): Cross-sector indicators,OMN: Oman,CME_MRY0T4: Under-five mortality rate,_T: Total,2020,10.7220398474243,,"D_PER_1000_B: Deaths per 1,000 live births",A: Normal value,,10.0540859369115,11.4322719591442,,,,UN_IGME,,,,,,_T: Total
UNICEF:GLOBAL_DATAFLOW(1.0): Cross-sector indicators,OMN: Oman,CME_MRY0T4: Under-five mortality rate,_T: Total,2021,10.620546117633,,"D_PER_1000_B: Deaths per 1,000 live births",A: Normal value,,9.79115313122263,11.5019716310782,,,,UN_IGME,,,,,,_T: Total
UNICEF:GLOBAL_DATAFLOW(1.0): Cross-sector indicators,OMN: Oman,CME_MRY0T4: Under-five mortality rate,_T: Total,2022,10.5268208883459,,"D_PER_1000_B: Deaths per 1,000 live births",A: Normal value,,9.48705144787012,11.6314783820168,,,,UN_IGME,,,,,,_T: Total
UNICEF:GLOBAL_DATAFLOW(1.0): Cross-sector indicators,PAK: Pakistan,CME_MRY0T4: Under-five mortality rate,_T: Total,2018,68.7735471024342,,"D_PER_1000_B: Deaths per 1,000 live births",A: Normal value,,61.5708360378351,76.9724171561706,,,,UN_IGME,,,,,,_T: Total
UNICEF:GLOBAL_DATAFLOW(1.0): Cross-sector indicators,PAK: Pakistan,CME_MRY0T4: Under-five mortality rate,_T: Total,2019,66.6828667759701,,"D_PER_1000_B: Deaths per 1,000 live births",A: Normal value,,58.8307895471324,75.608200848883,,,,UN_IGME,,,,,,_T: Total
UNICEF:GLOBAL_DATAFLOW(1.0): Cross-sector indicators,PAK: Pakistan,CME_MRY0T4: Under-five mortality rate,_T: Total,2020,64.5757762501573,,"D_PER_1000_B: Deaths per 1,000 live births",A: Normal value,,56.0505507241937,74.3371023383776,,,,UN_IGME,,,,,,_T: Total
UNICEF:GLOBAL_DATAFLOW(1.0): Cross-sector indicators,PAK: Pakistan,CME_MRY0T4: Under-five mortality rate,_T: Total,2021,62.5069680103014,,"D_PER_1000_B: Deaths per 1,000 live births",A: Normal value,,53.3374189373237,73.1680002820335,,,,UN_IGME,,,,,,_T: Total
UNICEF:GLOBAL_DATAFLOW(1.0): Cross-sector indicators,PAK: Pakistan,CME_MRY0T4: Under-five mortality rate,_T: Total,2022,60.4630366680143,,"D_PER_1000_B: Deaths per 1,000 live births",A: Normal value,,50.4729477678007,72.3816772415157,,,,UN_IGME,,,,,,_T: Total
UNICEF:GLOBAL_DATAFLOW(1.0): Cross-sector indicators,PLW: Palau,CME_MRY0T4: Under-five mortality rate,_T: Total,2018,23.2296317052161,,"D_PER_1000_B: Deaths per 1,000 live births",A: Normal value,,15.1061329997317,34.5663512840845,,,,UN_IGME,,,,,,_T: Total
UNICEF:GLOBAL_DATAFLOW(1.0): Cross-sector indicators,PLW: Palau,CME_MRY0T4: Under-five mortality rate,_T: Total,2019,23.3762251758041,,"D_PER_1000_B: Deaths per 1,000 live births",A: Normal value,,14.7787127978713,35.563715268377,,,,UN_IGME,,,,,,_T: Total
UNICEF:GLOBAL_DATAFLOW(1.0): Cross-sector indicators,PLW: Palau,CME_MRY0T4: Under-five mortality rate,_T: Total,2020,23.2893216486304,,"D_PER_1000_B: Deaths per 1,000 live births",A: Normal value,,14.3712698094648,36.2028075399568,,,,UN_IGME,,,,,,_T: Total
UNICEF:GLOBAL_DATAFLOW(1.0): Cross-sector indicators,PLW: Palau,CME_MRY0T4: Under-five mortality rate,_T: Total,2021,23.0492044724559,,"D_PER_1000_B: Deaths per 1,000 live births",A: Normal value,,13.8091428073603,36.75345063612,,,,UN_IGME,,,,,,_T: Total
UNICEF:GLOBAL_DATAFLOW(1.0): Cross-sector indicators,PLW: Palau,CME_MRY0T4: Under-five mortality rate,_T: Total,2022,22.7329238451114,,"D_PER_1000_B: Deaths per 1,000 live births",A: Normal value,,13.1971001150805,37.0667687071741,,,,UN_IGME,,,,,,_T: Total
UNICEF:GLOBAL_DATAFLOW(1.0): Cross-sector indicators,PAN: Panama,CME_MRY0T4: Under-five mortality rate,_T: Total,2018,16.4775889654267,,"D_PER_1000_B: Deaths per 1,000 live births",A: Normal value,,16.1144408916047,16.8378424592748,,,,UN_IGME,,,,,,_T: Total
UNICEF:GLOBAL_DATAFLOW(1.0): Cross-sector indicators,PAN: Panama,CME_MRY0T4: Under-five mortality rate,_T: Total,2019,15.9237420457801,,"D_PER_1000_B: Deaths per 1,000 live births",A: Normal value,,15.5636170181838,16.2751280962116,,,,UN_IGME,,,,,,_T: Total
UNICEF:GLOBAL_DATAFLOW(1.0): Cross-sector indicators,PAN: Panama,CME_MRY0T4: Under-five mortality rate,_T: Total,2020,15.2295367469095,,"D_PER_1000_B: Deaths per 1,000 live births",A: Normal value,,14.8756815129201,15.5974789143515,,,,UN_IGME,,,,,,_T: Total
UNICEF:GLOBAL_DATAFLOW(1.0): Cross-sector indicators,PAN: Panama,CME_MRY0T4: Under-five mortality rate,_T: Total,2021,14.5204203536424,,"D_PER_1000_B: Deaths per 1,000 live births",A: Normal value,,14.1162859836947,14.9500016755504,,,,UN_IGME,,,,,,_T: Total
UNICEF:GLOBAL_DATAFLOW(1.0): Cross-sector indicators,PAN: Panama,CME_MRY0T4: Under-five mortality rate,_T: Total,2022,13.8758412787615,,"D_PER_1000_B: Deaths per 1,000 live births",A: Normal value,,13.3226552210134,14.4462056343116,,,,UN_IGME,,,,,,_T: Total
UNICEF:GLOBAL_DATAFLOW(1.0): Cross-sector indicators,PNG: Papua New Guinea,CME_MRY0T4: Under-five mortality rate,_T: Total,2018,47.2427275903644,,"D_PER_1000_B: Deaths per 1,000 live births",A: Normal value,,34.8082863320913,63.1339537814432,,,,UN_IGME,,,,,,_T: Total
UNICEF:GLOBAL_DATAFLOW(1.0): Cross-sector indicators,PNG: Papua New Guinea,CME_MRY0T4: Under-five mortality rate,_T: Total,2019,45.8507299695822,,"D_PER_1000_B: Deaths per 1,000 live births",A: Normal value,,32.9453732403338,62.9420748938644,,,,UN_IGME,,,,,,_T: Total
UNICEF:GLOBAL_DATAFLOW(1.0): Cross-sector indicators,PNG: Papua New Guinea,CME_MRY0T4: Under-five mortality rate,_T: Total,2020,44.462718170719,,"D_PER_1000_B: Deaths per 1,000 live births",A: Normal value,,31.0547668867945,63.0732800584293,,,,UN_IGME,,,,,,_T: Total
UNICEF:GLOBAL_DATAFLOW(1.0): Cross-sector indicators,PNG: Papua New Guinea,CME_MRY0T4: Under-five mortality rate,_T: Total,2021,43.0902428385873,,"D_PER_1000_B: Deaths per 1,000 live births",A: Normal value,,29.0915106834968,63.1854629347641,,,,UN_IGME,,,,,,_T: Total
UNICEF:GLOBAL_DATAFLOW(1.0): Cross-sector indicators,PNG: Papua New Guinea,CME_MRY0T4: Under-five mortality rate,_T: Total,2022,41.6744833239691,,"D_PER_1000_B: Deaths per 1,000 live births",A: Normal value,,27.2939458672244,63.0050797928704,,,,UN_IGME,,,,,,_T: Total
UNICEF:GLOBAL_DATAFLOW(1.0): Cross-sector indicators,PRY: Paraguay,CME_MRY0T4: Under-five mortality rate,_T: Total,2018,20.0715849369252,,"D_PER_1000_B: Deaths per 1,000 live births",A: Normal value,,10.866849748449,37.7720621915313,,,,UN_IGME,,,,,,_T: Total
UNICEF:GLOBAL_DATAFLOW(1.0): Cross-sector indicators,PRY: Paraguay,CME_MRY0T4: Under-five mortality rate,_T: Total,2019,19.3999265477977,,"D_PER_1000_B: Deaths per 1,000 live births",A: Normal value,,10.2566213745685,37.4599195741119,,,,UN_IGME,,,,,,_T: Total
UNICEF:GLOBAL_DATAFLOW(1.0): Cross-sector indicators,PRY: Paraguay,CME_MRY0T4: Under-five mortality rate,_T: Total,2020,18.826340595705,,"D_PER_1000_B: Deaths per 1,000 live births",A: Normal value,,9.68825752355677,37.2176957283297,,,,UN_IGME,,,,,,_T: Total
UNICEF:GLOBAL_DATAFLOW(1.0): Cross-sector indicators,PRY: Paraguay,CME_MRY0T4: Under-five mortality rate,_T: Total,2021,18.1928642973611,,"D_PER_1000_B: Deaths per 1,000 live births",A: Normal value,,9.15860478524716,36.8884497091645,,,,UN_IGME,,,,,,_T: Total
UNICEF:GLOBAL_DATAFLOW(1.0): Cross-sector indicators,PRY: Paraguay,CME_MRY0T4: Under-five mortality rate,_T: Total,2022,17.5726602975066,,"D_PER_1000_B: Deaths per 1,000 live births",A: Normal value,,8.66243041586127,36.7421316548054,,,,UN_IGME,,,,,,_T: Total
UNICEF:GLOBAL_DATAFLOW(1.0): Cross-sector indicators,PER: Peru,CME_MRY0T4: Under-five mortality rate,_T: Total,2018,16.9336632199896,,"D_PER_1000_B: Deaths per 1,000 live births",A: Normal value,,14.9108121567051,19.2327355973293,,,,UN_IGME,,,,,,_T: Total
UNICEF:GLOBAL_DATAFLOW(1.0): Cross-sector indicators,PER: Peru,CME_MRY0T4: Under-five mortality rate,_T: Total,2019,16.7943705250247,,"D_PER_1000_B: Deaths per 1,000 live births",A: Normal value,,14.4198229149335,19.5782686696484,,,,UN_IGME,,,,,,_T: Total
UNICEF:GLOBAL_DATAFLOW(1.0): Cross-sector indicators,PER: Peru,CME_MRY0T4: Under-five mortality rate,_T: Total,2020,16.627978198764,,"D_PER_1000_B: Deaths per 1,000 live births",A: Normal value,,13.8888171757662,20.0104858190748,,,,UN_IGME,,,,,,_T: Total
UNICEF:GLOBAL_DATAFLOW(1.0): Cross-sector indicators,PER: Peru,CME_MRY0T4: Under-five mortality rate,_T: Total,2021,16.3863489512017,,"D_PER_1000_B: Deaths per 1,000 live births",A: Normal value,,13.3021398870448,20.4816998525646,,,,UN_IGME,,,,,,_T: Total
UNICEF:GLOBAL_DATAFLOW(1.0): Cross-sector indicators,PER: Peru,CME_MRY0T4: Under-five mortality rate,_T: Total,2022,16.1336852710895,,"D_PER_1000_B: Deaths per 1,000 live births",A: Normal value,,12.7252421771872,20.8659484007297,,,,UN_IGME,,,,,,_T: Total
UNICEF:GLOBAL_DATAFLOW(1.0): Cross-sector indicators,PHL: Philippines,CME_MRY0T4: Under-five mortality rate,_T: Total,2018,27.9145762710644,,"D_PER_1000_B: Deaths per 1,000 live births",A: Normal value,,24.0190295435182,32.5534694407798,,,,UN_IGME,,,,,,_T: Total
UNICEF:GLOBAL_DATAFLOW(1.0): Cross-sector indicators,PHL: Philippines,CME_MRY0T4: Under-five mortality rate,_T: Total,2019,27.9680958757483,,"D_PER_1000_B: Deaths per 1,000 live births",A: Normal value,,23.5713106900706,33.470198340509,,,,UN_IGME,,,,,,_T: Total
UNICEF:GLOBAL_DATAFLOW(1.0): Cross-sector indicators,PHL: Philippines,CME_MRY0T4: Under-five mortality rate,_T: Total,2020,27.9388111304591,,"D_PER_1000_B: Deaths per 1,000 live births",A: Normal value,,23.006638946372,34.3747162012267,,,,UN_IGME,,,,,,_T: Total
UNICEF:GLOBAL_DATAFLOW(1.0): Cross-sector indicators,PHL: Philippines,CME_MRY0T4: Under-five mortality rate,_T: Total,2021,27.6913756511003,,"D_PER_1000_B: Deaths per 1,000 live births",A: Normal value,,22.3292031565746,34.9569184316367,,,,UN_IGME,,,,,,_T: Total
UNICEF:GLOBAL_DATAFLOW(1.0): Cross-sector indicators,PHL: Philippines,CME_MRY0T4: Under-five mortality rate,_T: Total,2022,27.3486338011652,,"D_PER_1000_B: Deaths per 1,000 live births",A: Normal value,,21.4765293186576,35.4755546134653,,,,UN_IGME,,,,,,_T: Total
UNICEF:GLOBAL_DATAFLOW(1.0): Cross-sector indicators,POL: Poland,CME_MRY0T4: Under-five mortality rate,_T: Total,2018,4.5327281995272,,"D_PER_1000_B: Deaths per 1,000 live births",A: Normal value,,4.44187847453648,4.62349210029476,,,,UN_IGME,,,,,,_T: Total
UNICEF:GLOBAL_DATAFLOW(1.0): Cross-sector indicators,POL: Poland,CME_MRY0T4: Under-five mortality rate,_T: Total,2019,4.44318782445383,,"D_PER_1000_B: Deaths per 1,000 live births",A: Normal value,,4.3483831996281,4.53911899067801,,,,UN_IGME,,,,,,_T: Total
UNICEF:GLOBAL_DATAFLOW(1.0): Cross-sector indicators,POL: Poland,CME_MRY0T4: Under-five mortality rate,_T: Total,2020,4.39175833528636,,"D_PER_1000_B: Deaths per 1,000 live births",A: Normal value,,4.29934199211142,4.48752516515783,,,,UN_IGME,,,,,,_T: Total
UNICEF:GLOBAL_DATAFLOW(1.0): Cross-sector indicators,POL: Poland,CME_MRY0T4: Under-five mortality rate,_T: Total,2021,4.37112707421755,,"D_PER_1000_B: Deaths per 1,000 live births",A: Normal value,,4.27741312425753,4.46717559323938,,,,UN_IGME,,,,,,_T: Total
UNICEF:GLOBAL_DATAFLOW(1.0): Cross-sector indicators,POL: Poland,CME_MRY0T4: Under-five mortality rate,_T: Total,2022,4.36326399291714,,"D_PER_1000_B: Deaths per 1,000 live births",A: Normal value,,4.25699032350064,4.47069025474707,,,,UN_IGME,,,,,,_T: Total
UNICEF:GLOBAL_DATAFLOW(1.0): Cross-sector indicators,PRT: Portugal,CME_MRY0T4: Under-five mortality rate,_T: Total,2018,3.53043482362558,,"D_PER_1000_B: Deaths per 1,000 live births",A: Normal value,,3.38979022776851,3.67926806901007,,,,UN_IGME,,,,,,_T: Total
UNICEF:GLOBAL_DATAFLOW(1.0): Cross-sector indicators,PRT: Portugal,CME_MRY0T4: Under-five mortality rate,_T: Total,2019,3.45540076546249,,"D_PER_1000_B: Deaths per 1,000 live births",A: Normal value,,3.3140654191898,3.60370650012748,,,,UN_IGME,,,,,,_T: Total
UNICEF:GLOBAL_DATAFLOW(1.0): Cross-sector indicators,PRT: Portugal,CME_MRY0T4: Under-five mortality rate,_T: Total,2020,3.37165174644518,,"D_PER_1000_B: Deaths per 1,000 live births",A: Normal value,,3.23177235771219,3.51761688232903,,,,UN_IGME,,,,,,_T: Total
UNICEF:GLOBAL_DATAFLOW(1.0): Cross-sector indicators,PRT: Portugal,CME_MRY0T4: Under-five mortality rate,_T: Total,2021,3.28997390683385,,"D_PER_1000_B: Deaths per 1,000 live births",A: Normal value,,3.14480104339762,3.44259895698946,,,,UN_IGME,,,,,,_T: Total
UNICEF:GLOBAL_DATAFLOW(1.0): Cross-sector indicators,PRT: Portugal,CME_MRY0T4: Under-five mortality rate,_T: Total,2022,3.22070458693661,,"D_PER_1000_B: Deaths per 1,000 live births",A: Normal value,,3.05350644127289,3.3936035125406,,,,UN_IGME,,,,,,_T: Total
UNICEF:GLOBAL_DATAFLOW(1.0): Cross-sector indicators,QAT: Qatar,CME_MRY0T4: Under-five mortality rate,_T: Total,2018,6.91239858352164,,"D_PER_1000_B: Deaths per 1,000 live births",A: Normal value,,6.60043258807487,7.24607921234317,,"The most recent official national estimates of neonatal, infant and under-five mortality rates in Qatar are from the vital registration system, with a rate of 3.6, 5.0 and 6.4 deaths per 1,000 live births for both sexes, respectively, in 2021.",,UN_IGME,,,,,,_T: Total
UNICEF:GLOBAL_DATAFLOW(1.0): Cross-sector indicators,QAT: Qatar,CME_MRY0T4: Under-five mortality rate,_T: Total,2019,6.651090118965,,"D_PER_1000_B: Deaths per 1,000 live births",A: Normal value,,6.34147081782804,6.96988496118697,,"The most recent official national estimates of neonatal, infant and under-five mortality rates in Qatar are from the vital registration system, with a rate of 3.6, 5.0 and 6.4 deaths per 1,000 live births for both sexes, respectively, in 2021.",,UN_IGME,,,,,,_T: Total
UNICEF:GLOBAL_DATAFLOW(1.0): Cross-sector indicators,QAT: Qatar,CME_MRY0T4: Under-five mortality rate,_T: Total,2020,6.43717439304629,,"D_PER_1000_B: Deaths per 1,000 live births",A: Normal value,,6.13081213111492,6.75104155660653,,"The most recent official national estimates of neonatal, infant and under-five mortality rates in Qatar are from the vital registration system, with a rate of 3.6, 5.0 and 6.4 deaths per 1,000 live births for both sexes, respectively, in 2021.",,UN_IGME,,,,,,_T: Total
UNICEF:GLOBAL_DATAFLOW(1.0): Cross-sector indicators,QAT: Qatar,CME_MRY0T4: Under-five mortality rate,_T: Total,2021,6.26707118366948,,"D_PER_1000_B: Deaths per 1,000 live births",A: Normal value,,5.94538206549392,6.6030647883935,,"The most recent official national estimates of neonatal, infant and under-five mortality rates in Qatar are from the vital registration system, with a rate of 3.6, 5.0 and 6.4 deaths per 1,000 live births for both sexes, respectively, in 2021.",,UN_IGME,,,,,,_T: Total
UNICEF:GLOBAL_DATAFLOW(1.0): Cross-sector indicators,QAT: Qatar,CME_MRY0T4: Under-five mortality rate,_T: Total,2022,6.12905747198661,,"D_PER_1000_B: Deaths per 1,000 live births",A: Normal value,,5.75508000459468,6.53833390079768,,"The most recent official national estimates of neonatal, infant and under-five mortality rates in Qatar are from the vital registration system, with a rate of 3.6, 5.0 and 6.4 deaths per 1,000 live births for both sexes, respectively, in 2021.",,UN_IGME,,,,,,_T: Total
UNICEF:GLOBAL_DATAFLOW(1.0): Cross-sector indicators,KOR: Republic of Korea,CME_MRY0T4: Under-five mortality rate,_T: Total,2018,3.23165545721146,,"D_PER_1000_B: Deaths per 1,000 live births",A: Normal value,,3.15924962274562,3.30783236324933,,,,UN_IGME,,,,,,_T: Total
UNICEF:GLOBAL_DATAFLOW(1.0): Cross-sector indicators,KOR: Republic of Korea,CME_MRY0T4: Under-five mortality rate,_T: Total,2019,3.13468365269099,,"D_PER_1000_B: Deaths per 1,000 live births",A: Normal value,,3.06045281673679,3.21085858671815,,,,UN_IGME,,,,,,_T: Total
UNICEF:GLOBAL_DATAFLOW(1.0): Cross-sector indicators,KOR: Republic of Korea,CME_MRY0T4: Under-five mortality rate,_T: Total,2020,3.03479198094647,,"D_PER_1000_B: Deaths per 1,000 live births",A: Normal value,,2.95810661083934,3.11484601918719,,,,UN_IGME,,,,,,_T: Total
UNICEF:GLOBAL_DATAFLOW(1.0): Cross-sector indicators,KOR: Republic of Korea,CME_MRY0T4: Under-five mortality rate,_T: Total,2021,2.9387543997093,,"D_PER_1000_B: Deaths per 1,000 live births",A: Normal value,,2.84639792023794,3.03109846560296,,,,UN_IGME,,,,,,_T: Total
UNICEF:GLOBAL_DATAFLOW(1.0): Cross-sector indicators,KOR: Republic of Korea,CME_MRY0T4: Under-five mortality rate,_T: Total,2022,2.84745655776611,,"D_PER_1000_B: Deaths per 1,000 live births",A: Normal value,,2.72587389358997,2.9781771069763,,,,UN_IGME,,,,,,_T: Total
UNICEF:GLOBAL_DATAFLOW(1.0): Cross-sector indicators,MDA: Republic of Moldova,CME_MRY0T4: Under-five mortality rate,_T: Total,2018,15.0647885776212,,"D_PER_1000_B: Deaths per 1,000 live births",A: Normal value,,11.9990063987627,18.4305356190411,,,,UN_IGME,,,,,,_T: Total
UNICEF:GLOBAL_DATAFLOW(1.0): Cross-sector indicators,MDA: Republic of Moldova,CME_MRY0T4: Under-five mortality rate,_T: Total,2019,14.992520408115,,"D_PER_1000_B: Deaths per 1,000 live births",A: Normal value,,11.9190893400124,18.2727411482108,,,,UN_IGME,,,,,,_T: Total
UNICEF:GLOBAL_DATAFLOW(1.0): Cross-sector indicators,MDA: Republic of Moldova,CME_MRY0T4: Under-five mortality rate,_T: Total,2020,14.9274092664875,,"D_PER_1000_B: Deaths per 1,000 live births",A: Normal value,,11.869587886745,18.196041154746,,,,UN_IGME,,,,,,_T: Total
UNICEF:GLOBAL_DATAFLOW(1.0): Cross-sector indicators,MDA: Republic of Moldova,CME_MRY0T4: Under-five mortality rate,_T: Total,2021,14.8439395635389,,"D_PER_1000_B: Deaths per 1,000 live births",A: Normal value,,11.7996132016278,18.36744872311,,,,UN_IGME,,,,,,_T: Total
UNICEF:GLOBAL_DATAFLOW(1.0): Cross-sector indicators,MDA: Republic of Moldova,CME_MRY0T4: Under-five mortality rate,_T: Total,2022,14.7669163908374,,"D_PER_1000_B: Deaths per 1,000 live births",A: Normal value,,11.6284978281713,18.9478705744507,,,,UN_IGME,,,,,,_T: Total
UNICEF:GLOBAL_DATAFLOW(1.0): Cross-sector indicators,ROU: Romania,CME_MRY0T4: Under-five mortality rate,_T: Total,2018,7.25426657710869,,"D_PER_1000_B: Deaths per 1,000 live births",A: Normal value,,7.08547193419063,7.42659391461067,,,,UN_IGME,,,,,,_T: Total
UNICEF:GLOBAL_DATAFLOW(1.0): Cross-sector indicators,ROU: Romania,CME_MRY0T4: Under-five mortality rate,_T: Total,2019,6.78657124353362,,"D_PER_1000_B: Deaths per 1,000 live births",A: Normal value,,6.60435102672852,6.97140818910312,,,,UN_IGME,,,,,,_T: Total
UNICEF:GLOBAL_DATAFLOW(1.0): Cross-sector indicators,ROU: Romania,CME_MRY0T4: Under-five mortality rate,_T: Total,2020,6.56951099028207,,"D_PER_1000_B: Deaths per 1,000 live births",A: Normal value,,6.400824165491,6.74235427030346,,,,UN_IGME,,,,,,_T: Total
UNICEF:GLOBAL_DATAFLOW(1.0): Cross-sector indicators,ROU: Romania,CME_MRY0T4: Under-five mortality rate,_T: Total,2021,6.5443070464092,,"D_PER_1000_B: Deaths per 1,000 live births",A: Normal value,,6.36003812163983,6.7373603428665,,,,UN_IGME,,,,,,_T: Total
UNICEF:GLOBAL_DATAFLOW(1.0): Cross-sector indicators,ROU: Romania,CME_MRY0T4: Under-five mortality rate,_T: Total,2022,6.5919597755177,,"D_PER_1000_B: Deaths per 1,000 live births",A: Normal value,,6.39846673924885,6.80088352656773,,,,UN_IGME,,,,,,_T: Total
UNICEF:GLOBAL_DATAFLOW(1.0): Cross-sector indicators,RUS: Russian Federation,CME_MRY0T4: Under-five mortality rate,_T: Total,2018,6.331894432206,,"D_PER_1000_B: Deaths per 1,000 live births",A: Normal value,,6.20822964353744,6.4600654963609,,,,UN_IGME,,,,,,_T: Total
UNICEF:GLOBAL_DATAFLOW(1.0): Cross-sector indicators,RUS: Russian Federation,CME_MRY0T4: Under-five mortality rate,_T: Total,2019,5.83802378799733,,"D_PER_1000_B: Deaths per 1,000 live births",A: Normal value,,5.70561841075165,5.97033270829217,,,,UN_IGME,,,,,,_T: Total
UNICEF:GLOBAL_DATAFLOW(1.0): Cross-sector indicators,RUS: Russian Federation,CME_MRY0T4: Under-five mortality rate,_T: Total,2020,5.41375376005337,,"D_PER_1000_B: Deaths per 1,000 live births",A: Normal value,,5.23833139521173,5.59060453972518,,,,UN_IGME,,,,,,_T: Total
UNICEF:GLOBAL_DATAFLOW(1.0): Cross-sector indicators,RUS: Russian Federation,CME_MRY0T4: Under-five mortality rate,_T: Total,2021,5.0508754811124,,"D_PER_1000_B: Deaths per 1,000 live births",A: Normal value,,4.80122868804528,5.31666288865116,,,,UN_IGME,,,,,,_T: Total
UNICEF:GLOBAL_DATAFLOW(1.0): Cross-sector indicators,RUS: Russian Federation,CME_MRY0T4: Under-five mortality rate,_T: Total,2022,4.74767219167666,,"D_PER_1000_B: Deaths per 1,000 live births",A: Normal value,,4.39018478553206,5.14125898329696,,,,UN_IGME,,,,,,_T: Total
UNICEF:GLOBAL_DATAFLOW(1.0): Cross-sector indicators,RWA: Rwanda,CME_MRY0T4: Under-five mortality rate,_T: Total,2018,44.333049067843,,"D_PER_1000_B: Deaths per 1,000 live births",A: Normal value,,36.3710881860933,53.6565253378543,,,,UN_IGME,,,,,,_T: Total
UNICEF:GLOBAL_DATAFLOW(1.0): Cross-sector indicators,RWA: Rwanda,CME_MRY0T4: Under-five mortality rate,_T: Total,2019,43.4427628094965,,"D_PER_1000_B: Deaths per 1,000 live births",A: Normal value,,35.5794249406932,52.8437065989585,,,,UN_IGME,,,,,,_T: Total
UNICEF:GLOBAL_DATAFLOW(1.0): Cross-sector indicators,RWA: Rwanda,CME_MRY0T4: Under-five mortality rate,_T: Total,2020,42.4623949453917,,"D_PER_1000_B: Deaths per 1,000 live births",A: Normal value,,34.8805951072718,51.6249328335833,,,,UN_IGME,,,,,,_T: Total
UNICEF:GLOBAL_DATAFLOW(1.0): Cross-sector indicators,RWA: Rwanda,CME_MRY0T4: Under-five mortality rate,_T: Total,2021,41.5807978184555,,"D_PER_1000_B: Deaths per 1,000 live births",A: Normal value,,34.0212577381492,50.4031969583611,,,,UN_IGME,,,,,,_T: Total
UNICEF:GLOBAL_DATAFLOW(1.0): Cross-sector indicators,RWA: Rwanda,CME_MRY0T4: Under-five mortality rate,_T: Total,2022,40.8223984074209,,"D_PER_1000_B: Deaths per 1,000 live births",A: Normal value,,32.8459210079025,50.455239129557,,,,UN_IGME,,,,,,_T: Total
UNICEF:GLOBAL_DATAFLOW(1.0): Cross-sector indicators,KNA: Saint Kitts and Nevis,CME_MRY0T4: Under-five mortality rate,_T: Total,2018,18.624693976208,,"D_PER_1000_B: Deaths per 1,000 live births",A: Normal value,,13.8845187354019,24.8760675823023,,,,UN_IGME,,,,,,_T: Total
UNICEF:GLOBAL_DATAFLOW(1.0): Cross-sector indicators,KNA: Saint Kitts and Nevis,CME_MRY0T4: Under-five mortality rate,_T: Total,2019,18.2255215938583,,"D_PER_1000_B: Deaths per 1,000 live births",A: Normal value,,13.144072901173,25.1234446876088,,,,UN_IGME,,,,,,_T: Total
UNICEF:GLOBAL_DATAFLOW(1.0): Cross-sector indicators,KNA: Saint Kitts and Nevis,CME_MRY0T4: Under-five mortality rate,_T: Total,2020,17.7372703715559,,"D_PER_1000_B: Deaths per 1,000 live births",A: Normal value,,12.4406621821626,25.3345773055446,,,,UN_IGME,,,,,,_T: Total
UNICEF:GLOBAL_DATAFLOW(1.0): Cross-sector indicators,KNA: Saint Kitts and Nevis,CME_MRY0T4: Under-five mortality rate,_T: Total,2021,17.2357464470763,,"D_PER_1000_B: Deaths per 1,000 live births",A: Normal value,,11.7123099258508,25.4304879487105,,,,UN_IGME,,,,,,_T: Total
UNICEF:GLOBAL_DATAFLOW(1.0): Cross-sector indicators,KNA: Saint Kitts and Nevis,CME_MRY0T4: Under-five mortality rate,_T: Total,2022,16.7530136473449,,"D_PER_1000_B: Deaths per 1,000 live births",A: Normal value,,11.0143772839349,25.4686570976045,,,,UN_IGME,,,,,,_T: Total
UNICEF:GLOBAL_DATAFLOW(1.0): Cross-sector indicators,LCA: Saint Lucia,CME_MRY0T4: Under-five mortality rate,_T: Total,2018,16.7452339237476,,"D_PER_1000_B: Deaths per 1,000 live births",A: Normal value,,15.1923437904047,18.4037944173756,,,,UN_IGME,,,,,,_T: Total
UNICEF:GLOBAL_DATAFLOW(1.0): Cross-sector indicators,LCA: Saint Lucia,CME_MRY0T4: Under-five mortality rate,_T: Total,2019,16.5107676027142,,"D_PER_1000_B: Deaths per 1,000 live births",A: Normal value,,14.8079852991568,18.3681162837047,,,,UN_IGME,,,,,,_T: Total
UNICEF:GLOBAL_DATAFLOW(1.0): Cross-sector indicators,LCA: Saint Lucia,CME_MRY0T4: Under-five mortality rate,_T: Total,2020,16.2726986542466,,"D_PER_1000_B: Deaths per 1,000 live births",A: Normal value,,14.4156970962411,18.3114245605263,,,,UN_IGME,,,,,,_T: Total
UNICEF:GLOBAL_DATAFLOW(1.0): Cross-sector indicators,LCA: Saint Lucia,CME_MRY0T4: Under-five mortality rate,_T: Total,2021,16.0262838949353,,"D_PER_1000_B: Deaths per 1,000 live births",A: Normal value,,14.020824564444,18.3081021145694,,,,UN_IGME,,,,,,_T: Total
UNICEF:GLOBAL_DATAFLOW(1.0): Cross-sector indicators,LCA: Saint Lucia,CME_MRY0T4: Under-five mortality rate,_T: Total,2022,15.7798573494569,,"D_PER_1000_B: Deaths per 1,000 live births",A: Normal value,,13.6209154537704,18.2890648333559,,,,UN_IGME,,,,,,_T: Total
UNICEF:GLOBAL_DATAFLOW(1.0): Cross-sector indicators,VCT: Saint Vincent and the Grenadines,CME_MRY0T4: Under-five mortality rate,_T: Total,2018,13.9364444438846,,"D_PER_1000_B: Deaths per 1,000 live births",A: Normal value,,12.222565066442,15.8840331407511,,,,UN_IGME,,,,,,_T: Total
UNICEF:GLOBAL_DATAFLOW(1.0): Cross-sector indicators,VCT: Saint Vincent and the Grenadines,CME_MRY0T4: Under-five mortality rate,_T: Total,2019,13.0599487935109,,"D_PER_1000_B: Deaths per 1,000 live births",A: Normal value,,11.204628636176,15.2248375057183,,,,UN_IGME,,,,,,_T: Total
UNICEF:GLOBAL_DATAFLOW(1.0): Cross-sector indicators,VCT: Saint Vincent and the Grenadines,CME_MRY0T4: Under-five mortality rate,_T: Total,2020,12.3065716571677,,"D_PER_1000_B: Deaths per 1,000 live births",A: Normal value,,10.3049752563188,14.7227932493831,,,,UN_IGME,,,,,,_T: Total
UNICEF:GLOBAL_DATAFLOW(1.0): Cross-sector indicators,VCT: Saint Vincent and the Grenadines,CME_MRY0T4: Under-five mortality rate,_T: Total,2021,11.6550347604234,,"D_PER_1000_B: Deaths per 1,000 live births",A: Normal value,,9.49976975002973,14.3438539075053,,,,UN_IGME,,,,,,_T: Total
UNICEF:GLOBAL_DATAFLOW(1.0): Cross-sector indicators,VCT: Saint Vincent and the Grenadines,CME_MRY0T4: Under-five mortality rate,_T: Total,2022,11.1153812896981,,"D_PER_1000_B: Deaths per 1,000 live births",A: Normal value,,8.77411860219344,14.0602458130069,,,,UN_IGME,,,,,,_T: Total
UNICEF:GLOBAL_DATAFLOW(1.0): Cross-sector indicators,WSM: Samoa,CME_MRY0T4: Under-five mortality rate,_T: Total,2018,17.8223828375108,,"D_PER_1000_B: Deaths per 1,000 live births",A: Normal value,,13.6519864872637,23.5003539625004,,,,UN_IGME,,,,,,_T: Total
UNICEF:GLOBAL_DATAFLOW(1.0): Cross-sector indicators,WSM: Samoa,CME_MRY0T4: Under-five mortality rate,_T: Total,2019,20.2292945234498,,"D_PER_1000_B: Deaths per 1,000 live births",A: Normal value,,15.0378557814395,27.5509230370553,,,,UN_IGME,,,,,,_T: Total
UNICEF:GLOBAL_DATAFLOW(1.0): Cross-sector indicators,WSM: Samoa,CME_MRY0T4: Under-five mortality rate,_T: Total,2020,17.0307746375751,,"D_PER_1000_B: Deaths per 1,000 live births",A: Normal value,,12.2836628587516,23.8859688490648,,,,UN_IGME,,,,,,_T: Total
UNICEF:GLOBAL_DATAFLOW(1.0): Cross-sector indicators,WSM: Samoa,CME_MRY0T4: Under-five mortality rate,_T: Total,2021,16.5954355928125,,"D_PER_1000_B: Deaths per 1,000 live births",A: Normal value,,11.6462824031532,23.8945654811496,,,,UN_IGME,,,,,,_T: Total
UNICEF:GLOBAL_DATAFLOW(1.0): Cross-sector indicators,WSM: Samoa,CME_MRY0T4: Under-five mortality rate,_T: Total,2022,16.1639141091103,,"D_PER_1000_B: Deaths per 1,000 live births",A: Normal value,,10.9986877762485,23.9115399200588,,,,UN_IGME,,,,,,_T: Total
UNICEF:GLOBAL_DATAFLOW(1.0): Cross-sector indicators,SMR: San Marino,CME_MRY0T4: Under-five mortality rate,_T: Total,2018,1.74919680513394,,"D_PER_1000_B: Deaths per 1,000 live births",A: Normal value,,0.914629581564893,3.32194156194028,,,,UN_IGME,,,,,,_T: Total
UNICEF:GLOBAL_DATAFLOW(1.0): Cross-sector indicators,SMR: San Marino,CME_MRY0T4: Under-five mortality rate,_T: Total,2019,1.67082036527774,,"D_PER_1000_B: Deaths per 1,000 live births",A: Normal value,,0.852683135312192,3.26544166145412,,,,UN_IGME,,,,,,_T: Total
UNICEF:GLOBAL_DATAFLOW(1.0): Cross-sector indicators,SMR: San Marino,CME_MRY0T4: Under-five mortality rate,_T: Total,2020,1.60469256456949,,"D_PER_1000_B: Deaths per 1,000 live births",A: Normal value,,0.79923153820845,3.23041645040237,,,,UN_IGME,,,,,,_T: Total
UNICEF:GLOBAL_DATAFLOW(1.0): Cross-sector indicators,SMR: San Marino,CME_MRY0T4: Under-five mortality rate,_T: Total,2021,1.54005840355056,,"D_PER_1000_B: Deaths per 1,000 live births",A: Normal value,,0.754286305630135,3.18201117453519,,,,UN_IGME,,,,,,_T: Total
UNICEF:GLOBAL_DATAFLOW(1.0): Cross-sector indicators,SMR: San Marino,CME_MRY0T4: Under-five mortality rate,_T: Total,2022,1.47926187584696,,"D_PER_1000_B: Deaths per 1,000 live births",A: Normal value,,0.707555895863486,3.13549216781283,,,,UN_IGME,,,,,,_T: Total
UNICEF:GLOBAL_DATAFLOW(1.0): Cross-sector indicators,STP: Sao Tome and Principe,CME_MRY0T4: Under-five mortality rate,_T: Total,2018,18.1031927322539,,"D_PER_1000_B: Deaths per 1,000 live births",A: Normal value,,11.3909728208772,29.0537504771687,,,,UN_IGME,,,,,,_T: Total
UNICEF:GLOBAL_DATAFLOW(1.0): Cross-sector indicators,STP: Sao Tome and Principe,CME_MRY0T4: Under-five mortality rate,_T: Total,2019,17.0012993570264,,"D_PER_1000_B: Deaths per 1,000 live births",A: Normal value,,10.394293251122,28.1425618162017,,,,UN_IGME,,,,,,_T: Total
UNICEF:GLOBAL_DATAFLOW(1.0): Cross-sector indicators,STP: Sao Tome and Principe,CME_MRY0T4: Under-five mortality rate,_T: Total,2020,16.0498758861481,,"D_PER_1000_B: Deaths per 1,000 live births",A: Normal value,,9.5614783773738,27.3157134927065,,,,UN_IGME,,,,,,_T: Total
UNICEF:GLOBAL_DATAFLOW(1.0): Cross-sector indicators,STP: Sao Tome and Principe,CME_MRY0T4: Under-five mortality rate,_T: Total,2021,15.2570186402025,,"D_PER_1000_B: Deaths per 1,000 live births",A: Normal value,,8.8894513002318,26.7323650341262,,,,UN_IGME,,,,,,_T: Total
UNICEF:GLOBAL_DATAFLOW(1.0): Cross-sector indicators,STP: Sao Tome and Principe,CME_MRY0T4: Under-five mortality rate,_T: Total,2022,14.5767572276727,,"D_PER_1000_B: Deaths per 1,000 live births",A: Normal value,,8.28378193092867,26.116476790049,,,,UN_IGME,,,,,,_T: Total
UNICEF:GLOBAL_DATAFLOW(1.0): Cross-sector indicators,SAU: Saudi Arabia,CME_MRY0T4: Under-five mortality rate,_T: Total,2018,7.61334527087437,,"D_PER_1000_B: Deaths per 1,000 live births",A: Normal value,,6.15349019983334,9.54827465267368,,,,UN_IGME,,,,,,_T: Total
UNICEF:GLOBAL_DATAFLOW(1.0): Cross-sector indicators,SAU: Saudi Arabia,CME_MRY0T4: Under-five mortality rate,_T: Total,2019,7.24987665941087,,"D_PER_1000_B: Deaths per 1,000 live births",A: Normal value,,5.73738927638359,9.32792532926436,,,,UN_IGME,,,,,,_T: Total
UNICEF:GLOBAL_DATAFLOW(1.0): Cross-sector indicators,SAU: Saudi Arabia,CME_MRY0T4: Under-five mortality rate,_T: Total,2020,6.93274116022603,,"D_PER_1000_B: Deaths per 1,000 live births",A: Normal value,,5.32931275928536,9.1756105527765,,,,UN_IGME,,,,,,_T: Total
UNICEF:GLOBAL_DATAFLOW(1.0): Cross-sector indicators,SAU: Saudi Arabia,CME_MRY0T4: Under-five mortality rate,_T: Total,2021,6.64867279244716,,"D_PER_1000_B: Deaths per 1,000 live births",A: Normal value,,4.9592213888863,9.02290216228308,,,,UN_IGME,,,,,,_T: Total
UNICEF:GLOBAL_DATAFLOW(1.0): Cross-sector indicators,SAU: Saudi Arabia,CME_MRY0T4: Under-five mortality rate,_T: Total,2022,6.39952838052349,,"D_PER_1000_B: Deaths per 1,000 live births",A: Normal value,,4.64510526834421,8.96106509480288,,,,UN_IGME,,,,,,_T: Total
UNICEF:GLOBAL_DATAFLOW(1.0): Cross-sector indicators,SEN: Senegal,CME_MRY0T4: Under-five mortality rate,_T: Total,2018,48.1574800820078,,"D_PER_1000_B: Deaths per 1,000 live births",A: Normal value,,43.8688351091863,53.1286856621237,,,,UN_IGME,,,,,,_T: Total
UNICEF:GLOBAL_DATAFLOW(1.0): Cross-sector indicators,SEN: Senegal,CME_MRY0T4: Under-five mortality rate,_T: Total,2019,46.4585770425538,,"D_PER_1000_B: Deaths per 1,000 live births",A: Normal value,,41.8917114507211,51.7851829579125,,,,UN_IGME,,,,,,_T: Total
UNICEF:GLOBAL_DATAFLOW(1.0): Cross-sector indicators,SEN: Senegal,CME_MRY0T4: Under-five mortality rate,_T: Total,2020,44.551523648059,,"D_PER_1000_B: Deaths per 1,000 live births",A: Normal value,,39.6252844127246,50.4372024210991,,,,UN_IGME,,,,,,_T: Total
UNICEF:GLOBAL_DATAFLOW(1.0): Cross-sector indicators,SEN: Senegal,CME_MRY0T4: Under-five mortality rate,_T: Total,2021,42.4916876383831,,"D_PER_1000_B: Deaths per 1,000 live births",A: Normal value,,36.9389229713816,49.1943166338289,,,,UN_IGME,,,,,,_T: Total
UNICEF:GLOBAL_DATAFLOW(1.0): Cross-sector indicators,SEN: Senegal,CME_MRY0T4: Under-five mortality rate,_T: Total,2022,40.4197626191746,,"D_PER_1000_B: Deaths per 1,000 live births",A: Normal value,,34.0834729060973,48.2490417178689,,,,UN_IGME,,,,,,_T: Total
UNICEF:GLOBAL_DATAFLOW(1.0): Cross-sector indicators,SRB: Serbia,CME_MRY0T4: Under-five mortality rate,_T: Total,2018,5.77159178680635,,"D_PER_1000_B: Deaths per 1,000 live births",A: Normal value,,5.54467647596787,6.00671102217233,,,,UN_IGME,,,,,,_T: Total
UNICEF:GLOBAL_DATAFLOW(1.0): Cross-sector indicators,SRB: Serbia,CME_MRY0T4: Under-five mortality rate,_T: Total,2019,5.65246619155432,,"D_PER_1000_B: Deaths per 1,000 live births",A: Normal value,,5.41718900954626,5.90275882459887,,,,UN_IGME,,,,,,_T: Total
UNICEF:GLOBAL_DATAFLOW(1.0): Cross-sector indicators,SRB: Serbia,CME_MRY0T4: Under-five mortality rate,_T: Total,2020,5.52827480595232,,"D_PER_1000_B: Deaths per 1,000 live births",A: Normal value,,5.3055004306831,5.77356634834172,,,,UN_IGME,,,,,,_T: Total
UNICEF:GLOBAL_DATAFLOW(1.0): Cross-sector indicators,SRB: Serbia,CME_MRY0T4: Under-five mortality rate,_T: Total,2021,5.4092688799625,,"D_PER_1000_B: Deaths per 1,000 live births",A: Normal value,,5.17849326253049,5.65035750753913,,,,UN_IGME,,,,,,_T: Total
UNICEF:GLOBAL_DATAFLOW(1.0): Cross-sector indicators,SRB: Serbia,CME_MRY0T4: Under-five mortality rate,_T: Total,2022,5.30974823885236,,"D_PER_1000_B: Deaths per 1,000 live births",A: Normal value,,5.0481292423663,5.57746755810682,,,,UN_IGME,,,,,,_T: Total
UNICEF:GLOBAL_DATAFLOW(1.0): Cross-sector indicators,SYC: Seychelles,CME_MRY0T4: Under-five mortality rate,_T: Total,2018,14.7568275808126,,"D_PER_1000_B: Deaths per 1,000 live births",A: Normal value,,12.9659423612084,16.8470140473894,,,,UN_IGME,,,,,,_T: Total
UNICEF:GLOBAL_DATAFLOW(1.0): Cross-sector indicators,SYC: Seychelles,CME_MRY0T4: Under-five mortality rate,_T: Total,2019,14.8101247732129,,"D_PER_1000_B: Deaths per 1,000 live births",A: Normal value,,12.7761472882235,17.1922826492365,,,,UN_IGME,,,,,,_T: Total
UNICEF:GLOBAL_DATAFLOW(1.0): Cross-sector indicators,SYC: Seychelles,CME_MRY0T4: Under-five mortality rate,_T: Total,2020,14.8062003299253,,"D_PER_1000_B: Deaths per 1,000 live births",A: Normal value,,12.4526082937869,17.6002679127453,,,,UN_IGME,,,,,,_T: Total
UNICEF:GLOBAL_DATAFLOW(1.0): Cross-sector indicators,SYC: Seychelles,CME_MRY0T4: Under-five mortality rate,_T: Total,2021,14.7032343398903,,"D_PER_1000_B: Deaths per 1,000 live births",A: Normal value,,12.0388306641796,17.9569095253204,,,,UN_IGME,,,,,,_T: Total
UNICEF:GLOBAL_DATAFLOW(1.0): Cross-sector indicators,SYC: Seychelles,CME_MRY0T4: Under-five mortality rate,_T: Total,2022,14.508576718589,,"D_PER_1000_B: Deaths per 1,000 live births",A: Normal value,,11.5275969785979,18.2602643398657,,,,UN_IGME,,,,,,_T: Total
UNICEF:GLOBAL_DATAFLOW(1.0): Cross-sector indicators,SLE: Sierra Leone,CME_MRY0T4: Under-five mortality rate,_T: Total,2018,113.364731494051,,"D_PER_1000_B: Deaths per 1,000 live births",A: Normal value,,99.7411950564317,129.741383772163,,,,UN_IGME,,,,,,_T: Total
UNICEF:GLOBAL_DATAFLOW(1.0): Cross-sector indicators,SLE: Sierra Leone,CME_MRY0T4: Under-five mortality rate,_T: Total,2019,109.146470760004,,"D_PER_1000_B: Deaths per 1,000 live births",A: Normal value,,94.4367965452986,127.012996824128,,,,UN_IGME,,,,,,_T: Total
UNICEF:GLOBAL_DATAFLOW(1.0): Cross-sector indicators,SLE: Sierra Leone,CME_MRY0T4: Under-five mortality rate,_T: Total,2020,105.056725363924,,"D_PER_1000_B: Deaths per 1,000 live births",A: Normal value,,89.1282188353752,125.017074673574,,,,UN_IGME,,,,,,_T: Total
UNICEF:GLOBAL_DATAFLOW(1.0): Cross-sector indicators,SLE: Sierra Leone,CME_MRY0T4: Under-five mortality rate,_T: Total,2021,101.434234969322,,"D_PER_1000_B: Deaths per 1,000 live births",A: Normal value,,83.8918009672557,123.432494942031,,,,UN_IGME,,,,,,_T: Total
UNICEF:GLOBAL_DATAFLOW(1.0): Cross-sector indicators,SLE: Sierra Leone,CME_MRY0T4: Under-five mortality rate,_T: Total,2022,97.7456938828819,,"D_PER_1000_B: Deaths per 1,000 live births",A: Normal value,,78.815878531447,122.251662908243,,,,UN_IGME,,,,,,_T: Total
UNICEF:GLOBAL_DATAFLOW(1.0): Cross-sector indicators,SGP: Singapore,CME_MRY0T4: Under-five mortality rate,_T: Total,2018,2.53673652215635,,"D_PER_1000_B: Deaths per 1,000 live births",A: Normal value,,2.36003208865534,2.72965068551263,,,,UN_IGME,,,,,,_T: Total
UNICEF:GLOBAL_DATAFLOW(1.0): Cross-sector indicators,SGP: Singapore,CME_MRY0T4: Under-five mortality rate,_T: Total,2019,2.43940722379961,,"D_PER_1000_B: Deaths per 1,000 live births",A: Normal value,,2.26803890295549,2.62310226580651,,,,UN_IGME,,,,,,_T: Total
UNICEF:GLOBAL_DATAFLOW(1.0): Cross-sector indicators,SGP: Singapore,CME_MRY0T4: Under-five mortality rate,_T: Total,2020,2.33694854692334,,"D_PER_1000_B: Deaths per 1,000 live births",A: Normal value,,2.1565858872281,2.52750669637807,,,,UN_IGME,,,,,,_T: Total
UNICEF:GLOBAL_DATAFLOW(1.0): Cross-sector indicators,SGP: Singapore,CME_MRY0T4: Under-five mortality rate,_T: Total,2021,2.23969311989564,,"D_PER_1000_B: Deaths per 1,000 live births",A: Normal value,,2.0264436612387,2.46844642082149,,,,UN_IGME,,,,,,_T: Total
UNICEF:GLOBAL_DATAFLOW(1.0): Cross-sector indicators,SGP: Singapore,CME_MRY0T4: Under-five mortality rate,_T: Total,2022,2.15245710730396,,"D_PER_1000_B: Deaths per 1,000 live births",A: Normal value,,1.87566522681849,2.45404256652684,,,,UN_IGME,,,,,,_T: Total
UNICEF:GLOBAL_DATAFLOW(1.0): Cross-sector indicators,SVK: Slovakia,CME_MRY0T4: Under-five mortality rate,_T: Total,2018,5.96015716298108,,"D_PER_1000_B: Deaths per 1,000 live births",A: Normal value,,5.73421204955621,6.17975639348115,,,,UN_IGME,,,,,,_T: Total
UNICEF:GLOBAL_DATAFLOW(1.0): Cross-sector indicators,SVK: Slovakia,CME_MRY0T4: Under-five mortality rate,_T: Total,2019,5.9292616920629,,"D_PER_1000_B: Deaths per 1,000 live births",A: Normal value,,5.70508399084159,6.15167854975526,,,,UN_IGME,,,,,,_T: Total
UNICEF:GLOBAL_DATAFLOW(1.0): Cross-sector indicators,SVK: Slovakia,CME_MRY0T4: Under-five mortality rate,_T: Total,2020,5.92843293995997,,"D_PER_1000_B: Deaths per 1,000 live births",A: Normal value,,5.71021009067957,6.15841570597838,,,,UN_IGME,,,,,,_T: Total
UNICEF:GLOBAL_DATAFLOW(1.0): Cross-sector indicators,SVK: Slovakia,CME_MRY0T4: Under-five mortality rate,_T: Total,2021,5.95858045636745,,"D_PER_1000_B: Deaths per 1,000 live births",A: Normal value,,5.73218825561634,6.20453196437901,,,,UN_IGME,,,,,,_T: Total
UNICEF:GLOBAL_DATAFLOW(1.0): Cross-sector indicators,SVK: Slovakia,CME_MRY0T4: Under-five mortality rate,_T: Total,2022,6.01378862232543,,"D_PER_1000_B: Deaths per 1,000 live births",A: Normal value,,5.73653607053407,6.3095266072611,,,,UN_IGME,,,,,,_T: Total
UNICEF:GLOBAL_DATAFLOW(1.0): Cross-sector indicators,SVN: Slovenia,CME_MRY0T4: Under-five mortality rate,_T: Total,2018,2.43791015953347,,"D_PER_1000_B: Deaths per 1,000 live births",A: Normal value,,2.26067249922887,2.62628816639377,,,,UN_IGME,,,,,,_T: Total
UNICEF:GLOBAL_DATAFLOW(1.0): Cross-sector indicators,SVN: Slovenia,CME_MRY0T4: Under-five mortality rate,_T: Total,2019,2.39347627667155,,"D_PER_1000_B: Deaths per 1,000 live births",A: Normal value,,2.2106769648374,2.59361323789235,,,,UN_IGME,,,,,,_T: Total
UNICEF:GLOBAL_DATAFLOW(1.0): Cross-sector indicators,SVN: Slovenia,CME_MRY0T4: Under-five mortality rate,_T: Total,2020,2.35566824566329,,"D_PER_1000_B: Deaths per 1,000 live births",A: Normal value,,2.15761244550091,2.57614817193825,,,,UN_IGME,,,,,,_T: Total
UNICEF:GLOBAL_DATAFLOW(1.0): Cross-sector indicators,SVN: Slovenia,CME_MRY0T4: Under-five mortality rate,_T: Total,2021,2.32088924745941,,"D_PER_1000_B: Deaths per 1,000 live births",A: Normal value,,2.09204669502716,2.5750048304894,,,,UN_IGME,,,,,,_T: Total
UNICEF:GLOBAL_DATAFLOW(1.0): Cross-sector indicators,SVN: Slovenia,CME_MRY0T4: Under-five mortality rate,_T: Total,2022,2.28737668155632,,"D_PER_1000_B: Deaths per 1,000 live births",A: Normal value,,2.02220173512945,2.59360297652473,,,,UN_IGME,,,,,,_T: Total
UNICEF:GLOBAL_DATAFLOW(1.0): Cross-sector indicators,UNSDG_SIDS: Small Island Developing States (SIDS),CME_MRY0T4: Under-five mortality rate,_T: Total,2018,40.6854323341684,,"D_PER_1000_B: Deaths per 1,000 live births",A: Normal value,,36.3164780730566,46.8473481792015,,,,UN_IGME,,,,,,_T: Total
UNICEF:GLOBAL_DATAFLOW(1.0): Cross-sector indicators,UNSDG_SIDS: Small Island Developing States (SIDS),CME_MRY0T4: Under-five mortality rate,_T: Total,2019,39.9059287780001,,"D_PER_1000_B: Deaths per 1,000 live births",A: Normal value,,35.2051217948634,46.6679269438915,,,,UN_IGME,,,,,,_T: Total
UNICEF:GLOBAL_DATAFLOW(1.0): Cross-sector indicators,UNSDG_SIDS: Small Island Developing States (SIDS),CME_MRY0T4: Under-five mortality rate,_T: Total,2020,39.0276983199669,,"D_PER_1000_B: Deaths per 1,000 live births",A: Normal value,,33.9977903237093,46.3757609489515,,,,UN_IGME,,,,,,_T: Total
UNICEF:GLOBAL_DATAFLOW(1.0): Cross-sector indicators,UNSDG_SIDS: Small Island Developing States (SIDS),CME_MRY0T4: Under-five mortality rate,_T: Total,2021,38.2182890078797,,"D_PER_1000_B: Deaths per 1,000 live births",A: Normal value,,32.9179298528271,46.2108779469593,,,,UN_IGME,,,,,,_T: Total
UNICEF:GLOBAL_DATAFLOW(1.0): Cross-sector indicators,UNSDG_SIDS: Small Island Developing States (SIDS),CME_MRY0T4: Under-five mortality rate,_T: Total,2022,37.304068416359,,"D_PER_1000_B: Deaths per 1,000 live births",A: Normal value,,31.7658758827624,45.9716281433157,,,,UN_IGME,,,,,,_T: Total
UNICEF:GLOBAL_DATAFLOW(1.0): Cross-sector indicators,SLB: Solomon Islands,CME_MRY0T4: Under-five mortality rate,_T: Total,2018,23.5971918147875,,"D_PER_1000_B: Deaths per 1,000 live births",A: Normal value,,18.0591550678199,30.7233283018795,,,,UN_IGME,,,,,,_T: Total
UNICEF:GLOBAL_DATAFLOW(1.0): Cross-sector indicators,SLB: Solomon Islands,CME_MRY0T4: Under-five mortality rate,_T: Total,2019,23.0304589685185,,"D_PER_1000_B: Deaths per 1,000 live births",A: Normal value,,17.2548437865651,30.7662925541938,,,,UN_IGME,,,,,,_T: Total
UNICEF:GLOBAL_DATAFLOW(1.0): Cross-sector indicators,SLB: Solomon Islands,CME_MRY0T4: Under-five mortality rate,_T: Total,2020,22.4080863951291,,"D_PER_1000_B: Deaths per 1,000 live births",A: Normal value,,16.3813074099886,30.660439180594,,,,UN_IGME,,,,,,_T: Total
UNICEF:GLOBAL_DATAFLOW(1.0): Cross-sector indicators,SLB: Solomon Islands,CME_MRY0T4: Under-five mortality rate,_T: Total,2021,21.8312586487348,,"D_PER_1000_B: Deaths per 1,000 live births",A: Normal value,,15.5301540543668,30.6414853064164,,,,UN_IGME,,,,,,_T: Total
UNICEF:GLOBAL_DATAFLOW(1.0): Cross-sector indicators,SLB: Solomon Islands,CME_MRY0T4: Under-five mortality rate,_T: Total,2022,21.2262667262778,,"D_PER_1000_B: Deaths per 1,000 live births",A: Normal value,,14.6613399796057,30.6748998325612,,,,UN_IGME,,,,,,_T: Total
UNICEF:GLOBAL_DATAFLOW(1.0): Cross-sector indicators,SOM: Somalia,CME_MRY0T4: Under-five mortality rate,_T: Total,2018,136.007758663294,,"D_PER_1000_B: Deaths per 1,000 live births",A: Normal value,,73.7280129028909,261.292503010567,,,,UN_IGME,,,,,,_T: Total
UNICEF:GLOBAL_DATAFLOW(1.0): Cross-sector indicators,SOM: Somalia,CME_MRY0T4: Under-five mortality rate,_T: Total,2019,118.090023195641,,"D_PER_1000_B: Deaths per 1,000 live births",A: Normal value,,61.9434583808456,233.96134700675,,,,UN_IGME,,,,,,_T: Total
UNICEF:GLOBAL_DATAFLOW(1.0): Cross-sector indicators,SOM: Somalia,CME_MRY0T4: Under-five mortality rate,_T: Total,2020,114.444757256143,,"D_PER_1000_B: Deaths per 1,000 live births",A: Normal value,,57.967296108254,232.24620920036,,,,UN_IGME,,,,,,_T: Total
UNICEF:GLOBAL_DATAFLOW(1.0): Cross-sector indicators,SOM: Somalia,CME_MRY0T4: Under-five mortality rate,_T: Total,2021,110.854644770287,,"D_PER_1000_B: Deaths per 1,000 live births",A: Normal value,,54.5459010836065,230.988119899666,,,,UN_IGME,,,,,,_T: Total
UNICEF:GLOBAL_DATAFLOW(1.0): Cross-sector indicators,SOM: Somalia,CME_MRY0T4: Under-five mortality rate,_T: Total,2022,142.867482723774,,"D_PER_1000_B: Deaths per 1,000 live births",A: Normal value,,68.2627526455004,306.188001439178,,,,UN_IGME,,,,,,_T: Total
UNICEF:GLOBAL_DATAFLOW(1.0): Cross-sector indicators,ZAF: South Africa,CME_MRY0T4: Under-five mortality rate,_T: Total,2018,34.9197696892544,,"D_PER_1000_B: Deaths per 1,000 live births",A: Normal value,,32.5325310846753,37.3588592881613,,,,UN_IGME,,,,,,_T: Total
UNICEF:GLOBAL_DATAFLOW(1.0): Cross-sector indicators,ZAF: South Africa,CME_MRY0T4: Under-five mortality rate,_T: Total,2019,34.4820415487772,,"D_PER_1000_B: Deaths per 1,000 live births",A: Normal value,,32.0739770650704,36.9231811192763,,,,UN_IGME,,,,,,_T: Total
UNICEF:GLOBAL_DATAFLOW(1.0): Cross-sector indicators,ZAF: South Africa,CME_MRY0T4: Under-five mortality rate,_T: Total,2020,34.0719628950969,,"D_PER_1000_B: Deaths per 1,000 live births",A: Normal value,,31.7777352286392,36.4090107965852,,,,UN_IGME,,,,,,_T: Total
UNICEF:GLOBAL_DATAFLOW(1.0): Cross-sector indicators,ZAF: South Africa,CME_MRY0T4: Under-five mortality rate,_T: Total,2021,34.1355984290411,,"D_PER_1000_B: Deaths per 1,000 live births",A: Normal value,,31.7813136105297,36.5573022617841,,,,UN_IGME,,,,,,_T: Total
UNICEF:GLOBAL_DATAFLOW(1.0): Cross-sector indicators,ZAF: South Africa,CME_MRY0T4: Under-five mortality rate,_T: Total,2022,34.3661321838974,,"D_PER_1000_B: Deaths per 1,000 live births",A: Normal value,,31.524307418492,37.3224100759747,,,,UN_IGME,,,,,,_T: Total
UNICEF:GLOBAL_DATAFLOW(1.0): Cross-sector indicators,UNICEF_ROSA: South Asia,CME_MRY0T4: Under-five mortality rate,_T: Total,2018,42.7903069659772,,"D_PER_1000_B: Deaths per 1,000 live births",A: Normal value,,40.7393443759312,45.0329957221813,,,,UN_IGME,,,,,,_T: Total
UNICEF:GLOBAL_DATAFLOW(1.0): Cross-sector indicators,UNICEF_ROSA: South Asia,CME_MRY0T4: Under-five mortality rate,_T: Total,2019,40.8796418442081,,"D_PER_1000_B: Deaths per 1,000 live births",A: Normal value,,38.6348337542496,43.3455853542666,,,,UN_IGME,,,,,,_T: Total
UNICEF:GLOBAL_DATAFLOW(1.0): Cross-sector indicators,UNICEF_ROSA: South Asia,CME_MRY0T4: Under-five mortality rate,_T: Total,2020,39.1529136536487,,"D_PER_1000_B: Deaths per 1,000 live births",A: Normal value,,36.7197707979885,41.8429711617489,,,,UN_IGME,,,,,,_T: Total
UNICEF:GLOBAL_DATAFLOW(1.0): Cross-sector indicators,UNICEF_ROSA: South Asia,CME_MRY0T4: Under-five mortality rate,_T: Total,2021,37.5664123547266,,"D_PER_1000_B: Deaths per 1,000 live births",A: Normal value,,34.9048144012928,40.5411978674418,,,,UN_IGME,,,,,,_T: Total
UNICEF:GLOBAL_DATAFLOW(1.0): Cross-sector indicators,UNICEF_ROSA: South Asia,CME_MRY0T4: Under-five mortality rate,_T: Total,2022,36.1115201881031,,"D_PER_1000_B: Deaths per 1,000 live births",A: Normal value,,33.1799499808202,39.4481866220859,,,,UN_IGME,,,,,,_T: Total
UNICEF:GLOBAL_DATAFLOW(1.0): Cross-sector indicators,UNICEF_SA: South Asia,CME_MRY0T4: Under-five mortality rate,_T: Total,2018,42.7903069659772,,"D_PER_1000_B: Deaths per 1,000 live births",A: Normal value,,40.7393443759312,45.0329957221813,,,,UN_IGME,,,,,,_T: Total
UNICEF:GLOBAL_DATAFLOW(1.0): Cross-sector indicators,UNICEF_SA: South Asia,CME_MRY0T4: Under-five mortality rate,_T: Total,2019,40.8796418442081,,"D_PER_1000_B: Deaths per 1,000 live births",A: Normal value,,38.6348337542496,43.3455853542666,,,,UN_IGME,,,,,,_T: Total
UNICEF:GLOBAL_DATAFLOW(1.0): Cross-sector indicators,UNICEF_SA: South Asia,CME_MRY0T4: Under-five mortality rate,_T: Total,2020,39.1529136536487,,"D_PER_1000_B: Deaths per 1,000 live births",A: Normal value,,36.7197707979885,41.8429711617489,,,,UN_IGME,,,,,,_T: Total
UNICEF:GLOBAL_DATAFLOW(1.0): Cross-sector indicators,UNICEF_SA: South Asia,CME_MRY0T4: Under-five mortality rate,_T: Total,2021,37.5664123547266,,"D_PER_1000_B: Deaths per 1,000 live births",A: Normal value,,34.9048144012928,40.5411978674418,,,,UN_IGME,,,,,,_T: Total
UNICEF:GLOBAL_DATAFLOW(1.0): Cross-sector indicators,UNICEF_SA: South Asia,CME_MRY0T4: Under-five mortality rate,_T: Total,2022,36.1115201881031,,"D_PER_1000_B: Deaths per 1,000 live births",A: Normal value,,33.1799499808202,39.4481866220859,,,,UN_IGME,,,,,,_T: Total
UNICEF:GLOBAL_DATAFLOW(1.0): Cross-sector indicators,SSD: South Sudan,CME_MRY0T4: Under-five mortality rate,_T: Total,2018,132.410732292113,,"D_PER_1000_B: Deaths per 1,000 live births",A: Normal value,,57.4975175522152,257.288496604486,,,,UN_IGME,,,,,,_T: Total
UNICEF:GLOBAL_DATAFLOW(1.0): Cross-sector indicators,SSD: South Sudan,CME_MRY0T4: Under-five mortality rate,_T: Total,2019,98.7284418221132,,"D_PER_1000_B: Deaths per 1,000 live births",A: Normal value,,39.8568253411185,202.588072101073,,,,UN_IGME,,,,,,_T: Total
UNICEF:GLOBAL_DATAFLOW(1.0): Cross-sector indicators,SSD: South Sudan,CME_MRY0T4: Under-five mortality rate,_T: Total,2020,98.7284418221133,,"D_PER_1000_B: Deaths per 1,000 live births",A: Normal value,,36.8654949427705,214.577901451949,,,,UN_IGME,,,,,,_T: Total
UNICEF:GLOBAL_DATAFLOW(1.0): Cross-sector indicators,SSD: South Sudan,CME_MRY0T4: Under-five mortality rate,_T: Total,2021,98.7284418221133,,"D_PER_1000_B: Deaths per 1,000 live births",A: Normal value,,33.8178709258968,227.085828332034,,,,UN_IGME,,,,,,_T: Total
UNICEF:GLOBAL_DATAFLOW(1.0): Cross-sector indicators,SSD: South Sudan,CME_MRY0T4: Under-five mortality rate,_T: Total,2022,98.7284418221132,,"D_PER_1000_B: Deaths per 1,000 live births",A: Normal value,,31.1306662960401,239.754564073265,,,,UN_IGME,,,,,,_T: Total
UNICEF:GLOBAL_DATAFLOW(1.0): Cross-sector indicators,UNSDG_SOUTHEASTERNASIA: South-Eastern Asia,CME_MRY0T4: Under-five mortality rate,_T: Total,2018,25.4574887081239,,"D_PER_1000_B: Deaths per 1,000 live births",A: Normal value,,23.4653881967035,28.0211352296885,,,,UN_IGME,,,,,,_T: Total
UNICEF:GLOBAL_DATAFLOW(1.0): Cross-sector indicators,UNSDG_SOUTHEASTERNASIA: South-Eastern Asia,CME_MRY0T4: Under-five mortality rate,_T: Total,2019,24.8359439445642,,"D_PER_1000_B: Deaths per 1,000 live births",A: Normal value,,22.6539209241229,27.7321516041286,,,,UN_IGME,,,,,,_T: Total
UNICEF:GLOBAL_DATAFLOW(1.0): Cross-sector indicators,UNSDG_SOUTHEASTERNASIA: South-Eastern Asia,CME_MRY0T4: Under-five mortality rate,_T: Total,2020,24.2430993547067,,"D_PER_1000_B: Deaths per 1,000 live births",A: Normal value,,21.8968992659167,27.5110972005177,,,,UN_IGME,,,,,,_T: Total
UNICEF:GLOBAL_DATAFLOW(1.0): Cross-sector indicators,UNSDG_SOUTHEASTERNASIA: South-Eastern Asia,CME_MRY0T4: Under-five mortality rate,_T: Total,2021,23.6623755546547,,"D_PER_1000_B: Deaths per 1,000 live births",A: Normal value,,21.1009676205291,27.3406991477133,,,,UN_IGME,,,,,,_T: Total
UNICEF:GLOBAL_DATAFLOW(1.0): Cross-sector indicators,UNSDG_SOUTHEASTERNASIA: South-Eastern Asia,CME_MRY0T4: Under-five mortality rate,_T: Total,2022,23.0575374251752,,"D_PER_1000_B: Deaths per 1,000 live births",A: Normal value,,20.2806709124609,27.1282369667756,,,,UN_IGME,,,,,,_T: Total
UNICEF:GLOBAL_DATAFLOW(1.0): Cross-sector indicators,WHO_SEARO: Southeast Asia,CME_MRY0T4: Under-five mortality rate,_T: Total,2018,33.8820706419715,,"D_PER_1000_B: Deaths per 1,000 live births",,,32.1758356665004,35.7435525584806,,,,UN_IGME,,,,,,_T: Total
UNICEF:GLOBAL_DATAFLOW(1.0): Cross-sector indicators,WHO_SEARO: Southeast Asia,CME_MRY0T4: Under-five mortality rate,_T: Total,2019,32.0886886124557,,"D_PER_1000_B: Deaths per 1,000 live births",,,30.2209687888971,34.1122655940165,,,,UN_IGME,,,,,,_T: Total
UNICEF:GLOBAL_DATAFLOW(1.0): Cross-sector indicators,WHO_SEARO: Southeast Asia,CME_MRY0T4: Under-five mortality rate,_T: Total,2020,30.4393564305269,,"D_PER_1000_B: Deaths per 1,000 live births",,,28.4256010660019,32.6565347506614,,,,UN_IGME,,,,,,_T: Total
UNICEF:GLOBAL_DATAFLOW(1.0): Cross-sector indicators,WHO_SEARO: Southeast Asia,CME_MRY0T4: Under-five mortality rate,_T: Total,2021,29.0229837892332,,"D_PER_1000_B: Deaths per 1,000 live births",,,26.8364155559987,31.4536347520444,,,,UN_IGME,,,,,,_T: Total
UNICEF:GLOBAL_DATAFLOW(1.0): Cross-sector indicators,WHO_SEARO: Southeast Asia,CME_MRY0T4: Under-five mortality rate,_T: Total,2022,27.8073927061215,,"D_PER_1000_B: Deaths per 1,000 live births",,,25.4016353101656,30.5361498535393,,,,UN_IGME,,,,,,_T: Total
UNICEF:GLOBAL_DATAFLOW(1.0): Cross-sector indicators,AU_SOUTHERN_AFRICA: Southern Africa (African Union),CME_MRY0T4: Under-five mortality rate,_T: Total,2018,59.9258358497644,,"D_PER_1000_B: Deaths per 1,000 live births",,,,,,,,UN_IGME,,,,,,_T: Total
UNICEF:GLOBAL_DATAFLOW(1.0): Cross-sector indicators,AU_SOUTHERN_AFRICA: Southern Africa (African Union),CME_MRY0T4: Under-five mortality rate,_T: Total,2019,58.0144358382706,,"D_PER_1000_B: Deaths per 1,000 live births",,,,,,,,UN_IGME,,,,,,_T: Total
UNICEF:GLOBAL_DATAFLOW(1.0): Cross-sector indicators,AU_SOUTHERN_AFRICA: Southern Africa (African Union),CME_MRY0T4: Under-five mortality rate,_T: Total,2020,56.3806435954303,,"D_PER_1000_B: Deaths per 1,000 live births",,,,,,,,UN_IGME,,,,,,_T: Total
UNICEF:GLOBAL_DATAFLOW(1.0): Cross-sector indicators,AU_SOUTHERN_AFRICA: Southern Africa (African Union),CME_MRY0T4: Under-five mortality rate,_T: Total,2021,54.7817605682842,,"D_PER_1000_B: Deaths per 1,000 live births",,,,,,,,UN_IGME,,,,,,_T: Total
UNICEF:GLOBAL_DATAFLOW(1.0): Cross-sector indicators,AU_SOUTHERN_AFRICA: Southern Africa (African Union),CME_MRY0T4: Under-five mortality rate,_T: Total,2022,53.469366977507,,"D_PER_1000_B: Deaths per 1,000 live births",,,,,,,,UN_IGME,,,,,,_T: Total
UNICEF:GLOBAL_DATAFLOW(1.0): Cross-sector indicators,AUREC_SADC: Southern African Development Community (SADC),CME_MRY0T4: Under-five mortality rate,_T: Total,2018,66.2027438978845,,"D_PER_1000_B: Deaths per 1,000 live births",,,,,,,,UN_IGME,,,,,,_T: Total
UNICEF:GLOBAL_DATAFLOW(1.0): Cross-sector indicators,AUREC_SADC: Southern African Development Community (SADC),CME_MRY0T4: Under-five mortality rate,_T: Total,2019,64.2345341917976,,"D_PER_1000_B: Deaths per 1,000 live births",,,,,,,,UN_IGME,,,,,,_T: Total
UNICEF:GLOBAL_DATAFLOW(1.0): Cross-sector indicators,AUREC_SADC: Southern African Development Community (SADC),CME_MRY0T4: Under-five mortality rate,_T: Total,2020,62.3665730920527,,"D_PER_1000_B: Deaths per 1,000 live births",,,,,,,,UN_IGME,,,,,,_T: Total
UNICEF:GLOBAL_DATAFLOW(1.0): Cross-sector indicators,AUREC_SADC: Southern African Development Community (SADC),CME_MRY0T4: Under-five mortality rate,_T: Total,2021,60.5303543966714,,"D_PER_1000_B: Deaths per 1,000 live births",,,,,,,,UN_IGME,,,,,,_T: Total
UNICEF:GLOBAL_DATAFLOW(1.0): Cross-sector indicators,AUREC_SADC: Southern African Development Community (SADC),CME_MRY0T4: Under-five mortality rate,_T: Total,2022,58.8779206951909,,"D_PER_1000_B: Deaths per 1,000 live births",,,,,,,,UN_IGME,,,,,,_T: Total
UNICEF:GLOBAL_DATAFLOW(1.0): Cross-sector indicators,UNSDG_SOUTHASIA: Southern Asia,CME_MRY0T4: Under-five mortality rate,_T: Total,2018,41.6967987604211,,"D_PER_1000_B: Deaths per 1,000 live births",A: Normal value,,39.7075067514879,43.8702724326159,,,,UN_IGME,,,,,,_T: Total
UNICEF:GLOBAL_DATAFLOW(1.0): Cross-sector indicators,UNSDG_SOUTHASIA: Southern Asia,CME_MRY0T4: Under-five mortality rate,_T: Total,2019,39.9234213859322,,"D_PER_1000_B: Deaths per 1,000 live births",A: Normal value,,37.75620347242,42.3253083777345,,,,UN_IGME,,,,,,_T: Total
UNICEF:GLOBAL_DATAFLOW(1.0): Cross-sector indicators,UNSDG_SOUTHASIA: Southern Asia,CME_MRY0T4: Under-five mortality rate,_T: Total,2020,38.2836154922558,,"D_PER_1000_B: Deaths per 1,000 live births",A: Normal value,,35.931429222776,40.9366891614627,,,,UN_IGME,,,,,,_T: Total
UNICEF:GLOBAL_DATAFLOW(1.0): Cross-sector indicators,UNSDG_SOUTHASIA: Southern Asia,CME_MRY0T4: Under-five mortality rate,_T: Total,2021,36.7503171127023,,"D_PER_1000_B: Deaths per 1,000 live births",A: Normal value,,34.1880516687505,39.6686228243765,,,,UN_IGME,,,,,,_T: Total
UNICEF:GLOBAL_DATAFLOW(1.0): Cross-sector indicators,UNSDG_SOUTHASIA: Southern Asia,CME_MRY0T4: Under-five mortality rate,_T: Total,2022,35.3426870674128,,"D_PER_1000_B: Deaths per 1,000 live births",A: Normal value,,32.5300607742519,38.6138256911071,,,,UN_IGME,,,,,,_T: Total
UNICEF:GLOBAL_DATAFLOW(1.0): Cross-sector indicators,ESP: Spain,CME_MRY0T4: Under-five mortality rate,_T: Total,2018,3.20853802455548,,"D_PER_1000_B: Deaths per 1,000 live births",A: Normal value,,3.13692674423547,3.2813479075448,,,,UN_IGME,,,,,,_T: Total
UNICEF:GLOBAL_DATAFLOW(1.0): Cross-sector indicators,ESP: Spain,CME_MRY0T4: Under-five mortality rate,_T: Total,2019,3.18191078099551,,"D_PER_1000_B: Deaths per 1,000 live births",A: Normal value,,3.11042443277019,3.25566407632192,,,,UN_IGME,,,,,,_T: Total
UNICEF:GLOBAL_DATAFLOW(1.0): Cross-sector indicators,ESP: Spain,CME_MRY0T4: Under-five mortality rate,_T: Total,2020,3.15729372589792,,"D_PER_1000_B: Deaths per 1,000 live births",A: Normal value,,3.08327876208198,3.23241217439349,,,,UN_IGME,,,,,,_T: Total
UNICEF:GLOBAL_DATAFLOW(1.0): Cross-sector indicators,ESP: Spain,CME_MRY0T4: Under-five mortality rate,_T: Total,2021,3.13949704346832,,"D_PER_1000_B: Deaths per 1,000 live births",A: Normal value,,3.05536246313043,3.22685591010858,,,,UN_IGME,,,,,,_T: Total
UNICEF:GLOBAL_DATAFLOW(1.0): Cross-sector indicators,ESP: Spain,CME_MRY0T4: Under-five mortality rate,_T: Total,2022,3.1310395303079,,"D_PER_1000_B: Deaths per 1,000 live births",A: Normal value,,3.01175346119258,3.25318519860297,,,,UN_IGME,,,,,,_T: Total
UNICEF:GLOBAL_DATAFLOW(1.0): Cross-sector indicators,LKA: Sri Lanka,CME_MRY0T4: Under-five mortality rate,_T: Total,2018,7.56399801862067,,"D_PER_1000_B: Deaths per 1,000 live births",A: Normal value,,7.32353115775965,7.82634283016054,,,,UN_IGME,,,,,,_T: Total
UNICEF:GLOBAL_DATAFLOW(1.0): Cross-sector indicators,LKA: Sri Lanka,CME_MRY0T4: Under-five mortality rate,_T: Total,2019,7.23682857762512,,"D_PER_1000_B: Deaths per 1,000 live births",A: Normal value,,6.97870430522485,7.52878042887824,,,,UN_IGME,,,,,,_T: Total
UNICEF:GLOBAL_DATAFLOW(1.0): Cross-sector indicators,LKA: Sri Lanka,CME_MRY0T4: Under-five mortality rate,_T: Total,2020,6.92114600165772,,"D_PER_1000_B: Deaths per 1,000 live births",A: Normal value,,6.57386838531359,7.30567980265447,,,,UN_IGME,,,,,,_T: Total
UNICEF:GLOBAL_DATAFLOW(1.0): Cross-sector indicators,LKA: Sri Lanka,CME_MRY0T4: Under-five mortality rate,_T: Total,2021,6.6225528424213,,"D_PER_1000_B: Deaths per 1,000 live births",A: Normal value,,6.14252259163152,7.15252247206337,,,,UN_IGME,,,,,,_T: Total
UNICEF:GLOBAL_DATAFLOW(1.0): Cross-sector indicators,LKA: Sri Lanka,CME_MRY0T4: Under-five mortality rate,_T: Total,2022,6.35097012942123,,"D_PER_1000_B: Deaths per 1,000 live births",A: Normal value,,5.71962086920353,7.04875195182118,,,,UN_IGME,,,,,,_T: Total
UNICEF:GLOBAL_DATAFLOW(1.0): Cross-sector indicators,PSE: State of Palestine,CME_MRY0T4: Under-five mortality rate,_T: Total,2018,16.3148887026015,,"D_PER_1000_B: Deaths per 1,000 live births",A: Normal value,,12.8102416333177,21.0850334813277,,,,UN_IGME,,,,,,_T: Total
UNICEF:GLOBAL_DATAFLOW(1.0): Cross-sector indicators,PSE: State of Palestine,CME_MRY0T4: Under-five mortality rate,_T: Total,2019,15.7397003140172,,"D_PER_1000_B: Deaths per 1,000 live births",A: Normal value,,12.046708348337,20.7539011374015,,,,UN_IGME,,,,,,_T: Total
UNICEF:GLOBAL_DATAFLOW(1.0): Cross-sector indicators,PSE: State of Palestine,CME_MRY0T4: Under-five mortality rate,_T: Total,2020,15.2055984894186,,"D_PER_1000_B: Deaths per 1,000 live births",A: Normal value,,11.3339937217218,20.4778374154691,,,,UN_IGME,,,,,,_T: Total
UNICEF:GLOBAL_DATAFLOW(1.0): Cross-sector indicators,PSE: State of Palestine,CME_MRY0T4: Under-five mortality rate,_T: Total,2021,14.6770411454035,,"D_PER_1000_B: Deaths per 1,000 live births",A: Normal value,,10.7159252608268,20.2831581861701,,,,UN_IGME,,,,,,_T: Total
UNICEF:GLOBAL_DATAFLOW(1.0): Cross-sector indicators,PSE: State of Palestine,CME_MRY0T4: Under-five mortality rate,_T: Total,2022,14.1781350367858,,"D_PER_1000_B: Deaths per 1,000 live births",A: Normal value,,10.0543204774061,20.1428005589715,,,,UN_IGME,,,,,,_T: Total
UNICEF:GLOBAL_DATAFLOW(1.0): Cross-sector indicators,UNICEF_SSA: Sub-Saharan Africa,CME_MRY0T4: Under-five mortality rate,_T: Total,2018,79.7931494296825,,"D_PER_1000_B: Deaths per 1,000 live births",A: Normal value,,74.5497504921656,88.4660579666855,,,,UN_IGME,,,,,,_T: Total
UNICEF:GLOBAL_DATAFLOW(1.0): Cross-sector indicators,UNICEF_SSA: Sub-Saharan Africa,CME_MRY0T4: Under-five mortality rate,_T: Total,2019,77.7121196020179,,"D_PER_1000_B: Deaths per 1,000 live births",A: Normal value,,72.1670723934117,87.049733194886,,,,UN_IGME,,,,,,_T: Total
UNICEF:GLOBAL_DATAFLOW(1.0): Cross-sector indicators,UNICEF_SSA: Sub-Saharan Africa,CME_MRY0T4: Under-five mortality rate,_T: Total,2020,74.6445251698576,,"D_PER_1000_B: Deaths per 1,000 live births",A: Normal value,,68.8396674448741,84.8875934734733,,,,UN_IGME,,,,,,_T: Total
UNICEF:GLOBAL_DATAFLOW(1.0): Cross-sector indicators,UNICEF_SSA: Sub-Saharan Africa,CME_MRY0T4: Under-five mortality rate,_T: Total,2021,72.7035128328255,,"D_PER_1000_B: Deaths per 1,000 live births",A: Normal value,,66.6776946752789,83.845312387294,,,,UN_IGME,,,,,,_T: Total
UNICEF:GLOBAL_DATAFLOW(1.0): Cross-sector indicators,UNICEF_SSA: Sub-Saharan Africa,CME_MRY0T4: Under-five mortality rate,_T: Total,2022,72.7608061374981,,"D_PER_1000_B: Deaths per 1,000 live births",A: Normal value,,66.5586104525764,85.0636786763773,,,,UN_IGME,,,,,,_T: Total
UNICEF:GLOBAL_DATAFLOW(1.0): Cross-sector indicators,UNSDG_SUBSAHARANAFRICA: Sub-Saharan Africa,CME_MRY0T4: Under-five mortality rate,_T: Total,2018,80.637477626226,,"D_PER_1000_B: Deaths per 1,000 live births",A: Normal value,,75.1484351049038,89.6224774410623,,,,UN_IGME,,,,,,_T: Total
UNICEF:GLOBAL_DATAFLOW(1.0): Cross-sector indicators,UNSDG_SUBSAHARANAFRICA: Sub-Saharan Africa,CME_MRY0T4: Under-five mortality rate,_T: Total,2019,78.5643212058636,,"D_PER_1000_B: Deaths per 1,000 live births",A: Normal value,,72.8114768574115,88.2484405177702,,,,UN_IGME,,,,,,_T: Total
UNICEF:GLOBAL_DATAFLOW(1.0): Cross-sector indicators,UNSDG_SUBSAHARANAFRICA: Sub-Saharan Africa,CME_MRY0T4: Under-five mortality rate,_T: Total,2020,75.4520862920945,,"D_PER_1000_B: Deaths per 1,000 live births",A: Normal value,,69.4271134415714,86.1063051028927,,,,UN_IGME,,,,,,_T: Total
UNICEF:GLOBAL_DATAFLOW(1.0): Cross-sector indicators,UNSDG_SUBSAHARANAFRICA: Sub-Saharan Africa,CME_MRY0T4: Under-five mortality rate,_T: Total,2021,73.5039907628449,,"D_PER_1000_B: Deaths per 1,000 live births",A: Normal value,,67.2355253173801,84.9793163120267,,,,UN_IGME,,,,,,_T: Total
UNICEF:GLOBAL_DATAFLOW(1.0): Cross-sector indicators,UNSDG_SUBSAHARANAFRICA: Sub-Saharan Africa,CME_MRY0T4: Under-five mortality rate,_T: Total,2022,73.6342907714025,,"D_PER_1000_B: Deaths per 1,000 live births",A: Normal value,,67.0912345251975,86.4768581293039,,,,UN_IGME,,,,,,_T: Total
UNICEF:GLOBAL_DATAFLOW(1.0): Cross-sector indicators,SDN: Sudan,CME_MRY0T4: Under-five mortality rate,_T: Total,2018,58.9002954493321,,"D_PER_1000_B: Deaths per 1,000 live births",A: Normal value,,44.8534142610146,76.6359600999062,,,,UN_IGME,,,,,,_T: Total
UNICEF:GLOBAL_DATAFLOW(1.0): Cross-sector indicators,SDN: Sudan,CME_MRY0T4: Under-five mortality rate,_T: Total,2019,57.0711269300122,,"D_PER_1000_B: Deaths per 1,000 live births",A: Normal value,,42.1711139159777,76.2912966986659,,,,UN_IGME,,,,,,_T: Total
UNICEF:GLOBAL_DATAFLOW(1.0): Cross-sector indicators,SDN: Sudan,CME_MRY0T4: Under-five mortality rate,_T: Total,2020,55.308767031187,,"D_PER_1000_B: Deaths per 1,000 live births",A: Normal value,,39.6302446771119,76.3477057472779,,,,UN_IGME,,,,,,_T: Total
UNICEF:GLOBAL_DATAFLOW(1.0): Cross-sector indicators,SDN: Sudan,CME_MRY0T4: Under-five mortality rate,_T: Total,2021,53.5553565026175,,"D_PER_1000_B: Deaths per 1,000 live births",A: Normal value,,37.18854829249,76.6280662005772,,,,UN_IGME,,,,,,_T: Total
UNICEF:GLOBAL_DATAFLOW(1.0): Cross-sector indicators,SDN: Sudan,CME_MRY0T4: Under-five mortality rate,_T: Total,2022,51.7728485169046,,"D_PER_1000_B: Deaths per 1,000 live births",A: Normal value,,34.7541086980363,76.4960047115386,,,,UN_IGME,,,,,,_T: Total
UNICEF:GLOBAL_DATAFLOW(1.0): Cross-sector indicators,SUR: Suriname,CME_MRY0T4: Under-five mortality rate,_T: Total,2018,18.9586033646982,,"D_PER_1000_B: Deaths per 1,000 live births",A: Normal value,,12.86750025841,28.3323067344907,,,,UN_IGME,,,,,,_T: Total
UNICEF:GLOBAL_DATAFLOW(1.0): Cross-sector indicators,SUR: Suriname,CME_MRY0T4: Under-five mortality rate,_T: Total,2019,18.3794509055132,,"D_PER_1000_B: Deaths per 1,000 live births",A: Normal value,,12.1996891068434,28.4332198223935,,,,UN_IGME,,,,,,_T: Total
UNICEF:GLOBAL_DATAFLOW(1.0): Cross-sector indicators,SUR: Suriname,CME_MRY0T4: Under-five mortality rate,_T: Total,2020,17.842619078869,,"D_PER_1000_B: Deaths per 1,000 live births",A: Normal value,,11.5978678465711,28.3102266062341,,,,UN_IGME,,,,,,_T: Total
UNICEF:GLOBAL_DATAFLOW(1.0): Cross-sector indicators,SUR: Suriname,CME_MRY0T4: Under-five mortality rate,_T: Total,2021,17.3137434722071,,"D_PER_1000_B: Deaths per 1,000 live births",A: Normal value,,10.9797404173858,28.1053432656205,,,,UN_IGME,,,,,,_T: Total
UNICEF:GLOBAL_DATAFLOW(1.0): Cross-sector indicators,SUR: Suriname,CME_MRY0T4: Under-five mortality rate,_T: Total,2022,16.7870810662527,,"D_PER_1000_B: Deaths per 1,000 live births",A: Normal value,,10.4314800702079,27.825309517463,,,,UN_IGME,,,,,,_T: Total
UNICEF:GLOBAL_DATAFLOW(1.0): Cross-sector indicators,SWE: Sweden,CME_MRY0T4: Under-five mortality rate,_T: Total,2018,2.70045341944778,,"D_PER_1000_B: Deaths per 1,000 live births",A: Normal value,,2.59578420640186,2.80735976708572,,,,UN_IGME,,,,,,_T: Total
UNICEF:GLOBAL_DATAFLOW(1.0): Cross-sector indicators,SWE: Sweden,CME_MRY0T4: Under-five mortality rate,_T: Total,2019,2.64163221814517,,"D_PER_1000_B: Deaths per 1,000 live births",A: Normal value,,2.53362165992165,2.75017319185014,,,,UN_IGME,,,,,,_T: Total
UNICEF:GLOBAL_DATAFLOW(1.0): Cross-sector indicators,SWE: Sweden,CME_MRY0T4: Under-five mortality rate,_T: Total,2020,2.5888465058554,,"D_PER_1000_B: Deaths per 1,000 live births",A: Normal value,,2.48266011786191,2.69820765408634,,,,UN_IGME,,,,,,_T: Total
UNICEF:GLOBAL_DATAFLOW(1.0): Cross-sector indicators,SWE: Sweden,CME_MRY0T4: Under-five mortality rate,_T: Total,2021,2.54512237265159,,"D_PER_1000_B: Deaths per 1,000 live births",A: Normal value,,2.43547022878786,2.66178020222359,,,,UN_IGME,,,,,,_T: Total
UNICEF:GLOBAL_DATAFLOW(1.0): Cross-sector indicators,SWE: Sweden,CME_MRY0T4: Under-five mortality rate,_T: Total,2022,2.5080811439105,,"D_PER_1000_B: Deaths per 1,000 live births",A: Normal value,,2.37858179858462,2.64668783024914,,,,UN_IGME,,,,,,_T: Total
UNICEF:GLOBAL_DATAFLOW(1.0): Cross-sector indicators,CHE: Switzerland,CME_MRY0T4: Under-five mortality rate,_T: Total,2018,4.08326785547297,,"D_PER_1000_B: Deaths per 1,000 live births",A: Normal value,,3.93898750272308,4.22767283131814,,,,UN_IGME,,,,,,_T: Total
UNICEF:GLOBAL_DATAFLOW(1.0): Cross-sector indicators,CHE: Switzerland,CME_MRY0T4: Under-five mortality rate,_T: Total,2019,4.03673136587748,,"D_PER_1000_B: Deaths per 1,000 live births",A: Normal value,,3.8900793010498,4.18209918468513,,,,UN_IGME,,,,,,_T: Total
UNICEF:GLOBAL_DATAFLOW(1.0): Cross-sector indicators,CHE: Switzerland,CME_MRY0T4: Under-five mortality rate,_T: Total,2020,4.00421386481675,,"D_PER_1000_B: Deaths per 1,000 live births",A: Normal value,,3.86037243233814,4.15166038762782,,,,UN_IGME,,,,,,_T: Total
UNICEF:GLOBAL_DATAFLOW(1.0): Cross-sector indicators,CHE: Switzerland,CME_MRY0T4: Under-five mortality rate,_T: Total,2021,3.98201606032512,,"D_PER_1000_B: Deaths per 1,000 live births",A: Normal value,,3.8309883296941,4.13709850688028,,,,UN_IGME,,,,,,_T: Total
UNICEF:GLOBAL_DATAFLOW(1.0): Cross-sector indicators,CHE: Switzerland,CME_MRY0T4: Under-five mortality rate,_T: Total,2022,3.96310535034409,,"D_PER_1000_B: Deaths per 1,000 live births",A: Normal value,,3.78270679772842,4.15307670674966,,,,UN_IGME,,,,,,_T: Total
UNICEF:GLOBAL_DATAFLOW(1.0): Cross-sector indicators,SYR: Syrian Arab Republic,CME_MRY0T4: Under-five mortality rate,_T: Total,2018,32.6002880502113,,"D_PER_1000_B: Deaths per 1,000 live births",A: Normal value,,17.9879294382331,41.6846138599106,,,,UN_IGME,,,,,,_T: Total
UNICEF:GLOBAL_DATAFLOW(1.0): Cross-sector indicators,SYR: Syrian Arab Republic,CME_MRY0T4: Under-five mortality rate,_T: Total,2019,24.9614007627243,,"D_PER_1000_B: Deaths per 1,000 live births",A: Normal value,,13.284174060978,32.9252409893336,,,,UN_IGME,,,,,,_T: Total
UNICEF:GLOBAL_DATAFLOW(1.0): Cross-sector indicators,SYR: Syrian Arab Republic,CME_MRY0T4: Under-five mortality rate,_T: Total,2020,22.3683973525481,,"D_PER_1000_B: Deaths per 1,000 live births",A: Normal value,,11.5547044851407,30.3929577665432,,,,UN_IGME,,,,,,_T: Total
UNICEF:GLOBAL_DATAFLOW(1.0): Cross-sector indicators,SYR: Syrian Arab Republic,CME_MRY0T4: Under-five mortality rate,_T: Total,2021,20.9894798109169,,"D_PER_1000_B: Deaths per 1,000 live births",A: Normal value,,10.6031311865386,29.5420795958894,,,,UN_IGME,,,,,,_T: Total
UNICEF:GLOBAL_DATAFLOW(1.0): Cross-sector indicators,SYR: Syrian Arab Republic,CME_MRY0T4: Under-five mortality rate,_T: Total,2022,21.1241539140214,,"D_PER_1000_B: Deaths per 1,000 live births",A: Normal value,,10.5014570014416,30.7519843371114,,,,UN_IGME,,,,,,_T: Total
UNICEF:GLOBAL_DATAFLOW(1.0): Cross-sector indicators,TJK: Tajikistan,CME_MRY0T4: Under-five mortality rate,_T: Total,2018,28.3455789386104,,"D_PER_1000_B: Deaths per 1,000 live births",A: Normal value,,23.958938545638,33.4163803920914,,,,UN_IGME,,,,,,_T: Total
UNICEF:GLOBAL_DATAFLOW(1.0): Cross-sector indicators,TJK: Tajikistan,CME_MRY0T4: Under-five mortality rate,_T: Total,2019,28.1152797943773,,"D_PER_1000_B: Deaths per 1,000 live births",A: Normal value,,23.5920747124166,33.459934881307,,,,UN_IGME,,,,,,_T: Total
UNICEF:GLOBAL_DATAFLOW(1.0): Cross-sector indicators,TJK: Tajikistan,CME_MRY0T4: Under-five mortality rate,_T: Total,2020,27.9883920241564,,"D_PER_1000_B: Deaths per 1,000 live births",A: Normal value,,23.2434741100334,33.6726861878513,,,,UN_IGME,,,,,,_T: Total
UNICEF:GLOBAL_DATAFLOW(1.0): Cross-sector indicators,TJK: Tajikistan,CME_MRY0T4: Under-five mortality rate,_T: Total,2021,27.8585908453306,,"D_PER_1000_B: Deaths per 1,000 live births",A: Normal value,,22.6082812210964,34.2748593638094,,,,UN_IGME,,,,,,_T: Total
UNICEF:GLOBAL_DATAFLOW(1.0): Cross-sector indicators,TJK: Tajikistan,CME_MRY0T4: Under-five mortality rate,_T: Total,2022,27.667248901182,,"D_PER_1000_B: Deaths per 1,000 live births",A: Normal value,,21.6282375969944,35.3755973425123,,,,UN_IGME,,,,,,_T: Total
UNICEF:GLOBAL_DATAFLOW(1.0): Cross-sector indicators,THA: Thailand,CME_MRY0T4: Under-five mortality rate,_T: Total,2018,10.7774185285242,,"D_PER_1000_B: Deaths per 1,000 live births",A: Normal value,,9.56124047614872,12.1625668484006,,,,UN_IGME,,,,,,_T: Total
UNICEF:GLOBAL_DATAFLOW(1.0): Cross-sector indicators,THA: Thailand,CME_MRY0T4: Under-five mortality rate,_T: Total,2019,10.4223523522217,,"D_PER_1000_B: Deaths per 1,000 live births",A: Normal value,,9.34199639780773,11.943187253844,,,,UN_IGME,,,,,,_T: Total
UNICEF:GLOBAL_DATAFLOW(1.0): Cross-sector indicators,THA: Thailand,CME_MRY0T4: Under-five mortality rate,_T: Total,2020,10.1046659585209,,"D_PER_1000_B: Deaths per 1,000 live births",A: Normal value,,9.10692121306219,11.7804695145938,,,,UN_IGME,,,,,,_T: Total
UNICEF:GLOBAL_DATAFLOW(1.0): Cross-sector indicators,THA: Thailand,CME_MRY0T4: Under-five mortality rate,_T: Total,2021,9.7912354749969,,"D_PER_1000_B: Deaths per 1,000 live births",A: Normal value,,8.85353844072552,11.6454824273108,,,,UN_IGME,,,,,,_T: Total
UNICEF:GLOBAL_DATAFLOW(1.0): Cross-sector indicators,THA: Thailand,CME_MRY0T4: Under-five mortality rate,_T: Total,2022,9.49174798849344,,"D_PER_1000_B: Deaths per 1,000 live births",A: Normal value,,8.56904566755152,11.5682511860206,,,,UN_IGME,,,,,,_T: Total
UNICEF:GLOBAL_DATAFLOW(1.0): Cross-sector indicators,TLS: Timor-Leste,CME_MRY0T4: Under-five mortality rate,_T: Total,2018,56.6310973820141,,"D_PER_1000_B: Deaths per 1,000 live births",A: Normal value,,43.931212129643,72.0564339808468,,,,UN_IGME,,,,,,_T: Total
UNICEF:GLOBAL_DATAFLOW(1.0): Cross-sector indicators,TLS: Timor-Leste,CME_MRY0T4: Under-five mortality rate,_T: Total,2019,55.5290458338654,,"D_PER_1000_B: Deaths per 1,000 live births",A: Normal value,,42.1982809691548,72.9943333234859,,,,UN_IGME,,,,,,_T: Total
UNICEF:GLOBAL_DATAFLOW(1.0): Cross-sector indicators,TLS: Timor-Leste,CME_MRY0T4: Under-five mortality rate,_T: Total,2020,54.2189574758093,,"D_PER_1000_B: Deaths per 1,000 live births",A: Normal value,,40.4134241485367,73.6034547502592,,,,UN_IGME,,,,,,_T: Total
UNICEF:GLOBAL_DATAFLOW(1.0): Cross-sector indicators,TLS: Timor-Leste,CME_MRY0T4: Under-five mortality rate,_T: Total,2021,52.8445129647995,,"D_PER_1000_B: Deaths per 1,000 live births",A: Normal value,,38.5214025745669,73.9533841093799,,,,UN_IGME,,,,,,_T: Total
UNICEF:GLOBAL_DATAFLOW(1.0): Cross-sector indicators,TLS: Timor-Leste,CME_MRY0T4: Under-five mortality rate,_T: Total,2022,51.421468363419,,"D_PER_1000_B: Deaths per 1,000 live births",A: Normal value,,36.6638624027745,73.7595594361024,,,,UN_IGME,,,,,,_T: Total
UNICEF:GLOBAL_DATAFLOW(1.0): Cross-sector indicators,TGO: Togo,CME_MRY0T4: Under-five mortality rate,_T: Total,2018,68.5785254049994,,"D_PER_1000_B: Deaths per 1,000 live births",A: Normal value,,57.0492005506395,82.2980413530297,,,,UN_IGME,,,,,,_T: Total
UNICEF:GLOBAL_DATAFLOW(1.0): Cross-sector indicators,TGO: Togo,CME_MRY0T4: Under-five mortality rate,_T: Total,2019,66.3164186449665,,"D_PER_1000_B: Deaths per 1,000 live births",A: Normal value,,53.9011552599495,81.6681764390812,,,,UN_IGME,,,,,,_T: Total
UNICEF:GLOBAL_DATAFLOW(1.0): Cross-sector indicators,TGO: Togo,CME_MRY0T4: Under-five mortality rate,_T: Total,2020,64.2700091312709,,"D_PER_1000_B: Deaths per 1,000 live births",A: Normal value,,50.6644315357457,81.5790003203364,,,,UN_IGME,,,,,,_T: Total
UNICEF:GLOBAL_DATAFLOW(1.0): Cross-sector indicators,TGO: Togo,CME_MRY0T4: Under-five mortality rate,_T: Total,2021,62.2124782194279,,"D_PER_1000_B: Deaths per 1,000 live births",A: Normal value,,47.5093412529497,81.761879364528,,,,UN_IGME,,,,,,_T: Total
UNICEF:GLOBAL_DATAFLOW(1.0): Cross-sector indicators,TGO: Togo,CME_MRY0T4: Under-five mortality rate,_T: Total,2022,60.2442499685385,,"D_PER_1000_B: Deaths per 1,000 live births",A: Normal value,,44.3992101015879,81.2759140573871,,,,UN_IGME,,,,,,_T: Total
UNICEF:GLOBAL_DATAFLOW(1.0): Cross-sector indicators,TON: Tonga,CME_MRY0T4: Under-five mortality rate,_T: Total,2018,11.2321877720619,,"D_PER_1000_B: Deaths per 1,000 live births",A: Normal value,,8.29736749134258,15.0329166886795,,,,UN_IGME,,,,,,_T: Total
UNICEF:GLOBAL_DATAFLOW(1.0): Cross-sector indicators,TON: Tonga,CME_MRY0T4: Under-five mortality rate,_T: Total,2019,10.997932384457,,"D_PER_1000_B: Deaths per 1,000 live births",A: Normal value,,7.91069246608294,15.0679269924204,,,,UN_IGME,,,,,,_T: Total
UNICEF:GLOBAL_DATAFLOW(1.0): Cross-sector indicators,TON: Tonga,CME_MRY0T4: Under-five mortality rate,_T: Total,2020,10.7503232377949,,"D_PER_1000_B: Deaths per 1,000 live births",A: Normal value,,7.53862947627921,15.1131390521415,,,,UN_IGME,,,,,,_T: Total
UNICEF:GLOBAL_DATAFLOW(1.0): Cross-sector indicators,TON: Tonga,CME_MRY0T4: Under-five mortality rate,_T: Total,2021,10.4759865489596,,"D_PER_1000_B: Deaths per 1,000 live births",A: Normal value,,7.17861880318541,15.0468391604892,,,,UN_IGME,,,,,,_T: Total
UNICEF:GLOBAL_DATAFLOW(1.0): Cross-sector indicators,TON: Tonga,CME_MRY0T4: Under-five mortality rate,_T: Total,2022,10.1972889390234,,"D_PER_1000_B: Deaths per 1,000 live births",A: Normal value,,6.8231958161331,14.9796435378976,,,,UN_IGME,,,,,,_T: Total
UNICEF:GLOBAL_DATAFLOW(1.0): Cross-sector indicators,TTO: Trinidad and Tobago,CME_MRY0T4: Under-five mortality rate,_T: Total,2018,21.4367685832833,,"D_PER_1000_B: Deaths per 1,000 live births",A: Normal value,,15.3131631010512,30.2183275748752,,,,UN_IGME,,,,,,_T: Total
UNICEF:GLOBAL_DATAFLOW(1.0): Cross-sector indicators,TTO: Trinidad and Tobago,CME_MRY0T4: Under-five mortality rate,_T: Total,2019,21.0331959841592,,"D_PER_1000_B: Deaths per 1,000 live births",A: Normal value,,14.6940874089159,30.2971718922155,,,,UN_IGME,,,,,,_T: Total
UNICEF:GLOBAL_DATAFLOW(1.0): Cross-sector indicators,TTO: Trinidad and Tobago,CME_MRY0T4: Under-five mortality rate,_T: Total,2020,20.6139547014111,,"D_PER_1000_B: Deaths per 1,000 live births",A: Normal value,,14.1157948315848,30.399322581904,,,,UN_IGME,,,,,,_T: Total
UNICEF:GLOBAL_DATAFLOW(1.0): Cross-sector indicators,TTO: Trinidad and Tobago,CME_MRY0T4: Under-five mortality rate,_T: Total,2021,20.1214052683523,,"D_PER_1000_B: Deaths per 1,000 live births",A: Normal value,,13.5450722691262,30.3451153975893,,,,UN_IGME,,,,,,_T: Total
UNICEF:GLOBAL_DATAFLOW(1.0): Cross-sector indicators,TTO: Trinidad and Tobago,CME_MRY0T4: Under-five mortality rate,_T: Total,2022,19.5601703621055,,"D_PER_1000_B: Deaths per 1,000 live births",A: Normal value,,12.9373750820368,30.4187704813446,,,,UN_IGME,,,,,,_T: Total
UNICEF:GLOBAL_DATAFLOW(1.0): Cross-sector indicators,TUN: Tunisia,CME_MRY0T4: Under-five mortality rate,_T: Total,2018,17.5180142062773,,"D_PER_1000_B: Deaths per 1,000 live births",A: Normal value,,17.1764183901685,17.8766450401151,,,,UN_IGME,,,,,,_T: Total
UNICEF:GLOBAL_DATAFLOW(1.0): Cross-sector indicators,TUN: Tunisia,CME_MRY0T4: Under-five mortality rate,_T: Total,2019,16.8647006430434,,"D_PER_1000_B: Deaths per 1,000 live births",A: Normal value,,16.5342098328442,17.2092366888826,,,,UN_IGME,,,,,,_T: Total
UNICEF:GLOBAL_DATAFLOW(1.0): Cross-sector indicators,TUN: Tunisia,CME_MRY0T4: Under-five mortality rate,_T: Total,2020,15.9819707825121,,"D_PER_1000_B: Deaths per 1,000 live births",A: Normal value,,15.6725272017929,16.3157627460107,,,,UN_IGME,,,,,,_T: Total
UNICEF:GLOBAL_DATAFLOW(1.0): Cross-sector indicators,TUN: Tunisia,CME_MRY0T4: Under-five mortality rate,_T: Total,2021,14.962827035401,,"D_PER_1000_B: Deaths per 1,000 live births",A: Normal value,,14.6309648990882,15.3051165028146,,,,UN_IGME,,,,,,_T: Total
UNICEF:GLOBAL_DATAFLOW(1.0): Cross-sector indicators,TUN: Tunisia,CME_MRY0T4: Under-five mortality rate,_T: Total,2022,13.9013541252871,,"D_PER_1000_B: Deaths per 1,000 live births",A: Normal value,,13.446208052917,14.3421935113362,,,,UN_IGME,,,,,,_T: Total
UNICEF:GLOBAL_DATAFLOW(1.0): Cross-sector indicators,TKM: Turkmenistan,CME_MRY0T4: Under-five mortality rate,_T: Total,2018,43.6489079993219,,"D_PER_1000_B: Deaths per 1,000 live births",A: Normal value,,31.7669087628283,58.6190220050274,,,,UN_IGME,,,,,,_T: Total
UNICEF:GLOBAL_DATAFLOW(1.0): Cross-sector indicators,TKM: Turkmenistan,CME_MRY0T4: Under-five mortality rate,_T: Total,2019,43.3012712712035,,"D_PER_1000_B: Deaths per 1,000 live births",A: Normal value,,30.5150287127832,60.4767723672854,,,,UN_IGME,,,,,,_T: Total
UNICEF:GLOBAL_DATAFLOW(1.0): Cross-sector indicators,TKM: Turkmenistan,CME_MRY0T4: Under-five mortality rate,_T: Total,2020,42.5990397325944,,"D_PER_1000_B: Deaths per 1,000 live births",A: Normal value,,29.0473606028454,62.2419641693405,,,,UN_IGME,,,,,,_T: Total
UNICEF:GLOBAL_DATAFLOW(1.0): Cross-sector indicators,TKM: Turkmenistan,CME_MRY0T4: Under-five mortality rate,_T: Total,2021,41.8227482045427,,"D_PER_1000_B: Deaths per 1,000 live births",A: Normal value,,27.5363471887728,63.4980448345594,,,,UN_IGME,,,,,,_T: Total
UNICEF:GLOBAL_DATAFLOW(1.0): Cross-sector indicators,TKM: Turkmenistan,CME_MRY0T4: Under-five mortality rate,_T: Total,2022,40.9647546202246,,"D_PER_1000_B: Deaths per 1,000 live births",A: Normal value,,25.9086190925942,64.6107366591523,,,,UN_IGME,,,,,,_T: Total
UNICEF:GLOBAL_DATAFLOW(1.0): Cross-sector indicators,TCA: Turks and Caicos Islands,CME_MRY0T4: Under-five mortality rate,_T: Total,2018,6.42956637759285,,"D_PER_1000_B: Deaths per 1,000 live births",A: Normal value,,2.40400625070883,16.1743819958011,,,,UN_IGME,,,,,,_T: Total
UNICEF:GLOBAL_DATAFLOW(1.0): Cross-sector indicators,TCA: Turks and Caicos Islands,CME_MRY0T4: Under-five mortality rate,_T: Total,2019,6.28361488526234,,"D_PER_1000_B: Deaths per 1,000 live births",A: Normal value,,2.23571016397585,16.5422711527909,,,,UN_IGME,,,,,,_T: Total
UNICEF:GLOBAL_DATAFLOW(1.0): Cross-sector indicators,TCA: Turks and Caicos Islands,CME_MRY0T4: Under-five mortality rate,_T: Total,2020,6.11340636633365,,"D_PER_1000_B: Deaths per 1,000 live births",A: Normal value,,2.09627985217621,16.7676466147039,,,,UN_IGME,,,,,,_T: Total
UNICEF:GLOBAL_DATAFLOW(1.0): Cross-sector indicators,TCA: Turks and Caicos Islands,CME_MRY0T4: Under-five mortality rate,_T: Total,2021,5.95827918310272,,"D_PER_1000_B: Deaths per 1,000 live births",A: Normal value,,1.97873338861851,16.766996375626,,,,UN_IGME,,,,,,_T: Total
UNICEF:GLOBAL_DATAFLOW(1.0): Cross-sector indicators,TCA: Turks and Caicos Islands,CME_MRY0T4: Under-five mortality rate,_T: Total,2022,5.79218758478945,,"D_PER_1000_B: Deaths per 1,000 live births",A: Normal value,,1.86966086561597,16.6739715935733,,,,UN_IGME,,,,,,_T: Total
UNICEF:GLOBAL_DATAFLOW(1.0): Cross-sector indicators,TUV: Tuvalu,CME_MRY0T4: Under-five mortality rate,_T: Total,2018,23.5089992406888,,"D_PER_1000_B: Deaths per 1,000 live births",A: Normal value,,14.4846182932677,37.7682075815491,,,,UN_IGME,,,,,,_T: Total
UNICEF:GLOBAL_DATAFLOW(1.0): Cross-sector indicators,TUV: Tuvalu,CME_MRY0T4: Under-five mortality rate,_T: Total,2019,22.7071718867606,,"D_PER_1000_B: Deaths per 1,000 live births",A: Normal value,,13.4855874048321,37.4533111152061,,,,UN_IGME,,,,,,_T: Total
UNICEF:GLOBAL_DATAFLOW(1.0): Cross-sector indicators,TUV: Tuvalu,CME_MRY0T4: Under-five mortality rate,_T: Total,2020,21.9239519038944,,"D_PER_1000_B: Deaths per 1,000 live births",A: Normal value,,12.6776593303868,37.2091561228511,,,,UN_IGME,,,,,,_T: Total
UNICEF:GLOBAL_DATAFLOW(1.0): Cross-sector indicators,TUV: Tuvalu,CME_MRY0T4: Under-five mortality rate,_T: Total,2021,21.2407827757014,,"D_PER_1000_B: Deaths per 1,000 live births",A: Normal value,,11.925862363201,36.9932197669481,,,,UN_IGME,,,,,,_T: Total
UNICEF:GLOBAL_DATAFLOW(1.0): Cross-sector indicators,TUV: Tuvalu,CME_MRY0T4: Under-five mortality rate,_T: Total,2022,20.5498355567812,,"D_PER_1000_B: Deaths per 1,000 live births",A: Normal value,,11.2396307817642,36.8138500715372,,,,UN_IGME,,,,,,_T: Total
UNICEF:GLOBAL_DATAFLOW(1.0): Cross-sector indicators,TUR: Türkiye,CME_MRY0T4: Under-five mortality rate,_T: Total,2018,11.4929944183917,,"D_PER_1000_B: Deaths per 1,000 live births",A: Normal value,,10.6296017357837,12.4363813472834,,,,UN_IGME,,,,,,_T: Total
UNICEF:GLOBAL_DATAFLOW(1.0): Cross-sector indicators,TUR: Türkiye,CME_MRY0T4: Under-five mortality rate,_T: Total,2019,10.9857038218174,,"D_PER_1000_B: Deaths per 1,000 live births",A: Normal value,,10.0791609347397,12.0109503580695,,,,UN_IGME,,,,,,_T: Total
UNICEF:GLOBAL_DATAFLOW(1.0): Cross-sector indicators,TUR: Türkiye,CME_MRY0T4: Under-five mortality rate,_T: Total,2020,10.5193889576046,,"D_PER_1000_B: Deaths per 1,000 live births",A: Normal value,,9.51920701982343,11.6401943760678,,,,UN_IGME,,,,,,_T: Total
UNICEF:GLOBAL_DATAFLOW(1.0): Cross-sector indicators,TUR: Türkiye,CME_MRY0T4: Under-five mortality rate,_T: Total,2021,10.0723565627864,,"D_PER_1000_B: Deaths per 1,000 live births",A: Normal value,,8.98221155882892,11.3655612684858,,,,UN_IGME,,,,,,_T: Total
UNICEF:GLOBAL_DATAFLOW(1.0): Cross-sector indicators,TUR: Türkiye,CME_MRY0T4: Under-five mortality rate,_T: Total,2022,9.64395251665457,,"D_PER_1000_B: Deaths per 1,000 live births",A: Normal value,,8.44634297533567,11.1402356682328,,,,UN_IGME,,,,,,_T: Total
UNICEF:GLOBAL_DATAFLOW(1.0): Cross-sector indicators,UGA: Uganda,CME_MRY0T4: Under-five mortality rate,_T: Total,2018,47.3976940030484,,"D_PER_1000_B: Deaths per 1,000 live births",A: Normal value,,37.3640035992919,60.5089843657656,,,,UN_IGME,,,,,,_T: Total
UNICEF:GLOBAL_DATAFLOW(1.0): Cross-sector indicators,UGA: Uganda,CME_MRY0T4: Under-five mortality rate,_T: Total,2019,45.307571885933,,"D_PER_1000_B: Deaths per 1,000 live births",A: Normal value,,34.3843689472143,59.7720596030003,,,,UN_IGME,,,,,,_T: Total
UNICEF:GLOBAL_DATAFLOW(1.0): Cross-sector indicators,UGA: Uganda,CME_MRY0T4: Under-five mortality rate,_T: Total,2020,43.509117324794,,"D_PER_1000_B: Deaths per 1,000 live births",A: Normal value,,31.6869454777409,59.3094350940535,,,,UN_IGME,,,,,,_T: Total
UNICEF:GLOBAL_DATAFLOW(1.0): Cross-sector indicators,UGA: Uganda,CME_MRY0T4: Under-five mortality rate,_T: Total,2021,41.7864555455199,,"D_PER_1000_B: Deaths per 1,000 live births",A: Normal value,,29.1761705486171,59.0231630207482,,,,UN_IGME,,,,,,_T: Total
UNICEF:GLOBAL_DATAFLOW(1.0): Cross-sector indicators,UGA: Uganda,CME_MRY0T4: Under-five mortality rate,_T: Total,2022,40.4932818800877,,"D_PER_1000_B: Deaths per 1,000 live births",A: Normal value,,27.3424873341052,59.2140302708134,,,,UN_IGME,,,,,,_T: Total
UNICEF:GLOBAL_DATAFLOW(1.0): Cross-sector indicators,UKR: Ukraine,CME_MRY0T4: Under-five mortality rate,_T: Total,2018,8.68201817932999,,"D_PER_1000_B: Deaths per 1,000 live births",A: Normal value,,8.40601012518134,8.9592089922722,,"The State Statistics Service of Ukraine (SSSU) have suspended the compilation of impartial statistical information on births and deaths starting from 2022 and on the number of population starting from data as of January 1, 2023, onwards. Consequently, no data is available for 2022.",,UN_IGME,,,,,,_T: Total
UNICEF:GLOBAL_DATAFLOW(1.0): Cross-sector indicators,UKR: Ukraine,CME_MRY0T4: Under-five mortality rate,_T: Total,2019,8.50168274503569,,"D_PER_1000_B: Deaths per 1,000 live births",A: Normal value,,8.23603415606905,8.7656950576466,,"The State Statistics Service of Ukraine (SSSU) have suspended the compilation of impartial statistical information on births and deaths starting from 2022 and on the number of population starting from data as of January 1, 2023, onwards. Consequently, no data is available for 2022.",,UN_IGME,,,,,,_T: Total
UNICEF:GLOBAL_DATAFLOW(1.0): Cross-sector indicators,UKR: Ukraine,CME_MRY0T4: Under-five mortality rate,_T: Total,2020,8.35464366988642,,"D_PER_1000_B: Deaths per 1,000 live births",A: Normal value,,8.07298187566414,8.6554603361542,,"The State Statistics Service of Ukraine (SSSU) have suspended the compilation of impartial statistical information on births and deaths starting from 2022 and on the number of population starting from data as of January 1, 2023, onwards. Consequently, no data is available for 2022.",,UN_IGME,,,,,,_T: Total
UNICEF:GLOBAL_DATAFLOW(1.0): Cross-sector indicators,UKR: Ukraine,CME_MRY0T4: Under-five mortality rate,_T: Total,2021,8.2303827219933,,"D_PER_1000_B: Deaths per 1,000 live births",A: Normal value,,7.87003635195091,8.67121344238834,,"The State Statistics Service of Ukraine (SSSU) have suspended the compilation of impartial statistical information on births and deaths starting from 2022 and on the number of population starting from data as of January 1, 2023, onwards. Consequently, no data is available for 2022.",,UN_IGME,,,,,,_T: Total
UNICEF:GLOBAL_DATAFLOW(1.0): Cross-sector indicators,UKR: Ukraine,CME_MRY0T4: Under-five mortality rate,_T: Total,2022,8.52441777066364,,"D_PER_1000_B: Deaths per 1,000 live births",A: Normal value,,7.96987225817904,9.22381300051636,,"The State Statistics Service of Ukraine (SSSU) have suspended the compilation of impartial statistical information on births and deaths starting from 2022 and on the number of population starting from data as of January 1, 2023, onwards. Consequently, no data is available for 2022.",,UN_IGME,,,,,,_T: Total
UNICEF:GLOBAL_DATAFLOW(1.0): Cross-sector indicators,ARE: United Arab Emirates,CME_MRY0T4: Under-five mortality rate,_T: Total,2018,6.66061132007445,,"D_PER_1000_B: Deaths per 1,000 live births",A: Normal value,,6.27345996776178,7.06882314079834,,,,UN_IGME,,,,,,_T: Total
UNICEF:GLOBAL_DATAFLOW(1.0): Cross-sector indicators,ARE: United Arab Emirates,CME_MRY0T4: Under-five mortality rate,_T: Total,2019,6.30452003834179,,"D_PER_1000_B: Deaths per 1,000 live births",A: Normal value,,5.9245006757389,6.70809080944545,,,,UN_IGME,,,,,,_T: Total
UNICEF:GLOBAL_DATAFLOW(1.0): Cross-sector indicators,ARE: United Arab Emirates,CME_MRY0T4: Under-five mortality rate,_T: Total,2020,5.95539432766845,,"D_PER_1000_B: Deaths per 1,000 live births",A: Normal value,,5.55759427559731,6.36607307872786,,,,UN_IGME,,,,,,_T: Total
UNICEF:GLOBAL_DATAFLOW(1.0): Cross-sector indicators,ARE: United Arab Emirates,CME_MRY0T4: Under-five mortality rate,_T: Total,2021,5.62403117923614,,"D_PER_1000_B: Deaths per 1,000 live births",A: Normal value,,5.17600771409402,6.09616003213191,,,,UN_IGME,,,,,,_T: Total
UNICEF:GLOBAL_DATAFLOW(1.0): Cross-sector indicators,ARE: United Arab Emirates,CME_MRY0T4: Under-five mortality rate,_T: Total,2022,5.31015467704672,,"D_PER_1000_B: Deaths per 1,000 live births",A: Normal value,,4.78774446395307,5.87849046995704,,,,UN_IGME,,,,,,_T: Total
UNICEF:GLOBAL_DATAFLOW(1.0): Cross-sector indicators,GBR: United Kingdom,CME_MRY0T4: Under-five mortality rate,_T: Total,2018,4.37433011503814,,"D_PER_1000_B: Deaths per 1,000 live births",A: Normal value,,4.28720135121028,4.46310008372909,,,,UN_IGME,,,,,,_T: Total
UNICEF:GLOBAL_DATAFLOW(1.0): Cross-sector indicators,GBR: United Kingdom,CME_MRY0T4: Under-five mortality rate,_T: Total,2019,4.37734639220796,,"D_PER_1000_B: Deaths per 1,000 live births",A: Normal value,,4.29057591425868,4.46488103044895,,,,UN_IGME,,,,,,_T: Total
UNICEF:GLOBAL_DATAFLOW(1.0): Cross-sector indicators,GBR: United Kingdom,CME_MRY0T4: Under-five mortality rate,_T: Total,2020,4.39967432191142,,"D_PER_1000_B: Deaths per 1,000 live births",A: Normal value,,4.3012312841252,4.49791609433473,,,,UN_IGME,,,,,,_T: Total
UNICEF:GLOBAL_DATAFLOW(1.0): Cross-sector indicators,GBR: United Kingdom,CME_MRY0T4: Under-five mortality rate,_T: Total,2021,4.43538987615719,,"D_PER_1000_B: Deaths per 1,000 live births",A: Normal value,,4.29644052905454,4.57889694596474,,,,UN_IGME,,,,,,_T: Total
UNICEF:GLOBAL_DATAFLOW(1.0): Cross-sector indicators,GBR: United Kingdom,CME_MRY0T4: Under-five mortality rate,_T: Total,2022,4.46013415207401,,"D_PER_1000_B: Deaths per 1,000 live births",A: Normal value,,4.23892128952433,4.69755987223557,,,,UN_IGME,,,,,,_T: Total
UNICEF:GLOBAL_DATAFLOW(1.0): Cross-sector indicators,TZA: United Republic of Tanzania,CME_MRY0T4: Under-five mortality rate,_T: Total,2018,48.002032188302,,"D_PER_1000_B: Deaths per 1,000 live births",A: Normal value,,42.2236023275483,54.6704207839543,,,,UN_IGME,,,,,,_T: Total
UNICEF:GLOBAL_DATAFLOW(1.0): Cross-sector indicators,TZA: United Republic of Tanzania,CME_MRY0T4: Under-five mortality rate,_T: Total,2019,45.9963487057652,,"D_PER_1000_B: Deaths per 1,000 live births",A: Normal value,,39.7969393926909,53.2502182191741,,,,UN_IGME,,,,,,_T: Total
UNICEF:GLOBAL_DATAFLOW(1.0): Cross-sector indicators,TZA: United Republic of Tanzania,CME_MRY0T4: Under-five mortality rate,_T: Total,2020,44.1638439440968,,"D_PER_1000_B: Deaths per 1,000 live births",A: Normal value,,37.473791049891,52.0801570071335,,,,UN_IGME,,,,,,_T: Total
UNICEF:GLOBAL_DATAFLOW(1.0): Cross-sector indicators,TZA: United Republic of Tanzania,CME_MRY0T4: Under-five mortality rate,_T: Total,2021,42.167631408215,,"D_PER_1000_B: Deaths per 1,000 live births",A: Normal value,,34.8897550866855,50.8000105559896,,,,UN_IGME,,,,,,_T: Total
UNICEF:GLOBAL_DATAFLOW(1.0): Cross-sector indicators,TZA: United Republic of Tanzania,CME_MRY0T4: Under-five mortality rate,_T: Total,2022,40.4821643987729,,"D_PER_1000_B: Deaths per 1,000 live births",A: Normal value,,32.6081633419015,49.9996781951291,,,,UN_IGME,,,,,,_T: Total
UNICEF:GLOBAL_DATAFLOW(1.0): Cross-sector indicators,USA: United States,CME_MRY0T4: Under-five mortality rate,_T: Total,2018,6.53948458564537,,"D_PER_1000_B: Deaths per 1,000 live births",A: Normal value,,6.42905742158056,6.64850350626251,,,,UN_IGME,,,,,,_T: Total
UNICEF:GLOBAL_DATAFLOW(1.0): Cross-sector indicators,USA: United States,CME_MRY0T4: Under-five mortality rate,_T: Total,2019,6.4926047402942,,"D_PER_1000_B: Deaths per 1,000 live births",A: Normal value,,6.37921526235945,6.60507113797987,,,,UN_IGME,,,,,,_T: Total
UNICEF:GLOBAL_DATAFLOW(1.0): Cross-sector indicators,USA: United States,CME_MRY0T4: Under-five mortality rate,_T: Total,2020,6.46878461763762,,"D_PER_1000_B: Deaths per 1,000 live births",A: Normal value,,6.35545280092989,6.5800896772505,,,,UN_IGME,,,,,,_T: Total
UNICEF:GLOBAL_DATAFLOW(1.0): Cross-sector indicators,USA: United States,CME_MRY0T4: Under-five mortality rate,_T: Total,2021,6.46297030376375,,"D_PER_1000_B: Deaths per 1,000 live births",A: Normal value,,6.34617208065102,6.57703141741564,,,,UN_IGME,,,,,,_T: Total
UNICEF:GLOBAL_DATAFLOW(1.0): Cross-sector indicators,USA: United States,CME_MRY0T4: Under-five mortality rate,_T: Total,2022,6.47009706013987,,"D_PER_1000_B: Deaths per 1,000 live births",A: Normal value,,6.33017871408956,6.61013522356021,,,,UN_IGME,,,,,,_T: Total
UNICEF:GLOBAL_DATAFLOW(1.0): Cross-sector indicators,URY: Uruguay,CME_MRY0T4: Under-five mortality rate,_T: Total,2018,7.69318423675886,,"D_PER_1000_B: Deaths per 1,000 live births",A: Normal value,,7.40840266152966,7.99321260242744,,,,UN_IGME,,,,,,_T: Total
UNICEF:GLOBAL_DATAFLOW(1.0): Cross-sector indicators,URY: Uruguay,CME_MRY0T4: Under-five mortality rate,_T: Total,2019,7.38788762872325,,"D_PER_1000_B: Deaths per 1,000 live births",A: Normal value,,7.09495620637787,7.68808946975836,,,,UN_IGME,,,,,,_T: Total
UNICEF:GLOBAL_DATAFLOW(1.0): Cross-sector indicators,URY: Uruguay,CME_MRY0T4: Under-five mortality rate,_T: Total,2020,7.14601889175467,,"D_PER_1000_B: Deaths per 1,000 live births",A: Normal value,,6.83210491932057,7.46886434117651,,,,UN_IGME,,,,,,_T: Total
UNICEF:GLOBAL_DATAFLOW(1.0): Cross-sector indicators,URY: Uruguay,CME_MRY0T4: Under-five mortality rate,_T: Total,2021,6.9568388803395,,"D_PER_1000_B: Deaths per 1,000 live births",A: Normal value,,6.59094259354459,7.34786765985651,,,,UN_IGME,,,,,,_T: Total
UNICEF:GLOBAL_DATAFLOW(1.0): Cross-sector indicators,URY: Uruguay,CME_MRY0T4: Under-five mortality rate,_T: Total,2022,6.80486944839444,,"D_PER_1000_B: Deaths per 1,000 live births",A: Normal value,,6.34087447154869,7.31876778785905,,,,UN_IGME,,,,,,_T: Total
UNICEF:GLOBAL_DATAFLOW(1.0): Cross-sector indicators,UZB: Uzbekistan,CME_MRY0T4: Under-five mortality rate,_T: Total,2018,16.4180003199992,,"D_PER_1000_B: Deaths per 1,000 live births",A: Normal value,,15.2162801264007,17.4055134341271,,"The most recent official national estimates of neonatal, infant and under-five mortality rates in Uzbekistan are from the vital registration system, with a rate of 4.5, 8.7 and 11.4 deaths per 1,000 live births for both sexes, respectively, in 2022. The most recent official sex-specific estimates from the vital registration system for infant and under-five mortality for males are 9.6 and 12.4 deaths per 1,000 live births and 7.7 and 10.2 deaths per 1,000 live births for females, respectively, in 2022.",,UN_IGME,,,,,,_T: Total
UNICEF:GLOBAL_DATAFLOW(1.0): Cross-sector indicators,UZB: Uzbekistan,CME_MRY0T4: Under-five mortality rate,_T: Total,2019,15.6489683744981,,"D_PER_1000_B: Deaths per 1,000 live births",A: Normal value,,14.4621844887291,16.6846684135222,,"The most recent official national estimates of neonatal, infant and under-five mortality rates in Uzbekistan are from the vital registration system, with a rate of 4.5, 8.7 and 11.4 deaths per 1,000 live births for both sexes, respectively, in 2022. The most recent official sex-specific estimates from the vital registration system for infant and under-five mortality for males are 9.6 and 12.4 deaths per 1,000 live births and 7.7 and 10.2 deaths per 1,000 live births for females, respectively, in 2022.",,UN_IGME,,,,,,_T: Total
UNICEF:GLOBAL_DATAFLOW(1.0): Cross-sector indicators,UZB: Uzbekistan,CME_MRY0T4: Under-five mortality rate,_T: Total,2020,14.9838958018062,,"D_PER_1000_B: Deaths per 1,000 live births",A: Normal value,,13.8366200125836,16.0496186196605,,"The most recent official national estimates of neonatal, infant and under-five mortality rates in Uzbekistan are from the vital registration system, with a rate of 4.5, 8.7 and 11.4 deaths per 1,000 live births for both sexes, respectively, in 2022. The most recent official sex-specific estimates from the vital registration system for infant and under-five mortality for males are 9.6 and 12.4 deaths per 1,000 live births and 7.7 and 10.2 deaths per 1,000 live births for females, respectively, in 2022.",,UN_IGME,,,,,,_T: Total
UNICEF:GLOBAL_DATAFLOW(1.0): Cross-sector indicators,UZB: Uzbekistan,CME_MRY0T4: Under-five mortality rate,_T: Total,2021,14.3919293261576,,"D_PER_1000_B: Deaths per 1,000 live births",A: Normal value,,13.3049734916644,15.5716811035089,,"The most recent official national estimates of neonatal, infant and under-five mortality rates in Uzbekistan are from the vital registration system, with a rate of 4.5, 8.7 and 11.4 deaths per 1,000 live births for both sexes, respectively, in 2022. The most recent official sex-specific estimates from the vital registration system for infant and under-five mortality for males are 9.6 and 12.4 deaths per 1,000 live births and 7.7 and 10.2 deaths per 1,000 live births for females, respectively, in 2022.",,UN_IGME,,,,,,_T: Total
UNICEF:GLOBAL_DATAFLOW(1.0): Cross-sector indicators,UZB: Uzbekistan,CME_MRY0T4: Under-five mortality rate,_T: Total,2022,13.8365459188065,,"D_PER_1000_B: Deaths per 1,000 live births",A: Normal value,,12.7638368922431,15.301733089293,,"The most recent official national estimates of neonatal, infant and under-five mortality rates in Uzbekistan are from the vital registration system, with a rate of 4.5, 8.7 and 11.4 deaths per 1,000 live births for both sexes, respectively, in 2022. The most recent official sex-specific estimates from the vital registration system for infant and under-five mortality for males are 9.6 and 12.4 deaths per 1,000 live births and 7.7 and 10.2 deaths per 1,000 live births for females, respectively, in 2022.",,UN_IGME,,,,,,_T: Total
UNICEF:GLOBAL_DATAFLOW(1.0): Cross-sector indicators,VUT: Vanuatu,CME_MRY0T4: Under-five mortality rate,_T: Total,2018,18.0274499935816,,"D_PER_1000_B: Deaths per 1,000 live births",A: Normal value,,14.4398767725214,22.5105938936958,,,,UN_IGME,,,,,,_T: Total
UNICEF:GLOBAL_DATAFLOW(1.0): Cross-sector indicators,VUT: Vanuatu,CME_MRY0T4: Under-five mortality rate,_T: Total,2019,17.8405011371154,,"D_PER_1000_B: Deaths per 1,000 live births",A: Normal value,,14.0244830640896,22.7990347166531,,,,UN_IGME,,,,,,_T: Total
UNICEF:GLOBAL_DATAFLOW(1.0): Cross-sector indicators,VUT: Vanuatu,CME_MRY0T4: Under-five mortality rate,_T: Total,2020,17.6591611939815,,"D_PER_1000_B: Deaths per 1,000 live births",A: Normal value,,13.510036318844,23.225665771617,,,,UN_IGME,,,,,,_T: Total
UNICEF:GLOBAL_DATAFLOW(1.0): Cross-sector indicators,VUT: Vanuatu,CME_MRY0T4: Under-five mortality rate,_T: Total,2021,17.4184319742111,,"D_PER_1000_B: Deaths per 1,000 live births",A: Normal value,,12.9768083065336,23.694961271259,,,,UN_IGME,,,,,,_T: Total
UNICEF:GLOBAL_DATAFLOW(1.0): Cross-sector indicators,VUT: Vanuatu,CME_MRY0T4: Under-five mortality rate,_T: Total,2022,17.1489750291926,,"D_PER_1000_B: Deaths per 1,000 live births",A: Normal value,,12.4793157407533,23.8775023632004,,,,UN_IGME,,,,,,_T: Total
UNICEF:GLOBAL_DATAFLOW(1.0): Cross-sector indicators,VEN: Venezuela (Bolivarian Republic of),CME_MRY0T4: Under-five mortality rate,_T: Total,2018,24.2573544096757,,"D_PER_1000_B: Deaths per 1,000 live births",A: Normal value,,20.7065432170471,28.4103055410642,,,,UN_IGME,,,,,,_T: Total
UNICEF:GLOBAL_DATAFLOW(1.0): Cross-sector indicators,VEN: Venezuela (Bolivarian Republic of),CME_MRY0T4: Under-five mortality rate,_T: Total,2019,24.2573544096757,,"D_PER_1000_B: Deaths per 1,000 live births",A: Normal value,,19.7799754528374,29.6947992118823,,,,UN_IGME,,,,,,_T: Total
UNICEF:GLOBAL_DATAFLOW(1.0): Cross-sector indicators,VEN: Venezuela (Bolivarian Republic of),CME_MRY0T4: Under-five mortality rate,_T: Total,2020,24.2573544096757,,"D_PER_1000_B: Deaths per 1,000 live births",A: Normal value,,18.8225361889174,31.2168333799832,,,,UN_IGME,,,,,,_T: Total
UNICEF:GLOBAL_DATAFLOW(1.0): Cross-sector indicators,VEN: Venezuela (Bolivarian Republic of),CME_MRY0T4: Under-five mortality rate,_T: Total,2021,24.2573544096757,,"D_PER_1000_B: Deaths per 1,000 live births",A: Normal value,,17.8592825276826,32.9405671840126,,,,UN_IGME,,,,,,_T: Total
UNICEF:GLOBAL_DATAFLOW(1.0): Cross-sector indicators,VEN: Venezuela (Bolivarian Republic of),CME_MRY0T4: Under-five mortality rate,_T: Total,2022,24.2573544096757,,"D_PER_1000_B: Deaths per 1,000 live births",A: Normal value,,16.8632281170878,34.8436926804433,,,,UN_IGME,,,,,,_T: Total
UNICEF:GLOBAL_DATAFLOW(1.0): Cross-sector indicators,VNM: Viet Nam,CME_MRY0T4: Under-five mortality rate,_T: Total,2018,21.3677350694483,,"D_PER_1000_B: Deaths per 1,000 live births",A: Normal value,,19.9230366419395,22.8968777116806,,,,UN_IGME,,,,,,_T: Total
UNICEF:GLOBAL_DATAFLOW(1.0): Cross-sector indicators,VNM: Viet Nam,CME_MRY0T4: Under-five mortality rate,_T: Total,2019,21.1853174204125,,"D_PER_1000_B: Deaths per 1,000 live births",A: Normal value,,19.5091192758397,22.9718212426296,,,,UN_IGME,,,,,,_T: Total
UNICEF:GLOBAL_DATAFLOW(1.0): Cross-sector indicators,VNM: Viet Nam,CME_MRY0T4: Under-five mortality rate,_T: Total,2020,20.9729070951574,,"D_PER_1000_B: Deaths per 1,000 live births",A: Normal value,,18.9786488119727,23.2398374173277,,,,UN_IGME,,,,,,_T: Total
UNICEF:GLOBAL_DATAFLOW(1.0): Cross-sector indicators,VNM: Viet Nam,CME_MRY0T4: Under-five mortality rate,_T: Total,2021,20.7402990128009,,"D_PER_1000_B: Deaths per 1,000 live births",A: Normal value,,18.3790282411257,23.5703170334627,,,,UN_IGME,,,,,,_T: Total
UNICEF:GLOBAL_DATAFLOW(1.0): Cross-sector indicators,VNM: Viet Nam,CME_MRY0T4: Under-five mortality rate,_T: Total,2022,20.4336736239713,,"D_PER_1000_B: Deaths per 1,000 live births",A: Normal value,,17.6624818397314,23.856659333419,,,,UN_IGME,,,,,,_T: Total
UNICEF:GLOBAL_DATAFLOW(1.0): Cross-sector indicators,UNICEF_WCA: West and Central Africa,CME_MRY0T4: Under-five mortality rate,_T: Total,2018,99.2773758992153,,"D_PER_1000_B: Deaths per 1,000 live births",A: Normal value,,89.3754320153903,113.38301156762,,,,UN_IGME,,,,,,_T: Total
UNICEF:GLOBAL_DATAFLOW(1.0): Cross-sector indicators,UNICEF_WCA: West and Central Africa,CME_MRY0T4: Under-five mortality rate,_T: Total,2019,98.0938094076419,,"D_PER_1000_B: Deaths per 1,000 live births",A: Normal value,,87.4413373994742,113.395490228297,,,,UN_IGME,,,,,,_T: Total
UNICEF:GLOBAL_DATAFLOW(1.0): Cross-sector indicators,UNICEF_WCA: West and Central Africa,CME_MRY0T4: Under-five mortality rate,_T: Total,2020,93.8750377906862,,"D_PER_1000_B: Deaths per 1,000 live births",A: Normal value,,82.5729265699129,110.782748582937,,,,UN_IGME,,,,,,_T: Total
UNICEF:GLOBAL_DATAFLOW(1.0): Cross-sector indicators,UNICEF_WCA: West and Central Africa,CME_MRY0T4: Under-five mortality rate,_T: Total,2021,91.7273115772473,,"D_PER_1000_B: Deaths per 1,000 live births",A: Normal value,,79.83458420202,110.266077900558,,,,UN_IGME,,,,,,_T: Total
UNICEF:GLOBAL_DATAFLOW(1.0): Cross-sector indicators,UNICEF_WCA: West and Central Africa,CME_MRY0T4: Under-five mortality rate,_T: Total,2022,91.8851582804461,,"D_PER_1000_B: Deaths per 1,000 live births",A: Normal value,,79.5282734585381,112.121467310614,,,,UN_IGME,,,,,,_T: Total
UNICEF:GLOBAL_DATAFLOW(1.0): Cross-sector indicators,UNICEF_WCARO: West and Central Africa,CME_MRY0T4: Under-five mortality rate,_T: Total,2018,99.2773758992153,,"D_PER_1000_B: Deaths per 1,000 live births",A: Normal value,,89.3754320153903,113.38301156762,,,,UN_IGME,,,,,,_T: Total
UNICEF:GLOBAL_DATAFLOW(1.0): Cross-sector indicators,UNICEF_WCARO: West and Central Africa,CME_MRY0T4: Under-five mortality rate,_T: Total,2019,98.0938094076419,,"D_PER_1000_B: Deaths per 1,000 live births",A: Normal value,,87.4413373994742,113.395490228297,,,,UN_IGME,,,,,,_T: Total
UNICEF:GLOBAL_DATAFLOW(1.0): Cross-sector indicators,UNICEF_WCARO: West and Central Africa,CME_MRY0T4: Under-five mortality rate,_T: Total,2020,93.8750377906862,,"D_PER_1000_B: Deaths per 1,000 live births",A: Normal value,,82.5729265699129,110.782748582937,,,,UN_IGME,,,,,,_T: Total
UNICEF:GLOBAL_DATAFLOW(1.0): Cross-sector indicators,UNICEF_WCARO: West and Central Africa,CME_MRY0T4: Under-five mortality rate,_T: Total,2021,91.7273115772473,,"D_PER_1000_B: Deaths per 1,000 live births",A: Normal value,,79.83458420202,110.266077900558,,,,UN_IGME,,,,,,_T: Total
UNICEF:GLOBAL_DATAFLOW(1.0): Cross-sector indicators,UNICEF_WCARO: West and Central Africa,CME_MRY0T4: Under-five mortality rate,_T: Total,2022,91.8851582804461,,"D_PER_1000_B: Deaths per 1,000 live births",A: Normal value,,79.5282734585381,112.121467310614,,,,UN_IGME,,,,,,_T: Total
UNICEF:GLOBAL_DATAFLOW(1.0): Cross-sector indicators,AU_WESTERN_AFRICA: Western Africa (African Union),CME_MRY0T4: Under-five mortality rate,_T: Total,2018,104.512476264084,,"D_PER_1000_B: Deaths per 1,000 live births",,,,,,,,UN_IGME,,,,,,_T: Total
UNICEF:GLOBAL_DATAFLOW(1.0): Cross-sector indicators,AU_WESTERN_AFRICA: Western Africa (African Union),CME_MRY0T4: Under-five mortality rate,_T: Total,2019,101.876116803784,,"D_PER_1000_B: Deaths per 1,000 live births",,,,,,,,UN_IGME,,,,,,_T: Total
UNICEF:GLOBAL_DATAFLOW(1.0): Cross-sector indicators,AU_WESTERN_AFRICA: Western Africa (African Union),CME_MRY0T4: Under-five mortality rate,_T: Total,2020,99.3076389739889,,"D_PER_1000_B: Deaths per 1,000 live births",,,,,,,,UN_IGME,,,,,,_T: Total
UNICEF:GLOBAL_DATAFLOW(1.0): Cross-sector indicators,AU_WESTERN_AFRICA: Western Africa (African Union),CME_MRY0T4: Under-five mortality rate,_T: Total,2021,96.5566261768346,,"D_PER_1000_B: Deaths per 1,000 live births",,,,,,,,UN_IGME,,,,,,_T: Total
UNICEF:GLOBAL_DATAFLOW(1.0): Cross-sector indicators,AU_WESTERN_AFRICA: Western Africa (African Union),CME_MRY0T4: Under-five mortality rate,_T: Total,2022,93.7439237559601,,"D_PER_1000_B: Deaths per 1,000 live births",,,,,,,,UN_IGME,,,,,,_T: Total
UNICEF:GLOBAL_DATAFLOW(1.0): Cross-sector indicators,UNSDG_WESTERNASIA: Western Asia,CME_MRY0T4: Under-five mortality rate,_T: Total,2018,22.8754260509434,,"D_PER_1000_B: Deaths per 1,000 live births",A: Normal value,,20.8914418370309,25.1027638735016,,,,UN_IGME,,,,,,_T: Total
UNICEF:GLOBAL_DATAFLOW(1.0): Cross-sector indicators,UNSDG_WESTERNASIA: Western Asia,CME_MRY0T4: Under-five mortality rate,_T: Total,2019,22.2229884817575,,"D_PER_1000_B: Deaths per 1,000 live births",A: Normal value,,20.2088535149612,24.6547315281166,,,,UN_IGME,,,,,,_T: Total
UNICEF:GLOBAL_DATAFLOW(1.0): Cross-sector indicators,UNSDG_WESTERNASIA: Western Asia,CME_MRY0T4: Under-five mortality rate,_T: Total,2020,21.5381768225443,,"D_PER_1000_B: Deaths per 1,000 live births",A: Normal value,,19.4222979004018,24.152956100293,,,,UN_IGME,,,,,,_T: Total
UNICEF:GLOBAL_DATAFLOW(1.0): Cross-sector indicators,UNSDG_WESTERNASIA: Western Asia,CME_MRY0T4: Under-five mortality rate,_T: Total,2021,21.2292681116337,,"D_PER_1000_B: Deaths per 1,000 live births",A: Normal value,,18.9686293565016,24.1337138962866,,,,UN_IGME,,,,,,_T: Total
UNICEF:GLOBAL_DATAFLOW(1.0): Cross-sector indicators,UNSDG_WESTERNASIA: Western Asia,CME_MRY0T4: Under-five mortality rate,_T: Total,2022,20.8238825804697,,"D_PER_1000_B: Deaths per 1,000 live births",A: Normal value,,18.437033493258,24.0106024601851,,,,UN_IGME,,,,,,_T: Total
UNICEF:GLOBAL_DATAFLOW(1.0): Cross-sector indicators,UNICEF_WE: Western Europe,CME_MRY0T4: Under-five mortality rate,_T: Total,2018,3.87819927569677,,"D_PER_1000_B: Deaths per 1,000 live births",A: Normal value,,3.85272011190556,3.90527707338261,,,,UN_IGME,,,,,,_T: Total
UNICEF:GLOBAL_DATAFLOW(1.0): Cross-sector indicators,UNICEF_WE: Western Europe,CME_MRY0T4: Under-five mortality rate,_T: Total,2019,3.83343688139193,,"D_PER_1000_B: Deaths per 1,000 live births",A: Normal value,,3.8071198608059,3.8602658201637,,,,UN_IGME,,,,,,_T: Total
UNICEF:GLOBAL_DATAFLOW(1.0): Cross-sector indicators,UNICEF_WE: Western Europe,CME_MRY0T4: Under-five mortality rate,_T: Total,2020,3.79668430499591,,"D_PER_1000_B: Deaths per 1,000 live births",A: Normal value,,3.76949342524529,3.82483501359153,,,,UN_IGME,,,,,,_T: Total
UNICEF:GLOBAL_DATAFLOW(1.0): Cross-sector indicators,UNICEF_WE: Western Europe,CME_MRY0T4: Under-five mortality rate,_T: Total,2021,3.77098907599183,,"D_PER_1000_B: Deaths per 1,000 live births",A: Normal value,,3.7397518408227,3.80399718094438,,,,UN_IGME,,,,,,_T: Total
UNICEF:GLOBAL_DATAFLOW(1.0): Cross-sector indicators,UNICEF_WE: Western Europe,CME_MRY0T4: Under-five mortality rate,_T: Total,2022,3.75765926980609,,"D_PER_1000_B: Deaths per 1,000 live births",A: Normal value,,3.71502627942218,3.80571886319938,,,,UN_IGME,,,,,,_T: Total
UNICEF:GLOBAL_DATAFLOW(1.0): Cross-sector indicators,WHO_WPRO: Western Pacific,CME_MRY0T4: Under-five mortality rate,_T: Total,2018,11.9874163419754,,"D_PER_1000_B: Deaths per 1,000 live births",A: Normal value,,11.4085101797972,12.7240879346751,,,,UN_IGME,,,,,,_T: Total
UNICEF:GLOBAL_DATAFLOW(1.0): Cross-sector indicators,WHO_WPRO: Western Pacific,CME_MRY0T4: Under-five mortality rate,_T: Total,2019,11.6355366046141,,"D_PER_1000_B: Deaths per 1,000 live births",A: Normal value,,11.0235458243666,12.4391046508661,,,,UN_IGME,,,,,,_T: Total
UNICEF:GLOBAL_DATAFLOW(1.0): Cross-sector indicators,WHO_WPRO: Western Pacific,CME_MRY0T4: Under-five mortality rate,_T: Total,2020,11.6257469489032,,"D_PER_1000_B: Deaths per 1,000 live births",A: Normal value,,10.930255041304,12.5943101348338,,,,UN_IGME,,,,,,_T: Total
UNICEF:GLOBAL_DATAFLOW(1.0): Cross-sector indicators,WHO_WPRO: Western Pacific,CME_MRY0T4: Under-five mortality rate,_T: Total,2021,11.5214579904447,,"D_PER_1000_B: Deaths per 1,000 live births",A: Normal value,,10.7573528831638,12.6645814714638,,,,UN_IGME,,,,,,_T: Total
UNICEF:GLOBAL_DATAFLOW(1.0): Cross-sector indicators,WHO_WPRO: Western Pacific,CME_MRY0T4: Under-five mortality rate,_T: Total,2022,11.4043305558601,,"D_PER_1000_B: Deaths per 1,000 live births",A: Normal value,,10.5469654773198,12.756867477368,,,,UN_IGME,,,,,,_T: Total
UNICEF:GLOBAL_DATAFLOW(1.0): Cross-sector indicators,WORLD: World,CME_MRY0T4: Under-five mortality rate,_T: Total,2018,40.1752315273942,,"D_PER_1000_B: Deaths per 1,000 live births",A: Normal value,,38.649253155449,42.7623782746647,,,,UN_IGME,,,,,,_T: Total
UNICEF:GLOBAL_DATAFLOW(1.0): Cross-sector indicators,WORLD: World,CME_MRY0T4: Under-five mortality rate,_T: Total,2019,39.4722035768158,,"D_PER_1000_B: Deaths per 1,000 live births",A: Normal value,,37.8223064113113,42.3030083706912,,,,UN_IGME,,,,,,_T: Total
UNICEF:GLOBAL_DATAFLOW(1.0): Cross-sector indicators,WORLD: World,CME_MRY0T4: Under-five mortality rate,_T: Total,2020,38.7379965405281,,"D_PER_1000_B: Deaths per 1,000 live births",A: Normal value,,36.9661185539084,41.9304858554587,,,,UN_IGME,,,,,,_T: Total
UNICEF:GLOBAL_DATAFLOW(1.0): Cross-sector indicators,WORLD: World,CME_MRY0T4: Under-five mortality rate,_T: Total,2021,38.2398721466389,,"D_PER_1000_B: Deaths per 1,000 live births",A: Normal value,,36.3547843764992,41.8212689531646,,,,UN_IGME,,,,,,_T: Total
UNICEF:GLOBAL_DATAFLOW(1.0): Cross-sector indicators,WORLD: World,CME_MRY0T4: Under-five mortality rate,_T: Total,2022,38.2490402168651,,"D_PER_1000_B: Deaths per 1,000 live births",A: Normal value,,36.251814226457,42.3097754350389,,,,UN_IGME,,,,,,_T: Total
UNICEF:GLOBAL_DATAFLOW(1.0): Cross-sector indicators,WB_HI: World Bank (high income),CME_MRY0T4: Under-five mortality rate,_T: Total,2018,5.33453063449552,,"D_PER_1000_B: Deaths per 1,000 live births",A: Normal value,,5.26371026645712,5.43165692007481,,,,UN_IGME,,,,,,_T: Total
UNICEF:GLOBAL_DATAFLOW(1.0): Cross-sector indicators,WB_HI: World Bank (high income),CME_MRY0T4: Under-five mortality rate,_T: Total,2019,5.20944155520375,,"D_PER_1000_B: Deaths per 1,000 live births",A: Normal value,,5.1374234031961,5.3093234225255,,,,UN_IGME,,,,,,_T: Total
UNICEF:GLOBAL_DATAFLOW(1.0): Cross-sector indicators,WB_HI: World Bank (high income),CME_MRY0T4: Under-five mortality rate,_T: Total,2020,5.09486928014902,,"D_PER_1000_B: Deaths per 1,000 live births",A: Normal value,,5.02117595203143,5.19836815379056,,,,UN_IGME,,,,,,_T: Total
UNICEF:GLOBAL_DATAFLOW(1.0): Cross-sector indicators,WB_HI: World Bank (high income),CME_MRY0T4: Under-five mortality rate,_T: Total,2021,5.01235731100802,,"D_PER_1000_B: Deaths per 1,000 live births",A: Normal value,,4.93603248778267,5.12349839312696,,,,UN_IGME,,,,,,_T: Total
UNICEF:GLOBAL_DATAFLOW(1.0): Cross-sector indicators,WB_HI: World Bank (high income),CME_MRY0T4: Under-five mortality rate,_T: Total,2022,4.98309267692099,,"D_PER_1000_B: Deaths per 1,000 live births",A: Normal value,,4.89641930643623,5.10598212344554,,,,UN_IGME,,,,,,_T: Total
UNICEF:GLOBAL_DATAFLOW(1.0): Cross-sector indicators,WB_LI: World Bank (low income),CME_MRY0T4: Under-five mortality rate,_T: Total,2018,73.5025152712523,,"D_PER_1000_B: Deaths per 1,000 live births",A: Normal value,,68.1213345500422,82.5356882511427,,,,UN_IGME,,,,,,_T: Total
UNICEF:GLOBAL_DATAFLOW(1.0): Cross-sector indicators,WB_LI: World Bank (low income),CME_MRY0T4: Under-five mortality rate,_T: Total,2019,71.6262440342769,,"D_PER_1000_B: Deaths per 1,000 live births",A: Normal value,,66.2557422906642,81.1121480400785,,,,UN_IGME,,,,,,_T: Total
UNICEF:GLOBAL_DATAFLOW(1.0): Cross-sector indicators,WB_LI: World Bank (low income),CME_MRY0T4: Under-five mortality rate,_T: Total,2020,68.209254576159,,"D_PER_1000_B: Deaths per 1,000 live births",A: Normal value,,62.7287941710102,78.4085637880417,,,,UN_IGME,,,,,,_T: Total
UNICEF:GLOBAL_DATAFLOW(1.0): Cross-sector indicators,WB_LI: World Bank (low income),CME_MRY0T4: Under-five mortality rate,_T: Total,2021,66.7807844428281,,"D_PER_1000_B: Deaths per 1,000 live births",A: Normal value,,61.112020224171,77.8701322408469,,,,UN_IGME,,,,,,_T: Total
UNICEF:GLOBAL_DATAFLOW(1.0): Cross-sector indicators,WB_LI: World Bank (low income),CME_MRY0T4: Under-five mortality rate,_T: Total,2022,68.5111471730634,,"D_PER_1000_B: Deaths per 1,000 live births",A: Normal value,,62.4496281613559,81.3992355193085,,,,UN_IGME,,,,,,_T: Total
UNICEF:GLOBAL_DATAFLOW(1.0): Cross-sector indicators,WB_LMI: World Bank (lower middle income),CME_MRY0T4: Under-five mortality rate,_T: Total,2018,51.2533038979328,,"D_PER_1000_B: Deaths per 1,000 live births",A: Normal value,,48.3213236234186,55.4429558756446,,,,UN_IGME,,,,,,_T: Total
UNICEF:GLOBAL_DATAFLOW(1.0): Cross-sector indicators,WB_LMI: World Bank (lower middle income),CME_MRY0T4: Under-five mortality rate,_T: Total,2019,49.5318479239144,,"D_PER_1000_B: Deaths per 1,000 live births",A: Normal value,,46.3663905387851,54.1263970644451,,,,UN_IGME,,,,,,_T: Total
UNICEF:GLOBAL_DATAFLOW(1.0): Cross-sector indicators,WB_LMI: World Bank (lower middle income),CME_MRY0T4: Under-five mortality rate,_T: Total,2020,47.8689371024584,,"D_PER_1000_B: Deaths per 1,000 live births",A: Normal value,,44.5066014148062,52.9342939880483,,,,UN_IGME,,,,,,_T: Total
UNICEF:GLOBAL_DATAFLOW(1.0): Cross-sector indicators,WB_LMI: World Bank (lower middle income),CME_MRY0T4: Under-five mortality rate,_T: Total,2021,46.3361966343908,,"D_PER_1000_B: Deaths per 1,000 live births",A: Normal value,,42.7025183685896,51.9154544189457,,,,UN_IGME,,,,,,_T: Total
UNICEF:GLOBAL_DATAFLOW(1.0): Cross-sector indicators,WB_LMI: World Bank (lower middle income),CME_MRY0T4: Under-five mortality rate,_T: Total,2022,44.8758142412723,,"D_PER_1000_B: Deaths per 1,000 live births",A: Normal value,,41.0074108502633,51.026596445225,,,,UN_IGME,,,,,,_T: Total
UNICEF:GLOBAL_DATAFLOW(1.0): Cross-sector indicators,WB_UMI: World Bank (upper middle income),CME_MRY0T4: Under-five mortality rate,_T: Total,2018,14.7426529979078,,"D_PER_1000_B: Deaths per 1,000 live births",A: Normal value,,14.2189872959626,15.488222231003,,,,UN_IGME,,,,,,_T: Total
UNICEF:GLOBAL_DATAFLOW(1.0): Cross-sector indicators,WB_UMI: World Bank (upper middle income),CME_MRY0T4: Under-five mortality rate,_T: Total,2019,14.3825299817838,,"D_PER_1000_B: Deaths per 1,000 live births",A: Normal value,,13.8147133108799,15.2062868615518,,,,UN_IGME,,,,,,_T: Total
UNICEF:GLOBAL_DATAFLOW(1.0): Cross-sector indicators,WB_UMI: World Bank (upper middle income),CME_MRY0T4: Under-five mortality rate,_T: Total,2020,14.3946838380693,,"D_PER_1000_B: Deaths per 1,000 live births",A: Normal value,,13.7632460829702,15.3666284181649,,,,UN_IGME,,,,,,_T: Total
UNICEF:GLOBAL_DATAFLOW(1.0): Cross-sector indicators,WB_UMI: World Bank (upper middle income),CME_MRY0T4: Under-five mortality rate,_T: Total,2021,14.2788562796422,,"D_PER_1000_B: Deaths per 1,000 live births",A: Normal value,,13.5659908872991,15.4179927138679,,,,UN_IGME,,,,,,_T: Total
UNICEF:GLOBAL_DATAFLOW(1.0): Cross-sector indicators,WB_UMI: World Bank (upper middle income),CME_MRY0T4: Under-five mortality rate,_T: Total,2022,14.1268188602622,,"D_PER_1000_B: Deaths per 1,000 live births",A: Normal value,,13.3302074697454,15.4480639595406,,,,UN_IGME,,,,,,_T: Total
UNICEF:GLOBAL_DATAFLOW(1.0): Cross-sector indicators,YEM: Yemen,CME_MRY0T4: Under-five mortality rate,_T: Total,2018,46.9535443977823,,"D_PER_1000_B: Deaths per 1,000 live births",A: Normal value,,40.2775201824569,54.8323576594237,,,,UN_IGME,,,,,,_T: Total
UNICEF:GLOBAL_DATAFLOW(1.0): Cross-sector indicators,YEM: Yemen,CME_MRY0T4: Under-five mortality rate,_T: Total,2019,45.9101885003502,,"D_PER_1000_B: Deaths per 1,000 live births",A: Normal value,,38.9880504599731,54.2464186970692,,,,UN_IGME,,,,,,_T: Total
UNICEF:GLOBAL_DATAFLOW(1.0): Cross-sector indicators,YEM: Yemen,CME_MRY0T4: Under-five mortality rate,_T: Total,2020,43.1629257171727,,"D_PER_1000_B: Deaths per 1,000 live births",A: Normal value,,36.2611568750744,51.9051868104568,,,,UN_IGME,,,,,,_T: Total
UNICEF:GLOBAL_DATAFLOW(1.0): Cross-sector indicators,YEM: Yemen,CME_MRY0T4: Under-five mortality rate,_T: Total,2021,42.3759204291399,,"D_PER_1000_B: Deaths per 1,000 live births",A: Normal value,,35.140583972327,51.8299614042318,,,,UN_IGME,,,,,,_T: Total
UNICEF:GLOBAL_DATAFLOW(1.0): Cross-sector indicators,YEM: Yemen,CME_MRY0T4: Under-five mortality rate,_T: Total,2022,40.8350551397104,,"D_PER_1000_B: Deaths per 1,000 live births",A: Normal value,,33.253541088264,50.8780387868192,,,,UN_IGME,,,,,,_T: Total
UNICEF:GLOBAL_DATAFLOW(1.0): Cross-sector indicators,ZMB: Zambia,CME_MRY0T4: Under-five mortality rate,_T: Total,2018,55.1700816419674,,"D_PER_1000_B: Deaths per 1,000 live births",A: Normal value,,48.6082677107712,62.3885575812927,,,,UN_IGME,,,,,,_T: Total
UNICEF:GLOBAL_DATAFLOW(1.0): Cross-sector indicators,ZMB: Zambia,CME_MRY0T4: Under-five mortality rate,_T: Total,2019,54.0880879086757,,"D_PER_1000_B: Deaths per 1,000 live births",A: Normal value,,47.1792191715073,62.0711802844569,,,,UN_IGME,,,,,,_T: Total
UNICEF:GLOBAL_DATAFLOW(1.0): Cross-sector indicators,ZMB: Zambia,CME_MRY0T4: Under-five mortality rate,_T: Total,2020,52.4233218999327,,"D_PER_1000_B: Deaths per 1,000 live births",A: Normal value,,44.9178648761902,61.3037066363553,,,,UN_IGME,,,,,,_T: Total
UNICEF:GLOBAL_DATAFLOW(1.0): Cross-sector indicators,ZMB: Zambia,CME_MRY0T4: Under-five mortality rate,_T: Total,2021,49.2137783002184,,"D_PER_1000_B: Deaths per 1,000 live births",A: Normal value,,41.2197039869779,58.7822578038026,,,,UN_IGME,,,,,,_T: Total
UNICEF:GLOBAL_DATAFLOW(1.0): Cross-sector indicators,ZMB: Zambia,CME_MRY0T4: Under-five mortality rate,_T: Total,2022,46.6667058292698,,"D_PER_1000_B: Deaths per 1,000 live births",A: Normal value,,37.9272537043376,57.5595782263303,,,,UN_IGME,,,,,,_T: Total
UNICEF:GLOBAL_DATAFLOW(1.0): Cross-sector indicators,ZWE: Zimbabwe,CME_MRY0T4: Under-five mortality rate,_T: Total,2018,52.2897014092393,,"D_PER_1000_B: Deaths per 1,000 live births",A: Normal value,,41.182131276955,65.2590986042117,,,,UN_IGME,,,,,,_T: Total
UNICEF:GLOBAL_DATAFLOW(1.0): Cross-sector indicators,ZWE: Zimbabwe,CME_MRY0T4: Under-five mortality rate,_T: Total,2019,51.0625687914726,,"D_PER_1000_B: Deaths per 1,000 live births",A: Normal value,,38.2501940253478,66.9021566039467,,,,UN_IGME,,,,,,_T: Total
UNICEF:GLOBAL_DATAFLOW(1.0): Cross-sector indicators,ZWE: Zimbabwe,CME_MRY0T4: Under-five mortality rate,_T: Total,2020,50.0833158493995,,"D_PER_1000_B: Deaths per 1,000 live births",A: Normal value,,35.7227220541178,69.0464399117544,,,,UN_IGME,,,,,,_T: Total
UNICEF:GLOBAL_DATAFLOW(1.0): Cross-sector indicators,ZWE: Zimbabwe,CME_MRY0T4: Under-five mortality rate,_T: Total,2021,47.6206112552656,,"D_PER_1000_B: Deaths per 1,000 live births",A: Normal value,,32.1423251473721,68.5905824540103,,,,UN_IGME,,,,,,_T: Total
UNICEF:GLOBAL_DATAFLOW(1.0): Cross-sector indicators,ZWE: Zimbabwe,CME_MRY0T4: Under-five mortality rate,_T: Total,2022,45.9858537976127,,"D_PER_1000_B: Deaths per 1,000 live births",A: Normal value,,29.4323849946869,69.4278199571415,,,,UN_IGME,,,,,,_T: Total
