ParentLocationCode,ParentLocation,Location type,SpatialDimValueCode,Location,Period type,Period,IsLatestYear,Dim1 type,Dim1,Dim1ValueCode,FactValueNumeric,Value,Language,DateModified
EMR,Eastern Mediterranean,Country,AFG,Afghanistan,Year,2022,TRUE,Residence Area Type,Total,RESIDENCEAREATYPE_TOTL,82.18,82,EN,2023-07-09T17:00:00.000Z
EMR,Eastern Mediterranean,Country,AFG,Afghanistan,Year,2021,FALSE,Residence Area Type,Total,RESIDENCEAREATYPE_TOTL,79.69,80,EN,2023-07-09T17:00:00.000Z
EMR,Eastern Mediterranean,Country,AFG,Afghanistan,Year,2020,FALSE,Residence Area Type,Total,RESIDENCEAREATYPE_TOTL,76.72,77,EN,2023-07-09T17:00:00.000Z
EMR,Eastern Mediterranean,Country,AFG,Afghanistan,Year,2019,FALSE,Residence Area Type,Total,RESIDENCEAREATYPE_TOTL,73.78,74,EN,2023-07-09T17:00:00.000Z
EMR,Eastern Mediterranean,Country,AFG,Afghanistan,Year,2018,FALSE,Residence Area Type,Total,RESIDENCEAREATYPE_TOTL,70.88,71,EN,2023-07-09T17:00:00.000Z
EMR,Eastern Mediterranean,Country,AFG,Afghanistan,Year,2017,FALSE,Residence Area Type,Total,RESIDENCEAREATYPE_TOTL,68.01,68,EN,2023-07-09T17:00:00.000Z
EMR,Eastern Mediterranean,Country,AFG,Afghanistan,Year,2016,FALSE,Residence Area Type,Total,RESIDENCEAREATYPE_TOTL,65.17,65,EN,2023-07-09T17:00:00.000Z
EMR,Eastern Mediterranean,Country,AFG,Afghanistan,Year,2015,FALSE,Residence Area Type,Total,RESIDENCEAREATYPE_TOTL,62.37,62,EN,2023-07-09T17:00:00.000Z
EMR,Eastern Mediterranean,Country,AFG,Afghanistan,Year,2014,FALSE,Residence Area Type,Total,RESIDENCEAREATYPE_TOTL,59.6,60,EN,2023-07-09T17:00:00.000Z
EMR,Eastern Mediterranean,Country,AFG,Afghanistan,Year,2013,FALSE,Residence Area Type,Total,RESIDENCEAREATYPE_TOTL,56.86,57,EN,2023-07-09T17:00:00.000Z
EMR,Eastern Mediterranean,Country,AFG,Afghanistan,Year,2012,FALSE,Residence Area Type,Total,RESIDENCEAREATYPE_TOTL,54.15,54,EN,2023-07-09T17:00:00.000Z
EMR,Eastern Mediterranean,Country,AFG,Afghanistan,Year,2011,FALSE,Residence Area Type,Total,RESIDENCEAREATYPE_TOTL,51.47,51,EN,2023-07-09T17:00:00.000Z
EMR,Eastern Mediterranean,Country,AFG,Afghanistan,Year,2010,FALSE,Residence Area Type,Total,RESIDENCEAREATYPE_TOTL,48.83,49,EN,2023-07-09T17:00:00.000Z
EMR,Eastern Mediterranean,Country,AFG,Afghanistan,Year,2009,FALSE,Residence Area Type,Total,RESIDENCEAREATYPE_TOTL,46.21,46,EN,2023-07-09T17:00:00.000Z
EMR,Eastern Mediterranean,Country,AFG,Afghanistan,Year,2008,FALSE,Residence Area Type,Total,RESIDENCEAREATYPE_TOTL,43.63,44,EN,2023-07-09T17:00:00.000Z
EMR,Eastern Mediterranean,Country,AFG,Afghanistan,Year,2007,FALSE,Residence Area Type,Total,RESIDENCEAREATYPE_TOTL,41.08,41,EN,2023-07-09T17:00:00.000Z
EMR,Eastern Mediterranean,Country,AFG,Afghanistan,Year,2006,FALSE,Residence Area Type,Total,RESIDENCEAREATYPE_TOTL,38.57,39,EN,2023-07-09T17:00:00.000Z
EMR,Eastern Mediterranean,Country,AFG,Afghanistan,Year,2005,FALSE,Residence Area Type,Total,RESIDENCEAREATYPE_TOTL,36.33,36,EN,2023-07-09T17:00:00.000Z
EMR,Eastern Mediterranean,Country,AFG,Afghanistan,Year,2004,FALSE,Residence Area Type,Total,RESIDENCEAREATYPE_TOTL,34.09,34,EN,2023-07-09T17:00:00.000Z
EMR,Eastern Mediterranean,Country,AFG,Afghanistan,Year,2003,FALSE,Residence Area Type,Total,RESIDENCEAREATYPE_TOTL,31.88,32,EN,2023-07-09T17:00:00.000Z
EMR,Eastern Mediterranean,Country,AFG,Afghanistan,Year,2002,FALSE,Residence Area Type,Total,RESIDENCEAREATYPE_TOTL,29.67,30,EN,2023-07-09T17:00:00.000Z
EMR,Eastern Mediterranean,Country,AFG,Afghanistan,Year,2001,FALSE,Residence Area Type,Total,RESIDENCEAREATYPE_TOTL,27.47,27,EN,2023-07-09T17:00:00.000Z
EMR,Eastern Mediterranean,Country,AFG,Afghanistan,Year,2000,FALSE,Residence Area Type,Total,RESIDENCEAREATYPE_TOTL,27.44,27,EN,2023-07-09T17:00:00.000Z
EUR,Europe,Country,ALB,Albania,Year,2022,TRUE,Residence Area Type,Total,RESIDENCEAREATYPE_TOTL,95.09,95,EN,2023-07-09T17:00:00.000Z
EUR,Europe,Country,ALB,Albania,Year,2021,FALSE,Residence Area Type,Total,RESIDENCEAREATYPE_TOTL,95.08,95,EN,2023-07-09T17:00:00.000Z
EUR,Europe,Country,ALB,Albania,Year,2020,FALSE,Residence Area Type,Total,RESIDENCEAREATYPE_TOTL,95.07,95,EN,2023-07-09T17:00:00.000Z
EUR,Europe,Country,ALB,Albania,Year,2019,FALSE,Residence Area Type,Total,RESIDENCEAREATYPE_TOTL,94.76,95,EN,2023-07-09T17:00:00.000Z
EUR,Europe,Country,ALB,Albania,Year,2018,FALSE,Residence Area Type,Total,RESIDENCEAREATYPE_TOTL,94.44,94,EN,2023-07-09T17:00:00.000Z
EUR,Europe,Country,ALB,Albania,Year,2017,FALSE,Residence Area Type,Total,RESIDENCEAREATYPE_TOTL,94.1,94,EN,2023-07-09T17:00:00.000Z
EUR,Europe,Country,ALB,Albania,Year,2016,FALSE,Residence Area Type,Total,RESIDENCEAREATYPE_TOTL,93.75,94,EN,2023-07-09T17:00:00.000Z
EUR,Europe,Country,ALB,Albania,Year,2015,FALSE,Residence Area Type,Total,RESIDENCEAREATYPE_TOTL,93.39,93,EN,2023-07-09T17:00:00.000Z
EUR,Europe,Country,ALB,Albania,Year,2014,FALSE,Residence Area Type,Total,RESIDENCEAREATYPE_TOTL,93.02,93,EN,2023-07-09T17:00:00.000Z
EUR,Europe,Country,ALB,Albania,Year,2013,FALSE,Residence Area Type,Total,RESIDENCEAREATYPE_TOTL,92.63,93,EN,2023-07-09T17:00:00.000Z
EUR,Europe,Country,ALB,Albania,Year,2012,FALSE,Residence Area Type,Total,RESIDENCEAREATYPE_TOTL,92.23,92,EN,2023-07-09T17:00:00.000Z
EUR,Europe,Country,ALB,Albania,Year,2011,FALSE,Residence Area Type,Total,RESIDENCEAREATYPE_TOTL,91.81,92,EN,2023-07-09T17:00:00.000Z
EUR,Europe,Country,ALB,Albania,Year,2010,FALSE,Residence Area Type,Total,RESIDENCEAREATYPE_TOTL,91.38,91,EN,2023-07-09T17:00:00.000Z
EUR,Europe,Country,ALB,Albania,Year,2009,FALSE,Residence Area Type,Total,RESIDENCEAREATYPE_TOTL,90.93,91,EN,2023-07-09T17:00:00.000Z
EUR,Europe,Country,ALB,Albania,Year,2008,FALSE,Residence Area Type,Total,RESIDENCEAREATYPE_TOTL,90.48,90,EN,2023-07-09T17:00:00.000Z
EUR,Europe,Country,ALB,Albania,Year,2007,FALSE,Residence Area Type,Total,RESIDENCEAREATYPE_TOTL,90,90,EN,2023-07-09T17:00:00.000Z
EUR,Europe,Country,ALB,Albania,Year,2006,FALSE,Residence Area Type,Total,RESIDENCEAREATYPE_TOTL,89.52,90,EN,2023-07-09T17:00:00.000Z
EUR,Europe,Country,ALB,Albania,Year,2005,FALSE,Residence Area Type,Total,RESIDENCEAREATYPE_TOTL,89.02,89,EN,2023-07-09T17:00:00.000Z
EUR,Europe,Country,ALB,Albania,Year,2004,FALSE,Residence Area Type,Total,RESIDENCEAREATYPE_TOTL,88.51,89,EN,2023-07-09T17:00:00.000Z
EUR,Europe,Country,ALB,Albania,Year,2003,FALSE,Residence Area Type,Total,RESIDENCEAREATYPE_TOTL,87.99,88,EN,2023-07-09T17:00:00.000Z
EUR,Europe,Country,ALB,Albania,Year,2002,FALSE,Residence Area Type,Total,RESIDENCEAREATYPE_TOTL,87.45,87,EN,2023-07-09T17:00:00.000Z
EUR,Europe,Country,ALB,Albania,Year,2001,FALSE,Residence Area Type,Total,RESIDENCEAREATYPE_TOTL,86.9,87,EN,2023-07-09T17:00:00.000Z
EUR,Europe,Country,ALB,Albania,Year,2000,FALSE,Residence Area Type,Total,RESIDENCEAREATYPE_TOTL,86.4,86,EN,2023-07-09T17:00:00.000Z
AFR,Africa,Country,DZA,Algeria,Year,2022,TRUE,Residence Area Type,Total,RESIDENCEAREATYPE_TOTL,94.66,95,EN,2023-07-09T17:00:00.000Z
AFR,Africa,Country,DZA,Algeria,Year,2021,FALSE,Residence Area Type,Total,RESIDENCEAREATYPE_TOTL,94.63,95,EN,2023-07-09T17:00:00.000Z
AFR,Africa,Country,DZA,Algeria,Year,2020,FALSE,Residence Area Type,Total,RESIDENCEAREATYPE_TOTL,94.44,94,EN,2023-07-09T17:00:00.000Z
AFR,Africa,Country,DZA,Algeria,Year,2019,FALSE,Residence Area Type,Total,RESIDENCEAREATYPE_TOTL,94.24,94,EN,2023-07-09T17:00:00.000Z
AFR,Africa,Country,DZA,Algeria,Year,2018,FALSE,Residence Area Type,Total,RESIDENCEAREATYPE_TOTL,94.04,94,EN,2023-07-09T17:00:00.000Z
AFR,Africa,Country,DZA,Algeria,Year,2017,FALSE,Residence Area Type,Total,RESIDENCEAREATYPE_TOTL,93.83,94,EN,2023-07-09T17:00:00.000Z
AFR,Africa,Country,DZA,Algeria,Year,2016,FALSE,Residence Area Type,Total,RESIDENCEAREATYPE_TOTL,93.62,94,EN,2023-07-09T17:00:00.000Z
AFR,Africa,Country,DZA,Algeria,Year,2015,FALSE,Residence Area Type,Total,RESIDENCEAREATYPE_TOTL,93.41,93,EN,2023-07-09T17:00:00.000Z
AFR,Africa,Country,DZA,Algeria,Year,2014,FALSE,Residence Area Type,Total,RESIDENCEAREATYPE_TOTL,93.19,93,EN,2023-07-09T17:00:00.000Z
AFR,Africa,Country,DZA,Algeria,Year,2013,FALSE,Residence Area Type,Total,RESIDENCEAREATYPE_TOTL,92.97,93,EN,2023-07-09T17:00:00.000Z
AFR,Africa,Country,DZA,Algeria,Year,2012,FALSE,Residence Area Type,Total,RESIDENCEAREATYPE_TOTL,92.75,93,EN,2023-07-09T17:00:00.000Z
AFR,Africa,Country,DZA,Algeria,Year,2011,FALSE,Residence Area Type,Total,RESIDENCEAREATYPE_TOTL,92.51,93,EN,2023-07-09T17:00:00.000Z
AFR,Africa,Country,DZA,Algeria,Year,2010,FALSE,Residence Area Type,Total,RESIDENCEAREATYPE_TOTL,92.3,92,EN,2023-07-09T17:00:00.000Z
AFR,Africa,Country,DZA,Algeria,Year,2009,FALSE,Residence Area Type,Total,RESIDENCEAREATYPE_TOTL,92.07,92,EN,2023-07-09T17:00:00.000Z
AFR,Africa,Country,DZA,Algeria,Year,2008,FALSE,Residence Area Type,Total,RESIDENCEAREATYPE_TOTL,91.84,92,EN,2023-07-09T17:00:00.000Z
AFR,Africa,Country,DZA,Algeria,Year,2007,FALSE,Residence Area Type,Total,RESIDENCEAREATYPE_TOTL,91.61,92,EN,2023-07-09T17:00:00.000Z
AFR,Africa,Country,DZA,Algeria,Year,2006,FALSE,Residence Area Type,Total,RESIDENCEAREATYPE_TOTL,91.37,91,EN,2023-07-09T17:00:00.000Z
AFR,Africa,Country,DZA,Algeria,Year,2005,FALSE,Residence Area Type,Total,RESIDENCEAREATYPE_TOTL,91.13,91,EN,2023-07-09T17:00:00.000Z
AFR,Africa,Country,DZA,Algeria,Year,2004,FALSE,Residence Area Type,Total,RESIDENCEAREATYPE_TOTL,90.88,91,EN,2023-07-09T17:00:00.000Z
AFR,Africa,Country,DZA,Algeria,Year,2003,FALSE,Residence Area Type,Total,RESIDENCEAREATYPE_TOTL,90.63,91,EN,2023-07-09T17:00:00.000Z
AFR,Africa,Country,DZA,Algeria,Year,2002,FALSE,Residence Area Type,Total,RESIDENCEAREATYPE_TOTL,90.37,90,EN,2023-07-09T17:00:00.000Z
AFR,Africa,Country,DZA,Algeria,Year,2001,FALSE,Residence Area Type,Total,RESIDENCEAREATYPE_TOTL,90.11,90,EN,2023-07-09T17:00:00.000Z
AFR,Africa,Country,DZA,Algeria,Year,2000,FALSE,Residence Area Type,Total,RESIDENCEAREATYPE_TOTL,89.85,90,EN,2023-07-09T17:00:00.000Z
EUR,Europe,Country,AND,Andorra,Year,2022,TRUE,Residence Area Type,Total,RESIDENCEAREATYPE_TOTL,100,100,EN,2023-07-09T17:00:00.000Z
EUR,Europe,Country,AND,Andorra,Year,2021,FALSE,Residence Area Type,Total,RESIDENCEAREATYPE_TOTL,100,100,EN,2023-07-09T17:00:00.000Z
EUR,Europe,Country,AND,Andorra,Year,2020,FALSE,Residence Area Type,Total,RESIDENCEAREATYPE_TOTL,100,100,EN,2023-07-09T17:00:00.000Z
EUR,Europe,Country,AND,Andorra,Year,2019,FALSE,Residence Area Type,Total,RESIDENCEAREATYPE_TOTL,100,100,EN,2023-07-09T17:00:00.000Z
EUR,Europe,Country,AND,Andorra,Year,2018,FALSE,Residence Area Type,Total,RESIDENCEAREATYPE_TOTL,100,100,EN,2023-07-09T17:00:00.000Z
EUR,Europe,Country,AND,Andorra,Year,2017,FALSE,Residence Area Type,Total,RESIDENCEAREATYPE_TOTL,100,100,EN,2023-07-09T17:00:00.000Z
EUR,Europe,Country,AND,Andorra,Year,2016,FALSE,Residence Area Type,Total,RESIDENCEAREATYPE_TOTL,100,100,EN,2023-07-09T17:00:00.000Z
EUR,Europe,Country,AND,Andorra,Year,2015,FALSE,Residence Area Type,Total,RESIDENCEAREATYPE_TOTL,100,100,EN,2023-07-09T17:00:00.000Z
EUR,Europe,Country,AND,Andorra,Year,2014,FALSE,Residence Area Type,Total,RESIDENCEAREATYPE_TOTL,100,100,EN,2023-07-09T17:00:00.000Z
EUR,Europe,Country,AND,Andorra,Year,2013,FALSE,Residence Area Type,Total,RESIDENCEAREATYPE_TOTL,100,100,EN,2023-07-09T17:00:00.000Z
EUR,Europe,Country,AND,Andorra,Year,2012,FALSE,Residence Area Type,Total,RESIDENCEAREATYPE_TOTL,100,100,EN,2023-07-09T17:00:00.000Z
EUR,Europe,Country,AND,Andorra,Year,2011,FALSE,Residence Area Type,Total,RESIDENCEAREATYPE_TOTL,100,100,EN,2023-07-09T17:00:00.000Z
EUR,Europe,Country,AND,Andorra,Year,2010,FALSE,Residence Area Type,Total,RESIDENCEAREATYPE_TOTL,100,100,EN,2023-07-09T17:00:00.000Z
EUR,Europe,Country,AND,Andorra,Year,2009,FALSE,Residence Area Type,Total,RESIDENCEAREATYPE_TOTL,100,100,EN,2023-07-09T17:00:00.000Z
EUR,Europe,Country,AND,Andorra,Year,2008,FALSE,Residence Area Type,Total,RESIDENCEAREATYPE_TOTL,100,100,EN,2023-07-09T17:00:00.000Z
EUR,Europe,Country,AND,Andorra,Year,2007,FALSE,Residence Area Type,Total,RESIDENCEAREATYPE_TOTL,100,100,EN,2023-07-09T17:00:00.000Z
EUR,Europe,Country,AND,Andorra,Year,2006,FALSE,Residence Area Type,Total,RESIDENCEAREATYPE_TOTL,100,100,EN,2023-07-09T17:00:00.000Z
EUR,Europe,Country,AND,Andorra,Year,2005,FALSE,Residence Area Type,Total,RESIDENCEAREATYPE_TOTL,100,100,EN,2023-07-09T17:00:00.000Z
EUR,Europe,Country,AND,Andorra,Year,2004,FALSE,Residence Area Type,Total,RESIDENCEAREATYPE_TOTL,100,100,EN,2023-07-09T17:00:00.000Z
EUR,Europe,Country,AND,Andorra,Year,2003,FALSE,Residence Area Type,Total,RESIDENCEAREATYPE_TOTL,100,100,EN,2023-07-09T17:00:00.000Z
EUR,Europe,Country,AND,Andorra,Year,2002,FALSE,Residence Area Type,Total,RESIDENCEAREATYPE_TOTL,100,100,EN,2023-07-09T17:00:00.000Z
EUR,Europe,Country,AND,Andorra,Year,2001,FALSE,Residence Area Type,Total,RESIDENCEAREATYPE_TOTL,100,100,EN,2023-07-09T17:00:00.000Z
EUR,Europe,Country,AND,Andorra,Year,2000,FALSE,Residence Area Type,Total,RESIDENCEAREATYPE_TOTL,100,100,EN,2023-07-09T17:00:00.000Z
AFR,Africa,Country,AGO,Angola,Year,2022,TRUE,Residence Area Type,Total,RESIDENCEAREATYPE_TOTL,57.72,58,EN,2023-07-09T17:00:00.000Z
AFR,Africa,Country,AGO,Angola,Year,2021,FALSE,Residence Area Type,Total,RESIDENCEAREATYPE_TOTL,57.45,57,EN,2023-07-09T17:00:00.000Z
AFR,Africa,Country,AGO,Angola,Year,2020,FALSE,Residence Area Type,Total,RESIDENCEAREATYPE_TOTL,57.17,57,EN,2023-07-09T17:00:00.000Z
AFR,Africa,Country,AGO,Angola,Year,2019,FALSE,Residence Area Type,Total,RESIDENCEAREATYPE_TOTL,56.88,57,EN,2023-07-09T17:00:00.000Z
AFR,Africa,Country,AGO,Angola,Year,2018,FALSE,Residence Area Type,Total,RESIDENCEAREATYPE_TOTL,56.59,57,EN,2023-07-09T17:00:00.000Z
AFR,Africa,Country,AGO,Angola,Year,2017,FALSE,Residence Area Type,Total,RESIDENCEAREATYPE_TOTL,55.84,56,EN,2023-07-09T17:00:00.000Z
AFR,Africa,Country,AGO,Angola,Year,2016,FALSE,Residence Area Type,Total,RESIDENCEAREATYPE_TOTL,55.08,55,EN,2023-07-09T17:00:00.000Z
AFR,Africa,Country,AGO,Angola,Year,2015,FALSE,Residence Area Type,Total,RESIDENCEAREATYPE_TOTL,54.32,54,EN,2023-07-09T17:00:00.000Z
AFR,Africa,Country,AGO,Angola,Year,2014,FALSE,Residence Area Type,Total,RESIDENCEAREATYPE_TOTL,53.54,54,EN,2023-07-09T17:00:00.000Z
AFR,Africa,Country,AGO,Angola,Year,2013,FALSE,Residence Area Type,Total,RESIDENCEAREATYPE_TOTL,52.76,53,EN,2023-07-09T17:00:00.000Z
AFR,Africa,Country,AGO,Angola,Year,2012,FALSE,Residence Area Type,Total,RESIDENCEAREATYPE_TOTL,51.97,52,EN,2023-07-09T17:00:00.000Z
AFR,Africa,Country,AGO,Angola,Year,2011,FALSE,Residence Area Type,Total,RESIDENCEAREATYPE_TOTL,51.17,51,EN,2023-07-09T17:00:00.000Z
AFR,Africa,Country,AGO,Angola,Year,2010,FALSE,Residence Area Type,Total,RESIDENCEAREATYPE_TOTL,50.38,50,EN,2023-07-09T17:00:00.000Z
AFR,Africa,Country,AGO,Angola,Year,2009,FALSE,Residence Area Type,Total,RESIDENCEAREATYPE_TOTL,49.58,50,EN,2023-07-09T17:00:00.000Z
AFR,Africa,Country,AGO,Angola,Year,2008,FALSE,Residence Area Type,Total,RESIDENCEAREATYPE_TOTL,48.77,49,EN,2023-07-09T17:00:00.000Z
AFR,Africa,Country,AGO,Angola,Year,2007,FALSE,Residence Area Type,Total,RESIDENCEAREATYPE_TOTL,47.96,48,EN,2023-07-09T17:00:00.000Z
AFR,Africa,Country,AGO,Angola,Year,2006,FALSE,Residence Area Type,Total,RESIDENCEAREATYPE_TOTL,47.15,47,EN,2023-07-09T17:00:00.000Z
AFR,Africa,Country,AGO,Angola,Year,2005,FALSE,Residence Area Type,Total,RESIDENCEAREATYPE_TOTL,46.34,46,EN,2023-07-09T17:00:00.000Z
AFR,Africa,Country,AGO,Angola,Year,2004,FALSE,Residence Area Type,Total,RESIDENCEAREATYPE_TOTL,45.35,45,EN,2023-07-09T17:00:00.000Z
AFR,Africa,Country,AGO,Angola,Year,2003,FALSE,Residence Area Type,Total,RESIDENCEAREATYPE_TOTL,44.36,44,EN,2023-07-09T17:00:00.000Z
AFR,Africa,Country,AGO,Angola,Year,2002,FALSE,Residence Area Type,Total,RESIDENCEAREATYPE_TOTL,43.38,43,EN,2023-07-09T17:00:00.000Z
AFR,Africa,Country,AGO,Angola,Year,2001,FALSE,Residence Area Type,Total,RESIDENCEAREATYPE_TOTL,42.25,42,EN,2023-07-09T17:00:00.000Z
AFR,Africa,Country,AGO,Angola,Year,2000,FALSE,Residence Area Type,Total,RESIDENCEAREATYPE_TOTL,41.14,41,EN,2023-07-09T17:00:00.000Z
AMR,Americas,Country,ATG,Antigua and Barbuda,Year,2022,TRUE,Residence Area Type,Total,RESIDENCEAREATYPE_TOTL,98.36,98,EN,2023-07-09T17:00:00.000Z
AMR,Americas,Country,ATG,Antigua and Barbuda,Year,2021,FALSE,Residence Area Type,Total,RESIDENCEAREATYPE_TOTL,98.36,98,EN,2023-07-09T17:00:00.000Z
AMR,Americas,Country,ATG,Antigua and Barbuda,Year,2020,FALSE,Residence Area Type,Total,RESIDENCEAREATYPE_TOTL,98.36,98,EN,2023-07-09T17:00:00.000Z
AMR,Americas,Country,ATG,Antigua and Barbuda,Year,2019,FALSE,Residence Area Type,Total,RESIDENCEAREATYPE_TOTL,98.37,98,EN,2023-07-09T17:00:00.000Z
AMR,Americas,Country,ATG,Antigua and Barbuda,Year,2018,FALSE,Residence Area Type,Total,RESIDENCEAREATYPE_TOTL,98.37,98,EN,2023-07-09T17:00:00.000Z
AMR,Americas,Country,ATG,Antigua and Barbuda,Year,2017,FALSE,Residence Area Type,Total,RESIDENCEAREATYPE_TOTL,98.37,98,EN,2023-07-09T17:00:00.000Z
AMR,Americas,Country,ATG,Antigua and Barbuda,Year,2016,FALSE,Residence Area Type,Total,RESIDENCEAREATYPE_TOTL,98.37,98,EN,2023-07-09T17:00:00.000Z
AMR,Americas,Country,ATG,Antigua and Barbuda,Year,2015,FALSE,Residence Area Type,Total,RESIDENCEAREATYPE_TOTL,98.37,98,EN,2023-07-09T17:00:00.000Z
AMR,Americas,Country,ATG,Antigua and Barbuda,Year,2014,FALSE,Residence Area Type,Total,RESIDENCEAREATYPE_TOTL,98.37,98,EN,2023-07-09T17:00:00.000Z
AMR,Americas,Country,ATG,Antigua and Barbuda,Year,2013,FALSE,Residence Area Type,Total,RESIDENCEAREATYPE_TOTL,98.37,98,EN,2023-07-09T17:00:00.000Z
AMR,Americas,Country,ATG,Antigua and Barbuda,Year,2012,FALSE,Residence Area Type,Total,RESIDENCEAREATYPE_TOTL,98.37,98,EN,2023-07-09T17:00:00.000Z
AMR,Americas,Country,ATG,Antigua and Barbuda,Year,2011,FALSE,Residence Area Type,Total,RESIDENCEAREATYPE_TOTL,98.37,98,EN,2023-07-09T17:00:00.000Z
AMR,Americas,Country,ATG,Antigua and Barbuda,Year,2010,FALSE,Residence Area Type,Total,RESIDENCEAREATYPE_TOTL,98.37,98,EN,2023-07-09T17:00:00.000Z
AMR,Americas,Country,ATG,Antigua and Barbuda,Year,2009,FALSE,Residence Area Type,Total,RESIDENCEAREATYPE_TOTL,98.37,98,EN,2023-07-09T17:00:00.000Z
AMR,Americas,Country,ARG,Argentina,Year,2016,TRUE,Residence Area Type,Total,RESIDENCEAREATYPE_TOTL,99.04,99,EN,2023-07-09T17:00:00.000Z
AMR,Americas,Country,ARG,Argentina,Year,2015,FALSE,Residence Area Type,Total,RESIDENCEAREATYPE_TOTL,98.98,99,EN,2023-07-09T17:00:00.000Z
AMR,Americas,Country,ARG,Argentina,Year,2014,FALSE,Residence Area Type,Total,RESIDENCEAREATYPE_TOTL,98.92,99,EN,2023-07-09T17:00:00.000Z
AMR,Americas,Country,ARG,Argentina,Year,2013,FALSE,Residence Area Type,Total,RESIDENCEAREATYPE_TOTL,98.86,99,EN,2023-07-09T17:00:00.000Z
AMR,Americas,Country,ARG,Argentina,Year,2012,FALSE,Residence Area Type,Total,RESIDENCEAREATYPE_TOTL,98.81,99,EN,2023-07-09T17:00:00.000Z
AMR,Americas,Country,ARG,Argentina,Year,2011,FALSE,Residence Area Type,Total,RESIDENCEAREATYPE_TOTL,98.62,99,EN,2023-07-09T17:00:00.000Z
AMR,Americas,Country,ARG,Argentina,Year,2010,FALSE,Residence Area Type,Total,RESIDENCEAREATYPE_TOTL,98.43,98,EN,2023-07-09T17:00:00.000Z
AMR,Americas,Country,ARG,Argentina,Year,2009,FALSE,Residence Area Type,Total,RESIDENCEAREATYPE_TOTL,98.24,98,EN,2023-07-09T17:00:00.000Z
AMR,Americas,Country,ARG,Argentina,Year,2008,FALSE,Residence Area Type,Total,RESIDENCEAREATYPE_TOTL,98.04,98,EN,2023-07-09T17:00:00.000Z
AMR,Americas,Country,ARG,Argentina,Year,2007,FALSE,Residence Area Type,Total,RESIDENCEAREATYPE_TOTL,97.84,98,EN,2023-07-09T17:00:00.000Z
AMR,Americas,Country,ARG,Argentina,Year,2006,FALSE,Residence Area Type,Total,RESIDENCEAREATYPE_TOTL,97.63,98,EN,2023-07-09T17:00:00.000Z
AMR,Americas,Country,ARG,Argentina,Year,2005,FALSE,Residence Area Type,Total,RESIDENCEAREATYPE_TOTL,97.42,97,EN,2023-07-09T17:00:00.000Z
AMR,Americas,Country,ARG,Argentina,Year,2004,FALSE,Residence Area Type,Total,RESIDENCEAREATYPE_TOTL,97.2,97,EN,2023-07-09T17:00:00.000Z
AMR,Americas,Country,ARG,Argentina,Year,2003,FALSE,Residence Area Type,Total,RESIDENCEAREATYPE_TOTL,96.98,97,EN,2023-07-09T17:00:00.000Z
AMR,Americas,Country,ARG,Argentina,Year,2002,FALSE,Residence Area Type,Total,RESIDENCEAREATYPE_TOTL,96.76,97,EN,2023-07-09T17:00:00.000Z
AMR,Americas,Country,ARG,Argentina,Year,2001,FALSE,Residence Area Type,Total,RESIDENCEAREATYPE_TOTL,96.52,97,EN,2023-07-09T17:00:00.000Z
AMR,Americas,Country,ARG,Argentina,Year,2000,FALSE,Residence Area Type,Total,RESIDENCEAREATYPE_TOTL,96.28,96,EN,2023-07-09T17:00:00.000Z
EUR,Europe,Country,ARM,Armenia,Year,2022,TRUE,Residence Area Type,Total,RESIDENCEAREATYPE_TOTL,99.97,100,EN,2023-07-09T17:00:00.000Z
EUR,Europe,Country,ARM,Armenia,Year,2021,FALSE,Residence Area Type,Total,RESIDENCEAREATYPE_TOTL,99.95,100,EN,2023-07-09T17:00:00.000Z
EUR,Europe,Country,ARM,Armenia,Year,2020,FALSE,Residence Area Type,Total,RESIDENCEAREATYPE_TOTL,99.94,100,EN,2023-07-09T17:00:00.000Z
EUR,Europe,Country,ARM,Armenia,Year,2019,FALSE,Residence Area Type,Total,RESIDENCEAREATYPE_TOTL,99.93,100,EN,2023-07-09T17:00:00.000Z
EUR,Europe,Country,ARM,Armenia,Year,2018,FALSE,Residence Area Type,Total,RESIDENCEAREATYPE_TOTL,99.91,100,EN,2023-07-09T17:00:00.000Z
EUR,Europe,Country,ARM,Armenia,Year,2017,FALSE,Residence Area Type,Total,RESIDENCEAREATYPE_TOTL,99.53,100,EN,2023-07-09T17:00:00.000Z
EUR,Europe,Country,ARM,Armenia,Year,2016,FALSE,Residence Area Type,Total,RESIDENCEAREATYPE_TOTL,99.53,100,EN,2023-07-09T17:00:00.000Z
EUR,Europe,Country,ARM,Armenia,Year,2015,FALSE,Residence Area Type,Total,RESIDENCEAREATYPE_TOTL,99.52,100,EN,2023-07-09T17:00:00.000Z
EUR,Europe,Country,ARM,Armenia,Year,2014,FALSE,Residence Area Type,Total,RESIDENCEAREATYPE_TOTL,99.32,99,EN,2023-07-09T17:00:00.000Z
EUR,Europe,Country,ARM,Armenia,Year,2013,FALSE,Residence Area Type,Total,RESIDENCEAREATYPE_TOTL,99.03,99,EN,2023-07-09T17:00:00.000Z
EUR,Europe,Country,ARM,Armenia,Year,2012,FALSE,Residence Area Type,Total,RESIDENCEAREATYPE_TOTL,98.73,99,EN,2023-07-09T17:00:00.000Z
EUR,Europe,Country,ARM,Armenia,Year,2011,FALSE,Residence Area Type,Total,RESIDENCEAREATYPE_TOTL,98.43,98,EN,2023-07-09T17:00:00.000Z
EUR,Europe,Country,ARM,Armenia,Year,2010,FALSE,Residence Area Type,Total,RESIDENCEAREATYPE_TOTL,98.14,98,EN,2023-07-09T17:00:00.000Z
EUR,Europe,Country,ARM,Armenia,Year,2009,FALSE,Residence Area Type,Total,RESIDENCEAREATYPE_TOTL,97.85,98,EN,2023-07-09T17:00:00.000Z
EUR,Europe,Country,ARM,Armenia,Year,2008,FALSE,Residence Area Type,Total,RESIDENCEAREATYPE_TOTL,97.56,98,EN,2023-07-09T17:00:00.000Z
EUR,Europe,Country,ARM,Armenia,Year,2007,FALSE,Residence Area Type,Total,RESIDENCEAREATYPE_TOTL,97.27,97,EN,2023-07-09T17:00:00.000Z
EUR,Europe,Country,ARM,Armenia,Year,2006,FALSE,Residence Area Type,Total,RESIDENCEAREATYPE_TOTL,96.98,97,EN,2023-07-09T17:00:00.000Z
EUR,Europe,Country,ARM,Armenia,Year,2005,FALSE,Residence Area Type,Total,RESIDENCEAREATYPE_TOTL,96.7,97,EN,2023-07-09T17:00:00.000Z
EUR,Europe,Country,ARM,Armenia,Year,2004,FALSE,Residence Area Type,Total,RESIDENCEAREATYPE_TOTL,96.42,96,EN,2023-07-09T17:00:00.000Z
EUR,Europe,Country,ARM,Armenia,Year,2003,FALSE,Residence Area Type,Total,RESIDENCEAREATYPE_TOTL,96.14,96,EN,2023-07-09T17:00:00.000Z
EUR,Europe,Country,ARM,Armenia,Year,2002,FALSE,Residence Area Type,Total,RESIDENCEAREATYPE_TOTL,95.86,96,EN,2023-07-09T17:00:00.000Z
EUR,Europe,Country,ARM,Armenia,Year,2001,FALSE,Residence Area Type,Total,RESIDENCEAREATYPE_TOTL,95.59,96,EN,2023-07-09T17:00:00.000Z
EUR,Europe,Country,ARM,Armenia,Year,2000,FALSE,Residence Area Type,Total,RESIDENCEAREATYPE_TOTL,95.33,95,EN,2023-07-09T17:00:00.000Z
WPR,Western Pacific,Country,AUS,Australia,Year,2022,TRUE,Residence Area Type,Total,RESIDENCEAREATYPE_TOTL,99.97,100,EN,2023-07-09T17:00:00.000Z
WPR,Western Pacific,Country,AUS,Australia,Year,2021,FALSE,Residence Area Type,Total,RESIDENCEAREATYPE_TOTL,99.97,100,EN,2023-07-09T17:00:00.000Z
WPR,Western Pacific,Country,AUS,Australia,Year,2020,FALSE,Residence Area Type,Total,RESIDENCEAREATYPE_TOTL,99.97,100,EN,2023-07-09T17:00:00.000Z
WPR,Western Pacific,Country,AUS,Australia,Year,2019,FALSE,Residence Area Type,Total,RESIDENCEAREATYPE_TOTL,99.97,100,EN,2023-07-09T17:00:00.000Z
WPR,Western Pacific,Country,AUS,Australia,Year,2018,FALSE,Residence Area Type,Total,RESIDENCEAREATYPE_TOTL,99.97,100,EN,2023-07-09T17:00:00.000Z
WPR,Western Pacific,Country,AUS,Australia,Year,2017,FALSE,Residence Area Type,Total,RESIDENCEAREATYPE_TOTL,99.97,100,EN,2023-07-09T17:00:00.000Z
WPR,Western Pacific,Country,AUS,Australia,Year,2016,FALSE,Residence Area Type,Total,RESIDENCEAREATYPE_TOTL,99.97,100,EN,2023-07-09T17:00:00.000Z
WPR,Western Pacific,Country,AUS,Australia,Year,2015,FALSE,Residence Area Type,Total,RESIDENCEAREATYPE_TOTL,99.97,100,EN,2023-07-09T17:00:00.000Z
WPR,Western Pacific,Country,AUS,Australia,Year,2014,FALSE,Residence Area Type,Total,RESIDENCEAREATYPE_TOTL,99.96,100,EN,2023-07-09T17:00:00.000Z
WPR,Western Pacific,Country,AUS,Australia,Year,2013,FALSE,Residence Area Type,Total,RESIDENCEAREATYPE_TOTL,99.91,100,EN,2023-07-09T17:00:00.000Z
WPR,Western Pacific,Country,AUS,Australia,Year,2012,FALSE,Residence Area Type,Total,RESIDENCEAREATYPE_TOTL,99.9,100,EN,2023-07-09T17:00:00.000Z
WPR,Western Pacific,Country,AUS,Australia,Year,2011,FALSE,Residence Area Type,Total,RESIDENCEAREATYPE_TOTL,99.89,100,EN,2023-07-09T17:00:00.000Z
WPR,Western Pacific,Country,AUS,Australia,Year,2010,FALSE,Residence Area Type,Total,RESIDENCEAREATYPE_TOTL,99.88,100,EN,2023-07-09T17:00:00.000Z
WPR,Western Pacific,Country,AUS,Australia,Year,2009,FALSE,Residence Area Type,Total,RESIDENCEAREATYPE_TOTL,99.86,100,EN,2023-07-09T17:00:00.000Z
WPR,Western Pacific,Country,AUS,Australia,Year,2008,FALSE,Residence Area Type,Total,RESIDENCEAREATYPE_TOTL,99.84,100,EN,2023-07-09T17:00:00.000Z
WPR,Western Pacific,Country,AUS,Australia,Year,2007,FALSE,Residence Area Type,Total,RESIDENCEAREATYPE_TOTL,99.82,100,EN,2023-07-09T17:00:00.000Z
WPR,Western Pacific,Country,AUS,Australia,Year,2006,FALSE,Residence Area Type,Total,RESIDENCEAREATYPE_TOTL,99.8,100,EN,2023-07-09T17:00:00.000Z
WPR,Western Pacific,Country,AUS,Australia,Year,2005,FALSE,Residence Area Type,Total,RESIDENCEAREATYPE_TOTL,99.78,100,EN,2023-07-09T17:00:00.000Z
WPR,Western Pacific,Country,AUS,Australia,Year,2004,FALSE,Residence Area Type,Total,RESIDENCEAREATYPE_TOTL,99.76,100,EN,2023-07-09T17:00:00.000Z
WPR,Western Pacific,Country,AUS,Australia,Year,2003,FALSE,Residence Area Type,Total,RESIDENCEAREATYPE_TOTL,99.73,100,EN,2023-07-09T17:00:00.000Z
WPR,Western Pacific,Country,AUS,Australia,Year,2002,FALSE,Residence Area Type,Total,RESIDENCEAREATYPE_TOTL,99.71,100,EN,2023-07-09T17:00:00.000Z
WPR,Western Pacific,Country,AUS,Australia,Year,2001,FALSE,Residence Area Type,Total,RESIDENCEAREATYPE_TOTL,99.71,100,EN,2023-07-09T17:00:00.000Z
WPR,Western Pacific,Country,AUS,Australia,Year,2000,FALSE,Residence Area Type,Total,RESIDENCEAREATYPE_TOTL,99.71,100,EN,2023-07-09T17:00:00.000Z
EUR,Europe,Country,AUT,Austria,Year,2022,TRUE,Residence Area Type,Total,RESIDENCEAREATYPE_TOTL,100,100,EN,2023-07-09T17:00:00.000Z
EUR,Europe,Country,AUT,Austria,Year,2021,FALSE,Residence Area Type,Total,RESIDENCEAREATYPE_TOTL,100,100,EN,2023-07-09T17:00:00.000Z
EUR,Europe,Country,AUT,Austria,Year,2020,FALSE,Residence Area Type,Total,RESIDENCEAREATYPE_TOTL,100,100,EN,2023-07-09T17:00:00.000Z
EUR,Europe,Country,AUT,Austria,Year,2019,FALSE,Residence Area Type,Total,RESIDENCEAREATYPE_TOTL,100,100,EN,2023-07-09T17:00:00.000Z
EUR,Europe,Country,AUT,Austria,Year,2018,FALSE,Residence Area Type,Total,RESIDENCEAREATYPE_TOTL,100,100,EN,2023-07-09T17:00:00.000Z
EUR,Europe,Country,AUT,Austria,Year,2017,FALSE,Residence Area Type,Total,RESIDENCEAREATYPE_TOTL,100,100,EN,2023-07-09T17:00:00.000Z
EUR,Europe,Country,AUT,Austria,Year,2016,FALSE,Residence Area Type,Total,RESIDENCEAREATYPE_TOTL,100,100,EN,2023-07-09T17:00:00.000Z
EUR,Europe,Country,AUT,Austria,Year,2015,FALSE,Residence Area Type,Total,RESIDENCEAREATYPE_TOTL,100,100,EN,2023-07-09T17:00:00.000Z
EUR,Europe,Country,AUT,Austria,Year,2014,FALSE,Residence Area Type,Total,RESIDENCEAREATYPE_TOTL,100,100,EN,2023-07-09T17:00:00.000Z
EUR,Europe,Country,AUT,Austria,Year,2013,FALSE,Residence Area Type,Total,RESIDENCEAREATYPE_TOTL,100,100,EN,2023-07-09T17:00:00.000Z
EUR,Europe,Country,AUT,Austria,Year,2012,FALSE,Residence Area Type,Total,RESIDENCEAREATYPE_TOTL,100,100,EN,2023-07-09T17:00:00.000Z
EUR,Europe,Country,AUT,Austria,Year,2011,FALSE,Residence Area Type,Total,RESIDENCEAREATYPE_TOTL,100,100,EN,2023-07-09T17:00:00.000Z
EUR,Europe,Country,AUT,Austria,Year,2010,FALSE,Residence Area Type,Total,RESIDENCEAREATYPE_TOTL,100,100,EN,2023-07-09T17:00:00.000Z
EUR,Europe,Country,AUT,Austria,Year,2009,FALSE,Residence Area Type,Total,RESIDENCEAREATYPE_TOTL,100,100,EN,2023-07-09T17:00:00.000Z
EUR,Europe,Country,AUT,Austria,Year,2008,FALSE,Residence Area Type,Total,RESIDENCEAREATYPE_TOTL,100,100,EN,2023-07-09T17:00:00.000Z
EUR,Europe,Country,AUT,Austria,Year,2007,FALSE,Residence Area Type,Total,RESIDENCEAREATYPE_TOTL,100,100,EN,2023-07-09T17:00:00.000Z
EUR,Europe,Country,AUT,Austria,Year,2006,FALSE,Residence Area Type,Total,RESIDENCEAREATYPE_TOTL,100,100,EN,2023-07-09T17:00:00.000Z
EUR,Europe,Country,AUT,Austria,Year,2005,FALSE,Residence Area Type,Total,RESIDENCEAREATYPE_TOTL,100,100,EN,2023-07-09T17:00:00.000Z
EUR,Europe,Country,AUT,Austria,Year,2004,FALSE,Residence Area Type,Total,RESIDENCEAREATYPE_TOTL,100,100,EN,2023-07-09T17:00:00.000Z
EUR,Europe,Country,AUT,Austria,Year,2003,FALSE,Residence Area Type,Total,RESIDENCEAREATYPE_TOTL,100,100,EN,2023-07-09T17:00:00.000Z
EUR,Europe,Country,AUT,Austria,Year,2002,FALSE,Residence Area Type,Total,RESIDENCEAREATYPE_TOTL,100,100,EN,2023-07-09T17:00:00.000Z
EUR,Europe,Country,AUT,Austria,Year,2001,FALSE,Residence Area Type,Total,RESIDENCEAREATYPE_TOTL,100,100,EN,2023-07-09T17:00:00.000Z
EUR,Europe,Country,AUT,Austria,Year,2000,FALSE,Residence Area Type,Total,RESIDENCEAREATYPE_TOTL,100,100,EN,2023-07-09T17:00:00.000Z
EUR,Europe,Country,AZE,Azerbaijan,Year,2022,TRUE,Residence Area Type,Total,RESIDENCEAREATYPE_TOTL,97.64,98,EN,2023-07-09T17:00:00.000Z
EUR,Europe,Country,AZE,Azerbaijan,Year,2021,FALSE,Residence Area Type,Total,RESIDENCEAREATYPE_TOTL,97.01,97,EN,2023-07-09T17:00:00.000Z
EUR,Europe,Country,AZE,Azerbaijan,Year,2020,FALSE,Residence Area Type,Total,RESIDENCEAREATYPE_TOTL,96.36,96,EN,2023-07-09T17:00:00.000Z
EUR,Europe,Country,AZE,Azerbaijan,Year,2019,FALSE,Residence Area Type,Total,RESIDENCEAREATYPE_TOTL,95.67,96,EN,2023-07-09T17:00:00.000Z
EUR,Europe,Country,AZE,Azerbaijan,Year,2018,FALSE,Residence Area Type,Total,RESIDENCEAREATYPE_TOTL,94.9,95,EN,2023-07-09T17:00:00.000Z
EUR,Europe,Country,AZE,Azerbaijan,Year,2017,FALSE,Residence Area Type,Total,RESIDENCEAREATYPE_TOTL,94.13,94,EN,2023-07-09T17:00:00.000Z
EUR,Europe,Country,AZE,Azerbaijan,Year,2016,FALSE,Residence Area Type,Total,RESIDENCEAREATYPE_TOTL,93.35,93,EN,2023-07-09T17:00:00.000Z
EUR,Europe,Country,AZE,Azerbaijan,Year,2015,FALSE,Residence Area Type,Total,RESIDENCEAREATYPE_TOTL,92.57,93,EN,2023-07-09T17:00:00.000Z
EUR,Europe,Country,AZE,Azerbaijan,Year,2014,FALSE,Residence Area Type,Total,RESIDENCEAREATYPE_TOTL,91.28,91,EN,2023-07-09T17:00:00.000Z
EUR,Europe,Country,AZE,Azerbaijan,Year,2013,FALSE,Residence Area Type,Total,RESIDENCEAREATYPE_TOTL,89.95,90,EN,2023-07-09T17:00:00.000Z
EUR,Europe,Country,AZE,Azerbaijan,Year,2012,FALSE,Residence Area Type,Total,RESIDENCEAREATYPE_TOTL,88.63,89,EN,2023-07-09T17:00:00.000Z
EUR,Europe,Country,AZE,Azerbaijan,Year,2011,FALSE,Residence Area Type,Total,RESIDENCEAREATYPE_TOTL,87.31,87,EN,2023-07-09T17:00:00.000Z
EUR,Europe,Country,AZE,Azerbaijan,Year,2010,FALSE,Residence Area Type,Total,RESIDENCEAREATYPE_TOTL,86.01,86,EN,2023-07-09T17:00:00.000Z
EUR,Europe,Country,AZE,Azerbaijan,Year,2009,FALSE,Residence Area Type,Total,RESIDENCEAREATYPE_TOTL,84.71,85,EN,2023-07-09T17:00:00.000Z
EUR,Europe,Country,AZE,Azerbaijan,Year,2008,FALSE,Residence Area Type,Total,RESIDENCEAREATYPE_TOTL,83.43,83,EN,2023-07-09T17:00:00.000Z
EUR,Europe,Country,AZE,Azerbaijan,Year,2007,FALSE,Residence Area Type,Total,RESIDENCEAREATYPE_TOTL,82.15,82,EN,2023-07-09T17:00:00.000Z
EUR,Europe,Country,AZE,Azerbaijan,Year,2006,FALSE,Residence Area Type,Total,RESIDENCEAREATYPE_TOTL,80.88,81,EN,2023-07-09T17:00:00.000Z
EUR,Europe,Country,AZE,Azerbaijan,Year,2005,FALSE,Residence Area Type,Total,RESIDENCEAREATYPE_TOTL,79.61,80,EN,2023-07-09T17:00:00.000Z
EUR,Europe,Country,AZE,Azerbaijan,Year,2004,FALSE,Residence Area Type,Total,RESIDENCEAREATYPE_TOTL,78.36,78,EN,2023-07-09T17:00:00.000Z
EUR,Europe,Country,AZE,Azerbaijan,Year,2003,FALSE,Residence Area Type,Total,RESIDENCEAREATYPE_TOTL,77.11,77,EN,2023-07-09T17:00:00.000Z
EUR,Europe,Country,AZE,Azerbaijan,Year,2002,FALSE,Residence Area Type,Total,RESIDENCEAREATYPE_TOTL,75.87,76,EN,2023-07-09T17:00:00.000Z
EUR,Europe,Country,AZE,Azerbaijan,Year,2001,FALSE,Residence Area Type,Total,RESIDENCEAREATYPE_TOTL,74.64,75,EN,2023-07-09T17:00:00.000Z
EUR,Europe,Country,AZE,Azerbaijan,Year,2000,FALSE,Residence Area Type,Total,RESIDENCEAREATYPE_TOTL,73.42,73,EN,2023-07-09T17:00:00.000Z
AMR,Americas,Country,BHS,Bahamas,Year,2019,TRUE,Residence Area Type,Total,RESIDENCEAREATYPE_TOTL,98.89,99,EN,2023-07-09T17:00:00.000Z
AMR,Americas,Country,BHS,Bahamas,Year,2018,FALSE,Residence Area Type,Total,RESIDENCEAREATYPE_TOTL,98.89,99,EN,2023-07-09T17:00:00.000Z
AMR,Americas,Country,BHS,Bahamas,Year,2017,FALSE,Residence Area Type,Total,RESIDENCEAREATYPE_TOTL,98.89,99,EN,2023-07-09T17:00:00.000Z
AMR,Americas,Country,BHS,Bahamas,Year,2016,FALSE,Residence Area Type,Total,RESIDENCEAREATYPE_TOTL,98.89,99,EN,2023-07-09T17:00:00.000Z
AMR,Americas,Country,BHS,Bahamas,Year,2015,FALSE,Residence Area Type,Total,RESIDENCEAREATYPE_TOTL,98.89,99,EN,2023-07-09T17:00:00.000Z
AMR,Americas,Country,BHS,Bahamas,Year,2014,FALSE,Residence Area Type,Total,RESIDENCEAREATYPE_TOTL,98.84,99,EN,2023-07-09T17:00:00.000Z
AMR,Americas,Country,BHS,Bahamas,Year,2013,FALSE,Residence Area Type,Total,RESIDENCEAREATYPE_TOTL,98.8,99,EN,2023-07-09T17:00:00.000Z
AMR,Americas,Country,BHS,Bahamas,Year,2012,FALSE,Residence Area Type,Total,RESIDENCEAREATYPE_TOTL,98.76,99,EN,2023-07-09T17:00:00.000Z
AMR,Americas,Country,BHS,Bahamas,Year,2011,FALSE,Residence Area Type,Total,RESIDENCEAREATYPE_TOTL,98.72,99,EN,2023-07-09T17:00:00.000Z
AMR,Americas,Country,BHS,Bahamas,Year,2010,FALSE,Residence Area Type,Total,RESIDENCEAREATYPE_TOTL,98.67,99,EN,2023-07-09T17:00:00.000Z
AMR,Americas,Country,BHS,Bahamas,Year,2009,FALSE,Residence Area Type,Total,RESIDENCEAREATYPE_TOTL,98.63,99,EN,2023-07-09T17:00:00.000Z
AMR,Americas,Country,BHS,Bahamas,Year,2008,FALSE,Residence Area Type,Total,RESIDENCEAREATYPE_TOTL,98.59,99,EN,2023-07-09T17:00:00.000Z
AMR,Americas,Country,BHS,Bahamas,Year,2007,FALSE,Residence Area Type,Total,RESIDENCEAREATYPE_TOTL,98.54,99,EN,2023-07-09T17:00:00.000Z
AMR,Americas,Country,BHS,Bahamas,Year,2006,FALSE,Residence Area Type,Total,RESIDENCEAREATYPE_TOTL,98.5,99,EN,2023-07-09T17:00:00.000Z
AMR,Americas,Country,BHS,Bahamas,Year,2005,FALSE,Residence Area Type,Total,RESIDENCEAREATYPE_TOTL,98.46,98,EN,2023-07-09T17:00:00.000Z
AMR,Americas,Country,BHS,Bahamas,Year,2004,FALSE,Residence Area Type,Total,RESIDENCEAREATYPE_TOTL,98.42,98,EN,2023-07-09T17:00:00.000Z
AMR,Americas,Country,BHS,Bahamas,Year,2003,FALSE,Residence Area Type,Total,RESIDENCEAREATYPE_TOTL,98.37,98,EN,2023-07-09T17:00:00.000Z
AMR,Americas,Country,BHS,Bahamas,Year,2002,FALSE,Residence Area Type,Total,RESIDENCEAREATYPE_TOTL,98.33,98,EN,2023-07-09T17:00:00.000Z
AMR,Americas,Country,BHS,Bahamas,Year,2001,FALSE,Residence Area Type,Total,RESIDENCEAREATYPE_TOTL,98.29,98,EN,2023-07-09T17:00:00.000Z
AMR,Americas,Country,BHS,Bahamas,Year,2000,FALSE,Residence Area Type,Total,RESIDENCEAREATYPE_TOTL,98.25,98,EN,2023-07-09T17:00:00.000Z
EMR,Eastern Mediterranean,Country,BHR,Bahrain,Year,2022,TRUE,Residence Area Type,Total,RESIDENCEAREATYPE_TOTL,99.92,100,EN,2023-07-09T17:00:00.000Z
EMR,Eastern Mediterranean,Country,BHR,Bahrain,Year,2021,FALSE,Residence Area Type,Total,RESIDENCEAREATYPE_TOTL,99.92,100,EN,2023-07-09T17:00:00.000Z
EMR,Eastern Mediterranean,Country,BHR,Bahrain,Year,2020,FALSE,Residence Area Type,Total,RESIDENCEAREATYPE_TOTL,99.92,100,EN,2023-07-09T17:00:00.000Z
EMR,Eastern Mediterranean,Country,BHR,Bahrain,Year,2019,FALSE,Residence Area Type,Total,RESIDENCEAREATYPE_TOTL,99.92,100,EN,2023-07-09T17:00:00.000Z
EMR,Eastern Mediterranean,Country,BHR,Bahrain,Year,2018,FALSE,Residence Area Type,Total,RESIDENCEAREATYPE_TOTL,99.92,100,EN,2023-07-09T17:00:00.000Z
EMR,Eastern Mediterranean,Country,BHR,Bahrain,Year,2017,FALSE,Residence Area Type,Total,RESIDENCEAREATYPE_TOTL,99.93,100,EN,2023-07-09T17:00:00.000Z
EMR,Eastern Mediterranean,Country,BHR,Bahrain,Year,2016,FALSE,Residence Area Type,Total,RESIDENCEAREATYPE_TOTL,99.93,100,EN,2023-07-09T17:00:00.000Z
EMR,Eastern Mediterranean,Country,BHR,Bahrain,Year,2015,FALSE,Residence Area Type,Total,RESIDENCEAREATYPE_TOTL,99.93,100,EN,2023-07-09T17:00:00.000Z
EMR,Eastern Mediterranean,Country,BHR,Bahrain,Year,2014,FALSE,Residence Area Type,Total,RESIDENCEAREATYPE_TOTL,99.93,100,EN,2023-07-09T17:00:00.000Z
EMR,Eastern Mediterranean,Country,BHR,Bahrain,Year,2013,FALSE,Residence Area Type,Total,RESIDENCEAREATYPE_TOTL,99.93,100,EN,2023-07-09T17:00:00.000Z
EMR,Eastern Mediterranean,Country,BHR,Bahrain,Year,2012,FALSE,Residence Area Type,Total,RESIDENCEAREATYPE_TOTL,99.94,100,EN,2023-07-09T17:00:00.000Z
EMR,Eastern Mediterranean,Country,BHR,Bahrain,Year,2011,FALSE,Residence Area Type,Total,RESIDENCEAREATYPE_TOTL,99.94,100,EN,2023-07-09T17:00:00.000Z
EMR,Eastern Mediterranean,Country,BHR,Bahrain,Year,2010,FALSE,Residence Area Type,Total,RESIDENCEAREATYPE_TOTL,99.94,100,EN,2023-07-09T17:00:00.000Z
EMR,Eastern Mediterranean,Country,BHR,Bahrain,Year,2009,FALSE,Residence Area Type,Total,RESIDENCEAREATYPE_TOTL,99.94,100,EN,2023-07-09T17:00:00.000Z
EMR,Eastern Mediterranean,Country,BHR,Bahrain,Year,2008,FALSE,Residence Area Type,Total,RESIDENCEAREATYPE_TOTL,99.94,100,EN,2023-07-09T17:00:00.000Z
EMR,Eastern Mediterranean,Country,BHR,Bahrain,Year,2007,FALSE,Residence Area Type,Total,RESIDENCEAREATYPE_TOTL,99.95,100,EN,2023-07-09T17:00:00.000Z
EMR,Eastern Mediterranean,Country,BHR,Bahrain,Year,2006,FALSE,Residence Area Type,Total,RESIDENCEAREATYPE_TOTL,99.95,100,EN,2023-07-09T17:00:00.000Z
EMR,Eastern Mediterranean,Country,BHR,Bahrain,Year,2005,FALSE,Residence Area Type,Total,RESIDENCEAREATYPE_TOTL,99.95,100,EN,2023-07-09T17:00:00.000Z
EMR,Eastern Mediterranean,Country,BHR,Bahrain,Year,2004,FALSE,Residence Area Type,Total,RESIDENCEAREATYPE_TOTL,99.95,100,EN,2023-07-09T17:00:00.000Z
EMR,Eastern Mediterranean,Country,BHR,Bahrain,Year,2003,FALSE,Residence Area Type,Total,RESIDENCEAREATYPE_TOTL,99.95,100,EN,2023-07-09T17:00:00.000Z
EMR,Eastern Mediterranean,Country,BHR,Bahrain,Year,2002,FALSE,Residence Area Type,Total,RESIDENCEAREATYPE_TOTL,99.95,100,EN,2023-07-09T17:00:00.000Z
EMR,Eastern Mediterranean,Country,BHR,Bahrain,Year,2001,FALSE,Residence Area Type,Total,RESIDENCEAREATYPE_TOTL,99.96,100,EN,2023-07-09T17:00:00.000Z
EMR,Eastern Mediterranean,Country,BHR,Bahrain,Year,2000,FALSE,Residence Area Type,Total,RESIDENCEAREATYPE_TOTL,99.96,100,EN,2023-07-09T17:00:00.000Z
SEAR,South-East Asia,Country,BGD,Bangladesh,Year,2022,TRUE,Residence Area Type,Total,RESIDENCEAREATYPE_TOTL,98.1,98,EN,2023-07-09T17:00:00.000Z
SEAR,South-East Asia,Country,BGD,Bangladesh,Year,2021,FALSE,Residence Area Type,Total,RESIDENCEAREATYPE_TOTL,98.03,98,EN,2023-07-09T17:00:00.000Z
SEAR,South-East Asia,Country,BGD,Bangladesh,Year,2020,FALSE,Residence Area Type,Total,RESIDENCEAREATYPE_TOTL,97.95,98,EN,2023-07-09T17:00:00.000Z
SEAR,South-East Asia,Country,BGD,Bangladesh,Year,2019,FALSE,Residence Area Type,Total,RESIDENCEAREATYPE_TOTL,97.83,98,EN,2023-07-09T17:00:00.000Z
SEAR,South-East Asia,Country,BGD,Bangladesh,Year,2018,FALSE,Residence Area Type,Total,RESIDENCEAREATYPE_TOTL,97.7,98,EN,2023-07-09T17:00:00.000Z
SEAR,South-East Asia,Country,BGD,Bangladesh,Year,2017,FALSE,Residence Area Type,Total,RESIDENCEAREATYPE_TOTL,97.57,98,EN,2023-07-09T17:00:00.000Z
SEAR,South-East Asia,Country,BGD,Bangladesh,Year,2016,FALSE,Residence Area Type,Total,RESIDENCEAREATYPE_TOTL,97.44,97,EN,2023-07-09T17:00:00.000Z
SEAR,South-East Asia,Country,BGD,Bangladesh,Year,2015,FALSE,Residence Area Type,Total,RESIDENCEAREATYPE_TOTL,97.3,97,EN,2023-07-09T17:00:00.000Z
SEAR,South-East Asia,Country,BGD,Bangladesh,Year,2014,FALSE,Residence Area Type,Total,RESIDENCEAREATYPE_TOTL,97.16,97,EN,2023-07-09T17:00:00.000Z
SEAR,South-East Asia,Country,BGD,Bangladesh,Year,2013,FALSE,Residence Area Type,Total,RESIDENCEAREATYPE_TOTL,97.01,97,EN,2023-07-09T17:00:00.000Z
SEAR,South-East Asia,Country,BGD,Bangladesh,Year,2012,FALSE,Residence Area Type,Total,RESIDENCEAREATYPE_TOTL,96.86,97,EN,2023-07-09T17:00:00.000Z
SEAR,South-East Asia,Country,BGD,Bangladesh,Year,2011,FALSE,Residence Area Type,Total,RESIDENCEAREATYPE_TOTL,96.71,97,EN,2023-07-09T17:00:00.000Z
SEAR,South-East Asia,Country,BGD,Bangladesh,Year,2010,FALSE,Residence Area Type,Total,RESIDENCEAREATYPE_TOTL,96.55,97,EN,2023-07-09T17:00:00.000Z
SEAR,South-East Asia,Country,BGD,Bangladesh,Year,2009,FALSE,Residence Area Type,Total,RESIDENCEAREATYPE_TOTL,96.39,96,EN,2023-07-09T17:00:00.000Z
SEAR,South-East Asia,Country,BGD,Bangladesh,Year,2008,FALSE,Residence Area Type,Total,RESIDENCEAREATYPE_TOTL,96.23,96,EN,2023-07-09T17:00:00.000Z
SEAR,South-East Asia,Country,BGD,Bangladesh,Year,2007,FALSE,Residence Area Type,Total,RESIDENCEAREATYPE_TOTL,96.06,96,EN,2023-07-09T17:00:00.000Z
SEAR,South-East Asia,Country,BGD,Bangladesh,Year,2006,FALSE,Residence Area Type,Total,RESIDENCEAREATYPE_TOTL,95.88,96,EN,2023-07-09T17:00:00.000Z
SEAR,South-East Asia,Country,BGD,Bangladesh,Year,2005,FALSE,Residence Area Type,Total,RESIDENCEAREATYPE_TOTL,95.71,96,EN,2023-07-09T17:00:00.000Z
SEAR,South-East Asia,Country,BGD,Bangladesh,Year,2004,FALSE,Residence Area Type,Total,RESIDENCEAREATYPE_TOTL,95.53,96,EN,2023-07-09T17:00:00.000Z
SEAR,South-East Asia,Country,BGD,Bangladesh,Year,2003,FALSE,Residence Area Type,Total,RESIDENCEAREATYPE_TOTL,95.35,95,EN,2023-07-09T17:00:00.000Z
SEAR,South-East Asia,Country,BGD,Bangladesh,Year,2002,FALSE,Residence Area Type,Total,RESIDENCEAREATYPE_TOTL,95.17,95,EN,2023-07-09T17:00:00.000Z
SEAR,South-East Asia,Country,BGD,Bangladesh,Year,2001,FALSE,Residence Area Type,Total,RESIDENCEAREATYPE_TOTL,94.99,95,EN,2023-07-09T17:00:00.000Z
SEAR,South-East Asia,Country,BGD,Bangladesh,Year,2000,FALSE,Residence Area Type,Total,RESIDENCEAREATYPE_TOTL,94.82,95,EN,2023-07-09T17:00:00.000Z
AMR,Americas,Country,BRB,Barbados,Year,2022,TRUE,Residence Area Type,Total,RESIDENCEAREATYPE_TOTL,98.51,99,EN,2023-07-09T17:00:00.000Z
AMR,Americas,Country,BRB,Barbados,Year,2021,FALSE,Residence Area Type,Total,RESIDENCEAREATYPE_TOTL,98.51,99,EN,2023-07-09T17:00:00.000Z
AMR,Americas,Country,BRB,Barbados,Year,2020,FALSE,Residence Area Type,Total,RESIDENCEAREATYPE_TOTL,98.51,99,EN,2023-07-09T17:00:00.000Z
AMR,Americas,Country,BRB,Barbados,Year,2019,FALSE,Residence Area Type,Total,RESIDENCEAREATYPE_TOTL,98.51,99,EN,2023-07-09T17:00:00.000Z
AMR,Americas,Country,BRB,Barbados,Year,2018,FALSE,Residence Area Type,Total,RESIDENCEAREATYPE_TOTL,98.5,99,EN,2023-07-09T17:00:00.000Z
AMR,Americas,Country,BRB,Barbados,Year,2017,FALSE,Residence Area Type,Total,RESIDENCEAREATYPE_TOTL,98.49,98,EN,2023-07-09T17:00:00.000Z
AMR,Americas,Country,BRB,Barbados,Year,2016,FALSE,Residence Area Type,Total,RESIDENCEAREATYPE_TOTL,98.48,98,EN,2023-07-09T17:00:00.000Z
AMR,Americas,Country,BRB,Barbados,Year,2015,FALSE,Residence Area Type,Total,RESIDENCEAREATYPE_TOTL,98.47,98,EN,2023-07-09T17:00:00.000Z
AMR,Americas,Country,BRB,Barbados,Year,2014,FALSE,Residence Area Type,Total,RESIDENCEAREATYPE_TOTL,98.46,98,EN,2023-07-09T17:00:00.000Z
AMR,Americas,Country,BRB,Barbados,Year,2013,FALSE,Residence Area Type,Total,RESIDENCEAREATYPE_TOTL,98.45,98,EN,2023-07-09T17:00:00.000Z
AMR,Americas,Country,BRB,Barbados,Year,2012,FALSE,Residence Area Type,Total,RESIDENCEAREATYPE_TOTL,98.44,98,EN,2023-07-09T17:00:00.000Z
AMR,Americas,Country,BRB,Barbados,Year,2011,FALSE,Residence Area Type,Total,RESIDENCEAREATYPE_TOTL,98.43,98,EN,2023-07-09T17:00:00.000Z
AMR,Americas,Country,BRB,Barbados,Year,2010,FALSE,Residence Area Type,Total,RESIDENCEAREATYPE_TOTL,98.42,98,EN,2023-07-09T17:00:00.000Z
AMR,Americas,Country,BRB,Barbados,Year,2009,FALSE,Residence Area Type,Total,RESIDENCEAREATYPE_TOTL,98.41,98,EN,2023-07-09T17:00:00.000Z
AMR,Americas,Country,BRB,Barbados,Year,2008,FALSE,Residence Area Type,Total,RESIDENCEAREATYPE_TOTL,98.4,98,EN,2023-07-09T17:00:00.000Z
AMR,Americas,Country,BRB,Barbados,Year,2007,FALSE,Residence Area Type,Total,RESIDENCEAREATYPE_TOTL,98.39,98,EN,2023-07-09T17:00:00.000Z
AMR,Americas,Country,BRB,Barbados,Year,2006,FALSE,Residence Area Type,Total,RESIDENCEAREATYPE_TOTL,98.38,98,EN,2023-07-09T17:00:00.000Z
AMR,Americas,Country,BRB,Barbados,Year,2005,FALSE,Residence Area Type,Total,RESIDENCEAREATYPE_TOTL,98.37,98,EN,2023-07-09T17:00:00.000Z
AMR,Americas,Country,BRB,Barbados,Year,2004,FALSE,Residence Area Type,Total,RESIDENCEAREATYPE_TOTL,98.36,98,EN,2023-07-09T17:00:00.000Z
AMR,Americas,Country,BRB,Barbados,Year,2003,FALSE,Residence Area Type,Total,RESIDENCEAREATYPE_TOTL,98.35,98,EN,2023-07-09T17:00:00.000Z
AMR,Americas,Country,BRB,Barbados,Year,2002,FALSE,Residence Area Type,Total,RESIDENCEAREATYPE_TOTL,98.34,98,EN,2023-07-09T17:00:00.000Z
AMR,Americas,Country,BRB,Barbados,Year,2001,FALSE,Residence Area Type,Total,RESIDENCEAREATYPE_TOTL,98.33,98,EN,2023-07-09T17:00:00.000Z
AMR,Americas,Country,BRB,Barbados,Year,2000,FALSE,Residence Area Type,Total,RESIDENCEAREATYPE_TOTL,98.32,98,EN,2023-07-09T17:00:00.000Z
EUR,Europe,Country,BLR,Belarus,Year,2022,TRUE,Residence Area Type,Total,RESIDENCEAREATYPE_TOTL,99.18,99,EN,2023-07-09T17:00:00.000Z
EUR,Europe,Country,BLR,Belarus,Year,2021,FALSE,Residence Area Type,Total,RESIDENCEAREATYPE_TOTL,99.19,99,EN,2023-07-09T17:00:00.000Z
EUR,Europe,Country,BLR,Belarus,Year,2020,FALSE,Residence Area Type,Total,RESIDENCEAREATYPE_TOTL,98.65,99,EN,2023-07-09T17:00:00.000Z
EUR,Europe,Country,BLR,Belarus,Year,2019,FALSE,Residence Area Type,Total,RESIDENCEAREATYPE_TOTL,98.39,98,EN,2023-07-09T17:00:00.000Z
EUR,Europe,Country,BLR,Belarus,Year,2018,FALSE,Residence Area Type,Total,RESIDENCEAREATYPE_TOTL,98.37,98,EN,2023-07-09T17:00:00.000Z
EUR,Europe,Country,BLR,Belarus,Year,2017,FALSE,Residence Area Type,Total,RESIDENCEAREATYPE_TOTL,98.36,98,EN,2023-07-09T17:00:00.000Z
EUR,Europe,Country,BLR,Belarus,Year,2016,FALSE,Residence Area Type,Total,RESIDENCEAREATYPE_TOTL,98.34,98,EN,2023-07-09T17:00:00.000Z
EUR,Europe,Country,BLR,Belarus,Year,2015,FALSE,Residence Area Type,Total,RESIDENCEAREATYPE_TOTL,98.33,98,EN,2023-07-09T17:00:00.000Z
EUR,Europe,Country,BLR,Belarus,Year,2014,FALSE,Residence Area Type,Total,RESIDENCEAREATYPE_TOTL,98.32,98,EN,2023-07-09T17:00:00.000Z
EUR,Europe,Country,BLR,Belarus,Year,2013,FALSE,Residence Area Type,Total,RESIDENCEAREATYPE_TOTL,98.31,98,EN,2023-07-09T17:00:00.000Z
EUR,Europe,Country,BLR,Belarus,Year,2012,FALSE,Residence Area Type,Total,RESIDENCEAREATYPE_TOTL,98.31,98,EN,2023-07-09T17:00:00.000Z
EUR,Europe,Country,BLR,Belarus,Year,2011,FALSE,Residence Area Type,Total,RESIDENCEAREATYPE_TOTL,98.3,98,EN,2023-07-09T17:00:00.000Z
EUR,Europe,Country,BLR,Belarus,Year,2010,FALSE,Residence Area Type,Total,RESIDENCEAREATYPE_TOTL,98.3,98,EN,2023-07-09T17:00:00.000Z
EUR,Europe,Country,BLR,Belarus,Year,2009,FALSE,Residence Area Type,Total,RESIDENCEAREATYPE_TOTL,98.3,98,EN,2023-07-09T17:00:00.000Z
EUR,Europe,Country,BLR,Belarus,Year,2008,FALSE,Residence Area Type,Total,RESIDENCEAREATYPE_TOTL,98.3,98,EN,2023-07-09T17:00:00.000Z
EUR,Europe,Country,BLR,Belarus,Year,2007,FALSE,Residence Area Type,Total,RESIDENCEAREATYPE_TOTL,98.31,98,EN,2023-07-09T17:00:00.000Z
EUR,Europe,Country,BLR,Belarus,Year,2006,FALSE,Residence Area Type,Total,RESIDENCEAREATYPE_TOTL,98.31,98,EN,2023-07-09T17:00:00.000Z
EUR,Europe,Country,BLR,Belarus,Year,2005,FALSE,Residence Area Type,Total,RESIDENCEAREATYPE_TOTL,98.32,98,EN,2023-07-09T17:00:00.000Z
EUR,Europe,Country,BLR,Belarus,Year,2004,FALSE,Residence Area Type,Total,RESIDENCEAREATYPE_TOTL,98.33,98,EN,2023-07-09T17:00:00.000Z
EUR,Europe,Country,BLR,Belarus,Year,2003,FALSE,Residence Area Type,Total,RESIDENCEAREATYPE_TOTL,98.33,98,EN,2023-07-09T17:00:00.000Z
EUR,Europe,Country,BLR,Belarus,Year,2002,FALSE,Residence Area Type,Total,RESIDENCEAREATYPE_TOTL,98.34,98,EN,2023-07-09T17:00:00.000Z
EUR,Europe,Country,BLR,Belarus,Year,2001,FALSE,Residence Area Type,Total,RESIDENCEAREATYPE_TOTL,98.35,98,EN,2023-07-09T17:00:00.000Z
EUR,Europe,Country,BLR,Belarus,Year,2000,FALSE,Residence Area Type,Total,RESIDENCEAREATYPE_TOTL,98.36,98,EN,2023-07-09T17:00:00.000Z
EUR,Europe,Country,BEL,Belgium,Year,2022,TRUE,Residence Area Type,Total,RESIDENCEAREATYPE_TOTL,100,100,EN,2023-07-09T17:00:00.000Z
EUR,Europe,Country,BEL,Belgium,Year,2021,FALSE,Residence Area Type,Total,RESIDENCEAREATYPE_TOTL,100,100,EN,2023-07-09T17:00:00.000Z
EUR,Europe,Country,BEL,Belgium,Year,2020,FALSE,Residence Area Type,Total,RESIDENCEAREATYPE_TOTL,100,100,EN,2023-07-09T17:00:00.000Z
EUR,Europe,Country,BEL,Belgium,Year,2019,FALSE,Residence Area Type,Total,RESIDENCEAREATYPE_TOTL,100,100,EN,2023-07-09T17:00:00.000Z
EUR,Europe,Country,BEL,Belgium,Year,2018,FALSE,Residence Area Type,Total,RESIDENCEAREATYPE_TOTL,100,100,EN,2023-07-09T17:00:00.000Z
EUR,Europe,Country,BEL,Belgium,Year,2017,FALSE,Residence Area Type,Total,RESIDENCEAREATYPE_TOTL,100,100,EN,2023-07-09T17:00:00.000Z
EUR,Europe,Country,BEL,Belgium,Year,2016,FALSE,Residence Area Type,Total,RESIDENCEAREATYPE_TOTL,100,100,EN,2023-07-09T17:00:00.000Z
EUR,Europe,Country,BEL,Belgium,Year,2015,FALSE,Residence Area Type,Total,RESIDENCEAREATYPE_TOTL,100,100,EN,2023-07-09T17:00:00.000Z
EUR,Europe,Country,BEL,Belgium,Year,2014,FALSE,Residence Area Type,Total,RESIDENCEAREATYPE_TOTL,100,100,EN,2023-07-09T17:00:00.000Z
EUR,Europe,Country,BEL,Belgium,Year,2013,FALSE,Residence Area Type,Total,RESIDENCEAREATYPE_TOTL,100,100,EN,2023-07-09T17:00:00.000Z
EUR,Europe,Country,BEL,Belgium,Year,2012,FALSE,Residence Area Type,Total,RESIDENCEAREATYPE_TOTL,100,100,EN,2023-07-09T17:00:00.000Z
EUR,Europe,Country,BEL,Belgium,Year,2011,FALSE,Residence Area Type,Total,RESIDENCEAREATYPE_TOTL,100,100,EN,2023-07-09T17:00:00.000Z
EUR,Europe,Country,BEL,Belgium,Year,2010,FALSE,Residence Area Type,Total,RESIDENCEAREATYPE_TOTL,100,100,EN,2023-07-09T17:00:00.000Z
EUR,Europe,Country,BEL,Belgium,Year,2009,FALSE,Residence Area Type,Total,RESIDENCEAREATYPE_TOTL,100,100,EN,2023-07-09T17:00:00.000Z
EUR,Europe,Country,BEL,Belgium,Year,2008,FALSE,Residence Area Type,Total,RESIDENCEAREATYPE_TOTL,100,100,EN,2023-07-09T17:00:00.000Z
EUR,Europe,Country,BEL,Belgium,Year,2007,FALSE,Residence Area Type,Total,RESIDENCEAREATYPE_TOTL,100,100,EN,2023-07-09T17:00:00.000Z
EUR,Europe,Country,BEL,Belgium,Year,2006,FALSE,Residence Area Type,Total,RESIDENCEAREATYPE_TOTL,100,100,EN,2023-07-09T17:00:00.000Z
EUR,Europe,Country,BEL,Belgium,Year,2005,FALSE,Residence Area Type,Total,RESIDENCEAREATYPE_TOTL,100,100,EN,2023-07-09T17:00:00.000Z
EUR,Europe,Country,BEL,Belgium,Year,2004,FALSE,Residence Area Type,Total,RESIDENCEAREATYPE_TOTL,100,100,EN,2023-07-09T17:00:00.000Z
EUR,Europe,Country,BEL,Belgium,Year,2003,FALSE,Residence Area Type,Total,RESIDENCEAREATYPE_TOTL,100,100,EN,2023-07-09T17:00:00.000Z
EUR,Europe,Country,BEL,Belgium,Year,2002,FALSE,Residence Area Type,Total,RESIDENCEAREATYPE_TOTL,100,100,EN,2023-07-09T17:00:00.000Z
EUR,Europe,Country,BEL,Belgium,Year,2001,FALSE,Residence Area Type,Total,RESIDENCEAREATYPE_TOTL,100,100,EN,2023-07-09T17:00:00.000Z
EUR,Europe,Country,BEL,Belgium,Year,2000,FALSE,Residence Area Type,Total,RESIDENCEAREATYPE_TOTL,100,100,EN,2023-07-09T17:00:00.000Z
AMR,Americas,Country,BLZ,Belize,Year,2022,TRUE,Residence Area Type,Total,RESIDENCEAREATYPE_TOTL,98.41,98,EN,2023-07-09T17:00:00.000Z
AMR,Americas,Country,BLZ,Belize,Year,2021,FALSE,Residence Area Type,Total,RESIDENCEAREATYPE_TOTL,98.4,98,EN,2023-07-09T17:00:00.000Z
AMR,Americas,Country,BLZ,Belize,Year,2020,FALSE,Residence Area Type,Total,RESIDENCEAREATYPE_TOTL,98.4,98,EN,2023-07-09T17:00:00.000Z
AMR,Americas,Country,BLZ,Belize,Year,2019,FALSE,Residence Area Type,Total,RESIDENCEAREATYPE_TOTL,98.4,98,EN,2023-07-09T17:00:00.000Z
AMR,Americas,Country,BLZ,Belize,Year,2018,FALSE,Residence Area Type,Total,RESIDENCEAREATYPE_TOTL,98.4,98,EN,2023-07-09T17:00:00.000Z
AMR,Americas,Country,BLZ,Belize,Year,2017,FALSE,Residence Area Type,Total,RESIDENCEAREATYPE_TOTL,97.99,98,EN,2023-07-09T17:00:00.000Z
AMR,Americas,Country,BLZ,Belize,Year,2016,FALSE,Residence Area Type,Total,RESIDENCEAREATYPE_TOTL,97.58,98,EN,2023-07-09T17:00:00.000Z
AMR,Americas,Country,BLZ,Belize,Year,2015,FALSE,Residence Area Type,Total,RESIDENCEAREATYPE_TOTL,97.18,97,EN,2023-07-09T17:00:00.000Z
AMR,Americas,Country,BLZ,Belize,Year,2014,FALSE,Residence Area Type,Total,RESIDENCEAREATYPE_TOTL,96.54,97,EN,2023-07-09T17:00:00.000Z
AMR,Americas,Country,BLZ,Belize,Year,2013,FALSE,Residence Area Type,Total,RESIDENCEAREATYPE_TOTL,95.89,96,EN,2023-07-09T17:00:00.000Z
AMR,Americas,Country,BLZ,Belize,Year,2012,FALSE,Residence Area Type,Total,RESIDENCEAREATYPE_TOTL,95.24,95,EN,2023-07-09T17:00:00.000Z
AMR,Americas,Country,BLZ,Belize,Year,2011,FALSE,Residence Area Type,Total,RESIDENCEAREATYPE_TOTL,94.59,95,EN,2023-07-09T17:00:00.000Z
AMR,Americas,Country,BLZ,Belize,Year,2010,FALSE,Residence Area Type,Total,RESIDENCEAREATYPE_TOTL,93.94,94,EN,2023-07-09T17:00:00.000Z
AMR,Americas,Country,BLZ,Belize,Year,2009,FALSE,Residence Area Type,Total,RESIDENCEAREATYPE_TOTL,93.29,93,EN,2023-07-09T17:00:00.000Z
AMR,Americas,Country,BLZ,Belize,Year,2008,FALSE,Residence Area Type,Total,RESIDENCEAREATYPE_TOTL,92.64,93,EN,2023-07-09T17:00:00.000Z
AMR,Americas,Country,BLZ,Belize,Year,2007,FALSE,Residence Area Type,Total,RESIDENCEAREATYPE_TOTL,91.99,92,EN,2023-07-09T17:00:00.000Z
AMR,Americas,Country,BLZ,Belize,Year,2006,FALSE,Residence Area Type,Total,RESIDENCEAREATYPE_TOTL,91.34,91,EN,2023-07-09T17:00:00.000Z
AMR,Americas,Country,BLZ,Belize,Year,2005,FALSE,Residence Area Type,Total,RESIDENCEAREATYPE_TOTL,90.68,91,EN,2023-07-09T17:00:00.000Z
AMR,Americas,Country,BLZ,Belize,Year,2004,FALSE,Residence Area Type,Total,RESIDENCEAREATYPE_TOTL,90.03,90,EN,2023-07-09T17:00:00.000Z
AMR,Americas,Country,BLZ,Belize,Year,2003,FALSE,Residence Area Type,Total,RESIDENCEAREATYPE_TOTL,89.38,89,EN,2023-07-09T17:00:00.000Z
AMR,Americas,Country,BLZ,Belize,Year,2002,FALSE,Residence Area Type,Total,RESIDENCEAREATYPE_TOTL,88.73,89,EN,2023-07-09T17:00:00.000Z
AMR,Americas,Country,BLZ,Belize,Year,2001,FALSE,Residence Area Type,Total,RESIDENCEAREATYPE_TOTL,88.08,88,EN,2023-07-09T17:00:00.000Z
AMR,Americas,Country,BLZ,Belize,Year,2000,FALSE,Residence Area Type,Total,RESIDENCEAREATYPE_TOTL,87.43,87,EN,2023-07-09T17:00:00.000Z
AFR,Africa,Country,BEN,Benin,Year,2022,TRUE,Residence Area Type,Total,RESIDENCEAREATYPE_TOTL,67.36,67,EN,2023-07-09T17:00:00.000Z
AFR,Africa,Country,BEN,Benin,Year,2021,FALSE,Residence Area Type,Total,RESIDENCEAREATYPE_TOTL,67.13,67,EN,2023-07-09T17:00:00.000Z
AFR,Africa,Country,BEN,Benin,Year,2020,FALSE,Residence Area Type,Total,RESIDENCEAREATYPE_TOTL,66.89,67,EN,2023-07-09T17:00:00.000Z
AFR,Africa,Country,BEN,Benin,Year,2019,FALSE,Residence Area Type,Total,RESIDENCEAREATYPE_TOTL,66.67,67,EN,2023-07-09T17:00:00.000Z
AFR,Africa,Country,BEN,Benin,Year,2018,FALSE,Residence Area Type,Total,RESIDENCEAREATYPE_TOTL,66.45,66,EN,2023-07-09T17:00:00.000Z
AFR,Africa,Country,BEN,Benin,Year,2017,FALSE,Residence Area Type,Total,RESIDENCEAREATYPE_TOTL,66.23,66,EN,2023-07-09T17:00:00.000Z
AFR,Africa,Country,BEN,Benin,Year,2016,FALSE,Residence Area Type,Total,RESIDENCEAREATYPE_TOTL,66,66,EN,2023-07-09T17:00:00.000Z
AFR,Africa,Country,BEN,Benin,Year,2015,FALSE,Residence Area Type,Total,RESIDENCEAREATYPE_TOTL,65.76,66,EN,2023-07-09T17:00:00.000Z
AFR,Africa,Country,BEN,Benin,Year,2014,FALSE,Residence Area Type,Total,RESIDENCEAREATYPE_TOTL,65.52,66,EN,2023-07-09T17:00:00.000Z
AFR,Africa,Country,BEN,Benin,Year,2013,FALSE,Residence Area Type,Total,RESIDENCEAREATYPE_TOTL,65.28,65,EN,2023-07-09T17:00:00.000Z
AFR,Africa,Country,BEN,Benin,Year,2012,FALSE,Residence Area Type,Total,RESIDENCEAREATYPE_TOTL,65.03,65,EN,2023-07-09T17:00:00.000Z
AFR,Africa,Country,BEN,Benin,Year,2011,FALSE,Residence Area Type,Total,RESIDENCEAREATYPE_TOTL,64.78,65,EN,2023-07-09T17:00:00.000Z
AFR,Africa,Country,BEN,Benin,Year,2010,FALSE,Residence Area Type,Total,RESIDENCEAREATYPE_TOTL,64.52,65,EN,2023-07-09T17:00:00.000Z
AFR,Africa,Country,BEN,Benin,Year,2009,FALSE,Residence Area Type,Total,RESIDENCEAREATYPE_TOTL,64.26,64,EN,2023-07-09T17:00:00.000Z
AFR,Africa,Country,BEN,Benin,Year,2008,FALSE,Residence Area Type,Total,RESIDENCEAREATYPE_TOTL,63.99,64,EN,2023-07-09T17:00:00.000Z
AFR,Africa,Country,BEN,Benin,Year,2007,FALSE,Residence Area Type,Total,RESIDENCEAREATYPE_TOTL,63.71,64,EN,2023-07-09T17:00:00.000Z
AFR,Africa,Country,BEN,Benin,Year,2006,FALSE,Residence Area Type,Total,RESIDENCEAREATYPE_TOTL,63.44,63,EN,2023-07-09T17:00:00.000Z
AFR,Africa,Country,BEN,Benin,Year,2005,FALSE,Residence Area Type,Total,RESIDENCEAREATYPE_TOTL,63.15,63,EN,2023-07-09T17:00:00.000Z
AFR,Africa,Country,BEN,Benin,Year,2004,FALSE,Residence Area Type,Total,RESIDENCEAREATYPE_TOTL,62.87,63,EN,2023-07-09T17:00:00.000Z
AFR,Africa,Country,BEN,Benin,Year,2003,FALSE,Residence Area Type,Total,RESIDENCEAREATYPE_TOTL,62.57,63,EN,2023-07-09T17:00:00.000Z
AFR,Africa,Country,BEN,Benin,Year,2002,FALSE,Residence Area Type,Total,RESIDENCEAREATYPE_TOTL,62.28,62,EN,2023-07-09T17:00:00.000Z
AFR,Africa,Country,BEN,Benin,Year,2001,FALSE,Residence Area Type,Total,RESIDENCEAREATYPE_TOTL,62,62,EN,2023-07-09T17:00:00.000Z
AFR,Africa,Country,BEN,Benin,Year,2000,FALSE,Residence Area Type,Total,RESIDENCEAREATYPE_TOTL,61.74,62,EN,2023-07-09T17:00:00.000Z
SEAR,South-East Asia,Country,BTN,Bhutan,Year,2022,TRUE,Residence Area Type,Total,RESIDENCEAREATYPE_TOTL,99.13,99,EN,2023-07-09T17:00:00.000Z
SEAR,South-East Asia,Country,BTN,Bhutan,Year,2021,FALSE,Residence Area Type,Total,RESIDENCEAREATYPE_TOTL,99.13,99,EN,2023-07-09T17:00:00.000Z
SEAR,South-East Asia,Country,BTN,Bhutan,Year,2020,FALSE,Residence Area Type,Total,RESIDENCEAREATYPE_TOTL,98.98,99,EN,2023-07-09T17:00:00.000Z
SEAR,South-East Asia,Country,BTN,Bhutan,Year,2019,FALSE,Residence Area Type,Total,RESIDENCEAREATYPE_TOTL,98.87,99,EN,2023-07-09T17:00:00.000Z
SEAR,South-East Asia,Country,BTN,Bhutan,Year,2018,FALSE,Residence Area Type,Total,RESIDENCEAREATYPE_TOTL,98.77,99,EN,2023-07-09T17:00:00.000Z
SEAR,South-East Asia,Country,BTN,Bhutan,Year,2017,FALSE,Residence Area Type,Total,RESIDENCEAREATYPE_TOTL,98.66,99,EN,2023-07-09T17:00:00.000Z
SEAR,South-East Asia,Country,BTN,Bhutan,Year,2016,FALSE,Residence Area Type,Total,RESIDENCEAREATYPE_TOTL,98.19,98,EN,2023-07-09T17:00:00.000Z
SEAR,South-East Asia,Country,BTN,Bhutan,Year,2015,FALSE,Residence Area Type,Total,RESIDENCEAREATYPE_TOTL,97.49,97,EN,2023-07-09T17:00:00.000Z
SEAR,South-East Asia,Country,BTN,Bhutan,Year,2014,FALSE,Residence Area Type,Total,RESIDENCEAREATYPE_TOTL,96.61,97,EN,2023-07-09T17:00:00.000Z
SEAR,South-East Asia,Country,BTN,Bhutan,Year,2013,FALSE,Residence Area Type,Total,RESIDENCEAREATYPE_TOTL,95.71,96,EN,2023-07-09T17:00:00.000Z
SEAR,South-East Asia,Country,BTN,Bhutan,Year,2012,FALSE,Residence Area Type,Total,RESIDENCEAREATYPE_TOTL,94.8,95,EN,2023-07-09T17:00:00.000Z
SEAR,South-East Asia,Country,BTN,Bhutan,Year,2011,FALSE,Residence Area Type,Total,RESIDENCEAREATYPE_TOTL,93.87,94,EN,2023-07-09T17:00:00.000Z
SEAR,South-East Asia,Country,BTN,Bhutan,Year,2010,FALSE,Residence Area Type,Total,RESIDENCEAREATYPE_TOTL,92.92,93,EN,2023-07-09T17:00:00.000Z
SEAR,South-East Asia,Country,BTN,Bhutan,Year,2009,FALSE,Residence Area Type,Total,RESIDENCEAREATYPE_TOTL,91.96,92,EN,2023-07-09T17:00:00.000Z
SEAR,South-East Asia,Country,BTN,Bhutan,Year,2008,FALSE,Residence Area Type,Total,RESIDENCEAREATYPE_TOTL,90.98,91,EN,2023-07-09T17:00:00.000Z
SEAR,South-East Asia,Country,BTN,Bhutan,Year,2007,FALSE,Residence Area Type,Total,RESIDENCEAREATYPE_TOTL,89.99,90,EN,2023-07-09T17:00:00.000Z
SEAR,South-East Asia,Country,BTN,Bhutan,Year,2006,FALSE,Residence Area Type,Total,RESIDENCEAREATYPE_TOTL,88.98,89,EN,2023-07-09T17:00:00.000Z
SEAR,South-East Asia,Country,BTN,Bhutan,Year,2005,FALSE,Residence Area Type,Total,RESIDENCEAREATYPE_TOTL,87.96,88,EN,2023-07-09T17:00:00.000Z
SEAR,South-East Asia,Country,BTN,Bhutan,Year,2004,FALSE,Residence Area Type,Total,RESIDENCEAREATYPE_TOTL,86.87,87,EN,2023-07-09T17:00:00.000Z
SEAR,South-East Asia,Country,BTN,Bhutan,Year,2003,FALSE,Residence Area Type,Total,RESIDENCEAREATYPE_TOTL,85.75,86,EN,2023-07-09T17:00:00.000Z
SEAR,South-East Asia,Country,BTN,Bhutan,Year,2002,FALSE,Residence Area Type,Total,RESIDENCEAREATYPE_TOTL,84.62,85,EN,2023-07-09T17:00:00.000Z
SEAR,South-East Asia,Country,BTN,Bhutan,Year,2001,FALSE,Residence Area Type,Total,RESIDENCEAREATYPE_TOTL,83.47,83,EN,2023-07-09T17:00:00.000Z
SEAR,South-East Asia,Country,BTN,Bhutan,Year,2000,FALSE,Residence Area Type,Total,RESIDENCEAREATYPE_TOTL,82.36,82,EN,2023-07-09T17:00:00.000Z
AMR,Americas,Country,BOL,Bolivia (Plurinational State of),Year,2022,TRUE,Residence Area Type,Total,RESIDENCEAREATYPE_TOTL,94.11,94,EN,2023-07-09T17:00:00.000Z
AMR,Americas,Country,BOL,Bolivia (Plurinational State of),Year,2021,FALSE,Residence Area Type,Total,RESIDENCEAREATYPE_TOTL,93.6,94,EN,2023-07-09T17:00:00.000Z
AMR,Americas,Country,BOL,Bolivia (Plurinational State of),Year,2020,FALSE,Residence Area Type,Total,RESIDENCEAREATYPE_TOTL,93.09,93,EN,2023-07-09T17:00:00.000Z
AMR,Americas,Country,BOL,Bolivia (Plurinational State of),Year,2019,FALSE,Residence Area Type,Total,RESIDENCEAREATYPE_TOTL,92.57,93,EN,2023-07-09T17:00:00.000Z
AMR,Americas,Country,BOL,Bolivia (Plurinational State of),Year,2018,FALSE,Residence Area Type,Total,RESIDENCEAREATYPE_TOTL,92.04,92,EN,2023-07-09T17:00:00.000Z
AMR,Americas,Country,BOL,Bolivia (Plurinational State of),Year,2017,FALSE,Residence Area Type,Total,RESIDENCEAREATYPE_TOTL,91.49,91,EN,2023-07-09T17:00:00.000Z
AMR,Americas,Country,BOL,Bolivia (Plurinational State of),Year,2016,FALSE,Residence Area Type,Total,RESIDENCEAREATYPE_TOTL,90.94,91,EN,2023-07-09T17:00:00.000Z
AMR,Americas,Country,BOL,Bolivia (Plurinational State of),Year,2015,FALSE,Residence Area Type,Total,RESIDENCEAREATYPE_TOTL,90.38,90,EN,2023-07-09T17:00:00.000Z
AMR,Americas,Country,BOL,Bolivia (Plurinational State of),Year,2014,FALSE,Residence Area Type,Total,RESIDENCEAREATYPE_TOTL,89.82,90,EN,2023-07-09T17:00:00.000Z
AMR,Americas,Country,BOL,Bolivia (Plurinational State of),Year,2013,FALSE,Residence Area Type,Total,RESIDENCEAREATYPE_TOTL,89.25,89,EN,2023-07-09T17:00:00.000Z
AMR,Americas,Country,BOL,Bolivia (Plurinational State of),Year,2012,FALSE,Residence Area Type,Total,RESIDENCEAREATYPE_TOTL,88.66,89,EN,2023-07-09T17:00:00.000Z
AMR,Americas,Country,BOL,Bolivia (Plurinational State of),Year,2011,FALSE,Residence Area Type,Total,RESIDENCEAREATYPE_TOTL,88.06,88,EN,2023-07-09T17:00:00.000Z
AMR,Americas,Country,BOL,Bolivia (Plurinational State of),Year,2010,FALSE,Residence Area Type,Total,RESIDENCEAREATYPE_TOTL,87.44,87,EN,2023-07-09T17:00:00.000Z
AMR,Americas,Country,BOL,Bolivia (Plurinational State of),Year,2009,FALSE,Residence Area Type,Total,RESIDENCEAREATYPE_TOTL,86.81,87,EN,2023-07-09T17:00:00.000Z
AMR,Americas,Country,BOL,Bolivia (Plurinational State of),Year,2008,FALSE,Residence Area Type,Total,RESIDENCEAREATYPE_TOTL,86.18,86,EN,2023-07-09T17:00:00.000Z
AMR,Americas,Country,BOL,Bolivia (Plurinational State of),Year,2007,FALSE,Residence Area Type,Total,RESIDENCEAREATYPE_TOTL,85.54,86,EN,2023-07-09T17:00:00.000Z
AMR,Americas,Country,BOL,Bolivia (Plurinational State of),Year,2006,FALSE,Residence Area Type,Total,RESIDENCEAREATYPE_TOTL,84.88,85,EN,2023-07-09T17:00:00.000Z
AMR,Americas,Country,BOL,Bolivia (Plurinational State of),Year,2005,FALSE,Residence Area Type,Total,RESIDENCEAREATYPE_TOTL,84.22,84,EN,2023-07-09T17:00:00.000Z
AMR,Americas,Country,BOL,Bolivia (Plurinational State of),Year,2004,FALSE,Residence Area Type,Total,RESIDENCEAREATYPE_TOTL,83.56,84,EN,2023-07-09T17:00:00.000Z
AMR,Americas,Country,BOL,Bolivia (Plurinational State of),Year,2003,FALSE,Residence Area Type,Total,RESIDENCEAREATYPE_TOTL,82.88,83,EN,2023-07-09T17:00:00.000Z
AMR,Americas,Country,BOL,Bolivia (Plurinational State of),Year,2002,FALSE,Residence Area Type,Total,RESIDENCEAREATYPE_TOTL,82.19,82,EN,2023-07-09T17:00:00.000Z
AMR,Americas,Country,BOL,Bolivia (Plurinational State of),Year,2001,FALSE,Residence Area Type,Total,RESIDENCEAREATYPE_TOTL,81.49,81,EN,2023-07-09T17:00:00.000Z
AMR,Americas,Country,BOL,Bolivia (Plurinational State of),Year,2000,FALSE,Residence Area Type,Total,RESIDENCEAREATYPE_TOTL,80.77,81,EN,2023-07-09T17:00:00.000Z
EUR,Europe,Country,BIH,Bosnia and Herzegovina,Year,2022,TRUE,Residence Area Type,Total,RESIDENCEAREATYPE_TOTL,96.09,96,EN,2023-07-09T17:00:00.000Z
EUR,Europe,Country,BIH,Bosnia and Herzegovina,Year,2021,FALSE,Residence Area Type,Total,RESIDENCEAREATYPE_TOTL,96.1,96,EN,2023-07-09T17:00:00.000Z
EUR,Europe,Country,BIH,Bosnia and Herzegovina,Year,2020,FALSE,Residence Area Type,Total,RESIDENCEAREATYPE_TOTL,96.11,96,EN,2023-07-09T17:00:00.000Z
EUR,Europe,Country,BIH,Bosnia and Herzegovina,Year,2019,FALSE,Residence Area Type,Total,RESIDENCEAREATYPE_TOTL,96.12,96,EN,2023-07-09T17:00:00.000Z
EUR,Europe,Country,BIH,Bosnia and Herzegovina,Year,2018,FALSE,Residence Area Type,Total,RESIDENCEAREATYPE_TOTL,96.13,96,EN,2023-07-09T17:00:00.000Z
EUR,Europe,Country,BIH,Bosnia and Herzegovina,Year,2017,FALSE,Residence Area Type,Total,RESIDENCEAREATYPE_TOTL,96.14,96,EN,2023-07-09T17:00:00.000Z
EUR,Europe,Country,BIH,Bosnia and Herzegovina,Year,2016,FALSE,Residence Area Type,Total,RESIDENCEAREATYPE_TOTL,96.15,96,EN,2023-07-09T17:00:00.000Z
EUR,Europe,Country,BIH,Bosnia and Herzegovina,Year,2015,FALSE,Residence Area Type,Total,RESIDENCEAREATYPE_TOTL,96.16,96,EN,2023-07-09T17:00:00.000Z
EUR,Europe,Country,BIH,Bosnia and Herzegovina,Year,2014,FALSE,Residence Area Type,Total,RESIDENCEAREATYPE_TOTL,96.17,96,EN,2023-07-09T17:00:00.000Z
EUR,Europe,Country,BIH,Bosnia and Herzegovina,Year,2013,FALSE,Residence Area Type,Total,RESIDENCEAREATYPE_TOTL,96.35,96,EN,2023-07-09T17:00:00.000Z
EUR,Europe,Country,BIH,Bosnia and Herzegovina,Year,2012,FALSE,Residence Area Type,Total,RESIDENCEAREATYPE_TOTL,96.45,96,EN,2023-07-09T17:00:00.000Z
EUR,Europe,Country,BIH,Bosnia and Herzegovina,Year,2011,FALSE,Residence Area Type,Total,RESIDENCEAREATYPE_TOTL,96.59,97,EN,2023-07-09T17:00:00.000Z
EUR,Europe,Country,BIH,Bosnia and Herzegovina,Year,2010,FALSE,Residence Area Type,Total,RESIDENCEAREATYPE_TOTL,96.67,97,EN,2023-07-09T17:00:00.000Z
EUR,Europe,Country,BIH,Bosnia and Herzegovina,Year,2009,FALSE,Residence Area Type,Total,RESIDENCEAREATYPE_TOTL,96.74,97,EN,2023-07-09T17:00:00.000Z
EUR,Europe,Country,BIH,Bosnia and Herzegovina,Year,2008,FALSE,Residence Area Type,Total,RESIDENCEAREATYPE_TOTL,96.81,97,EN,2023-07-09T17:00:00.000Z
EUR,Europe,Country,BIH,Bosnia and Herzegovina,Year,2007,FALSE,Residence Area Type,Total,RESIDENCEAREATYPE_TOTL,96.88,97,EN,2023-07-09T17:00:00.000Z
EUR,Europe,Country,BIH,Bosnia and Herzegovina,Year,2006,FALSE,Residence Area Type,Total,RESIDENCEAREATYPE_TOTL,96.94,97,EN,2023-07-09T17:00:00.000Z
EUR,Europe,Country,BIH,Bosnia and Herzegovina,Year,2005,FALSE,Residence Area Type,Total,RESIDENCEAREATYPE_TOTL,97,97,EN,2023-07-09T17:00:00.000Z
EUR,Europe,Country,BIH,Bosnia and Herzegovina,Year,2004,FALSE,Residence Area Type,Total,RESIDENCEAREATYPE_TOTL,97.06,97,EN,2023-07-09T17:00:00.000Z
EUR,Europe,Country,BIH,Bosnia and Herzegovina,Year,2003,FALSE,Residence Area Type,Total,RESIDENCEAREATYPE_TOTL,97.12,97,EN,2023-07-09T17:00:00.000Z
EUR,Europe,Country,BIH,Bosnia and Herzegovina,Year,2002,FALSE,Residence Area Type,Total,RESIDENCEAREATYPE_TOTL,97.17,97,EN,2023-07-09T17:00:00.000Z
EUR,Europe,Country,BIH,Bosnia and Herzegovina,Year,2001,FALSE,Residence Area Type,Total,RESIDENCEAREATYPE_TOTL,97.22,97,EN,2023-07-09T17:00:00.000Z
EUR,Europe,Country,BIH,Bosnia and Herzegovina,Year,2000,FALSE,Residence Area Type,Total,RESIDENCEAREATYPE_TOTL,97.27,97,EN,2023-07-09T17:00:00.000Z
AFR,Africa,Country,BWA,Botswana,Year,2022,TRUE,Residence Area Type,Total,RESIDENCEAREATYPE_TOTL,92.57,93,EN,2023-07-09T17:00:00.000Z
AFR,Africa,Country,BWA,Botswana,Year,2021,FALSE,Residence Area Type,Total,RESIDENCEAREATYPE_TOTL,92.45,92,EN,2023-07-09T17:00:00.000Z
AFR,Africa,Country,BWA,Botswana,Year,2020,FALSE,Residence Area Type,Total,RESIDENCEAREATYPE_TOTL,92.34,92,EN,2023-07-09T17:00:00.000Z
AFR,Africa,Country,BWA,Botswana,Year,2019,FALSE,Residence Area Type,Total,RESIDENCEAREATYPE_TOTL,92.22,92,EN,2023-07-09T17:00:00.000Z
AFR,Africa,Country,BWA,Botswana,Year,2018,FALSE,Residence Area Type,Total,RESIDENCEAREATYPE_TOTL,91.33,91,EN,2023-07-09T17:00:00.000Z
AFR,Africa,Country,BWA,Botswana,Year,2017,FALSE,Residence Area Type,Total,RESIDENCEAREATYPE_TOTL,90.42,90,EN,2023-07-09T17:00:00.000Z
AFR,Africa,Country,BWA,Botswana,Year,2016,FALSE,Residence Area Type,Total,RESIDENCEAREATYPE_TOTL,89.48,89,EN,2023-07-09T17:00:00.000Z
AFR,Africa,Country,BWA,Botswana,Year,2015,FALSE,Residence Area Type,Total,RESIDENCEAREATYPE_TOTL,88.51,89,EN,2023-07-09T17:00:00.000Z
AFR,Africa,Country,BWA,Botswana,Year,2014,FALSE,Residence Area Type,Total,RESIDENCEAREATYPE_TOTL,87.52,88,EN,2023-07-09T17:00:00.000Z
AFR,Africa,Country,BWA,Botswana,Year,2013,FALSE,Residence Area Type,Total,RESIDENCEAREATYPE_TOTL,86.51,87,EN,2023-07-09T17:00:00.000Z
AFR,Africa,Country,BWA,Botswana,Year,2012,FALSE,Residence Area Type,Total,RESIDENCEAREATYPE_TOTL,85.47,85,EN,2023-07-09T17:00:00.000Z
AFR,Africa,Country,BWA,Botswana,Year,2011,FALSE,Residence Area Type,Total,RESIDENCEAREATYPE_TOTL,84.38,84,EN,2023-07-09T17:00:00.000Z
AFR,Africa,Country,BWA,Botswana,Year,2010,FALSE,Residence Area Type,Total,RESIDENCEAREATYPE_TOTL,83.08,83,EN,2023-07-09T17:00:00.000Z
AFR,Africa,Country,BWA,Botswana,Year,2009,FALSE,Residence Area Type,Total,RESIDENCEAREATYPE_TOTL,81.74,82,EN,2023-07-09T17:00:00.000Z
AFR,Africa,Country,BWA,Botswana,Year,2008,FALSE,Residence Area Type,Total,RESIDENCEAREATYPE_TOTL,80.34,80,EN,2023-07-09T17:00:00.000Z
AFR,Africa,Country,BWA,Botswana,Year,2007,FALSE,Residence Area Type,Total,RESIDENCEAREATYPE_TOTL,78.9,79,EN,2023-07-09T17:00:00.000Z
AFR,Africa,Country,BWA,Botswana,Year,2006,FALSE,Residence Area Type,Total,RESIDENCEAREATYPE_TOTL,77.41,77,EN,2023-07-09T17:00:00.000Z
AFR,Africa,Country,BWA,Botswana,Year,2005,FALSE,Residence Area Type,Total,RESIDENCEAREATYPE_TOTL,76.3,76,EN,2023-07-09T17:00:00.000Z
AFR,Africa,Country,BWA,Botswana,Year,2004,FALSE,Residence Area Type,Total,RESIDENCEAREATYPE_TOTL,76.11,76,EN,2023-07-09T17:00:00.000Z
AFR,Africa,Country,BWA,Botswana,Year,2003,FALSE,Residence Area Type,Total,RESIDENCEAREATYPE_TOTL,75.92,76,EN,2023-07-09T17:00:00.000Z
AFR,Africa,Country,BWA,Botswana,Year,2002,FALSE,Residence Area Type,Total,RESIDENCEAREATYPE_TOTL,75.73,76,EN,2023-07-09T17:00:00.000Z
AFR,Africa,Country,BWA,Botswana,Year,2001,FALSE,Residence Area Type,Total,RESIDENCEAREATYPE_TOTL,75.52,76,EN,2023-07-09T17:00:00.000Z
AFR,Africa,Country,BWA,Botswana,Year,2000,FALSE,Residence Area Type,Total,RESIDENCEAREATYPE_TOTL,75.17,75,EN,2023-07-09T17:00:00.000Z
AMR,Americas,Country,BRA,Brazil,Year,2022,TRUE,Residence Area Type,Total,RESIDENCEAREATYPE_TOTL,99.59,100,EN,2023-07-09T17:00:00.000Z
AMR,Americas,Country,BRA,Brazil,Year,2021,FALSE,Residence Area Type,Total,RESIDENCEAREATYPE_TOTL,99.59,100,EN,2023-07-09T17:00:00.000Z
AMR,Americas,Country,BRA,Brazil,Year,2020,FALSE,Residence Area Type,Total,RESIDENCEAREATYPE_TOTL,99.32,99,EN,2023-07-09T17:00:00.000Z
AMR,Americas,Country,BRA,Brazil,Year,2019,FALSE,Residence Area Type,Total,RESIDENCEAREATYPE_TOTL,98.94,99,EN,2023-07-09T17:00:00.000Z
AMR,Americas,Country,BRA,Brazil,Year,2018,FALSE,Residence Area Type,Total,RESIDENCEAREATYPE_TOTL,98.68,99,EN,2023-07-09T17:00:00.000Z
AMR,Americas,Country,BRA,Brazil,Year,2017,FALSE,Residence Area Type,Total,RESIDENCEAREATYPE_TOTL,98.45,98,EN,2023-07-09T17:00:00.000Z
AMR,Americas,Country,BRA,Brazil,Year,2016,FALSE,Residence Area Type,Total,RESIDENCEAREATYPE_TOTL,97.96,98,EN,2023-07-09T17:00:00.000Z
AMR,Americas,Country,BRA,Brazil,Year,2015,FALSE,Residence Area Type,Total,RESIDENCEAREATYPE_TOTL,97.8,98,EN,2023-07-09T17:00:00.000Z
AMR,Americas,Country,BRA,Brazil,Year,2014,FALSE,Residence Area Type,Total,RESIDENCEAREATYPE_TOTL,97.56,98,EN,2023-07-09T17:00:00.000Z
AMR,Americas,Country,BRA,Brazil,Year,2013,FALSE,Residence Area Type,Total,RESIDENCEAREATYPE_TOTL,97.31,97,EN,2023-07-09T17:00:00.000Z
AMR,Americas,Country,BRA,Brazil,Year,2012,FALSE,Residence Area Type,Total,RESIDENCEAREATYPE_TOTL,97.05,97,EN,2023-07-09T17:00:00.000Z
AMR,Americas,Country,BRA,Brazil,Year,2011,FALSE,Residence Area Type,Total,RESIDENCEAREATYPE_TOTL,96.79,97,EN,2023-07-09T17:00:00.000Z
AMR,Americas,Country,BRA,Brazil,Year,2010,FALSE,Residence Area Type,Total,RESIDENCEAREATYPE_TOTL,96.52,97,EN,2023-07-09T17:00:00.000Z
AMR,Americas,Country,BRA,Brazil,Year,2009,FALSE,Residence Area Type,Total,RESIDENCEAREATYPE_TOTL,96.24,96,EN,2023-07-09T17:00:00.000Z
AMR,Americas,Country,BRA,Brazil,Year,2008,FALSE,Residence Area Type,Total,RESIDENCEAREATYPE_TOTL,95.96,96,EN,2023-07-09T17:00:00.000Z
AMR,Americas,Country,BRA,Brazil,Year,2007,FALSE,Residence Area Type,Total,RESIDENCEAREATYPE_TOTL,95.68,96,EN,2023-07-09T17:00:00.000Z
AMR,Americas,Country,BRA,Brazil,Year,2006,FALSE,Residence Area Type,Total,RESIDENCEAREATYPE_TOTL,95.38,95,EN,2023-07-09T17:00:00.000Z
AMR,Americas,Country,BRA,Brazil,Year,2005,FALSE,Residence Area Type,Total,RESIDENCEAREATYPE_TOTL,95.08,95,EN,2023-07-09T17:00:00.000Z
AMR,Americas,Country,BRA,Brazil,Year,2004,FALSE,Residence Area Type,Total,RESIDENCEAREATYPE_TOTL,94.78,95,EN,2023-07-09T17:00:00.000Z
AMR,Americas,Country,BRA,Brazil,Year,2003,FALSE,Residence Area Type,Total,RESIDENCEAREATYPE_TOTL,94.46,94,EN,2023-07-09T17:00:00.000Z
AMR,Americas,Country,BRA,Brazil,Year,2002,FALSE,Residence Area Type,Total,RESIDENCEAREATYPE_TOTL,94.14,94,EN,2023-07-09T17:00:00.000Z
AMR,Americas,Country,BRA,Brazil,Year,2001,FALSE,Residence Area Type,Total,RESIDENCEAREATYPE_TOTL,93.81,94,EN,2023-07-09T17:00:00.000Z
AMR,Americas,Country,BRA,Brazil,Year,2000,FALSE,Residence Area Type,Total,RESIDENCEAREATYPE_TOTL,93.47,93,EN,2023-07-09T17:00:00.000Z
WPR,Western Pacific,Country,BRN,Brunei Darussalam,Year,2022,TRUE,Residence Area Type,Total,RESIDENCEAREATYPE_TOTL,99.9,100,EN,2023-07-09T17:00:00.000Z
WPR,Western Pacific,Country,BRN,Brunei Darussalam,Year,2021,FALSE,Residence Area Type,Total,RESIDENCEAREATYPE_TOTL,99.9,100,EN,2023-07-09T17:00:00.000Z
WPR,Western Pacific,Country,BRN,Brunei Darussalam,Year,2020,FALSE,Residence Area Type,Total,RESIDENCEAREATYPE_TOTL,99.9,100,EN,2023-07-09T17:00:00.000Z
WPR,Western Pacific,Country,BRN,Brunei Darussalam,Year,2019,FALSE,Residence Area Type,Total,RESIDENCEAREATYPE_TOTL,99.9,100,EN,2023-07-09T17:00:00.000Z
WPR,Western Pacific,Country,BRN,Brunei Darussalam,Year,2018,FALSE,Residence Area Type,Total,RESIDENCEAREATYPE_TOTL,99.9,100,EN,2023-07-09T17:00:00.000Z
WPR,Western Pacific,Country,BRN,Brunei Darussalam,Year,2017,FALSE,Residence Area Type,Total,RESIDENCEAREATYPE_TOTL,99.9,100,EN,2023-07-09T17:00:00.000Z
WPR,Western Pacific,Country,BRN,Brunei Darussalam,Year,2016,FALSE,Residence Area Type,Total,RESIDENCEAREATYPE_TOTL,99.9,100,EN,2023-07-09T17:00:00.000Z
WPR,Western Pacific,Country,BRN,Brunei Darussalam,Year,2015,FALSE,Residence Area Type,Total,RESIDENCEAREATYPE_TOTL,99.9,100,EN,2023-07-09T17:00:00.000Z
WPR,Western Pacific,Country,BRN,Brunei Darussalam,Year,2014,FALSE,Residence Area Type,Total,RESIDENCEAREATYPE_TOTL,99.9,100,EN,2023-07-09T17:00:00.000Z
WPR,Western Pacific,Country,BRN,Brunei Darussalam,Year,2013,FALSE,Residence Area Type,Total,RESIDENCEAREATYPE_TOTL,99.9,100,EN,2023-07-09T17:00:00.000Z
WPR,Western Pacific,Country,BRN,Brunei Darussalam,Year,2012,FALSE,Residence Area Type,Total,RESIDENCEAREATYPE_TOTL,99.9,100,EN,2023-07-09T17:00:00.000Z
WPR,Western Pacific,Country,BRN,Brunei Darussalam,Year,2011,FALSE,Residence Area Type,Total,RESIDENCEAREATYPE_TOTL,99.9,100,EN,2023-07-09T17:00:00.000Z
WPR,Western Pacific,Country,BRN,Brunei Darussalam,Year,2010,FALSE,Residence Area Type,Total,RESIDENCEAREATYPE_TOTL,99.9,100,EN,2023-07-09T17:00:00.000Z
WPR,Western Pacific,Country,BRN,Brunei Darussalam,Year,2009,FALSE,Residence Area Type,Total,RESIDENCEAREATYPE_TOTL,99.9,100,EN,2023-07-09T17:00:00.000Z
WPR,Western Pacific,Country,BRN,Brunei Darussalam,Year,2008,FALSE,Residence Area Type,Total,RESIDENCEAREATYPE_TOTL,99.9,100,EN,2023-07-09T17:00:00.000Z
WPR,Western Pacific,Country,BRN,Brunei Darussalam,Year,2007,FALSE,Residence Area Type,Total,RESIDENCEAREATYPE_TOTL,99.9,100,EN,2023-07-09T17:00:00.000Z
WPR,Western Pacific,Country,BRN,Brunei Darussalam,Year,2006,FALSE,Residence Area Type,Total,RESIDENCEAREATYPE_TOTL,99.9,100,EN,2023-07-09T17:00:00.000Z
WPR,Western Pacific,Country,BRN,Brunei Darussalam,Year,2005,FALSE,Residence Area Type,Total,RESIDENCEAREATYPE_TOTL,99.9,100,EN,2023-07-09T17:00:00.000Z
WPR,Western Pacific,Country,BRN,Brunei Darussalam,Year,2004,FALSE,Residence Area Type,Total,RESIDENCEAREATYPE_TOTL,99.9,100,EN,2023-07-09T17:00:00.000Z
WPR,Western Pacific,Country,BRN,Brunei Darussalam,Year,2003,FALSE,Residence Area Type,Total,RESIDENCEAREATYPE_TOTL,99.9,100,EN,2023-07-09T17:00:00.000Z
WPR,Western Pacific,Country,BRN,Brunei Darussalam,Year,2002,FALSE,Residence Area Type,Total,RESIDENCEAREATYPE_TOTL,99.9,100,EN,2023-07-09T17:00:00.000Z
WPR,Western Pacific,Country,BRN,Brunei Darussalam,Year,2001,FALSE,Residence Area Type,Total,RESIDENCEAREATYPE_TOTL,99.9,100,EN,2023-07-09T17:00:00.000Z
WPR,Western Pacific,Country,BRN,Brunei Darussalam,Year,2000,FALSE,Residence Area Type,Total,RESIDENCEAREATYPE_TOTL,99.9,100,EN,2023-07-09T17:00:00.000Z
EUR,Europe,Country,BGR,Bulgaria,Year,2022,TRUE,Residence Area Type,Total,RESIDENCEAREATYPE_TOTL,99.06,99,EN,2023-07-09T17:00:00.000Z
EUR,Europe,Country,BGR,Bulgaria,Year,2021,FALSE,Residence Area Type,Total,RESIDENCEAREATYPE_TOTL,99.09,99,EN,2023-07-09T17:00:00.000Z
EUR,Europe,Country,BGR,Bulgaria,Year,2020,FALSE,Residence Area Type,Total,RESIDENCEAREATYPE_TOTL,99.12,99,EN,2023-07-09T17:00:00.000Z
EUR,Europe,Country,BGR,Bulgaria,Year,2019,FALSE,Residence Area Type,Total,RESIDENCEAREATYPE_TOTL,99.14,99,EN,2023-07-09T17:00:00.000Z
EUR,Europe,Country,BGR,Bulgaria,Year,2018,FALSE,Residence Area Type,Total,RESIDENCEAREATYPE_TOTL,99.17,99,EN,2023-07-09T17:00:00.000Z
EUR,Europe,Country,BGR,Bulgaria,Year,2017,FALSE,Residence Area Type,Total,RESIDENCEAREATYPE_TOTL,99.2,99,EN,2023-07-09T17:00:00.000Z
EUR,Europe,Country,BGR,Bulgaria,Year,2016,FALSE,Residence Area Type,Total,RESIDENCEAREATYPE_TOTL,99.23,99,EN,2023-07-09T17:00:00.000Z
EUR,Europe,Country,BGR,Bulgaria,Year,2015,FALSE,Residence Area Type,Total,RESIDENCEAREATYPE_TOTL,99.26,99,EN,2023-07-09T17:00:00.000Z
EUR,Europe,Country,BGR,Bulgaria,Year,2014,FALSE,Residence Area Type,Total,RESIDENCEAREATYPE_TOTL,99.3,99,EN,2023-07-09T17:00:00.000Z
EUR,Europe,Country,BGR,Bulgaria,Year,2013,FALSE,Residence Area Type,Total,RESIDENCEAREATYPE_TOTL,99.33,99,EN,2023-07-09T17:00:00.000Z
EUR,Europe,Country,BGR,Bulgaria,Year,2012,FALSE,Residence Area Type,Total,RESIDENCEAREATYPE_TOTL,99.36,99,EN,2023-07-09T17:00:00.000Z
EUR,Europe,Country,BGR,Bulgaria,Year,2011,FALSE,Residence Area Type,Total,RESIDENCEAREATYPE_TOTL,99.4,99,EN,2023-07-09T17:00:00.000Z
EUR,Europe,Country,BGR,Bulgaria,Year,2010,FALSE,Residence Area Type,Total,RESIDENCEAREATYPE_TOTL,99.43,99,EN,2023-07-09T17:00:00.000Z
EUR,Europe,Country,BGR,Bulgaria,Year,2009,FALSE,Residence Area Type,Total,RESIDENCEAREATYPE_TOTL,99.46,99,EN,2023-07-09T17:00:00.000Z
EUR,Europe,Country,BGR,Bulgaria,Year,2008,FALSE,Residence Area Type,Total,RESIDENCEAREATYPE_TOTL,99.5,100,EN,2023-07-09T17:00:00.000Z
EUR,Europe,Country,BGR,Bulgaria,Year,2007,FALSE,Residence Area Type,Total,RESIDENCEAREATYPE_TOTL,99.54,100,EN,2023-07-09T17:00:00.000Z
EUR,Europe,Country,BGR,Bulgaria,Year,2006,FALSE,Residence Area Type,Total,RESIDENCEAREATYPE_TOTL,99.57,100,EN,2023-07-09T17:00:00.000Z
EUR,Europe,Country,BGR,Bulgaria,Year,2005,FALSE,Residence Area Type,Total,RESIDENCEAREATYPE_TOTL,99.61,100,EN,2023-07-09T17:00:00.000Z
EUR,Europe,Country,BGR,Bulgaria,Year,2004,FALSE,Residence Area Type,Total,RESIDENCEAREATYPE_TOTL,99.65,100,EN,2023-07-09T17:00:00.000Z
EUR,Europe,Country,BGR,Bulgaria,Year,2003,FALSE,Residence Area Type,Total,RESIDENCEAREATYPE_TOTL,99.69,100,EN,2023-07-09T17:00:00.000Z
EUR,Europe,Country,BGR,Bulgaria,Year,2002,FALSE,Residence Area Type,Total,RESIDENCEAREATYPE_TOTL,99.73,100,EN,2023-07-09T17:00:00.000Z
EUR,Europe,Country,BGR,Bulgaria,Year,2001,FALSE,Residence Area Type,Total,RESIDENCEAREATYPE_TOTL,99.77,100,EN,2023-07-09T17:00:00.000Z
EUR,Europe,Country,BGR,Bulgaria,Year,2000,FALSE,Residence Area Type,Total,RESIDENCEAREATYPE_TOTL,99.81,100,EN,2023-07-09T17:00:00.000Z
AFR,Africa,Country,BFA,Burkina Faso,Year,2022,TRUE,Residence Area Type,Total,RESIDENCEAREATYPE_TOTL,49.51,50,EN,2023-07-09T17:00:00.000Z
AFR,Africa,Country,BFA,Burkina Faso,Year,2021,FALSE,Residence Area Type,Total,RESIDENCEAREATYPE_TOTL,49.02,49,EN,2023-07-09T17:00:00.000Z
AFR,Africa,Country,BFA,Burkina Faso,Year,2020,FALSE,Residence Area Type,Total,RESIDENCEAREATYPE_TOTL,48.54,49,EN,2023-07-09T17:00:00.000Z
AFR,Africa,Country,BFA,Burkina Faso,Year,2019,FALSE,Residence Area Type,Total,RESIDENCEAREATYPE_TOTL,49,49,EN,2023-07-09T17:00:00.000Z
AFR,Africa,Country,BFA,Burkina Faso,Year,2018,FALSE,Residence Area Type,Total,RESIDENCEAREATYPE_TOTL,49.47,49,EN,2023-07-09T17:00:00.000Z
AFR,Africa,Country,BFA,Burkina Faso,Year,2017,FALSE,Residence Area Type,Total,RESIDENCEAREATYPE_TOTL,49.95,50,EN,2023-07-09T17:00:00.000Z
AFR,Africa,Country,BFA,Burkina Faso,Year,2016,FALSE,Residence Area Type,Total,RESIDENCEAREATYPE_TOTL,50.43,50,EN,2023-07-09T17:00:00.000Z
AFR,Africa,Country,BFA,Burkina Faso,Year,2015,FALSE,Residence Area Type,Total,RESIDENCEAREATYPE_TOTL,50.91,51,EN,2023-07-09T17:00:00.000Z
AFR,Africa,Country,BFA,Burkina Faso,Year,2014,FALSE,Residence Area Type,Total,RESIDENCEAREATYPE_TOTL,51.41,51,EN,2023-07-09T17:00:00.000Z
AFR,Africa,Country,BFA,Burkina Faso,Year,2013,FALSE,Residence Area Type,Total,RESIDENCEAREATYPE_TOTL,51.9,52,EN,2023-07-09T17:00:00.000Z
AFR,Africa,Country,BFA,Burkina Faso,Year,2012,FALSE,Residence Area Type,Total,RESIDENCEAREATYPE_TOTL,52.4,52,EN,2023-07-09T17:00:00.000Z
AFR,Africa,Country,BFA,Burkina Faso,Year,2011,FALSE,Residence Area Type,Total,RESIDENCEAREATYPE_TOTL,52.91,53,EN,2023-07-09T17:00:00.000Z
AFR,Africa,Country,BFA,Burkina Faso,Year,2010,FALSE,Residence Area Type,Total,RESIDENCEAREATYPE_TOTL,53.42,53,EN,2023-07-09T17:00:00.000Z
AFR,Africa,Country,BFA,Burkina Faso,Year,2009,FALSE,Residence Area Type,Total,RESIDENCEAREATYPE_TOTL,53.94,54,EN,2023-07-09T17:00:00.000Z
AFR,Africa,Country,BFA,Burkina Faso,Year,2008,FALSE,Residence Area Type,Total,RESIDENCEAREATYPE_TOTL,54.45,54,EN,2023-07-09T17:00:00.000Z
AFR,Africa,Country,BFA,Burkina Faso,Year,2007,FALSE,Residence Area Type,Total,RESIDENCEAREATYPE_TOTL,54.97,55,EN,2023-07-09T17:00:00.000Z
AFR,Africa,Country,BFA,Burkina Faso,Year,2006,FALSE,Residence Area Type,Total,RESIDENCEAREATYPE_TOTL,55.45,55,EN,2023-07-09T17:00:00.000Z
AFR,Africa,Country,BFA,Burkina Faso,Year,2005,FALSE,Residence Area Type,Total,RESIDENCEAREATYPE_TOTL,55.89,56,EN,2023-07-09T17:00:00.000Z
AFR,Africa,Country,BFA,Burkina Faso,Year,2004,FALSE,Residence Area Type,Total,RESIDENCEAREATYPE_TOTL,56.34,56,EN,2023-07-09T17:00:00.000Z
AFR,Africa,Country,BFA,Burkina Faso,Year,2003,FALSE,Residence Area Type,Total,RESIDENCEAREATYPE_TOTL,56.8,57,EN,2023-07-09T17:00:00.000Z
AFR,Africa,Country,BFA,Burkina Faso,Year,2002,FALSE,Residence Area Type,Total,RESIDENCEAREATYPE_TOTL,57.27,57,EN,2023-07-09T17:00:00.000Z
AFR,Africa,Country,BFA,Burkina Faso,Year,2001,FALSE,Residence Area Type,Total,RESIDENCEAREATYPE_TOTL,57.74,58,EN,2023-07-09T17:00:00.000Z
AFR,Africa,Country,BFA,Burkina Faso,Year,2000,FALSE,Residence Area Type,Total,RESIDENCEAREATYPE_TOTL,57.56,58,EN,2023-07-09T17:00:00.000Z
AFR,Africa,Country,BDI,Burundi,Year,2022,TRUE,Residence Area Type,Total,RESIDENCEAREATYPE_TOTL,62.44,62,EN,2023-07-09T17:00:00.000Z
AFR,Africa,Country,BDI,Burundi,Year,2021,FALSE,Residence Area Type,Total,RESIDENCEAREATYPE_TOTL,62.32,62,EN,2023-07-09T17:00:00.000Z
AFR,Africa,Country,BDI,Burundi,Year,2020,FALSE,Residence Area Type,Total,RESIDENCEAREATYPE_TOTL,62.21,62,EN,2023-07-09T17:00:00.000Z
AFR,Africa,Country,BDI,Burundi,Year,2019,FALSE,Residence Area Type,Total,RESIDENCEAREATYPE_TOTL,62.09,62,EN,2023-07-09T17:00:00.000Z
AFR,Africa,Country,BDI,Burundi,Year,2018,FALSE,Residence Area Type,Total,RESIDENCEAREATYPE_TOTL,61.46,61,EN,2023-07-09T17:00:00.000Z
AFR,Africa,Country,BDI,Burundi,Year,2017,FALSE,Residence Area Type,Total,RESIDENCEAREATYPE_TOTL,60.83,61,EN,2023-07-09T17:00:00.000Z
AFR,Africa,Country,BDI,Burundi,Year,2016,FALSE,Residence Area Type,Total,RESIDENCEAREATYPE_TOTL,60.2,60,EN,2023-07-09T17:00:00.000Z
AFR,Africa,Country,BDI,Burundi,Year,2015,FALSE,Residence Area Type,Total,RESIDENCEAREATYPE_TOTL,59.58,60,EN,2023-07-09T17:00:00.000Z
AFR,Africa,Country,BDI,Burundi,Year,2014,FALSE,Residence Area Type,Total,RESIDENCEAREATYPE_TOTL,58.96,59,EN,2023-07-09T17:00:00.000Z
AFR,Africa,Country,BDI,Burundi,Year,2013,FALSE,Residence Area Type,Total,RESIDENCEAREATYPE_TOTL,58.35,58,EN,2023-07-09T17:00:00.000Z
AFR,Africa,Country,BDI,Burundi,Year,2012,FALSE,Residence Area Type,Total,RESIDENCEAREATYPE_TOTL,57.74,58,EN,2023-07-09T17:00:00.000Z
AFR,Africa,Country,BDI,Burundi,Year,2011,FALSE,Residence Area Type,Total,RESIDENCEAREATYPE_TOTL,57.13,57,EN,2023-07-09T17:00:00.000Z
AFR,Africa,Country,BDI,Burundi,Year,2010,FALSE,Residence Area Type,Total,RESIDENCEAREATYPE_TOTL,56.52,57,EN,2023-07-09T17:00:00.000Z
AFR,Africa,Country,BDI,Burundi,Year,2009,FALSE,Residence Area Type,Total,RESIDENCEAREATYPE_TOTL,55.92,56,EN,2023-07-09T17:00:00.000Z
AFR,Africa,Country,BDI,Burundi,Year,2008,FALSE,Residence Area Type,Total,RESIDENCEAREATYPE_TOTL,55.33,55,EN,2023-07-09T17:00:00.000Z
AFR,Africa,Country,BDI,Burundi,Year,2007,FALSE,Residence Area Type,Total,RESIDENCEAREATYPE_TOTL,54.73,55,EN,2023-07-09T17:00:00.000Z
AFR,Africa,Country,BDI,Burundi,Year,2006,FALSE,Residence Area Type,Total,RESIDENCEAREATYPE_TOTL,54.14,54,EN,2023-07-09T17:00:00.000Z
AFR,Africa,Country,BDI,Burundi,Year,2005,FALSE,Residence Area Type,Total,RESIDENCEAREATYPE_TOTL,53.55,54,EN,2023-07-09T17:00:00.000Z
AFR,Africa,Country,BDI,Burundi,Year,2004,FALSE,Residence Area Type,Total,RESIDENCEAREATYPE_TOTL,52.97,53,EN,2023-07-09T17:00:00.000Z
AFR,Africa,Country,BDI,Burundi,Year,2003,FALSE,Residence Area Type,Total,RESIDENCEAREATYPE_TOTL,52.39,52,EN,2023-07-09T17:00:00.000Z
AFR,Africa,Country,BDI,Burundi,Year,2002,FALSE,Residence Area Type,Total,RESIDENCEAREATYPE_TOTL,51.81,52,EN,2023-07-09T17:00:00.000Z
AFR,Africa,Country,BDI,Burundi,Year,2001,FALSE,Residence Area Type,Total,RESIDENCEAREATYPE_TOTL,51.23,51,EN,2023-07-09T17:00:00.000Z
AFR,Africa,Country,BDI,Burundi,Year,2000,FALSE,Residence Area Type,Total,RESIDENCEAREATYPE_TOTL,50.66,51,EN,2023-07-09T17:00:00.000Z
AFR,Africa,Country,CPV,Cabo Verde,Year,2022,TRUE,Residence Area Type,Total,RESIDENCEAREATYPE_TOTL,89.87,90,EN,2023-07-09T17:00:00.000Z
AFR,Africa,Country,CPV,Cabo Verde,Year,2021,FALSE,Residence Area Type,Total,RESIDENCEAREATYPE_TOTL,89.83,90,EN,2023-07-09T17:00:00.000Z
AFR,Africa,Country,CPV,Cabo Verde,Year,2020,FALSE,Residence Area Type,Total,RESIDENCEAREATYPE_TOTL,89.18,89,EN,2023-07-09T17:00:00.000Z
AFR,Africa,Country,CPV,Cabo Verde,Year,2019,FALSE,Residence Area Type,Total,RESIDENCEAREATYPE_TOTL,88.59,89,EN,2023-07-09T17:00:00.000Z
AFR,Africa,Country,CPV,Cabo Verde,Year,2018,FALSE,Residence Area Type,Total,RESIDENCEAREATYPE_TOTL,87.96,88,EN,2023-07-09T17:00:00.000Z
AFR,Africa,Country,CPV,Cabo Verde,Year,2017,FALSE,Residence Area Type,Total,RESIDENCEAREATYPE_TOTL,87.11,87,EN,2023-07-09T17:00:00.000Z
AFR,Africa,Country,CPV,Cabo Verde,Year,2016,FALSE,Residence Area Type,Total,RESIDENCEAREATYPE_TOTL,86.24,86,EN,2023-07-09T17:00:00.000Z
AFR,Africa,Country,CPV,Cabo Verde,Year,2015,FALSE,Residence Area Type,Total,RESIDENCEAREATYPE_TOTL,85.37,85,EN,2023-07-09T17:00:00.000Z
AFR,Africa,Country,CPV,Cabo Verde,Year,2014,FALSE,Residence Area Type,Total,RESIDENCEAREATYPE_TOTL,84.69,85,EN,2023-07-09T17:00:00.000Z
AFR,Africa,Country,CPV,Cabo Verde,Year,2013,FALSE,Residence Area Type,Total,RESIDENCEAREATYPE_TOTL,84.28,84,EN,2023-07-09T17:00:00.000Z
AFR,Africa,Country,CPV,Cabo Verde,Year,2012,FALSE,Residence Area Type,Total,RESIDENCEAREATYPE_TOTL,83.87,84,EN,2023-07-09T17:00:00.000Z
AFR,Africa,Country,CPV,Cabo Verde,Year,2011,FALSE,Residence Area Type,Total,RESIDENCEAREATYPE_TOTL,83.47,83,EN,2023-07-09T17:00:00.000Z
AFR,Africa,Country,CPV,Cabo Verde,Year,2010,FALSE,Residence Area Type,Total,RESIDENCEAREATYPE_TOTL,83.06,83,EN,2023-07-09T17:00:00.000Z
AFR,Africa,Country,CPV,Cabo Verde,Year,2009,FALSE,Residence Area Type,Total,RESIDENCEAREATYPE_TOTL,82.6,83,EN,2023-07-09T17:00:00.000Z
AFR,Africa,Country,CPV,Cabo Verde,Year,2008,FALSE,Residence Area Type,Total,RESIDENCEAREATYPE_TOTL,82.14,82,EN,2023-07-09T17:00:00.000Z
AFR,Africa,Country,CPV,Cabo Verde,Year,2007,FALSE,Residence Area Type,Total,RESIDENCEAREATYPE_TOTL,81.69,82,EN,2023-07-09T17:00:00.000Z
AFR,Africa,Country,CPV,Cabo Verde,Year,2006,FALSE,Residence Area Type,Total,RESIDENCEAREATYPE_TOTL,81.23,81,EN,2023-07-09T17:00:00.000Z
AFR,Africa,Country,CPV,Cabo Verde,Year,2005,FALSE,Residence Area Type,Total,RESIDENCEAREATYPE_TOTL,80.78,81,EN,2023-07-09T17:00:00.000Z
AFR,Africa,Country,CPV,Cabo Verde,Year,2004,FALSE,Residence Area Type,Total,RESIDENCEAREATYPE_TOTL,80.32,80,EN,2023-07-09T17:00:00.000Z
AFR,Africa,Country,CPV,Cabo Verde,Year,2003,FALSE,Residence Area Type,Total,RESIDENCEAREATYPE_TOTL,79.87,80,EN,2023-07-09T17:00:00.000Z
AFR,Africa,Country,CPV,Cabo Verde,Year,2002,FALSE,Residence Area Type,Total,RESIDENCEAREATYPE_TOTL,79.63,80,EN,2023-07-09T17:00:00.000Z
AFR,Africa,Country,CPV,Cabo Verde,Year,2001,FALSE,Residence Area Type,Total,RESIDENCEAREATYPE_TOTL,79.38,79,EN,2023-07-09T17:00:00.000Z
AFR,Africa,Country,CPV,Cabo Verde,Year,2000,FALSE,Residence Area Type,Total,RESIDENCEAREATYPE_TOTL,79.13,79,EN,2023-07-09T17:00:00.000Z
WPR,Western Pacific,Country,KHM,Cambodia,Year,2022,TRUE,Residence Area Type,Total,RESIDENCEAREATYPE_TOTL,78.01,78,EN,2023-07-09T17:00:00.000Z
WPR,Western Pacific,Country,KHM,Cambodia,Year,2021,FALSE,Residence Area Type,Total,RESIDENCEAREATYPE_TOTL,77.07,77,EN,2023-07-09T17:00:00.000Z
WPR,Western Pacific,Country,KHM,Cambodia,Year,2020,FALSE,Residence Area Type,Total,RESIDENCEAREATYPE_TOTL,76.25,76,EN,2023-07-09T17:00:00.000Z
WPR,Western Pacific,Country,KHM,Cambodia,Year,2019,FALSE,Residence Area Type,Total,RESIDENCEAREATYPE_TOTL,75.34,75,EN,2023-07-09T17:00:00.000Z
WPR,Western Pacific,Country,KHM,Cambodia,Year,2018,FALSE,Residence Area Type,Total,RESIDENCEAREATYPE_TOTL,74.39,74,EN,2023-07-09T17:00:00.000Z
WPR,Western Pacific,Country,KHM,Cambodia,Year,2017,FALSE,Residence Area Type,Total,RESIDENCEAREATYPE_TOTL,73.43,73,EN,2023-07-09T17:00:00.000Z
WPR,Western Pacific,Country,KHM,Cambodia,Year,2016,FALSE,Residence Area Type,Total,RESIDENCEAREATYPE_TOTL,72.43,72,EN,2023-07-09T17:00:00.000Z
WPR,Western Pacific,Country,KHM,Cambodia,Year,2015,FALSE,Residence Area Type,Total,RESIDENCEAREATYPE_TOTL,71.41,71,EN,2023-07-09T17:00:00.000Z
WPR,Western Pacific,Country,KHM,Cambodia,Year,2014,FALSE,Residence Area Type,Total,RESIDENCEAREATYPE_TOTL,70.36,70,EN,2023-07-09T17:00:00.000Z
WPR,Western Pacific,Country,KHM,Cambodia,Year,2013,FALSE,Residence Area Type,Total,RESIDENCEAREATYPE_TOTL,69.28,69,EN,2023-07-09T17:00:00.000Z
WPR,Western Pacific,Country,KHM,Cambodia,Year,2012,FALSE,Residence Area Type,Total,RESIDENCEAREATYPE_TOTL,68.17,68,EN,2023-07-09T17:00:00.000Z
WPR,Western Pacific,Country,KHM,Cambodia,Year,2011,FALSE,Residence Area Type,Total,RESIDENCEAREATYPE_TOTL,67.03,67,EN,2023-07-09T17:00:00.000Z
WPR,Western Pacific,Country,KHM,Cambodia,Year,2010,FALSE,Residence Area Type,Total,RESIDENCEAREATYPE_TOTL,65.87,66,EN,2023-07-09T17:00:00.000Z
WPR,Western Pacific,Country,KHM,Cambodia,Year,2009,FALSE,Residence Area Type,Total,RESIDENCEAREATYPE_TOTL,64.68,65,EN,2023-07-09T17:00:00.000Z
WPR,Western Pacific,Country,KHM,Cambodia,Year,2008,FALSE,Residence Area Type,Total,RESIDENCEAREATYPE_TOTL,63.45,63,EN,2023-07-09T17:00:00.000Z
WPR,Western Pacific,Country,KHM,Cambodia,Year,2007,FALSE,Residence Area Type,Total,RESIDENCEAREATYPE_TOTL,62.26,62,EN,2023-07-09T17:00:00.000Z
WPR,Western Pacific,Country,KHM,Cambodia,Year,2006,FALSE,Residence Area Type,Total,RESIDENCEAREATYPE_TOTL,61.04,61,EN,2023-07-09T17:00:00.000Z
WPR,Western Pacific,Country,KHM,Cambodia,Year,2005,FALSE,Residence Area Type,Total,RESIDENCEAREATYPE_TOTL,59.8,60,EN,2023-07-09T17:00:00.000Z
WPR,Western Pacific,Country,KHM,Cambodia,Year,2004,FALSE,Residence Area Type,Total,RESIDENCEAREATYPE_TOTL,58.53,59,EN,2023-07-09T17:00:00.000Z
WPR,Western Pacific,Country,KHM,Cambodia,Year,2003,FALSE,Residence Area Type,Total,RESIDENCEAREATYPE_TOTL,57.02,57,EN,2023-07-09T17:00:00.000Z
WPR,Western Pacific,Country,KHM,Cambodia,Year,2002,FALSE,Residence Area Type,Total,RESIDENCEAREATYPE_TOTL,55.31,55,EN,2023-07-09T17:00:00.000Z
WPR,Western Pacific,Country,KHM,Cambodia,Year,2001,FALSE,Residence Area Type,Total,RESIDENCEAREATYPE_TOTL,53.61,54,EN,2023-07-09T17:00:00.000Z
WPR,Western Pacific,Country,KHM,Cambodia,Year,2000,FALSE,Residence Area Type,Total,RESIDENCEAREATYPE_TOTL,51.9,52,EN,2023-07-09T17:00:00.000Z
AFR,Africa,Country,CMR,Cameroon,Year,2022,TRUE,Residence Area Type,Total,RESIDENCEAREATYPE_TOTL,69.59,70,EN,2023-07-09T17:00:00.000Z
AFR,Africa,Country,CMR,Cameroon,Year,2021,FALSE,Residence Area Type,Total,RESIDENCEAREATYPE_TOTL,68.9,69,EN,2023-07-09T17:00:00.000Z
AFR,Africa,Country,CMR,Cameroon,Year,2020,FALSE,Residence Area Type,Total,RESIDENCEAREATYPE_TOTL,68.45,68,EN,2023-07-09T17:00:00.000Z
AFR,Africa,Country,CMR,Cameroon,Year,2019,FALSE,Residence Area Type,Total,RESIDENCEAREATYPE_TOTL,67.99,68,EN,2023-07-09T17:00:00.000Z
AFR,Africa,Country,CMR,Cameroon,Year,2018,FALSE,Residence Area Type,Total,RESIDENCEAREATYPE_TOTL,67.52,68,EN,2023-07-09T17:00:00.000Z
AFR,Africa,Country,CMR,Cameroon,Year,2017,FALSE,Residence Area Type,Total,RESIDENCEAREATYPE_TOTL,67.02,67,EN,2023-07-09T17:00:00.000Z
AFR,Africa,Country,CMR,Cameroon,Year,2016,FALSE,Residence Area Type,Total,RESIDENCEAREATYPE_TOTL,66.52,67,EN,2023-07-09T17:00:00.000Z
AFR,Africa,Country,CMR,Cameroon,Year,2015,FALSE,Residence Area Type,Total,RESIDENCEAREATYPE_TOTL,66,66,EN,2023-07-09T17:00:00.000Z
AFR,Africa,Country,CMR,Cameroon,Year,2014,FALSE,Residence Area Type,Total,RESIDENCEAREATYPE_TOTL,65.46,65,EN,2023-07-09T17:00:00.000Z
AFR,Africa,Country,CMR,Cameroon,Year,2013,FALSE,Residence Area Type,Total,RESIDENCEAREATYPE_TOTL,64.91,65,EN,2023-07-09T17:00:00.000Z
AFR,Africa,Country,CMR,Cameroon,Year,2012,FALSE,Residence Area Type,Total,RESIDENCEAREATYPE_TOTL,64.34,64,EN,2023-07-09T17:00:00.000Z
AFR,Africa,Country,CMR,Cameroon,Year,2011,FALSE,Residence Area Type,Total,RESIDENCEAREATYPE_TOTL,63.76,64,EN,2023-07-09T17:00:00.000Z
AFR,Africa,Country,CMR,Cameroon,Year,2010,FALSE,Residence Area Type,Total,RESIDENCEAREATYPE_TOTL,63.16,63,EN,2023-07-09T17:00:00.000Z
AFR,Africa,Country,CMR,Cameroon,Year,2009,FALSE,Residence Area Type,Total,RESIDENCEAREATYPE_TOTL,62.55,63,EN,2023-07-09T17:00:00.000Z
AFR,Africa,Country,CMR,Cameroon,Year,2008,FALSE,Residence Area Type,Total,RESIDENCEAREATYPE_TOTL,61.92,62,EN,2023-07-09T17:00:00.000Z
AFR,Africa,Country,CMR,Cameroon,Year,2007,FALSE,Residence Area Type,Total,RESIDENCEAREATYPE_TOTL,61.27,61,EN,2023-07-09T17:00:00.000Z
AFR,Africa,Country,CMR,Cameroon,Year,2006,FALSE,Residence Area Type,Total,RESIDENCEAREATYPE_TOTL,60.61,61,EN,2023-07-09T17:00:00.000Z
AFR,Africa,Country,CMR,Cameroon,Year,2005,FALSE,Residence Area Type,Total,RESIDENCEAREATYPE_TOTL,59.93,60,EN,2023-07-09T17:00:00.000Z
AFR,Africa,Country,CMR,Cameroon,Year,2004,FALSE,Residence Area Type,Total,RESIDENCEAREATYPE_TOTL,59.24,59,EN,2023-07-09T17:00:00.000Z
AFR,Africa,Country,CMR,Cameroon,Year,2003,FALSE,Residence Area Type,Total,RESIDENCEAREATYPE_TOTL,58.53,59,EN,2023-07-09T17:00:00.000Z
AFR,Africa,Country,CMR,Cameroon,Year,2002,FALSE,Residence Area Type,Total,RESIDENCEAREATYPE_TOTL,57.81,58,EN,2023-07-09T17:00:00.000Z
AFR,Africa,Country,CMR,Cameroon,Year,2001,FALSE,Residence Area Type,Total,RESIDENCEAREATYPE_TOTL,57.07,57,EN,2023-07-09T17:00:00.000Z
AFR,Africa,Country,CMR,Cameroon,Year,2000,FALSE,Residence Area Type,Total,RESIDENCEAREATYPE_TOTL,56.31,56,EN,2023-07-09T17:00:00.000Z
AMR,Americas,Country,CAN,Canada,Year,2022,TRUE,Residence Area Type,Total,RESIDENCEAREATYPE_TOTL,99.22,99,EN,2023-07-09T17:00:00.000Z
AMR,Americas,Country,CAN,Canada,Year,2021,FALSE,Residence Area Type,Total,RESIDENCEAREATYPE_TOTL,99.22,99,EN,2023-07-09T17:00:00.000Z
AMR,Americas,Country,CAN,Canada,Year,2020,FALSE,Residence Area Type,Total,RESIDENCEAREATYPE_TOTL,99.22,99,EN,2023-07-09T17:00:00.000Z
AMR,Americas,Country,CAN,Canada,Year,2019,FALSE,Residence Area Type,Total,RESIDENCEAREATYPE_TOTL,99.22,99,EN,2023-07-09T17:00:00.000Z
AMR,Americas,Country,CAN,Canada,Year,2018,FALSE,Residence Area Type,Total,RESIDENCEAREATYPE_TOTL,99.22,99,EN,2023-07-09T17:00:00.000Z
AMR,Americas,Country,CAN,Canada,Year,2017,FALSE,Residence Area Type,Total,RESIDENCEAREATYPE_TOTL,99.23,99,EN,2023-07-09T17:00:00.000Z
AMR,Americas,Country,CAN,Canada,Year,2016,FALSE,Residence Area Type,Total,RESIDENCEAREATYPE_TOTL,99.23,99,EN,2023-07-09T17:00:00.000Z
AMR,Americas,Country,CAN,Canada,Year,2015,FALSE,Residence Area Type,Total,RESIDENCEAREATYPE_TOTL,99.23,99,EN,2023-07-09T17:00:00.000Z
AMR,Americas,Country,CAN,Canada,Year,2014,FALSE,Residence Area Type,Total,RESIDENCEAREATYPE_TOTL,99.23,99,EN,2023-07-09T17:00:00.000Z
AMR,Americas,Country,CAN,Canada,Year,2013,FALSE,Residence Area Type,Total,RESIDENCEAREATYPE_TOTL,99.23,99,EN,2023-07-09T17:00:00.000Z
AMR,Americas,Country,CAN,Canada,Year,2012,FALSE,Residence Area Type,Total,RESIDENCEAREATYPE_TOTL,99.23,99,EN,2023-07-09T17:00:00.000Z
AMR,Americas,Country,CAN,Canada,Year,2011,FALSE,Residence Area Type,Total,RESIDENCEAREATYPE_TOTL,99.24,99,EN,2023-07-09T17:00:00.000Z
AMR,Americas,Country,CAN,Canada,Year,2010,FALSE,Residence Area Type,Total,RESIDENCEAREATYPE_TOTL,99.24,99,EN,2023-07-09T17:00:00.000Z
AMR,Americas,Country,CAN,Canada,Year,2009,FALSE,Residence Area Type,Total,RESIDENCEAREATYPE_TOTL,99.24,99,EN,2023-07-09T17:00:00.000Z
AMR,Americas,Country,CAN,Canada,Year,2008,FALSE,Residence Area Type,Total,RESIDENCEAREATYPE_TOTL,99.24,99,EN,2023-07-09T17:00:00.000Z
AMR,Americas,Country,CAN,Canada,Year,2007,FALSE,Residence Area Type,Total,RESIDENCEAREATYPE_TOTL,99.24,99,EN,2023-07-09T17:00:00.000Z
AMR,Americas,Country,CAN,Canada,Year,2006,FALSE,Residence Area Type,Total,RESIDENCEAREATYPE_TOTL,99.23,99,EN,2023-07-09T17:00:00.000Z
AMR,Americas,Country,CAN,Canada,Year,2005,FALSE,Residence Area Type,Total,RESIDENCEAREATYPE_TOTL,99.23,99,EN,2023-07-09T17:00:00.000Z
AMR,Americas,Country,CAN,Canada,Year,2004,FALSE,Residence Area Type,Total,RESIDENCEAREATYPE_TOTL,99.23,99,EN,2023-07-09T17:00:00.000Z
AMR,Americas,Country,CAN,Canada,Year,2003,FALSE,Residence Area Type,Total,RESIDENCEAREATYPE_TOTL,99.23,99,EN,2023-07-09T17:00:00.000Z
AMR,Americas,Country,CAN,Canada,Year,2002,FALSE,Residence Area Type,Total,RESIDENCEAREATYPE_TOTL,99.23,99,EN,2023-07-09T17:00:00.000Z
AMR,Americas,Country,CAN,Canada,Year,2001,FALSE,Residence Area Type,Total,RESIDENCEAREATYPE_TOTL,99.23,99,EN,2023-07-09T17:00:00.000Z
AMR,Americas,Country,CAN,Canada,Year,2000,FALSE,Residence Area Type,Total,RESIDENCEAREATYPE_TOTL,99.23,99,EN,2023-07-09T17:00:00.000Z
AFR,Africa,Country,CAF,Central African Republic,Year,2022,TRUE,Residence Area Type,Total,RESIDENCEAREATYPE_TOTL,36.3,36,EN,2023-07-09T17:00:00.000Z
AFR,Africa,Country,CAF,Central African Republic,Year,2021,FALSE,Residence Area Type,Total,RESIDENCEAREATYPE_TOTL,36.2,36,EN,2023-07-09T17:00:00.000Z
AFR,Africa,Country,CAF,Central African Republic,Year,2020,FALSE,Residence Area Type,Total,RESIDENCEAREATYPE_TOTL,37.2,37,EN,2023-07-09T17:00:00.000Z
AFR,Africa,Country,CAF,Central African Republic,Year,2019,FALSE,Residence Area Type,Total,RESIDENCEAREATYPE_TOTL,38.21,38,EN,2023-07-09T17:00:00.000Z
AFR,Africa,Country,CAF,Central African Republic,Year,2018,FALSE,Residence Area Type,Total,RESIDENCEAREATYPE_TOTL,39.23,39,EN,2023-07-09T17:00:00.000Z
AFR,Africa,Country,CAF,Central African Republic,Year,2017,FALSE,Residence Area Type,Total,RESIDENCEAREATYPE_TOTL,40.25,40,EN,2023-07-09T17:00:00.000Z
AFR,Africa,Country,CAF,Central African Republic,Year,2016,FALSE,Residence Area Type,Total,RESIDENCEAREATYPE_TOTL,41.28,41,EN,2023-07-09T17:00:00.000Z
AFR,Africa,Country,CAF,Central African Republic,Year,2015,FALSE,Residence Area Type,Total,RESIDENCEAREATYPE_TOTL,42.31,42,EN,2023-07-09T17:00:00.000Z
AFR,Africa,Country,CAF,Central African Republic,Year,2014,FALSE,Residence Area Type,Total,RESIDENCEAREATYPE_TOTL,43.35,43,EN,2023-07-09T17:00:00.000Z
AFR,Africa,Country,CAF,Central African Republic,Year,2013,FALSE,Residence Area Type,Total,RESIDENCEAREATYPE_TOTL,44.4,44,EN,2023-07-09T17:00:00.000Z
AFR,Africa,Country,CAF,Central African Republic,Year,2012,FALSE,Residence Area Type,Total,RESIDENCEAREATYPE_TOTL,45.46,45,EN,2023-07-09T17:00:00.000Z
AFR,Africa,Country,CAF,Central African Republic,Year,2011,FALSE,Residence Area Type,Total,RESIDENCEAREATYPE_TOTL,46.53,47,EN,2023-07-09T17:00:00.000Z
AFR,Africa,Country,CAF,Central African Republic,Year,2010,FALSE,Residence Area Type,Total,RESIDENCEAREATYPE_TOTL,47.61,48,EN,2023-07-09T17:00:00.000Z
AFR,Africa,Country,CAF,Central African Republic,Year,2009,FALSE,Residence Area Type,Total,RESIDENCEAREATYPE_TOTL,48.7,49,EN,2023-07-09T17:00:00.000Z
AFR,Africa,Country,CAF,Central African Republic,Year,2008,FALSE,Residence Area Type,Total,RESIDENCEAREATYPE_TOTL,49.8,50,EN,2023-07-09T17:00:00.000Z
AFR,Africa,Country,CAF,Central African Republic,Year,2007,FALSE,Residence Area Type,Total,RESIDENCEAREATYPE_TOTL,50.91,51,EN,2023-07-09T17:00:00.000Z
AFR,Africa,Country,CAF,Central African Republic,Year,2006,FALSE,Residence Area Type,Total,RESIDENCEAREATYPE_TOTL,52.04,52,EN,2023-07-09T17:00:00.000Z
AFR,Africa,Country,CAF,Central African Republic,Year,2005,FALSE,Residence Area Type,Total,RESIDENCEAREATYPE_TOTL,53.17,53,EN,2023-07-09T17:00:00.000Z
AFR,Africa,Country,CAF,Central African Republic,Year,2004,FALSE,Residence Area Type,Total,RESIDENCEAREATYPE_TOTL,54.32,54,EN,2023-07-09T17:00:00.000Z
AFR,Africa,Country,CAF,Central African Republic,Year,2003,FALSE,Residence Area Type,Total,RESIDENCEAREATYPE_TOTL,55.48,55,EN,2023-07-09T17:00:00.000Z
AFR,Africa,Country,CAF,Central African Republic,Year,2002,FALSE,Residence Area Type,Total,RESIDENCEAREATYPE_TOTL,56.65,57,EN,2023-07-09T17:00:00.000Z
AFR,Africa,Country,CAF,Central African Republic,Year,2001,FALSE,Residence Area Type,Total,RESIDENCEAREATYPE_TOTL,57.83,58,EN,2023-07-09T17:00:00.000Z
AFR,Africa,Country,CAF,Central African Republic,Year,2000,FALSE,Residence Area Type,Total,RESIDENCEAREATYPE_TOTL,59.01,59,EN,2023-07-09T17:00:00.000Z
AFR,Africa,Country,TCD,Chad,Year,2022,TRUE,Residence Area Type,Total,RESIDENCEAREATYPE_TOTL,52,52,EN,2023-07-09T17:00:00.000Z
AFR,Africa,Country,TCD,Chad,Year,2021,FALSE,Residence Area Type,Total,RESIDENCEAREATYPE_TOTL,51.9,52,EN,2023-07-09T17:00:00.000Z
AFR,Africa,Country,TCD,Chad,Year,2020,FALSE,Residence Area Type,Total,RESIDENCEAREATYPE_TOTL,51.2,51,EN,2023-07-09T17:00:00.000Z
AFR,Africa,Country,TCD,Chad,Year,2019,FALSE,Residence Area Type,Total,RESIDENCEAREATYPE_TOTL,50.5,50,EN,2023-07-09T17:00:00.000Z
AFR,Africa,Country,TCD,Chad,Year,2018,FALSE,Residence Area Type,Total,RESIDENCEAREATYPE_TOTL,49.81,50,EN,2023-07-09T17:00:00.000Z
AFR,Africa,Country,TCD,Chad,Year,2017,FALSE,Residence Area Type,Total,RESIDENCEAREATYPE_TOTL,49.12,49,EN,2023-07-09T17:00:00.000Z
AFR,Africa,Country,TCD,Chad,Year,2016,FALSE,Residence Area Type,Total,RESIDENCEAREATYPE_TOTL,48.45,48,EN,2023-07-09T17:00:00.000Z
AFR,Africa,Country,TCD,Chad,Year,2015,FALSE,Residence Area Type,Total,RESIDENCEAREATYPE_TOTL,47.78,48,EN,2023-07-09T17:00:00.000Z
AFR,Africa,Country,TCD,Chad,Year,2014,FALSE,Residence Area Type,Total,RESIDENCEAREATYPE_TOTL,47.12,47,EN,2023-07-09T17:00:00.000Z
AFR,Africa,Country,TCD,Chad,Year,2013,FALSE,Residence Area Type,Total,RESIDENCEAREATYPE_TOTL,46.47,46,EN,2023-07-09T17:00:00.000Z
AFR,Africa,Country,TCD,Chad,Year,2012,FALSE,Residence Area Type,Total,RESIDENCEAREATYPE_TOTL,45.83,46,EN,2023-07-09T17:00:00.000Z
AFR,Africa,Country,TCD,Chad,Year,2011,FALSE,Residence Area Type,Total,RESIDENCEAREATYPE_TOTL,45.2,45,EN,2023-07-09T17:00:00.000Z
AFR,Africa,Country,TCD,Chad,Year,2010,FALSE,Residence Area Type,Total,RESIDENCEAREATYPE_TOTL,44.58,45,EN,2023-07-09T17:00:00.000Z
AFR,Africa,Country,TCD,Chad,Year,2009,FALSE,Residence Area Type,Total,RESIDENCEAREATYPE_TOTL,43.96,44,EN,2023-07-09T17:00:00.000Z
AFR,Africa,Country,TCD,Chad,Year,2008,FALSE,Residence Area Type,Total,RESIDENCEAREATYPE_TOTL,43.36,43,EN,2023-07-09T17:00:00.000Z
AFR,Africa,Country,TCD,Chad,Year,2007,FALSE,Residence Area Type,Total,RESIDENCEAREATYPE_TOTL,42.76,43,EN,2023-07-09T17:00:00.000Z
AFR,Africa,Country,TCD,Chad,Year,2006,FALSE,Residence Area Type,Total,RESIDENCEAREATYPE_TOTL,42.16,42,EN,2023-07-09T17:00:00.000Z
AFR,Africa,Country,TCD,Chad,Year,2005,FALSE,Residence Area Type,Total,RESIDENCEAREATYPE_TOTL,41.57,42,EN,2023-07-09T17:00:00.000Z
AFR,Africa,Country,TCD,Chad,Year,2004,FALSE,Residence Area Type,Total,RESIDENCEAREATYPE_TOTL,40.97,41,EN,2023-07-09T17:00:00.000Z
AFR,Africa,Country,TCD,Chad,Year,2003,FALSE,Residence Area Type,Total,RESIDENCEAREATYPE_TOTL,40.38,40,EN,2023-07-09T17:00:00.000Z
AFR,Africa,Country,TCD,Chad,Year,2002,FALSE,Residence Area Type,Total,RESIDENCEAREATYPE_TOTL,39.8,40,EN,2023-07-09T17:00:00.000Z
AFR,Africa,Country,TCD,Chad,Year,2001,FALSE,Residence Area Type,Total,RESIDENCEAREATYPE_TOTL,39.21,39,EN,2023-07-09T17:00:00.000Z
AFR,Africa,Country,TCD,Chad,Year,2000,FALSE,Residence Area Type,Total,RESIDENCEAREATYPE_TOTL,38.63,39,EN,2023-07-09T17:00:00.000Z
AMR,Americas,Country,CHL,Chile,Year,2022,TRUE,Residence Area Type,Total,RESIDENCEAREATYPE_TOTL,100,100,EN,2023-07-09T17:00:00.000Z
AMR,Americas,Country,CHL,Chile,Year,2021,FALSE,Residence Area Type,Total,RESIDENCEAREATYPE_TOTL,100,100,EN,2023-07-09T17:00:00.000Z
AMR,Americas,Country,CHL,Chile,Year,2020,FALSE,Residence Area Type,Total,RESIDENCEAREATYPE_TOTL,100,100,EN,2023-07-09T17:00:00.000Z
AMR,Americas,Country,CHL,Chile,Year,2019,FALSE,Residence Area Type,Total,RESIDENCEAREATYPE_TOTL,100,100,EN,2023-07-09T17:00:00.000Z
AMR,Americas,Country,CHL,Chile,Year,2018,FALSE,Residence Area Type,Total,RESIDENCEAREATYPE_TOTL,100,100,EN,2023-07-09T17:00:00.000Z
AMR,Americas,Country,CHL,Chile,Year,2017,FALSE,Residence Area Type,Total,RESIDENCEAREATYPE_TOTL,99.97,100,EN,2023-07-09T17:00:00.000Z
AMR,Americas,Country,CHL,Chile,Year,2016,FALSE,Residence Area Type,Total,RESIDENCEAREATYPE_TOTL,99.74,100,EN,2023-07-09T17:00:00.000Z
AMR,Americas,Country,CHL,Chile,Year,2015,FALSE,Residence Area Type,Total,RESIDENCEAREATYPE_TOTL,99.51,100,EN,2023-07-09T17:00:00.000Z
AMR,Americas,Country,CHL,Chile,Year,2014,FALSE,Residence Area Type,Total,RESIDENCEAREATYPE_TOTL,99.27,99,EN,2023-07-09T17:00:00.000Z
AMR,Americas,Country,CHL,Chile,Year,2013,FALSE,Residence Area Type,Total,RESIDENCEAREATYPE_TOTL,99.04,99,EN,2023-07-09T17:00:00.000Z
AMR,Americas,Country,CHL,Chile,Year,2012,FALSE,Residence Area Type,Total,RESIDENCEAREATYPE_TOTL,98.8,99,EN,2023-07-09T17:00:00.000Z
AMR,Americas,Country,CHL,Chile,Year,2011,FALSE,Residence Area Type,Total,RESIDENCEAREATYPE_TOTL,98.57,99,EN,2023-07-09T17:00:00.000Z
AMR,Americas,Country,CHL,Chile,Year,2010,FALSE,Residence Area Type,Total,RESIDENCEAREATYPE_TOTL,98.33,98,EN,2023-07-09T17:00:00.000Z
AMR,Americas,Country,CHL,Chile,Year,2009,FALSE,Residence Area Type,Total,RESIDENCEAREATYPE_TOTL,98.09,98,EN,2023-07-09T17:00:00.000Z
AMR,Americas,Country,CHL,Chile,Year,2008,FALSE,Residence Area Type,Total,RESIDENCEAREATYPE_TOTL,97.85,98,EN,2023-07-09T17:00:00.000Z
AMR,Americas,Country,CHL,Chile,Year,2007,FALSE,Residence Area Type,Total,RESIDENCEAREATYPE_TOTL,97.6,98,EN,2023-07-09T17:00:00.000Z
AMR,Americas,Country,CHL,Chile,Year,2006,FALSE,Residence Area Type,Total,RESIDENCEAREATYPE_TOTL,97.36,97,EN,2023-07-09T17:00:00.000Z
AMR,Americas,Country,CHL,Chile,Year,2005,FALSE,Residence Area Type,Total,RESIDENCEAREATYPE_TOTL,97.11,97,EN,2023-07-09T17:00:00.000Z
AMR,Americas,Country,CHL,Chile,Year,2004,FALSE,Residence Area Type,Total,RESIDENCEAREATYPE_TOTL,96.86,97,EN,2023-07-09T17:00:00.000Z
AMR,Americas,Country,CHL,Chile,Year,2003,FALSE,Residence Area Type,Total,RESIDENCEAREATYPE_TOTL,96.61,97,EN,2023-07-09T17:00:00.000Z
AMR,Americas,Country,CHL,Chile,Year,2002,FALSE,Residence Area Type,Total,RESIDENCEAREATYPE_TOTL,96.36,96,EN,2023-07-09T17:00:00.000Z
AMR,Americas,Country,CHL,Chile,Year,2001,FALSE,Residence Area Type,Total,RESIDENCEAREATYPE_TOTL,96.06,96,EN,2023-07-09T17:00:00.000Z
AMR,Americas,Country,CHL,Chile,Year,2000,FALSE,Residence Area Type,Total,RESIDENCEAREATYPE_TOTL,95.75,96,EN,2023-07-09T17:00:00.000Z
WPR,Western Pacific,Country,CHN,China,Year,2022,TRUE,Residence Area Type,Total,RESIDENCEAREATYPE_TOTL,97.65,98,EN,2023-07-09T17:00:00.000Z
WPR,Western Pacific,Country,CHN,China,Year,2021,FALSE,Residence Area Type,Total,RESIDENCEAREATYPE_TOTL,96.69,97,EN,2023-07-09T17:00:00.000Z
WPR,Western Pacific,Country,CHN,China,Year,2020,FALSE,Residence Area Type,Total,RESIDENCEAREATYPE_TOTL,95.89,96,EN,2023-07-09T17:00:00.000Z
WPR,Western Pacific,Country,CHN,China,Year,2019,FALSE,Residence Area Type,Total,RESIDENCEAREATYPE_TOTL,95.32,95,EN,2023-07-09T17:00:00.000Z
WPR,Western Pacific,Country,CHN,China,Year,2018,FALSE,Residence Area Type,Total,RESIDENCEAREATYPE_TOTL,94.71,95,EN,2023-07-09T17:00:00.000Z
WPR,Western Pacific,Country,CHN,China,Year,2017,FALSE,Residence Area Type,Total,RESIDENCEAREATYPE_TOTL,94.08,94,EN,2023-07-09T17:00:00.000Z
WPR,Western Pacific,Country,CHN,China,Year,2016,FALSE,Residence Area Type,Total,RESIDENCEAREATYPE_TOTL,93.41,93,EN,2023-07-09T17:00:00.000Z
WPR,Western Pacific,Country,CHN,China,Year,2015,FALSE,Residence Area Type,Total,RESIDENCEAREATYPE_TOTL,92.71,93,EN,2023-07-09T17:00:00.000Z
WPR,Western Pacific,Country,CHN,China,Year,2014,FALSE,Residence Area Type,Total,RESIDENCEAREATYPE_TOTL,91.97,92,EN,2023-07-09T17:00:00.000Z
WPR,Western Pacific,Country,CHN,China,Year,2013,FALSE,Residence Area Type,Total,RESIDENCEAREATYPE_TOTL,91.21,91,EN,2023-07-09T17:00:00.000Z
WPR,Western Pacific,Country,CHN,China,Year,2012,FALSE,Residence Area Type,Total,RESIDENCEAREATYPE_TOTL,90.41,90,EN,2023-07-09T17:00:00.000Z
WPR,Western Pacific,Country,CHN,China,Year,2011,FALSE,Residence Area Type,Total,RESIDENCEAREATYPE_TOTL,89.58,90,EN,2023-07-09T17:00:00.000Z
WPR,Western Pacific,Country,CHN,China,Year,2010,FALSE,Residence Area Type,Total,RESIDENCEAREATYPE_TOTL,88.71,89,EN,2023-07-09T17:00:00.000Z
WPR,Western Pacific,Country,CHN,China,Year,2009,FALSE,Residence Area Type,Total,RESIDENCEAREATYPE_TOTL,87.8,88,EN,2023-07-09T17:00:00.000Z
WPR,Western Pacific,Country,CHN,China,Year,2008,FALSE,Residence Area Type,Total,RESIDENCEAREATYPE_TOTL,86.86,87,EN,2023-07-09T17:00:00.000Z
WPR,Western Pacific,Country,CHN,China,Year,2007,FALSE,Residence Area Type,Total,RESIDENCEAREATYPE_TOTL,85.88,86,EN,2023-07-09T17:00:00.000Z
WPR,Western Pacific,Country,CHN,China,Year,2006,FALSE,Residence Area Type,Total,RESIDENCEAREATYPE_TOTL,84.87,85,EN,2023-07-09T17:00:00.000Z
WPR,Western Pacific,Country,CHN,China,Year,2005,FALSE,Residence Area Type,Total,RESIDENCEAREATYPE_TOTL,83.82,84,EN,2023-07-09T17:00:00.000Z
WPR,Western Pacific,Country,CHN,China,Year,2004,FALSE,Residence Area Type,Total,RESIDENCEAREATYPE_TOTL,82.72,83,EN,2023-07-09T17:00:00.000Z
WPR,Western Pacific,Country,CHN,China,Year,2003,FALSE,Residence Area Type,Total,RESIDENCEAREATYPE_TOTL,81.6,82,EN,2023-07-09T17:00:00.000Z
WPR,Western Pacific,Country,CHN,China,Year,2002,FALSE,Residence Area Type,Total,RESIDENCEAREATYPE_TOTL,80.44,80,EN,2023-07-09T17:00:00.000Z
WPR,Western Pacific,Country,CHN,China,Year,2001,FALSE,Residence Area Type,Total,RESIDENCEAREATYPE_TOTL,79.25,79,EN,2023-07-09T17:00:00.000Z
WPR,Western Pacific,Country,CHN,China,Year,2000,FALSE,Residence Area Type,Total,RESIDENCEAREATYPE_TOTL,78.9,79,EN,2023-07-09T17:00:00.000Z
AMR,Americas,Country,COL,Colombia,Year,2022,TRUE,Residence Area Type,Total,RESIDENCEAREATYPE_TOTL,97.54,98,EN,2023-07-09T17:00:00.000Z
AMR,Americas,Country,COL,Colombia,Year,2021,FALSE,Residence Area Type,Total,RESIDENCEAREATYPE_TOTL,97.39,97,EN,2023-07-09T17:00:00.000Z
AMR,Americas,Country,COL,Colombia,Year,2020,FALSE,Residence Area Type,Total,RESIDENCEAREATYPE_TOTL,97.04,97,EN,2023-07-09T17:00:00.000Z
AMR,Americas,Country,COL,Colombia,Year,2019,FALSE,Residence Area Type,Total,RESIDENCEAREATYPE_TOTL,96.89,97,EN,2023-07-09T17:00:00.000Z
AMR,Americas,Country,COL,Colombia,Year,2018,FALSE,Residence Area Type,Total,RESIDENCEAREATYPE_TOTL,96.74,97,EN,2023-07-09T17:00:00.000Z
AMR,Americas,Country,COL,Colombia,Year,2017,FALSE,Residence Area Type,Total,RESIDENCEAREATYPE_TOTL,96.53,97,EN,2023-07-09T17:00:00.000Z
AMR,Americas,Country,COL,Colombia,Year,2016,FALSE,Residence Area Type,Total,RESIDENCEAREATYPE_TOTL,96.3,96,EN,2023-07-09T17:00:00.000Z
AMR,Americas,Country,COL,Colombia,Year,2015,FALSE,Residence Area Type,Total,RESIDENCEAREATYPE_TOTL,96.06,96,EN,2023-07-09T17:00:00.000Z
AMR,Americas,Country,COL,Colombia,Year,2014,FALSE,Residence Area Type,Total,RESIDENCEAREATYPE_TOTL,95.82,96,EN,2023-07-09T17:00:00.000Z
AMR,Americas,Country,COL,Colombia,Year,2013,FALSE,Residence Area Type,Total,RESIDENCEAREATYPE_TOTL,95.58,96,EN,2023-07-09T17:00:00.000Z
AMR,Americas,Country,COL,Colombia,Year,2012,FALSE,Residence Area Type,Total,RESIDENCEAREATYPE_TOTL,95.33,95,EN,2023-07-09T17:00:00.000Z
AMR,Americas,Country,COL,Colombia,Year,2011,FALSE,Residence Area Type,Total,RESIDENCEAREATYPE_TOTL,95.08,95,EN,2023-07-09T17:00:00.000Z
AMR,Americas,Country,COL,Colombia,Year,2010,FALSE,Residence Area Type,Total,RESIDENCEAREATYPE_TOTL,94.82,95,EN,2023-07-09T17:00:00.000Z
AMR,Americas,Country,COL,Colombia,Year,2009,FALSE,Residence Area Type,Total,RESIDENCEAREATYPE_TOTL,94.56,95,EN,2023-07-09T17:00:00.000Z
AMR,Americas,Country,COL,Colombia,Year,2008,FALSE,Residence Area Type,Total,RESIDENCEAREATYPE_TOTL,94.29,94,EN,2023-07-09T17:00:00.000Z
AMR,Americas,Country,COL,Colombia,Year,2007,FALSE,Residence Area Type,Total,RESIDENCEAREATYPE_TOTL,94.01,94,EN,2023-07-09T17:00:00.000Z
AMR,Americas,Country,COL,Colombia,Year,2006,FALSE,Residence Area Type,Total,RESIDENCEAREATYPE_TOTL,93.74,94,EN,2023-07-09T17:00:00.000Z
AMR,Americas,Country,COL,Colombia,Year,2005,FALSE,Residence Area Type,Total,RESIDENCEAREATYPE_TOTL,93.45,93,EN,2023-07-09T17:00:00.000Z
AMR,Americas,Country,COL,Colombia,Year,2004,FALSE,Residence Area Type,Total,RESIDENCEAREATYPE_TOTL,93.17,93,EN,2023-07-09T17:00:00.000Z
AMR,Americas,Country,COL,Colombia,Year,2003,FALSE,Residence Area Type,Total,RESIDENCEAREATYPE_TOTL,92.87,93,EN,2023-07-09T17:00:00.000Z
AMR,Americas,Country,COL,Colombia,Year,2002,FALSE,Residence Area Type,Total,RESIDENCEAREATYPE_TOTL,92.57,93,EN,2023-07-09T17:00:00.000Z
AMR,Americas,Country,COL,Colombia,Year,2001,FALSE,Residence Area Type,Total,RESIDENCEAREATYPE_TOTL,92.27,92,EN,2023-07-09T17:00:00.000Z
AMR,Americas,Country,COL,Colombia,Year,2000,FALSE,Residence Area Type,Total,RESIDENCEAREATYPE_TOTL,91.96,92,EN,2023-07-09T17:00:00.000Z
AFR,Africa,Country,COM,Comoros,Year,2019,TRUE,Residence Area Type,Total,RESIDENCEAREATYPE_TOTL,80.21,80,EN,2023-07-09T17:00:00.000Z
AFR,Africa,Country,COM,Comoros,Year,2018,FALSE,Residence Area Type,Total,RESIDENCEAREATYPE_TOTL,80.19,80,EN,2023-07-09T17:00:00.000Z
AFR,Africa,Country,COM,Comoros,Year,2017,FALSE,Residence Area Type,Total,RESIDENCEAREATYPE_TOTL,80.17,80,EN,2023-07-09T17:00:00.000Z
AFR,Africa,Country,COM,Comoros,Year,2016,FALSE,Residence Area Type,Total,RESIDENCEAREATYPE_TOTL,80.15,80,EN,2023-07-09T17:00:00.000Z
AFR,Africa,Country,COM,Comoros,Year,2015,FALSE,Residence Area Type,Total,RESIDENCEAREATYPE_TOTL,80.13,80,EN,2023-07-09T17:00:00.000Z
AFR,Africa,Country,COM,Comoros,Year,2014,FALSE,Residence Area Type,Total,RESIDENCEAREATYPE_TOTL,80.21,80,EN,2023-07-09T17:00:00.000Z
AFR,Africa,Country,COM,Comoros,Year,2013,FALSE,Residence Area Type,Total,RESIDENCEAREATYPE_TOTL,81,81,EN,2023-07-09T17:00:00.000Z
AFR,Africa,Country,COM,Comoros,Year,2012,FALSE,Residence Area Type,Total,RESIDENCEAREATYPE_TOTL,81.79,82,EN,2023-07-09T17:00:00.000Z
AFR,Africa,Country,COM,Comoros,Year,2011,FALSE,Residence Area Type,Total,RESIDENCEAREATYPE_TOTL,82.6,83,EN,2023-07-09T17:00:00.000Z
AFR,Africa,Country,COM,Comoros,Year,2010,FALSE,Residence Area Type,Total,RESIDENCEAREATYPE_TOTL,83.41,83,EN,2023-07-09T17:00:00.000Z
AFR,Africa,Country,COM,Comoros,Year,2009,FALSE,Residence Area Type,Total,RESIDENCEAREATYPE_TOTL,84.22,84,EN,2023-07-09T17:00:00.000Z
AFR,Africa,Country,COM,Comoros,Year,2008,FALSE,Residence Area Type,Total,RESIDENCEAREATYPE_TOTL,85.04,85,EN,2023-07-09T17:00:00.000Z
AFR,Africa,Country,COM,Comoros,Year,2007,FALSE,Residence Area Type,Total,RESIDENCEAREATYPE_TOTL,85.86,86,EN,2023-07-09T17:00:00.000Z
AFR,Africa,Country,COM,Comoros,Year,2006,FALSE,Residence Area Type,Total,RESIDENCEAREATYPE_TOTL,86.68,87,EN,2023-07-09T17:00:00.000Z
AFR,Africa,Country,COM,Comoros,Year,2005,FALSE,Residence Area Type,Total,RESIDENCEAREATYPE_TOTL,87.51,88,EN,2023-07-09T17:00:00.000Z
AFR,Africa,Country,COM,Comoros,Year,2004,FALSE,Residence Area Type,Total,RESIDENCEAREATYPE_TOTL,88.34,88,EN,2023-07-09T17:00:00.000Z
AFR,Africa,Country,COM,Comoros,Year,2003,FALSE,Residence Area Type,Total,RESIDENCEAREATYPE_TOTL,89.17,89,EN,2023-07-09T17:00:00.000Z
AFR,Africa,Country,COM,Comoros,Year,2002,FALSE,Residence Area Type,Total,RESIDENCEAREATYPE_TOTL,90.01,90,EN,2023-07-09T17:00:00.000Z
AFR,Africa,Country,COM,Comoros,Year,2001,FALSE,Residence Area Type,Total,RESIDENCEAREATYPE_TOTL,90.84,91,EN,2023-07-09T17:00:00.000Z
AFR,Africa,Country,COM,Comoros,Year,2000,FALSE,Residence Area Type,Total,RESIDENCEAREATYPE_TOTL,90.95,91,EN,2023-07-09T17:00:00.000Z
AFR,Africa,Country,COG,Congo,Year,2021,TRUE,Residence Area Type,Total,RESIDENCEAREATYPE_TOTL,73.97,74,EN,2023-07-09T17:00:00.000Z
AFR,Africa,Country,COG,Congo,Year,2020,FALSE,Residence Area Type,Total,RESIDENCEAREATYPE_TOTL,73.78,74,EN,2023-07-09T17:00:00.000Z
AFR,Africa,Country,COG,Congo,Year,2019,FALSE,Residence Area Type,Total,RESIDENCEAREATYPE_TOTL,73.6,74,EN,2023-07-09T17:00:00.000Z
AFR,Africa,Country,COG,Congo,Year,2018,FALSE,Residence Area Type,Total,RESIDENCEAREATYPE_TOTL,73.41,73,EN,2023-07-09T17:00:00.000Z
AFR,Africa,Country,COG,Congo,Year,2017,FALSE,Residence Area Type,Total,RESIDENCEAREATYPE_TOTL,73.22,73,EN,2023-07-09T17:00:00.000Z
AFR,Africa,Country,COG,Congo,Year,2016,FALSE,Residence Area Type,Total,RESIDENCEAREATYPE_TOTL,72.19,72,EN,2023-07-09T17:00:00.000Z
AFR,Africa,Country,COG,Congo,Year,2015,FALSE,Residence Area Type,Total,RESIDENCEAREATYPE_TOTL,71.15,71,EN,2023-07-09T17:00:00.000Z
AFR,Africa,Country,COG,Congo,Year,2014,FALSE,Residence Area Type,Total,RESIDENCEAREATYPE_TOTL,70.11,70,EN,2023-07-09T17:00:00.000Z
AFR,Africa,Country,COG,Congo,Year,2013,FALSE,Residence Area Type,Total,RESIDENCEAREATYPE_TOTL,69.06,69,EN,2023-07-09T17:00:00.000Z
AFR,Africa,Country,COG,Congo,Year,2012,FALSE,Residence Area Type,Total,RESIDENCEAREATYPE_TOTL,68.01,68,EN,2023-07-09T17:00:00.000Z
AFR,Africa,Country,COG,Congo,Year,2011,FALSE,Residence Area Type,Total,RESIDENCEAREATYPE_TOTL,66.95,67,EN,2023-07-09T17:00:00.000Z
AFR,Africa,Country,COG,Congo,Year,2010,FALSE,Residence Area Type,Total,RESIDENCEAREATYPE_TOTL,65.89,66,EN,2023-07-09T17:00:00.000Z
AFR,Africa,Country,COG,Congo,Year,2009,FALSE,Residence Area Type,Total,RESIDENCEAREATYPE_TOTL,64.83,65,EN,2023-07-09T17:00:00.000Z
AFR,Africa,Country,COG,Congo,Year,2008,FALSE,Residence Area Type,Total,RESIDENCEAREATYPE_TOTL,63.77,64,EN,2023-07-09T17:00:00.000Z
AFR,Africa,Country,COG,Congo,Year,2007,FALSE,Residence Area Type,Total,RESIDENCEAREATYPE_TOTL,62.71,63,EN,2023-07-09T17:00:00.000Z
AFR,Africa,Country,COG,Congo,Year,2006,FALSE,Residence Area Type,Total,RESIDENCEAREATYPE_TOTL,61.64,62,EN,2023-07-09T17:00:00.000Z
AFR,Africa,Country,COG,Congo,Year,2005,FALSE,Residence Area Type,Total,RESIDENCEAREATYPE_TOTL,60.58,61,EN,2023-07-09T17:00:00.000Z
AFR,Africa,Country,COG,Congo,Year,2004,FALSE,Residence Area Type,Total,RESIDENCEAREATYPE_TOTL,59.51,60,EN,2023-07-09T17:00:00.000Z
AFR,Africa,Country,COG,Congo,Year,2003,FALSE,Residence Area Type,Total,RESIDENCEAREATYPE_TOTL,58.44,58,EN,2023-07-09T17:00:00.000Z
AFR,Africa,Country,COG,Congo,Year,2002,FALSE,Residence Area Type,Total,RESIDENCEAREATYPE_TOTL,57.95,58,EN,2023-07-09T17:00:00.000Z
AFR,Africa,Country,COG,Congo,Year,2001,FALSE,Residence Area Type,Total,RESIDENCEAREATYPE_TOTL,57.46,57,EN,2023-07-09T17:00:00.000Z
AFR,Africa,Country,COG,Congo,Year,2000,FALSE,Residence Area Type,Total,RESIDENCEAREATYPE_TOTL,57.16,57,EN,2023-07-09T17:00:00.000Z
WPR,Western Pacific,Country,COK,Cook Islands,Year,2022,TRUE,Residence Area Type,Total,RESIDENCEAREATYPE_TOTL,99.97,100,EN,2023-07-09T17:00:00.000Z
WPR,Western Pacific,Country,COK,Cook Islands,Year,2021,FALSE,Residence Area Type,Total,RESIDENCEAREATYPE_TOTL,99.97,100,EN,2023-07-09T17:00:00.000Z
WPR,Western Pacific,Country,COK,Cook Islands,Year,2020,FALSE,Residence Area Type,Total,RESIDENCEAREATYPE_TOTL,99.97,100,EN,2023-07-09T17:00:00.000Z
WPR,Western Pacific,Country,COK,Cook Islands,Year,2019,FALSE,Residence Area Type,Total,RESIDENCEAREATYPE_TOTL,99.97,100,EN,2023-07-09T17:00:00.000Z
WPR,Western Pacific,Country,COK,Cook Islands,Year,2018,FALSE,Residence Area Type,Total,RESIDENCEAREATYPE_TOTL,99.97,100,EN,2023-07-09T17:00:00.000Z
WPR,Western Pacific,Country,COK,Cook Islands,Year,2017,FALSE,Residence Area Type,Total,RESIDENCEAREATYPE_TOTL,99.97,100,EN,2023-07-09T17:00:00.000Z
WPR,Western Pacific,Country,COK,Cook Islands,Year,2016,FALSE,Residence Area Type,Total,RESIDENCEAREATYPE_TOTL,99.96,100,EN,2023-07-09T17:00:00.000Z
WPR,Western Pacific,Country,COK,Cook Islands,Year,2015,FALSE,Residence Area Type,Total,RESIDENCEAREATYPE_TOTL,99.95,100,EN,2023-07-09T17:00:00.000Z
WPR,Western Pacific,Country,COK,Cook Islands,Year,2014,FALSE,Residence Area Type,Total,RESIDENCEAREATYPE_TOTL,99.95,100,EN,2023-07-09T17:00:00.000Z
WPR,Western Pacific,Country,COK,Cook Islands,Year,2013,FALSE,Residence Area Type,Total,RESIDENCEAREATYPE_TOTL,99.94,100,EN,2023-07-09T17:00:00.000Z
WPR,Western Pacific,Country,COK,Cook Islands,Year,2012,FALSE,Residence Area Type,Total,RESIDENCEAREATYPE_TOTL,99.94,100,EN,2023-07-09T17:00:00.000Z
WPR,Western Pacific,Country,COK,Cook Islands,Year,2011,FALSE,Residence Area Type,Total,RESIDENCEAREATYPE_TOTL,99.93,100,EN,2023-07-09T17:00:00.000Z
WPR,Western Pacific,Country,COK,Cook Islands,Year,2010,FALSE,Residence Area Type,Total,RESIDENCEAREATYPE_TOTL,99.92,100,EN,2023-07-09T17:00:00.000Z
WPR,Western Pacific,Country,COK,Cook Islands,Year,2009,FALSE,Residence Area Type,Total,RESIDENCEAREATYPE_TOTL,99.92,100,EN,2023-07-09T17:00:00.000Z
WPR,Western Pacific,Country,COK,Cook Islands,Year,2008,FALSE,Residence Area Type,Total,RESIDENCEAREATYPE_TOTL,99.91,100,EN,2023-07-09T17:00:00.000Z
WPR,Western Pacific,Country,COK,Cook Islands,Year,2007,FALSE,Residence Area Type,Total,RESIDENCEAREATYPE_TOTL,99.91,100,EN,2023-07-09T17:00:00.000Z
WPR,Western Pacific,Country,COK,Cook Islands,Year,2006,FALSE,Residence Area Type,Total,RESIDENCEAREATYPE_TOTL,99.9,100,EN,2023-07-09T17:00:00.000Z
WPR,Western Pacific,Country,COK,Cook Islands,Year,2005,FALSE,Residence Area Type,Total,RESIDENCEAREATYPE_TOTL,99.89,100,EN,2023-07-09T17:00:00.000Z
WPR,Western Pacific,Country,COK,Cook Islands,Year,2004,FALSE,Residence Area Type,Total,RESIDENCEAREATYPE_TOTL,99.89,100,EN,2023-07-09T17:00:00.000Z
WPR,Western Pacific,Country,COK,Cook Islands,Year,2003,FALSE,Residence Area Type,Total,RESIDENCEAREATYPE_TOTL,99.88,100,EN,2023-07-09T17:00:00.000Z
WPR,Western Pacific,Country,COK,Cook Islands,Year,2002,FALSE,Residence Area Type,Total,RESIDENCEAREATYPE_TOTL,99.88,100,EN,2023-07-09T17:00:00.000Z
WPR,Western Pacific,Country,COK,Cook Islands,Year,2001,FALSE,Residence Area Type,Total,RESIDENCEAREATYPE_TOTL,99.87,100,EN,2023-07-09T17:00:00.000Z
WPR,Western Pacific,Country,COK,Cook Islands,Year,2000,FALSE,Residence Area Type,Total,RESIDENCEAREATYPE_TOTL,99.86,100,EN,2023-07-09T17:00:00.000Z
AMR,Americas,Country,CRI,Costa Rica,Year,2022,TRUE,Residence Area Type,Total,RESIDENCEAREATYPE_TOTL,99.81,100,EN,2023-07-09T17:00:00.000Z
AMR,Americas,Country,CRI,Costa Rica,Year,2021,FALSE,Residence Area Type,Total,RESIDENCEAREATYPE_TOTL,99.81,100,EN,2023-07-09T17:00:00.000Z
AMR,Americas,Country,CRI,Costa Rica,Year,2020,FALSE,Residence Area Type,Total,RESIDENCEAREATYPE_TOTL,99.81,100,EN,2023-07-09T17:00:00.000Z
AMR,Americas,Country,CRI,Costa Rica,Year,2019,FALSE,Residence Area Type,Total,RESIDENCEAREATYPE_TOTL,99.8,100,EN,2023-07-09T17:00:00.000Z
AMR,Americas,Country,CRI,Costa Rica,Year,2018,FALSE,Residence Area Type,Total,RESIDENCEAREATYPE_TOTL,99.78,100,EN,2023-07-09T17:00:00.000Z
AMR,Americas,Country,CRI,Costa Rica,Year,2017,FALSE,Residence Area Type,Total,RESIDENCEAREATYPE_TOTL,99.66,100,EN,2023-07-09T17:00:00.000Z
AMR,Americas,Country,CRI,Costa Rica,Year,2016,FALSE,Residence Area Type,Total,RESIDENCEAREATYPE_TOTL,99.47,99,EN,2023-07-09T17:00:00.000Z
AMR,Americas,Country,CRI,Costa Rica,Year,2015,FALSE,Residence Area Type,Total,RESIDENCEAREATYPE_TOTL,99.26,99,EN,2023-07-09T17:00:00.000Z
AMR,Americas,Country,CRI,Costa Rica,Year,2014,FALSE,Residence Area Type,Total,RESIDENCEAREATYPE_TOTL,99.04,99,EN,2023-07-09T17:00:00.000Z
AMR,Americas,Country,CRI,Costa Rica,Year,2013,FALSE,Residence Area Type,Total,RESIDENCEAREATYPE_TOTL,98.81,99,EN,2023-07-09T17:00:00.000Z
AMR,Americas,Country,CRI,Costa Rica,Year,2012,FALSE,Residence Area Type,Total,RESIDENCEAREATYPE_TOTL,98.56,99,EN,2023-07-09T17:00:00.000Z
AMR,Americas,Country,CRI,Costa Rica,Year,2011,FALSE,Residence Area Type,Total,RESIDENCEAREATYPE_TOTL,98.3,98,EN,2023-07-09T17:00:00.000Z
AMR,Americas,Country,CRI,Costa Rica,Year,2010,FALSE,Residence Area Type,Total,RESIDENCEAREATYPE_TOTL,98.05,98,EN,2023-07-09T17:00:00.000Z
AMR,Americas,Country,CRI,Costa Rica,Year,2009,FALSE,Residence Area Type,Total,RESIDENCEAREATYPE_TOTL,97.79,98,EN,2023-07-09T17:00:00.000Z
AMR,Americas,Country,CRI,Costa Rica,Year,2008,FALSE,Residence Area Type,Total,RESIDENCEAREATYPE_TOTL,97.49,97,EN,2023-07-09T17:00:00.000Z
AMR,Americas,Country,CRI,Costa Rica,Year,2007,FALSE,Residence Area Type,Total,RESIDENCEAREATYPE_TOTL,97.18,97,EN,2023-07-09T17:00:00.000Z
AMR,Americas,Country,CRI,Costa Rica,Year,2006,FALSE,Residence Area Type,Total,RESIDENCEAREATYPE_TOTL,96.84,97,EN,2023-07-09T17:00:00.000Z
AMR,Americas,Country,CRI,Costa Rica,Year,2005,FALSE,Residence Area Type,Total,RESIDENCEAREATYPE_TOTL,96.49,96,EN,2023-07-09T17:00:00.000Z
AMR,Americas,Country,CRI,Costa Rica,Year,2004,FALSE,Residence Area Type,Total,RESIDENCEAREATYPE_TOTL,96.12,96,EN,2023-07-09T17:00:00.000Z
AMR,Americas,Country,CRI,Costa Rica,Year,2003,FALSE,Residence Area Type,Total,RESIDENCEAREATYPE_TOTL,95.74,96,EN,2023-07-09T17:00:00.000Z
AMR,Americas,Country,CRI,Costa Rica,Year,2002,FALSE,Residence Area Type,Total,RESIDENCEAREATYPE_TOTL,95.33,95,EN,2023-07-09T17:00:00.000Z
AMR,Americas,Country,CRI,Costa Rica,Year,2001,FALSE,Residence Area Type,Total,RESIDENCEAREATYPE_TOTL,94.91,95,EN,2023-07-09T17:00:00.000Z
AMR,Americas,Country,CRI,Costa Rica,Year,2000,FALSE,Residence Area Type,Total,RESIDENCEAREATYPE_TOTL,94.46,94,EN,2023-07-09T17:00:00.000Z
AFR,Africa,Country,CIV,Cote d'Ivoire,Year,2022,TRUE,Residence Area Type,Total,RESIDENCEAREATYPE_TOTL,72.85,73,EN,2023-07-09T17:00:00.000Z
AFR,Africa,Country,CIV,Cote d'Ivoire,Year,2021,FALSE,Residence Area Type,Total,RESIDENCEAREATYPE_TOTL,72.74,73,EN,2023-07-09T17:00:00.000Z
AFR,Africa,Country,CIV,Cote d'Ivoire,Year,2020,FALSE,Residence Area Type,Total,RESIDENCEAREATYPE_TOTL,72.63,73,EN,2023-07-09T17:00:00.000Z
AFR,Africa,Country,CIV,Cote d'Ivoire,Year,2019,FALSE,Residence Area Type,Total,RESIDENCEAREATYPE_TOTL,72.54,73,EN,2023-07-09T17:00:00.000Z
AFR,Africa,Country,CIV,Cote d'Ivoire,Year,2018,FALSE,Residence Area Type,Total,RESIDENCEAREATYPE_TOTL,72.46,72,EN,2023-07-09T17:00:00.000Z
AFR,Africa,Country,CIV,Cote d'Ivoire,Year,2017,FALSE,Residence Area Type,Total,RESIDENCEAREATYPE_TOTL,72.37,72,EN,2023-07-09T17:00:00.000Z
AFR,Africa,Country,CIV,Cote d'Ivoire,Year,2016,FALSE,Residence Area Type,Total,RESIDENCEAREATYPE_TOTL,72.28,72,EN,2023-07-09T17:00:00.000Z
AFR,Africa,Country,CIV,Cote d'Ivoire,Year,2015,FALSE,Residence Area Type,Total,RESIDENCEAREATYPE_TOTL,72.2,72,EN,2023-07-09T17:00:00.000Z
AFR,Africa,Country,CIV,Cote d'Ivoire,Year,2014,FALSE,Residence Area Type,Total,RESIDENCEAREATYPE_TOTL,72.11,72,EN,2023-07-09T17:00:00.000Z
AFR,Africa,Country,CIV,Cote d'Ivoire,Year,2013,FALSE,Residence Area Type,Total,RESIDENCEAREATYPE_TOTL,72.02,72,EN,2023-07-09T17:00:00.000Z
AFR,Africa,Country,CIV,Cote d'Ivoire,Year,2012,FALSE,Residence Area Type,Total,RESIDENCEAREATYPE_TOTL,71.93,72,EN,2023-07-09T17:00:00.000Z
AFR,Africa,Country,CIV,Cote d'Ivoire,Year,2011,FALSE,Residence Area Type,Total,RESIDENCEAREATYPE_TOTL,71.83,72,EN,2023-07-09T17:00:00.000Z
AFR,Africa,Country,CIV,Cote d'Ivoire,Year,2010,FALSE,Residence Area Type,Total,RESIDENCEAREATYPE_TOTL,71.74,72,EN,2023-07-09T17:00:00.000Z
AFR,Africa,Country,CIV,Cote d'Ivoire,Year,2009,FALSE,Residence Area Type,Total,RESIDENCEAREATYPE_TOTL,71.64,72,EN,2023-07-09T17:00:00.000Z
AFR,Africa,Country,CIV,Cote d'Ivoire,Year,2008,FALSE,Residence Area Type,Total,RESIDENCEAREATYPE_TOTL,71.54,72,EN,2023-07-09T17:00:00.000Z
AFR,Africa,Country,CIV,Cote d'Ivoire,Year,2007,FALSE,Residence Area Type,Total,RESIDENCEAREATYPE_TOTL,71.43,71,EN,2023-07-09T17:00:00.000Z
AFR,Africa,Country,CIV,Cote d'Ivoire,Year,2006,FALSE,Residence Area Type,Total,RESIDENCEAREATYPE_TOTL,71.33,71,EN,2023-07-09T17:00:00.000Z
AFR,Africa,Country,CIV,Cote d'Ivoire,Year,2005,FALSE,Residence Area Type,Total,RESIDENCEAREATYPE_TOTL,71.22,71,EN,2023-07-09T17:00:00.000Z
AFR,Africa,Country,CIV,Cote d'Ivoire,Year,2004,FALSE,Residence Area Type,Total,RESIDENCEAREATYPE_TOTL,71.11,71,EN,2023-07-09T17:00:00.000Z
AFR,Africa,Country,CIV,Cote d'Ivoire,Year,2003,FALSE,Residence Area Type,Total,RESIDENCEAREATYPE_TOTL,70.99,71,EN,2023-07-09T17:00:00.000Z
AFR,Africa,Country,CIV,Cote d'Ivoire,Year,2002,FALSE,Residence Area Type,Total,RESIDENCEAREATYPE_TOTL,70.87,71,EN,2023-07-09T17:00:00.000Z
AFR,Africa,Country,CIV,Cote d'Ivoire,Year,2001,FALSE,Residence Area Type,Total,RESIDENCEAREATYPE_TOTL,70.75,71,EN,2023-07-09T17:00:00.000Z
AFR,Africa,Country,CIV,Cote d'Ivoire,Year,2000,FALSE,Residence Area Type,Total,RESIDENCEAREATYPE_TOTL,70.63,71,EN,2023-07-09T17:00:00.000Z
EUR,Europe,Country,HRV,Croatia,Year,2007,TRUE,Residence Area Type,Total,RESIDENCEAREATYPE_TOTL,98.68,99,EN,2023-07-09T17:00:00.000Z
EUR,Europe,Country,HRV,Croatia,Year,2006,FALSE,Residence Area Type,Total,RESIDENCEAREATYPE_TOTL,98.68,99,EN,2023-07-09T17:00:00.000Z
EUR,Europe,Country,HRV,Croatia,Year,2005,FALSE,Residence Area Type,Total,RESIDENCEAREATYPE_TOTL,98.68,99,EN,2023-07-09T17:00:00.000Z
EUR,Europe,Country,HRV,Croatia,Year,2004,FALSE,Residence Area Type,Total,RESIDENCEAREATYPE_TOTL,98.67,99,EN,2023-07-09T17:00:00.000Z
EUR,Europe,Country,HRV,Croatia,Year,2003,FALSE,Residence Area Type,Total,RESIDENCEAREATYPE_TOTL,98.67,99,EN,2023-07-09T17:00:00.000Z
EUR,Europe,Country,HRV,Croatia,Year,2002,FALSE,Residence Area Type,Total,RESIDENCEAREATYPE_TOTL,98.66,99,EN,2023-07-09T17:00:00.000Z
EUR,Europe,Country,HRV,Croatia,Year,2001,FALSE,Residence Area Type,Total,RESIDENCEAREATYPE_TOTL,98.66,99,EN,2023-07-09T17:00:00.000Z
EUR,Europe,Country,HRV,Croatia,Year,2000,FALSE,Residence Area Type,Total,RESIDENCEAREATYPE_TOTL,98.65,99,EN,2023-07-09T17:00:00.000Z
AMR,Americas,Country,CUB,Cuba,Year,2022,TRUE,Residence Area Type,Total,RESIDENCEAREATYPE_TOTL,94.65,95,EN,2023-07-09T17:00:00.000Z
AMR,Americas,Country,CUB,Cuba,Year,2021,FALSE,Residence Area Type,Total,RESIDENCEAREATYPE_TOTL,94.56,95,EN,2023-07-09T17:00:00.000Z
AMR,Americas,Country,CUB,Cuba,Year,2020,FALSE,Residence Area Type,Total,RESIDENCEAREATYPE_TOTL,94.27,94,EN,2023-07-09T17:00:00.000Z
AMR,Americas,Country,CUB,Cuba,Year,2019,FALSE,Residence Area Type,Total,RESIDENCEAREATYPE_TOTL,94.15,94,EN,2023-07-09T17:00:00.000Z
AMR,Americas,Country,CUB,Cuba,Year,2018,FALSE,Residence Area Type,Total,RESIDENCEAREATYPE_TOTL,94.03,94,EN,2023-07-09T17:00:00.000Z
AMR,Americas,Country,CUB,Cuba,Year,2017,FALSE,Residence Area Type,Total,RESIDENCEAREATYPE_TOTL,93.91,94,EN,2023-07-09T17:00:00.000Z
AMR,Americas,Country,CUB,Cuba,Year,2016,FALSE,Residence Area Type,Total,RESIDENCEAREATYPE_TOTL,93.8,94,EN,2023-07-09T17:00:00.000Z
AMR,Americas,Country,CUB,Cuba,Year,2015,FALSE,Residence Area Type,Total,RESIDENCEAREATYPE_TOTL,93.68,94,EN,2023-07-09T17:00:00.000Z
AMR,Americas,Country,CUB,Cuba,Year,2014,FALSE,Residence Area Type,Total,RESIDENCEAREATYPE_TOTL,93.56,94,EN,2023-07-09T17:00:00.000Z
AMR,Americas,Country,CUB,Cuba,Year,2013,FALSE,Residence Area Type,Total,RESIDENCEAREATYPE_TOTL,93.45,93,EN,2023-07-09T17:00:00.000Z
AMR,Americas,Country,CUB,Cuba,Year,2012,FALSE,Residence Area Type,Total,RESIDENCEAREATYPE_TOTL,93.33,93,EN,2023-07-09T17:00:00.000Z
AMR,Americas,Country,CUB,Cuba,Year,2011,FALSE,Residence Area Type,Total,RESIDENCEAREATYPE_TOTL,93.21,93,EN,2023-07-09T17:00:00.000Z
AMR,Americas,Country,CUB,Cuba,Year,2010,FALSE,Residence Area Type,Total,RESIDENCEAREATYPE_TOTL,93.08,93,EN,2023-07-09T17:00:00.000Z
AMR,Americas,Country,CUB,Cuba,Year,2009,FALSE,Residence Area Type,Total,RESIDENCEAREATYPE_TOTL,92.95,93,EN,2023-07-09T17:00:00.000Z
AMR,Americas,Country,CUB,Cuba,Year,2008,FALSE,Residence Area Type,Total,RESIDENCEAREATYPE_TOTL,92.83,93,EN,2023-07-09T17:00:00.000Z
AMR,Americas,Country,CUB,Cuba,Year,2007,FALSE,Residence Area Type,Total,RESIDENCEAREATYPE_TOTL,92.7,93,EN,2023-07-09T17:00:00.000Z
AMR,Americas,Country,CUB,Cuba,Year,2006,FALSE,Residence Area Type,Total,RESIDENCEAREATYPE_TOTL,92.57,93,EN,2023-07-09T17:00:00.000Z
AMR,Americas,Country,CUB,Cuba,Year,2005,FALSE,Residence Area Type,Total,RESIDENCEAREATYPE_TOTL,92.44,92,EN,2023-07-09T17:00:00.000Z
AMR,Americas,Country,CUB,Cuba,Year,2004,FALSE,Residence Area Type,Total,RESIDENCEAREATYPE_TOTL,92.31,92,EN,2023-07-09T17:00:00.000Z
AMR,Americas,Country,CUB,Cuba,Year,2003,FALSE,Residence Area Type,Total,RESIDENCEAREATYPE_TOTL,92.18,92,EN,2023-07-09T17:00:00.000Z
AMR,Americas,Country,CUB,Cuba,Year,2002,FALSE,Residence Area Type,Total,RESIDENCEAREATYPE_TOTL,92.04,92,EN,2023-07-09T17:00:00.000Z
AMR,Americas,Country,CUB,Cuba,Year,2001,FALSE,Residence Area Type,Total,RESIDENCEAREATYPE_TOTL,91.88,92,EN,2023-07-09T17:00:00.000Z
AMR,Americas,Country,CUB,Cuba,Year,2000,FALSE,Residence Area Type,Total,RESIDENCEAREATYPE_TOTL,91.72,92,EN,2023-07-09T17:00:00.000Z
EUR,Europe,Country,CYP,Cyprus,Year,2022,TRUE,Residence Area Type,Total,RESIDENCEAREATYPE_TOTL,99.77,100,EN,2023-07-09T17:00:00.000Z
EUR,Europe,Country,CYP,Cyprus,Year,2021,FALSE,Residence Area Type,Total,RESIDENCEAREATYPE_TOTL,99.77,100,EN,2023-07-09T17:00:00.000Z
EUR,Europe,Country,CYP,Cyprus,Year,2020,FALSE,Residence Area Type,Total,RESIDENCEAREATYPE_TOTL,99.77,100,EN,2023-07-09T17:00:00.000Z
EUR,Europe,Country,CYP,Cyprus,Year,2019,FALSE,Residence Area Type,Total,RESIDENCEAREATYPE_TOTL,99.77,100,EN,2023-07-09T17:00:00.000Z
EUR,Europe,Country,CYP,Cyprus,Year,2018,FALSE,Residence Area Type,Total,RESIDENCEAREATYPE_TOTL,99.77,100,EN,2023-07-09T17:00:00.000Z
EUR,Europe,Country,CYP,Cyprus,Year,2017,FALSE,Residence Area Type,Total,RESIDENCEAREATYPE_TOTL,99.77,100,EN,2023-07-09T17:00:00.000Z
EUR,Europe,Country,CYP,Cyprus,Year,2016,FALSE,Residence Area Type,Total,RESIDENCEAREATYPE_TOTL,99.78,100,EN,2023-07-09T17:00:00.000Z
EUR,Europe,Country,CYP,Cyprus,Year,2015,FALSE,Residence Area Type,Total,RESIDENCEAREATYPE_TOTL,99.79,100,EN,2023-07-09T17:00:00.000Z
EUR,Europe,Country,CYP,Cyprus,Year,2014,FALSE,Residence Area Type,Total,RESIDENCEAREATYPE_TOTL,99.8,100,EN,2023-07-09T17:00:00.000Z
EUR,Europe,Country,CYP,Cyprus,Year,2013,FALSE,Residence Area Type,Total,RESIDENCEAREATYPE_TOTL,99.8,100,EN,2023-07-09T17:00:00.000Z
EUR,Europe,Country,CYP,Cyprus,Year,2012,FALSE,Residence Area Type,Total,RESIDENCEAREATYPE_TOTL,99.81,100,EN,2023-07-09T17:00:00.000Z
EUR,Europe,Country,CYP,Cyprus,Year,2011,FALSE,Residence Area Type,Total,RESIDENCEAREATYPE_TOTL,99.82,100,EN,2023-07-09T17:00:00.000Z
EUR,Europe,Country,CYP,Cyprus,Year,2010,FALSE,Residence Area Type,Total,RESIDENCEAREATYPE_TOTL,99.83,100,EN,2023-07-09T17:00:00.000Z
EUR,Europe,Country,CYP,Cyprus,Year,2009,FALSE,Residence Area Type,Total,RESIDENCEAREATYPE_TOTL,99.83,100,EN,2023-07-09T17:00:00.000Z
EUR,Europe,Country,CYP,Cyprus,Year,2008,FALSE,Residence Area Type,Total,RESIDENCEAREATYPE_TOTL,99.84,100,EN,2023-07-09T17:00:00.000Z
EUR,Europe,Country,CYP,Cyprus,Year,2007,FALSE,Residence Area Type,Total,RESIDENCEAREATYPE_TOTL,99.85,100,EN,2023-07-09T17:00:00.000Z
EUR,Europe,Country,CYP,Cyprus,Year,2006,FALSE,Residence Area Type,Total,RESIDENCEAREATYPE_TOTL,99.86,100,EN,2023-07-09T17:00:00.000Z
EUR,Europe,Country,CYP,Cyprus,Year,2005,FALSE,Residence Area Type,Total,RESIDENCEAREATYPE_TOTL,99.87,100,EN,2023-07-09T17:00:00.000Z
EUR,Europe,Country,CYP,Cyprus,Year,2004,FALSE,Residence Area Type,Total,RESIDENCEAREATYPE_TOTL,99.87,100,EN,2023-07-09T17:00:00.000Z
EUR,Europe,Country,CYP,Cyprus,Year,2003,FALSE,Residence Area Type,Total,RESIDENCEAREATYPE_TOTL,99.88,100,EN,2023-07-09T17:00:00.000Z
EUR,Europe,Country,CYP,Cyprus,Year,2002,FALSE,Residence Area Type,Total,RESIDENCEAREATYPE_TOTL,99.89,100,EN,2023-07-09T17:00:00.000Z
EUR,Europe,Country,CYP,Cyprus,Year,2001,FALSE,Residence Area Type,Total,RESIDENCEAREATYPE_TOTL,99.89,100,EN,2023-07-09T17:00:00.000Z
EUR,Europe,Country,CYP,Cyprus,Year,2000,FALSE,Residence Area Type,Total,RESIDENCEAREATYPE_TOTL,99.89,100,EN,2023-07-09T17:00:00.000Z
EUR,Europe,Country,CZE,Czechia,Year,2022,TRUE,Residence Area Type,Total,RESIDENCEAREATYPE_TOTL,99.88,100,EN,2023-07-09T17:00:00.000Z
EUR,Europe,Country,CZE,Czechia,Year,2021,FALSE,Residence Area Type,Total,RESIDENCEAREATYPE_TOTL,99.88,100,EN,2023-07-09T17:00:00.000Z
EUR,Europe,Country,CZE,Czechia,Year,2020,FALSE,Residence Area Type,Total,RESIDENCEAREATYPE_TOTL,99.88,100,EN,2023-07-09T17:00:00.000Z
EUR,Europe,Country,CZE,Czechia,Year,2019,FALSE,Residence Area Type,Total,RESIDENCEAREATYPE_TOTL,99.88,100,EN,2023-07-09T17:00:00.000Z
EUR,Europe,Country,CZE,Czechia,Year,2018,FALSE,Residence Area Type,Total,RESIDENCEAREATYPE_TOTL,99.88,100,EN,2023-07-09T17:00:00.000Z
EUR,Europe,Country,CZE,Czechia,Year,2017,FALSE,Residence Area Type,Total,RESIDENCEAREATYPE_TOTL,99.88,100,EN,2023-07-09T17:00:00.000Z
EUR,Europe,Country,CZE,Czechia,Year,2016,FALSE,Residence Area Type,Total,RESIDENCEAREATYPE_TOTL,99.88,100,EN,2023-07-09T17:00:00.000Z
EUR,Europe,Country,CZE,Czechia,Year,2015,FALSE,Residence Area Type,Total,RESIDENCEAREATYPE_TOTL,99.88,100,EN,2023-07-09T17:00:00.000Z
EUR,Europe,Country,CZE,Czechia,Year,2014,FALSE,Residence Area Type,Total,RESIDENCEAREATYPE_TOTL,99.88,100,EN,2023-07-09T17:00:00.000Z
EUR,Europe,Country,CZE,Czechia,Year,2013,FALSE,Residence Area Type,Total,RESIDENCEAREATYPE_TOTL,99.87,100,EN,2023-07-09T17:00:00.000Z
EUR,Europe,Country,CZE,Czechia,Year,2012,FALSE,Residence Area Type,Total,RESIDENCEAREATYPE_TOTL,99.87,100,EN,2023-07-09T17:00:00.000Z
EUR,Europe,Country,CZE,Czechia,Year,2011,FALSE,Residence Area Type,Total,RESIDENCEAREATYPE_TOTL,99.86,100,EN,2023-07-09T17:00:00.000Z
EUR,Europe,Country,CZE,Czechia,Year,2010,FALSE,Residence Area Type,Total,RESIDENCEAREATYPE_TOTL,99.86,100,EN,2023-07-09T17:00:00.000Z
EUR,Europe,Country,CZE,Czechia,Year,2009,FALSE,Residence Area Type,Total,RESIDENCEAREATYPE_TOTL,99.85,100,EN,2023-07-09T17:00:00.000Z
EUR,Europe,Country,CZE,Czechia,Year,2008,FALSE,Residence Area Type,Total,RESIDENCEAREATYPE_TOTL,99.85,100,EN,2023-07-09T17:00:00.000Z
EUR,Europe,Country,CZE,Czechia,Year,2007,FALSE,Residence Area Type,Total,RESIDENCEAREATYPE_TOTL,99.84,100,EN,2023-07-09T17:00:00.000Z
EUR,Europe,Country,CZE,Czechia,Year,2006,FALSE,Residence Area Type,Total,RESIDENCEAREATYPE_TOTL,99.83,100,EN,2023-07-09T17:00:00.000Z
EUR,Europe,Country,CZE,Czechia,Year,2005,FALSE,Residence Area Type,Total,RESIDENCEAREATYPE_TOTL,99.83,100,EN,2023-07-09T17:00:00.000Z
EUR,Europe,Country,CZE,Czechia,Year,2004,FALSE,Residence Area Type,Total,RESIDENCEAREATYPE_TOTL,99.82,100,EN,2023-07-09T17:00:00.000Z
EUR,Europe,Country,CZE,Czechia,Year,2003,FALSE,Residence Area Type,Total,RESIDENCEAREATYPE_TOTL,99.82,100,EN,2023-07-09T17:00:00.000Z
EUR,Europe,Country,CZE,Czechia,Year,2002,FALSE,Residence Area Type,Total,RESIDENCEAREATYPE_TOTL,99.81,100,EN,2023-07-09T17:00:00.000Z
EUR,Europe,Country,CZE,Czechia,Year,2001,FALSE,Residence Area Type,Total,RESIDENCEAREATYPE_TOTL,99.81,100,EN,2023-07-09T17:00:00.000Z
EUR,Europe,Country,CZE,Czechia,Year,2000,FALSE,Residence Area Type,Total,RESIDENCEAREATYPE_TOTL,99.81,100,EN,2023-07-09T17:00:00.000Z
SEAR,South-East Asia,Country,PRK,Democratic People's Republic of Korea,Year,2022,TRUE,Residence Area Type,Total,RESIDENCEAREATYPE_TOTL,93.89,94,EN,2023-07-09T17:00:00.000Z
SEAR,South-East Asia,Country,PRK,Democratic People's Republic of Korea,Year,2021,FALSE,Residence Area Type,Total,RESIDENCEAREATYPE_TOTL,93.87,94,EN,2023-07-09T17:00:00.000Z
SEAR,South-East Asia,Country,PRK,Democratic People's Republic of Korea,Year,2020,FALSE,Residence Area Type,Total,RESIDENCEAREATYPE_TOTL,93.84,94,EN,2023-07-09T17:00:00.000Z
SEAR,South-East Asia,Country,PRK,Democratic People's Republic of Korea,Year,2019,FALSE,Residence Area Type,Total,RESIDENCEAREATYPE_TOTL,93.82,94,EN,2023-07-09T17:00:00.000Z
SEAR,South-East Asia,Country,PRK,Democratic People's Republic of Korea,Year,2018,FALSE,Residence Area Type,Total,RESIDENCEAREATYPE_TOTL,94.17,94,EN,2023-07-09T17:00:00.000Z
SEAR,South-East Asia,Country,PRK,Democratic People's Republic of Korea,Year,2017,FALSE,Residence Area Type,Total,RESIDENCEAREATYPE_TOTL,94.51,95,EN,2023-07-09T17:00:00.000Z
SEAR,South-East Asia,Country,PRK,Democratic People's Republic of Korea,Year,2016,FALSE,Residence Area Type,Total,RESIDENCEAREATYPE_TOTL,94.86,95,EN,2023-07-09T17:00:00.000Z
SEAR,South-East Asia,Country,PRK,Democratic People's Republic of Korea,Year,2015,FALSE,Residence Area Type,Total,RESIDENCEAREATYPE_TOTL,95.21,95,EN,2023-07-09T17:00:00.000Z
SEAR,South-East Asia,Country,PRK,Democratic People's Republic of Korea,Year,2014,FALSE,Residence Area Type,Total,RESIDENCEAREATYPE_TOTL,95.57,96,EN,2023-07-09T17:00:00.000Z
SEAR,South-East Asia,Country,PRK,Democratic People's Republic of Korea,Year,2013,FALSE,Residence Area Type,Total,RESIDENCEAREATYPE_TOTL,95.93,96,EN,2023-07-09T17:00:00.000Z
SEAR,South-East Asia,Country,PRK,Democratic People's Republic of Korea,Year,2012,FALSE,Residence Area Type,Total,RESIDENCEAREATYPE_TOTL,96.29,96,EN,2023-07-09T17:00:00.000Z
SEAR,South-East Asia,Country,PRK,Democratic People's Republic of Korea,Year,2011,FALSE,Residence Area Type,Total,RESIDENCEAREATYPE_TOTL,96.65,97,EN,2023-07-09T17:00:00.000Z
SEAR,South-East Asia,Country,PRK,Democratic People's Republic of Korea,Year,2010,FALSE,Residence Area Type,Total,RESIDENCEAREATYPE_TOTL,97.01,97,EN,2023-07-09T17:00:00.000Z
SEAR,South-East Asia,Country,PRK,Democratic People's Republic of Korea,Year,2009,FALSE,Residence Area Type,Total,RESIDENCEAREATYPE_TOTL,97.38,97,EN,2023-07-09T17:00:00.000Z
SEAR,South-East Asia,Country,PRK,Democratic People's Republic of Korea,Year,2008,FALSE,Residence Area Type,Total,RESIDENCEAREATYPE_TOTL,97.75,98,EN,2023-07-09T17:00:00.000Z
SEAR,South-East Asia,Country,PRK,Democratic People's Republic of Korea,Year,2007,FALSE,Residence Area Type,Total,RESIDENCEAREATYPE_TOTL,98.12,98,EN,2023-07-09T17:00:00.000Z
SEAR,South-East Asia,Country,PRK,Democratic People's Republic of Korea,Year,2006,FALSE,Residence Area Type,Total,RESIDENCEAREATYPE_TOTL,98.49,98,EN,2023-07-09T17:00:00.000Z
SEAR,South-East Asia,Country,PRK,Democratic People's Republic of Korea,Year,2005,FALSE,Residence Area Type,Total,RESIDENCEAREATYPE_TOTL,98.87,99,EN,2023-07-09T17:00:00.000Z
SEAR,South-East Asia,Country,PRK,Democratic People's Republic of Korea,Year,2004,FALSE,Residence Area Type,Total,RESIDENCEAREATYPE_TOTL,99.24,99,EN,2023-07-09T17:00:00.000Z
SEAR,South-East Asia,Country,PRK,Democratic People's Republic of Korea,Year,2003,FALSE,Residence Area Type,Total,RESIDENCEAREATYPE_TOTL,99.3,99,EN,2023-07-09T17:00:00.000Z
SEAR,South-East Asia,Country,PRK,Democratic People's Republic of Korea,Year,2002,FALSE,Residence Area Type,Total,RESIDENCEAREATYPE_TOTL,99.3,99,EN,2023-07-09T17:00:00.000Z
SEAR,South-East Asia,Country,PRK,Democratic People's Republic of Korea,Year,2001,FALSE,Residence Area Type,Total,RESIDENCEAREATYPE_TOTL,99.3,99,EN,2023-07-09T17:00:00.000Z
SEAR,South-East Asia,Country,PRK,Democratic People's Republic of Korea,Year,2000,FALSE,Residence Area Type,Total,RESIDENCEAREATYPE_TOTL,99.3,99,EN,2023-07-09T17:00:00.000Z
AFR,Africa,Country,COD,Democratic Republic of the Congo,Year,2022,TRUE,Residence Area Type,Total,RESIDENCEAREATYPE_TOTL,35.12,35,EN,2023-07-09T17:00:00.000Z
AFR,Africa,Country,COD,Democratic Republic of the Congo,Year,2021,FALSE,Residence Area Type,Total,RESIDENCEAREATYPE_TOTL,35.31,35,EN,2023-07-09T17:00:00.000Z
AFR,Africa,Country,COD,Democratic Republic of the Congo,Year,2020,FALSE,Residence Area Type,Total,RESIDENCEAREATYPE_TOTL,35.5,36,EN,2023-07-09T17:00:00.000Z
AFR,Africa,Country,COD,Democratic Republic of the Congo,Year,2019,FALSE,Residence Area Type,Total,RESIDENCEAREATYPE_TOTL,35.68,36,EN,2023-07-09T17:00:00.000Z
AFR,Africa,Country,COD,Democratic Republic of the Congo,Year,2018,FALSE,Residence Area Type,Total,RESIDENCEAREATYPE_TOTL,35.85,36,EN,2023-07-09T17:00:00.000Z
AFR,Africa,Country,COD,Democratic Republic of the Congo,Year,2017,FALSE,Residence Area Type,Total,RESIDENCEAREATYPE_TOTL,36.01,36,EN,2023-07-09T17:00:00.000Z
AFR,Africa,Country,COD,Democratic Republic of the Congo,Year,2016,FALSE,Residence Area Type,Total,RESIDENCEAREATYPE_TOTL,36.16,36,EN,2023-07-09T17:00:00.000Z
AFR,Africa,Country,COD,Democratic Republic of the Congo,Year,2015,FALSE,Residence Area Type,Total,RESIDENCEAREATYPE_TOTL,36.3,36,EN,2023-07-09T17:00:00.000Z
AFR,Africa,Country,COD,Democratic Republic of the Congo,Year,2014,FALSE,Residence Area Type,Total,RESIDENCEAREATYPE_TOTL,36.44,36,EN,2023-07-09T17:00:00.000Z
AFR,Africa,Country,COD,Democratic Republic of the Congo,Year,2013,FALSE,Residence Area Type,Total,RESIDENCEAREATYPE_TOTL,36.57,37,EN,2023-07-09T17:00:00.000Z
AFR,Africa,Country,COD,Democratic Republic of the Congo,Year,2012,FALSE,Residence Area Type,Total,RESIDENCEAREATYPE_TOTL,36.69,37,EN,2023-07-09T17:00:00.000Z
AFR,Africa,Country,COD,Democratic Republic of the Congo,Year,2011,FALSE,Residence Area Type,Total,RESIDENCEAREATYPE_TOTL,36.8,37,EN,2023-07-09T17:00:00.000Z
AFR,Africa,Country,COD,Democratic Republic of the Congo,Year,2010,FALSE,Residence Area Type,Total,RESIDENCEAREATYPE_TOTL,36.9,37,EN,2023-07-09T17:00:00.000Z
AFR,Africa,Country,COD,Democratic Republic of the Congo,Year,2009,FALSE,Residence Area Type,Total,RESIDENCEAREATYPE_TOTL,37,37,EN,2023-07-09T17:00:00.000Z
AFR,Africa,Country,COD,Democratic Republic of the Congo,Year,2008,FALSE,Residence Area Type,Total,RESIDENCEAREATYPE_TOTL,37.09,37,EN,2023-07-09T17:00:00.000Z
AFR,Africa,Country,COD,Democratic Republic of the Congo,Year,2007,FALSE,Residence Area Type,Total,RESIDENCEAREATYPE_TOTL,37.18,37,EN,2023-07-09T17:00:00.000Z
AFR,Africa,Country,COD,Democratic Republic of the Congo,Year,2006,FALSE,Residence Area Type,Total,RESIDENCEAREATYPE_TOTL,37.25,37,EN,2023-07-09T17:00:00.000Z
AFR,Africa,Country,COD,Democratic Republic of the Congo,Year,2005,FALSE,Residence Area Type,Total,RESIDENCEAREATYPE_TOTL,37.32,37,EN,2023-07-09T17:00:00.000Z
AFR,Africa,Country,COD,Democratic Republic of the Congo,Year,2004,FALSE,Residence Area Type,Total,RESIDENCEAREATYPE_TOTL,37.39,37,EN,2023-07-09T17:00:00.000Z
AFR,Africa,Country,COD,Democratic Republic of the Congo,Year,2003,FALSE,Residence Area Type,Total,RESIDENCEAREATYPE_TOTL,37.44,37,EN,2023-07-09T17:00:00.000Z
AFR,Africa,Country,COD,Democratic Republic of the Congo,Year,2002,FALSE,Residence Area Type,Total,RESIDENCEAREATYPE_TOTL,37.49,37,EN,2023-07-09T17:00:00.000Z
AFR,Africa,Country,COD,Democratic Republic of the Congo,Year,2001,FALSE,Residence Area Type,Total,RESIDENCEAREATYPE_TOTL,37.53,38,EN,2023-07-09T17:00:00.000Z
AFR,Africa,Country,COD,Democratic Republic of the Congo,Year,2000,FALSE,Residence Area Type,Total,RESIDENCEAREATYPE_TOTL,37.56,38,EN,2023-07-09T17:00:00.000Z
EUR,Europe,Country,DNK,Denmark,Year,2022,TRUE,Residence Area Type,Total,RESIDENCEAREATYPE_TOTL,100,100,EN,2023-07-09T17:00:00.000Z
EUR,Europe,Country,DNK,Denmark,Year,2021,FALSE,Residence Area Type,Total,RESIDENCEAREATYPE_TOTL,100,100,EN,2023-07-09T17:00:00.000Z
EUR,Europe,Country,DNK,Denmark,Year,2020,FALSE,Residence Area Type,Total,RESIDENCEAREATYPE_TOTL,100,100,EN,2023-07-09T17:00:00.000Z
EUR,Europe,Country,DNK,Denmark,Year,2019,FALSE,Residence Area Type,Total,RESIDENCEAREATYPE_TOTL,100,100,EN,2023-07-09T17:00:00.000Z
EUR,Europe,Country,DNK,Denmark,Year,2018,FALSE,Residence Area Type,Total,RESIDENCEAREATYPE_TOTL,100,100,EN,2023-07-09T17:00:00.000Z
EUR,Europe,Country,DNK,Denmark,Year,2017,FALSE,Residence Area Type,Total,RESIDENCEAREATYPE_TOTL,100,100,EN,2023-07-09T17:00:00.000Z
EUR,Europe,Country,DNK,Denmark,Year,2016,FALSE,Residence Area Type,Total,RESIDENCEAREATYPE_TOTL,100,100,EN,2023-07-09T17:00:00.000Z
EUR,Europe,Country,DNK,Denmark,Year,2015,FALSE,Residence Area Type,Total,RESIDENCEAREATYPE_TOTL,100,100,EN,2023-07-09T17:00:00.000Z
EUR,Europe,Country,DNK,Denmark,Year,2014,FALSE,Residence Area Type,Total,RESIDENCEAREATYPE_TOTL,100,100,EN,2023-07-09T17:00:00.000Z
EUR,Europe,Country,DNK,Denmark,Year,2013,FALSE,Residence Area Type,Total,RESIDENCEAREATYPE_TOTL,100,100,EN,2023-07-09T17:00:00.000Z
EUR,Europe,Country,DNK,Denmark,Year,2012,FALSE,Residence Area Type,Total,RESIDENCEAREATYPE_TOTL,100,100,EN,2023-07-09T17:00:00.000Z
EUR,Europe,Country,DNK,Denmark,Year,2011,FALSE,Residence Area Type,Total,RESIDENCEAREATYPE_TOTL,100,100,EN,2023-07-09T17:00:00.000Z
EUR,Europe,Country,DNK,Denmark,Year,2010,FALSE,Residence Area Type,Total,RESIDENCEAREATYPE_TOTL,100,100,EN,2023-07-09T17:00:00.000Z
EUR,Europe,Country,DNK,Denmark,Year,2009,FALSE,Residence Area Type,Total,RESIDENCEAREATYPE_TOTL,100,100,EN,2023-07-09T17:00:00.000Z
EUR,Europe,Country,DNK,Denmark,Year,2008,FALSE,Residence Area Type,Total,RESIDENCEAREATYPE_TOTL,100,100,EN,2023-07-09T17:00:00.000Z
EUR,Europe,Country,DNK,Denmark,Year,2007,FALSE,Residence Area Type,Total,RESIDENCEAREATYPE_TOTL,100,100,EN,2023-07-09T17:00:00.000Z
EUR,Europe,Country,DNK,Denmark,Year,2006,FALSE,Residence Area Type,Total,RESIDENCEAREATYPE_TOTL,100,100,EN,2023-07-09T17:00:00.000Z
EUR,Europe,Country,DNK,Denmark,Year,2005,FALSE,Residence Area Type,Total,RESIDENCEAREATYPE_TOTL,100,100,EN,2023-07-09T17:00:00.000Z
EUR,Europe,Country,DNK,Denmark,Year,2004,FALSE,Residence Area Type,Total,RESIDENCEAREATYPE_TOTL,100,100,EN,2023-07-09T17:00:00.000Z
EUR,Europe,Country,DNK,Denmark,Year,2003,FALSE,Residence Area Type,Total,RESIDENCEAREATYPE_TOTL,100,100,EN,2023-07-09T17:00:00.000Z
EUR,Europe,Country,DNK,Denmark,Year,2002,FALSE,Residence Area Type,Total,RESIDENCEAREATYPE_TOTL,100,100,EN,2023-07-09T17:00:00.000Z
EUR,Europe,Country,DNK,Denmark,Year,2001,FALSE,Residence Area Type,Total,RESIDENCEAREATYPE_TOTL,100,100,EN,2023-07-09T17:00:00.000Z
EUR,Europe,Country,DNK,Denmark,Year,2000,FALSE,Residence Area Type,Total,RESIDENCEAREATYPE_TOTL,100,100,EN,2023-07-09T17:00:00.000Z
EMR,Eastern Mediterranean,Country,DJI,Djibouti,Year,2022,TRUE,Residence Area Type,Total,RESIDENCEAREATYPE_TOTL,76.17,76,EN,2023-07-09T17:00:00.000Z
EMR,Eastern Mediterranean,Country,DJI,Djibouti,Year,2021,FALSE,Residence Area Type,Total,RESIDENCEAREATYPE_TOTL,76.11,76,EN,2023-07-09T17:00:00.000Z
EMR,Eastern Mediterranean,Country,DJI,Djibouti,Year,2020,FALSE,Residence Area Type,Total,RESIDENCEAREATYPE_TOTL,76.05,76,EN,2023-07-09T17:00:00.000Z
EMR,Eastern Mediterranean,Country,DJI,Djibouti,Year,2019,FALSE,Residence Area Type,Total,RESIDENCEAREATYPE_TOTL,76,76,EN,2023-07-09T17:00:00.000Z
EMR,Eastern Mediterranean,Country,DJI,Djibouti,Year,2018,FALSE,Residence Area Type,Total,RESIDENCEAREATYPE_TOTL,75.94,76,EN,2023-07-09T17:00:00.000Z
EMR,Eastern Mediterranean,Country,DJI,Djibouti,Year,2017,FALSE,Residence Area Type,Total,RESIDENCEAREATYPE_TOTL,75.88,76,EN,2023-07-09T17:00:00.000Z
EMR,Eastern Mediterranean,Country,DJI,Djibouti,Year,2016,FALSE,Residence Area Type,Total,RESIDENCEAREATYPE_TOTL,75.83,76,EN,2023-07-09T17:00:00.000Z
EMR,Eastern Mediterranean,Country,DJI,Djibouti,Year,2015,FALSE,Residence Area Type,Total,RESIDENCEAREATYPE_TOTL,75.79,76,EN,2023-07-09T17:00:00.000Z
EMR,Eastern Mediterranean,Country,DJI,Djibouti,Year,2014,FALSE,Residence Area Type,Total,RESIDENCEAREATYPE_TOTL,75.75,76,EN,2023-07-09T17:00:00.000Z
EMR,Eastern Mediterranean,Country,DJI,Djibouti,Year,2013,FALSE,Residence Area Type,Total,RESIDENCEAREATYPE_TOTL,75.71,76,EN,2023-07-09T17:00:00.000Z
EMR,Eastern Mediterranean,Country,DJI,Djibouti,Year,2012,FALSE,Residence Area Type,Total,RESIDENCEAREATYPE_TOTL,75.67,76,EN,2023-07-09T17:00:00.000Z
EMR,Eastern Mediterranean,Country,DJI,Djibouti,Year,2011,FALSE,Residence Area Type,Total,RESIDENCEAREATYPE_TOTL,75.65,76,EN,2023-07-09T17:00:00.000Z
EMR,Eastern Mediterranean,Country,DJI,Djibouti,Year,2010,FALSE,Residence Area Type,Total,RESIDENCEAREATYPE_TOTL,75.62,76,EN,2023-07-09T17:00:00.000Z
EMR,Eastern Mediterranean,Country,DJI,Djibouti,Year,2009,FALSE,Residence Area Type,Total,RESIDENCEAREATYPE_TOTL,75.6,76,EN,2023-07-09T17:00:00.000Z
EMR,Eastern Mediterranean,Country,DJI,Djibouti,Year,2008,FALSE,Residence Area Type,Total,RESIDENCEAREATYPE_TOTL,75.58,76,EN,2023-07-09T17:00:00.000Z
EMR,Eastern Mediterranean,Country,DJI,Djibouti,Year,2007,FALSE,Residence Area Type,Total,RESIDENCEAREATYPE_TOTL,75.56,76,EN,2023-07-09T17:00:00.000Z
EMR,Eastern Mediterranean,Country,DJI,Djibouti,Year,2006,FALSE,Residence Area Type,Total,RESIDENCEAREATYPE_TOTL,75.54,76,EN,2023-07-09T17:00:00.000Z
EMR,Eastern Mediterranean,Country,DJI,Djibouti,Year,2005,FALSE,Residence Area Type,Total,RESIDENCEAREATYPE_TOTL,75.53,76,EN,2023-07-09T17:00:00.000Z
EMR,Eastern Mediterranean,Country,DJI,Djibouti,Year,2004,FALSE,Residence Area Type,Total,RESIDENCEAREATYPE_TOTL,75.51,76,EN,2023-07-09T17:00:00.000Z
EMR,Eastern Mediterranean,Country,DJI,Djibouti,Year,2003,FALSE,Residence Area Type,Total,RESIDENCEAREATYPE_TOTL,75.49,75,EN,2023-07-09T17:00:00.000Z
EMR,Eastern Mediterranean,Country,DJI,Djibouti,Year,2002,FALSE,Residence Area Type,Total,RESIDENCEAREATYPE_TOTL,75.48,75,EN,2023-07-09T17:00:00.000Z
EMR,Eastern Mediterranean,Country,DJI,Djibouti,Year,2001,FALSE,Residence Area Type,Total,RESIDENCEAREATYPE_TOTL,75.46,75,EN,2023-07-09T17:00:00.000Z
EMR,Eastern Mediterranean,Country,DJI,Djibouti,Year,2000,FALSE,Residence Area Type,Total,RESIDENCEAREATYPE_TOTL,75.45,75,EN,2023-07-09T17:00:00.000Z
AMR,Americas,Country,DMA,Dominica,Year,2017,TRUE,Residence Area Type,Total,RESIDENCEAREATYPE_TOTL,95.42,95,EN,2023-07-09T17:00:00.000Z
AMR,Americas,Country,DMA,Dominica,Year,2016,FALSE,Residence Area Type,Total,RESIDENCEAREATYPE_TOTL,95.42,95,EN,2023-07-09T17:00:00.000Z
AMR,Americas,Country,DMA,Dominica,Year,2015,FALSE,Residence Area Type,Total,RESIDENCEAREATYPE_TOTL,95.42,95,EN,2023-07-09T17:00:00.000Z
AMR,Americas,Country,DMA,Dominica,Year,2014,FALSE,Residence Area Type,Total,RESIDENCEAREATYPE_TOTL,95.42,95,EN,2023-07-09T17:00:00.000Z
AMR,Americas,Country,DMA,Dominica,Year,2013,FALSE,Residence Area Type,Total,RESIDENCEAREATYPE_TOTL,95.42,95,EN,2023-07-09T17:00:00.000Z
AMR,Americas,Country,DMA,Dominica,Year,2012,FALSE,Residence Area Type,Total,RESIDENCEAREATYPE_TOTL,95.3,95,EN,2023-07-09T17:00:00.000Z
AMR,Americas,Country,DMA,Dominica,Year,2011,FALSE,Residence Area Type,Total,RESIDENCEAREATYPE_TOTL,95.18,95,EN,2023-07-09T17:00:00.000Z
AMR,Americas,Country,DMA,Dominica,Year,2010,FALSE,Residence Area Type,Total,RESIDENCEAREATYPE_TOTL,95.05,95,EN,2023-07-09T17:00:00.000Z
AMR,Americas,Country,DMA,Dominica,Year,2009,FALSE,Residence Area Type,Total,RESIDENCEAREATYPE_TOTL,94.93,95,EN,2023-07-09T17:00:00.000Z
AMR,Americas,Country,DMA,Dominica,Year,2008,FALSE,Residence Area Type,Total,RESIDENCEAREATYPE_TOTL,94.81,95,EN,2023-07-09T17:00:00.000Z
AMR,Americas,Country,DMA,Dominica,Year,2007,FALSE,Residence Area Type,Total,RESIDENCEAREATYPE_TOTL,94.69,95,EN,2023-07-09T17:00:00.000Z
AMR,Americas,Country,DMA,Dominica,Year,2006,FALSE,Residence Area Type,Total,RESIDENCEAREATYPE_TOTL,94.56,95,EN,2023-07-09T17:00:00.000Z
AMR,Americas,Country,DMA,Dominica,Year,2005,FALSE,Residence Area Type,Total,RESIDENCEAREATYPE_TOTL,94.44,94,EN,2023-07-09T17:00:00.000Z
AMR,Americas,Country,DMA,Dominica,Year,2004,FALSE,Residence Area Type,Total,RESIDENCEAREATYPE_TOTL,94.32,94,EN,2023-07-09T17:00:00.000Z
AMR,Americas,Country,DMA,Dominica,Year,2003,FALSE,Residence Area Type,Total,RESIDENCEAREATYPE_TOTL,94.2,94,EN,2023-07-09T17:00:00.000Z
AMR,Americas,Country,DMA,Dominica,Year,2002,FALSE,Residence Area Type,Total,RESIDENCEAREATYPE_TOTL,94.08,94,EN,2023-07-09T17:00:00.000Z
AMR,Americas,Country,DMA,Dominica,Year,2001,FALSE,Residence Area Type,Total,RESIDENCEAREATYPE_TOTL,93.95,94,EN,2023-07-09T17:00:00.000Z
AMR,Americas,Country,DMA,Dominica,Year,2000,FALSE,Residence Area Type,Total,RESIDENCEAREATYPE_TOTL,93.83,94,EN,2023-07-09T17:00:00.000Z
AMR,Americas,Country,DOM,Dominican Republic,Year,2022,TRUE,Residence Area Type,Total,RESIDENCEAREATYPE_TOTL,96.75,97,EN,2023-07-09T17:00:00.000Z
AMR,Americas,Country,DOM,Dominican Republic,Year,2021,FALSE,Residence Area Type,Total,RESIDENCEAREATYPE_TOTL,96.7,97,EN,2023-07-09T17:00:00.000Z
AMR,Americas,Country,DOM,Dominican Republic,Year,2020,FALSE,Residence Area Type,Total,RESIDENCEAREATYPE_TOTL,96.31,96,EN,2023-07-09T17:00:00.000Z
AMR,Americas,Country,DOM,Dominican Republic,Year,2019,FALSE,Residence Area Type,Total,RESIDENCEAREATYPE_TOTL,96.14,96,EN,2023-07-09T17:00:00.000Z
AMR,Americas,Country,DOM,Dominican Republic,Year,2018,FALSE,Residence Area Type,Total,RESIDENCEAREATYPE_TOTL,95.96,96,EN,2023-07-09T17:00:00.000Z
AMR,Americas,Country,DOM,Dominican Republic,Year,2017,FALSE,Residence Area Type,Total,RESIDENCEAREATYPE_TOTL,95.78,96,EN,2023-07-09T17:00:00.000Z
AMR,Americas,Country,DOM,Dominican Republic,Year,2016,FALSE,Residence Area Type,Total,RESIDENCEAREATYPE_TOTL,95.58,96,EN,2023-07-09T17:00:00.000Z
AMR,Americas,Country,DOM,Dominican Republic,Year,2015,FALSE,Residence Area Type,Total,RESIDENCEAREATYPE_TOTL,95.37,95,EN,2023-07-09T17:00:00.000Z
AMR,Americas,Country,DOM,Dominican Republic,Year,2014,FALSE,Residence Area Type,Total,RESIDENCEAREATYPE_TOTL,95.16,95,EN,2023-07-09T17:00:00.000Z
AMR,Americas,Country,DOM,Dominican Republic,Year,2013,FALSE,Residence Area Type,Total,RESIDENCEAREATYPE_TOTL,94.93,95,EN,2023-07-09T17:00:00.000Z
AMR,Americas,Country,DOM,Dominican Republic,Year,2012,FALSE,Residence Area Type,Total,RESIDENCEAREATYPE_TOTL,94.69,95,EN,2023-07-09T17:00:00.000Z
AMR,Americas,Country,DOM,Dominican Republic,Year,2011,FALSE,Residence Area Type,Total,RESIDENCEAREATYPE_TOTL,94.44,94,EN,2023-07-09T17:00:00.000Z
AMR,Americas,Country,DOM,Dominican Republic,Year,2010,FALSE,Residence Area Type,Total,RESIDENCEAREATYPE_TOTL,94.18,94,EN,2023-07-09T17:00:00.000Z
AMR,Americas,Country,DOM,Dominican Republic,Year,2009,FALSE,Residence Area Type,Total,RESIDENCEAREATYPE_TOTL,93.88,94,EN,2023-07-09T17:00:00.000Z
AMR,Americas,Country,DOM,Dominican Republic,Year,2008,FALSE,Residence Area Type,Total,RESIDENCEAREATYPE_TOTL,93.57,94,EN,2023-07-09T17:00:00.000Z
AMR,Americas,Country,DOM,Dominican Republic,Year,2007,FALSE,Residence Area Type,Total,RESIDENCEAREATYPE_TOTL,93.25,93,EN,2023-07-09T17:00:00.000Z
AMR,Americas,Country,DOM,Dominican Republic,Year,2006,FALSE,Residence Area Type,Total,RESIDENCEAREATYPE_TOTL,92.91,93,EN,2023-07-09T17:00:00.000Z
AMR,Americas,Country,DOM,Dominican Republic,Year,2005,FALSE,Residence Area Type,Total,RESIDENCEAREATYPE_TOTL,92.56,93,EN,2023-07-09T17:00:00.000Z
AMR,Americas,Country,DOM,Dominican Republic,Year,2004,FALSE,Residence Area Type,Total,RESIDENCEAREATYPE_TOTL,92.19,92,EN,2023-07-09T17:00:00.000Z
AMR,Americas,Country,DOM,Dominican Republic,Year,2003,FALSE,Residence Area Type,Total,RESIDENCEAREATYPE_TOTL,91.81,92,EN,2023-07-09T17:00:00.000Z
AMR,Americas,Country,DOM,Dominican Republic,Year,2002,FALSE,Residence Area Type,Total,RESIDENCEAREATYPE_TOTL,91.44,91,EN,2023-07-09T17:00:00.000Z
AMR,Americas,Country,DOM,Dominican Republic,Year,2001,FALSE,Residence Area Type,Total,RESIDENCEAREATYPE_TOTL,91.12,91,EN,2023-07-09T17:00:00.000Z
AMR,Americas,Country,DOM,Dominican Republic,Year,2000,FALSE,Residence Area Type,Total,RESIDENCEAREATYPE_TOTL,90.79,91,EN,2023-07-09T17:00:00.000Z
AMR,Americas,Country,ECU,Ecuador,Year,2022,TRUE,Residence Area Type,Total,RESIDENCEAREATYPE_TOTL,95.7,96,EN,2023-07-09T17:00:00.000Z
AMR,Americas,Country,ECU,Ecuador,Year,2021,FALSE,Residence Area Type,Total,RESIDENCEAREATYPE_TOTL,95.68,96,EN,2023-07-09T17:00:00.000Z
AMR,Americas,Country,ECU,Ecuador,Year,2020,FALSE,Residence Area Type,Total,RESIDENCEAREATYPE_TOTL,95.36,95,EN,2023-07-09T17:00:00.000Z
AMR,Americas,Country,ECU,Ecuador,Year,2019,FALSE,Residence Area Type,Total,RESIDENCEAREATYPE_TOTL,95.01,95,EN,2023-07-09T17:00:00.000Z
AMR,Americas,Country,ECU,Ecuador,Year,2018,FALSE,Residence Area Type,Total,RESIDENCEAREATYPE_TOTL,94.66,95,EN,2023-07-09T17:00:00.000Z
AMR,Americas,Country,ECU,Ecuador,Year,2017,FALSE,Residence Area Type,Total,RESIDENCEAREATYPE_TOTL,94.31,94,EN,2023-07-09T17:00:00.000Z
AMR,Americas,Country,ECU,Ecuador,Year,2016,FALSE,Residence Area Type,Total,RESIDENCEAREATYPE_TOTL,93.77,94,EN,2023-07-09T17:00:00.000Z
AMR,Americas,Country,ECU,Ecuador,Year,2015,FALSE,Residence Area Type,Total,RESIDENCEAREATYPE_TOTL,93.06,93,EN,2023-07-09T17:00:00.000Z
AMR,Americas,Country,ECU,Ecuador,Year,2014,FALSE,Residence Area Type,Total,RESIDENCEAREATYPE_TOTL,92.36,92,EN,2023-07-09T17:00:00.000Z
AMR,Americas,Country,ECU,Ecuador,Year,2013,FALSE,Residence Area Type,Total,RESIDENCEAREATYPE_TOTL,91.65,92,EN,2023-07-09T17:00:00.000Z
AMR,Americas,Country,ECU,Ecuador,Year,2012,FALSE,Residence Area Type,Total,RESIDENCEAREATYPE_TOTL,90.95,91,EN,2023-07-09T17:00:00.000Z
AMR,Americas,Country,ECU,Ecuador,Year,2011,FALSE,Residence Area Type,Total,RESIDENCEAREATYPE_TOTL,90.24,90,EN,2023-07-09T17:00:00.000Z
AMR,Americas,Country,ECU,Ecuador,Year,2010,FALSE,Residence Area Type,Total,RESIDENCEAREATYPE_TOTL,89.53,90,EN,2023-07-09T17:00:00.000Z
AMR,Americas,Country,ECU,Ecuador,Year,2009,FALSE,Residence Area Type,Total,RESIDENCEAREATYPE_TOTL,88.81,89,EN,2023-07-09T17:00:00.000Z
AMR,Americas,Country,ECU,Ecuador,Year,2008,FALSE,Residence Area Type,Total,RESIDENCEAREATYPE_TOTL,88.1,88,EN,2023-07-09T17:00:00.000Z
AMR,Americas,Country,ECU,Ecuador,Year,2007,FALSE,Residence Area Type,Total,RESIDENCEAREATYPE_TOTL,87.38,87,EN,2023-07-09T17:00:00.000Z
AMR,Americas,Country,ECU,Ecuador,Year,2006,FALSE,Residence Area Type,Total,RESIDENCEAREATYPE_TOTL,86.66,87,EN,2023-07-09T17:00:00.000Z
AMR,Americas,Country,ECU,Ecuador,Year,2005,FALSE,Residence Area Type,Total,RESIDENCEAREATYPE_TOTL,85.94,86,EN,2023-07-09T17:00:00.000Z
AMR,Americas,Country,ECU,Ecuador,Year,2004,FALSE,Residence Area Type,Total,RESIDENCEAREATYPE_TOTL,85.22,85,EN,2023-07-09T17:00:00.000Z
AMR,Americas,Country,ECU,Ecuador,Year,2003,FALSE,Residence Area Type,Total,RESIDENCEAREATYPE_TOTL,84.5,85,EN,2023-07-09T17:00:00.000Z
AMR,Americas,Country,ECU,Ecuador,Year,2002,FALSE,Residence Area Type,Total,RESIDENCEAREATYPE_TOTL,83.79,84,EN,2023-07-09T17:00:00.000Z
AMR,Americas,Country,ECU,Ecuador,Year,2001,FALSE,Residence Area Type,Total,RESIDENCEAREATYPE_TOTL,83.04,83,EN,2023-07-09T17:00:00.000Z
AMR,Americas,Country,ECU,Ecuador,Year,2000,FALSE,Residence Area Type,Total,RESIDENCEAREATYPE_TOTL,82.31,82,EN,2023-07-09T17:00:00.000Z
EMR,Eastern Mediterranean,Country,EGY,Egypt,Year,2022,TRUE,Residence Area Type,Total,RESIDENCEAREATYPE_TOTL,98.77,99,EN,2023-07-09T17:00:00.000Z
EMR,Eastern Mediterranean,Country,EGY,Egypt,Year,2021,FALSE,Residence Area Type,Total,RESIDENCEAREATYPE_TOTL,98.77,99,EN,2023-07-09T17:00:00.000Z
EMR,Eastern Mediterranean,Country,EGY,Egypt,Year,2020,FALSE,Residence Area Type,Total,RESIDENCEAREATYPE_TOTL,98.77,99,EN,2023-07-09T17:00:00.000Z
EMR,Eastern Mediterranean,Country,EGY,Egypt,Year,2019,FALSE,Residence Area Type,Total,RESIDENCEAREATYPE_TOTL,98.76,99,EN,2023-07-09T17:00:00.000Z
EMR,Eastern Mediterranean,Country,EGY,Egypt,Year,2018,FALSE,Residence Area Type,Total,RESIDENCEAREATYPE_TOTL,98.76,99,EN,2023-07-09T17:00:00.000Z
EMR,Eastern Mediterranean,Country,EGY,Egypt,Year,2017,FALSE,Residence Area Type,Total,RESIDENCEAREATYPE_TOTL,98.75,99,EN,2023-07-09T17:00:00.000Z
EMR,Eastern Mediterranean,Country,EGY,Egypt,Year,2016,FALSE,Residence Area Type,Total,RESIDENCEAREATYPE_TOTL,98.72,99,EN,2023-07-09T17:00:00.000Z
EMR,Eastern Mediterranean,Country,EGY,Egypt,Year,2015,FALSE,Residence Area Type,Total,RESIDENCEAREATYPE_TOTL,98.69,99,EN,2023-07-09T17:00:00.000Z
EMR,Eastern Mediterranean,Country,EGY,Egypt,Year,2014,FALSE,Residence Area Type,Total,RESIDENCEAREATYPE_TOTL,98.66,99,EN,2023-07-09T17:00:00.000Z
EMR,Eastern Mediterranean,Country,EGY,Egypt,Year,2013,FALSE,Residence Area Type,Total,RESIDENCEAREATYPE_TOTL,98.63,99,EN,2023-07-09T17:00:00.000Z
EMR,Eastern Mediterranean,Country,EGY,Egypt,Year,2012,FALSE,Residence Area Type,Total,RESIDENCEAREATYPE_TOTL,98.6,99,EN,2023-07-09T17:00:00.000Z
EMR,Eastern Mediterranean,Country,EGY,Egypt,Year,2011,FALSE,Residence Area Type,Total,RESIDENCEAREATYPE_TOTL,98.57,99,EN,2023-07-09T17:00:00.000Z
EMR,Eastern Mediterranean,Country,EGY,Egypt,Year,2010,FALSE,Residence Area Type,Total,RESIDENCEAREATYPE_TOTL,98.54,99,EN,2023-07-09T17:00:00.000Z
EMR,Eastern Mediterranean,Country,EGY,Egypt,Year,2009,FALSE,Residence Area Type,Total,RESIDENCEAREATYPE_TOTL,98.52,99,EN,2023-07-09T17:00:00.000Z
EMR,Eastern Mediterranean,Country,EGY,Egypt,Year,2008,FALSE,Residence Area Type,Total,RESIDENCEAREATYPE_TOTL,98.49,98,EN,2023-07-09T17:00:00.000Z
EMR,Eastern Mediterranean,Country,EGY,Egypt,Year,2007,FALSE,Residence Area Type,Total,RESIDENCEAREATYPE_TOTL,98.46,98,EN,2023-07-09T17:00:00.000Z
EMR,Eastern Mediterranean,Country,EGY,Egypt,Year,2006,FALSE,Residence Area Type,Total,RESIDENCEAREATYPE_TOTL,98.43,98,EN,2023-07-09T17:00:00.000Z
EMR,Eastern Mediterranean,Country,EGY,Egypt,Year,2005,FALSE,Residence Area Type,Total,RESIDENCEAREATYPE_TOTL,98.4,98,EN,2023-07-09T17:00:00.000Z
EMR,Eastern Mediterranean,Country,EGY,Egypt,Year,2004,FALSE,Residence Area Type,Total,RESIDENCEAREATYPE_TOTL,98.37,98,EN,2023-07-09T17:00:00.000Z
EMR,Eastern Mediterranean,Country,EGY,Egypt,Year,2003,FALSE,Residence Area Type,Total,RESIDENCEAREATYPE_TOTL,98.34,98,EN,2023-07-09T17:00:00.000Z
EMR,Eastern Mediterranean,Country,EGY,Egypt,Year,2002,FALSE,Residence Area Type,Total,RESIDENCEAREATYPE_TOTL,98.3,98,EN,2023-07-09T17:00:00.000Z
EMR,Eastern Mediterranean,Country,EGY,Egypt,Year,2001,FALSE,Residence Area Type,Total,RESIDENCEAREATYPE_TOTL,98.27,98,EN,2023-07-09T17:00:00.000Z
EMR,Eastern Mediterranean,Country,EGY,Egypt,Year,2000,FALSE,Residence Area Type,Total,RESIDENCEAREATYPE_TOTL,98.24,98,EN,2023-07-09T17:00:00.000Z
AMR,Americas,Country,SLV,El Salvador,Year,2022,TRUE,Residence Area Type,Total,RESIDENCEAREATYPE_TOTL,98.59,99,EN,2023-07-09T17:00:00.000Z
AMR,Americas,Country,SLV,El Salvador,Year,2021,FALSE,Residence Area Type,Total,RESIDENCEAREATYPE_TOTL,98.19,98,EN,2023-07-09T17:00:00.000Z
AMR,Americas,Country,SLV,El Salvador,Year,2020,FALSE,Residence Area Type,Total,RESIDENCEAREATYPE_TOTL,98.03,98,EN,2023-07-09T17:00:00.000Z
AMR,Americas,Country,SLV,El Salvador,Year,2019,FALSE,Residence Area Type,Total,RESIDENCEAREATYPE_TOTL,97.82,98,EN,2023-07-09T17:00:00.000Z
AMR,Americas,Country,SLV,El Salvador,Year,2018,FALSE,Residence Area Type,Total,RESIDENCEAREATYPE_TOTL,97.38,97,EN,2023-07-09T17:00:00.000Z
AMR,Americas,Country,SLV,El Salvador,Year,2017,FALSE,Residence Area Type,Total,RESIDENCEAREATYPE_TOTL,96.81,97,EN,2023-07-09T17:00:00.000Z
AMR,Americas,Country,SLV,El Salvador,Year,2016,FALSE,Residence Area Type,Total,RESIDENCEAREATYPE_TOTL,96.21,96,EN,2023-07-09T17:00:00.000Z
AMR,Americas,Country,SLV,El Salvador,Year,2015,FALSE,Residence Area Type,Total,RESIDENCEAREATYPE_TOTL,95.24,95,EN,2023-07-09T17:00:00.000Z
AMR,Americas,Country,SLV,El Salvador,Year,2014,FALSE,Residence Area Type,Total,RESIDENCEAREATYPE_TOTL,94.15,94,EN,2023-07-09T17:00:00.000Z
AMR,Americas,Country,SLV,El Salvador,Year,2013,FALSE,Residence Area Type,Total,RESIDENCEAREATYPE_TOTL,93.05,93,EN,2023-07-09T17:00:00.000Z
AMR,Americas,Country,SLV,El Salvador,Year,2012,FALSE,Residence Area Type,Total,RESIDENCEAREATYPE_TOTL,91.92,92,EN,2023-07-09T17:00:00.000Z
AMR,Americas,Country,SLV,El Salvador,Year,2011,FALSE,Residence Area Type,Total,RESIDENCEAREATYPE_TOTL,90.76,91,EN,2023-07-09T17:00:00.000Z
AMR,Americas,Country,SLV,El Salvador,Year,2010,FALSE,Residence Area Type,Total,RESIDENCEAREATYPE_TOTL,89.58,90,EN,2023-07-09T17:00:00.000Z
AMR,Americas,Country,SLV,El Salvador,Year,2009,FALSE,Residence Area Type,Total,RESIDENCEAREATYPE_TOTL,88.38,88,EN,2023-07-09T17:00:00.000Z
AMR,Americas,Country,SLV,El Salvador,Year,2008,FALSE,Residence Area Type,Total,RESIDENCEAREATYPE_TOTL,87.16,87,EN,2023-07-09T17:00:00.000Z
AMR,Americas,Country,SLV,El Salvador,Year,2007,FALSE,Residence Area Type,Total,RESIDENCEAREATYPE_TOTL,85.92,86,EN,2023-07-09T17:00:00.000Z
AMR,Americas,Country,SLV,El Salvador,Year,2006,FALSE,Residence Area Type,Total,RESIDENCEAREATYPE_TOTL,84.74,85,EN,2023-07-09T17:00:00.000Z
AMR,Americas,Country,SLV,El Salvador,Year,2005,FALSE,Residence Area Type,Total,RESIDENCEAREATYPE_TOTL,83.57,84,EN,2023-07-09T17:00:00.000Z
AMR,Americas,Country,SLV,El Salvador,Year,2004,FALSE,Residence Area Type,Total,RESIDENCEAREATYPE_TOTL,82.4,82,EN,2023-07-09T17:00:00.000Z
AMR,Americas,Country,SLV,El Salvador,Year,2003,FALSE,Residence Area Type,Total,RESIDENCEAREATYPE_TOTL,81.22,81,EN,2023-07-09T17:00:00.000Z
AMR,Americas,Country,SLV,El Salvador,Year,2002,FALSE,Residence Area Type,Total,RESIDENCEAREATYPE_TOTL,80.03,80,EN,2023-07-09T17:00:00.000Z
AMR,Americas,Country,SLV,El Salvador,Year,2001,FALSE,Residence Area Type,Total,RESIDENCEAREATYPE_TOTL,78.84,79,EN,2023-07-09T17:00:00.000Z
AMR,Americas,Country,SLV,El Salvador,Year,2000,FALSE,Residence Area Type,Total,RESIDENCEAREATYPE_TOTL,78.64,79,EN,2023-07-09T17:00:00.000Z
AFR,Africa,Country,GNQ,Equatorial Guinea,Year,2017,TRUE,Residence Area Type,Total,RESIDENCEAREATYPE_TOTL,64.67,65,EN,2023-07-09T17:00:00.000Z
AFR,Africa,Country,GNQ,Equatorial Guinea,Year,2016,FALSE,Residence Area Type,Total,RESIDENCEAREATYPE_TOTL,64.43,64,EN,2023-07-09T17:00:00.000Z
AFR,Africa,Country,GNQ,Equatorial Guinea,Year,2015,FALSE,Residence Area Type,Total,RESIDENCEAREATYPE_TOTL,64.18,64,EN,2023-07-09T17:00:00.000Z
AFR,Africa,Country,GNQ,Equatorial Guinea,Year,2014,FALSE,Residence Area Type,Total,RESIDENCEAREATYPE_TOTL,63.93,64,EN,2023-07-09T17:00:00.000Z
AFR,Africa,Country,GNQ,Equatorial Guinea,Year,2013,FALSE,Residence Area Type,Total,RESIDENCEAREATYPE_TOTL,63.67,64,EN,2023-07-09T17:00:00.000Z
AFR,Africa,Country,GNQ,Equatorial Guinea,Year,2012,FALSE,Residence Area Type,Total,RESIDENCEAREATYPE_TOTL,62.85,63,EN,2023-07-09T17:00:00.000Z
AFR,Africa,Country,GNQ,Equatorial Guinea,Year,2011,FALSE,Residence Area Type,Total,RESIDENCEAREATYPE_TOTL,61.63,62,EN,2023-07-09T17:00:00.000Z
AFR,Africa,Country,GNQ,Equatorial Guinea,Year,2010,FALSE,Residence Area Type,Total,RESIDENCEAREATYPE_TOTL,60.44,60,EN,2023-07-09T17:00:00.000Z
AFR,Africa,Country,GNQ,Equatorial Guinea,Year,2009,FALSE,Residence Area Type,Total,RESIDENCEAREATYPE_TOTL,59.29,59,EN,2023-07-09T17:00:00.000Z
AFR,Africa,Country,GNQ,Equatorial Guinea,Year,2008,FALSE,Residence Area Type,Total,RESIDENCEAREATYPE_TOTL,58.18,58,EN,2023-07-09T17:00:00.000Z
AFR,Africa,Country,GNQ,Equatorial Guinea,Year,2007,FALSE,Residence Area Type,Total,RESIDENCEAREATYPE_TOTL,57.12,57,EN,2023-07-09T17:00:00.000Z
AFR,Africa,Country,GNQ,Equatorial Guinea,Year,2006,FALSE,Residence Area Type,Total,RESIDENCEAREATYPE_TOTL,56.1,56,EN,2023-07-09T17:00:00.000Z
AFR,Africa,Country,GNQ,Equatorial Guinea,Year,2005,FALSE,Residence Area Type,Total,RESIDENCEAREATYPE_TOTL,55.13,55,EN,2023-07-09T17:00:00.000Z
AFR,Africa,Country,GNQ,Equatorial Guinea,Year,2004,FALSE,Residence Area Type,Total,RESIDENCEAREATYPE_TOTL,54.22,54,EN,2023-07-09T17:00:00.000Z
AFR,Africa,Country,GNQ,Equatorial Guinea,Year,2003,FALSE,Residence Area Type,Total,RESIDENCEAREATYPE_TOTL,53.35,53,EN,2023-07-09T17:00:00.000Z
AFR,Africa,Country,GNQ,Equatorial Guinea,Year,2002,FALSE,Residence Area Type,Total,RESIDENCEAREATYPE_TOTL,52.54,53,EN,2023-07-09T17:00:00.000Z
AFR,Africa,Country,GNQ,Equatorial Guinea,Year,2001,FALSE,Residence Area Type,Total,RESIDENCEAREATYPE_TOTL,51.79,52,EN,2023-07-09T17:00:00.000Z
AFR,Africa,Country,GNQ,Equatorial Guinea,Year,2000,FALSE,Residence Area Type,Total,RESIDENCEAREATYPE_TOTL,51.1,51,EN,2023-07-09T17:00:00.000Z
AFR,Africa,Country,ERI,Eritrea,Year,2016,TRUE,Residence Area Type,Total,RESIDENCEAREATYPE_TOTL,51.85,52,EN,2023-07-09T17:00:00.000Z
AFR,Africa,Country,ERI,Eritrea,Year,2015,FALSE,Residence Area Type,Total,RESIDENCEAREATYPE_TOTL,51.47,51,EN,2023-07-09T17:00:00.000Z
AFR,Africa,Country,ERI,Eritrea,Year,2014,FALSE,Residence Area Type,Total,RESIDENCEAREATYPE_TOTL,51.08,51,EN,2023-07-09T17:00:00.000Z
AFR,Africa,Country,ERI,Eritrea,Year,2013,FALSE,Residence Area Type,Total,RESIDENCEAREATYPE_TOTL,50.71,51,EN,2023-07-09T17:00:00.000Z
AFR,Africa,Country,ERI,Eritrea,Year,2012,FALSE,Residence Area Type,Total,RESIDENCEAREATYPE_TOTL,50.33,50,EN,2023-07-09T17:00:00.000Z
AFR,Africa,Country,ERI,Eritrea,Year,2011,FALSE,Residence Area Type,Total,RESIDENCEAREATYPE_TOTL,50.15,50,EN,2023-07-09T17:00:00.000Z
AFR,Africa,Country,ERI,Eritrea,Year,2010,FALSE,Residence Area Type,Total,RESIDENCEAREATYPE_TOTL,49.98,50,EN,2023-07-09T17:00:00.000Z
AFR,Africa,Country,ERI,Eritrea,Year,2009,FALSE,Residence Area Type,Total,RESIDENCEAREATYPE_TOTL,49.81,50,EN,2023-07-09T17:00:00.000Z
AFR,Africa,Country,ERI,Eritrea,Year,2008,FALSE,Residence Area Type,Total,RESIDENCEAREATYPE_TOTL,49.65,50,EN,2023-07-09T17:00:00.000Z
AFR,Africa,Country,ERI,Eritrea,Year,2007,FALSE,Residence Area Type,Total,RESIDENCEAREATYPE_TOTL,49.25,49,EN,2023-07-09T17:00:00.000Z
AFR,Africa,Country,ERI,Eritrea,Year,2006,FALSE,Residence Area Type,Total,RESIDENCEAREATYPE_TOTL,48.86,49,EN,2023-07-09T17:00:00.000Z
AFR,Africa,Country,ERI,Eritrea,Year,2005,FALSE,Residence Area Type,Total,RESIDENCEAREATYPE_TOTL,48.48,48,EN,2023-07-09T17:00:00.000Z
AFR,Africa,Country,ERI,Eritrea,Year,2004,FALSE,Residence Area Type,Total,RESIDENCEAREATYPE_TOTL,48.12,48,EN,2023-07-09T17:00:00.000Z
AFR,Africa,Country,ERI,Eritrea,Year,2003,FALSE,Residence Area Type,Total,RESIDENCEAREATYPE_TOTL,47.78,48,EN,2023-07-09T17:00:00.000Z
AFR,Africa,Country,ERI,Eritrea,Year,2002,FALSE,Residence Area Type,Total,RESIDENCEAREATYPE_TOTL,47.44,47,EN,2023-07-09T17:00:00.000Z
AFR,Africa,Country,ERI,Eritrea,Year,2001,FALSE,Residence Area Type,Total,RESIDENCEAREATYPE_TOTL,47.12,47,EN,2023-07-09T17:00:00.000Z
AFR,Africa,Country,ERI,Eritrea,Year,2000,FALSE,Residence Area Type,Total,RESIDENCEAREATYPE_TOTL,46.81,47,EN,2023-07-09T17:00:00.000Z
EUR,Europe,Country,EST,Estonia,Year,2022,TRUE,Residence Area Type,Total,RESIDENCEAREATYPE_TOTL,100,100,EN,2023-07-09T17:00:00.000Z
EUR,Europe,Country,EST,Estonia,Year,2021,FALSE,Residence Area Type,Total,RESIDENCEAREATYPE_TOTL,100,100,EN,2023-07-09T17:00:00.000Z
EUR,Europe,Country,EST,Estonia,Year,2020,FALSE,Residence Area Type,Total,RESIDENCEAREATYPE_TOTL,100,100,EN,2023-07-09T17:00:00.000Z
EUR,Europe,Country,EST,Estonia,Year,2019,FALSE,Residence Area Type,Total,RESIDENCEAREATYPE_TOTL,99.99,100,EN,2023-07-09T17:00:00.000Z
EUR,Europe,Country,EST,Estonia,Year,2018,FALSE,Residence Area Type,Total,RESIDENCEAREATYPE_TOTL,99.96,100,EN,2023-07-09T17:00:00.000Z
EUR,Europe,Country,EST,Estonia,Year,2017,FALSE,Residence Area Type,Total,RESIDENCEAREATYPE_TOTL,99.94,100,EN,2023-07-09T17:00:00.000Z
EUR,Europe,Country,EST,Estonia,Year,2016,FALSE,Residence Area Type,Total,RESIDENCEAREATYPE_TOTL,99.92,100,EN,2023-07-09T17:00:00.000Z
EUR,Europe,Country,EST,Estonia,Year,2015,FALSE,Residence Area Type,Total,RESIDENCEAREATYPE_TOTL,99.89,100,EN,2023-07-09T17:00:00.000Z
EUR,Europe,Country,EST,Estonia,Year,2014,FALSE,Residence Area Type,Total,RESIDENCEAREATYPE_TOTL,99.72,100,EN,2023-07-09T17:00:00.000Z
EUR,Europe,Country,EST,Estonia,Year,2013,FALSE,Residence Area Type,Total,RESIDENCEAREATYPE_TOTL,99.54,100,EN,2023-07-09T17:00:00.000Z
EUR,Europe,Country,EST,Estonia,Year,2012,FALSE,Residence Area Type,Total,RESIDENCEAREATYPE_TOTL,99.37,99,EN,2023-07-09T17:00:00.000Z
EUR,Europe,Country,EST,Estonia,Year,2011,FALSE,Residence Area Type,Total,RESIDENCEAREATYPE_TOTL,99.19,99,EN,2023-07-09T17:00:00.000Z
EUR,Europe,Country,EST,Estonia,Year,2010,FALSE,Residence Area Type,Total,RESIDENCEAREATYPE_TOTL,99.02,99,EN,2023-07-09T17:00:00.000Z
EUR,Europe,Country,EST,Estonia,Year,2009,FALSE,Residence Area Type,Total,RESIDENCEAREATYPE_TOTL,98.85,99,EN,2023-07-09T17:00:00.000Z
EUR,Europe,Country,EST,Estonia,Year,2008,FALSE,Residence Area Type,Total,RESIDENCEAREATYPE_TOTL,98.68,99,EN,2023-07-09T17:00:00.000Z
EUR,Europe,Country,EST,Estonia,Year,2007,FALSE,Residence Area Type,Total,RESIDENCEAREATYPE_TOTL,98.51,99,EN,2023-07-09T17:00:00.000Z
EUR,Europe,Country,EST,Estonia,Year,2006,FALSE,Residence Area Type,Total,RESIDENCEAREATYPE_TOTL,98.34,98,EN,2023-07-09T17:00:00.000Z
EUR,Europe,Country,EST,Estonia,Year,2005,FALSE,Residence Area Type,Total,RESIDENCEAREATYPE_TOTL,98.18,98,EN,2023-07-09T17:00:00.000Z
EUR,Europe,Country,EST,Estonia,Year,2004,FALSE,Residence Area Type,Total,RESIDENCEAREATYPE_TOTL,98.01,98,EN,2023-07-09T17:00:00.000Z
EUR,Europe,Country,EST,Estonia,Year,2003,FALSE,Residence Area Type,Total,RESIDENCEAREATYPE_TOTL,97.85,98,EN,2023-07-09T17:00:00.000Z
EUR,Europe,Country,EST,Estonia,Year,2002,FALSE,Residence Area Type,Total,RESIDENCEAREATYPE_TOTL,97.69,98,EN,2023-07-09T17:00:00.000Z
EUR,Europe,Country,EST,Estonia,Year,2001,FALSE,Residence Area Type,Total,RESIDENCEAREATYPE_TOTL,97.52,98,EN,2023-07-09T17:00:00.000Z
EUR,Europe,Country,EST,Estonia,Year,2000,FALSE,Residence Area Type,Total,RESIDENCEAREATYPE_TOTL,97.36,97,EN,2023-07-09T17:00:00.000Z
AFR,Africa,Country,SWZ,Eswatini,Year,2022,TRUE,Residence Area Type,Total,RESIDENCEAREATYPE_TOTL,73.47,73,EN,2023-07-09T17:00:00.000Z
AFR,Africa,Country,SWZ,Eswatini,Year,2021,FALSE,Residence Area Type,Total,RESIDENCEAREATYPE_TOTL,72.45,72,EN,2023-07-09T17:00:00.000Z
AFR,Africa,Country,SWZ,Eswatini,Year,2020,FALSE,Residence Area Type,Total,RESIDENCEAREATYPE_TOTL,71.44,71,EN,2023-07-09T17:00:00.000Z
AFR,Africa,Country,SWZ,Eswatini,Year,2019,FALSE,Residence Area Type,Total,RESIDENCEAREATYPE_TOTL,70.43,70,EN,2023-07-09T17:00:00.000Z
AFR,Africa,Country,SWZ,Eswatini,Year,2018,FALSE,Residence Area Type,Total,RESIDENCEAREATYPE_TOTL,69.41,69,EN,2023-07-09T17:00:00.000Z
AFR,Africa,Country,SWZ,Eswatini,Year,2017,FALSE,Residence Area Type,Total,RESIDENCEAREATYPE_TOTL,68.4,68,EN,2023-07-09T17:00:00.000Z
AFR,Africa,Country,SWZ,Eswatini,Year,2016,FALSE,Residence Area Type,Total,RESIDENCEAREATYPE_TOTL,67.39,67,EN,2023-07-09T17:00:00.000Z
AFR,Africa,Country,SWZ,Eswatini,Year,2015,FALSE,Residence Area Type,Total,RESIDENCEAREATYPE_TOTL,66.53,67,EN,2023-07-09T17:00:00.000Z
AFR,Africa,Country,SWZ,Eswatini,Year,2014,FALSE,Residence Area Type,Total,RESIDENCEAREATYPE_TOTL,65.66,66,EN,2023-07-09T17:00:00.000Z
AFR,Africa,Country,SWZ,Eswatini,Year,2013,FALSE,Residence Area Type,Total,RESIDENCEAREATYPE_TOTL,64.78,65,EN,2023-07-09T17:00:00.000Z
AFR,Africa,Country,SWZ,Eswatini,Year,2012,FALSE,Residence Area Type,Total,RESIDENCEAREATYPE_TOTL,63.9,64,EN,2023-07-09T17:00:00.000Z
AFR,Africa,Country,SWZ,Eswatini,Year,2011,FALSE,Residence Area Type,Total,RESIDENCEAREATYPE_TOTL,63.01,63,EN,2023-07-09T17:00:00.000Z
AFR,Africa,Country,SWZ,Eswatini,Year,2010,FALSE,Residence Area Type,Total,RESIDENCEAREATYPE_TOTL,62.08,62,EN,2023-07-09T17:00:00.000Z
AFR,Africa,Country,SWZ,Eswatini,Year,2009,FALSE,Residence Area Type,Total,RESIDENCEAREATYPE_TOTL,61.15,61,EN,2023-07-09T17:00:00.000Z
AFR,Africa,Country,SWZ,Eswatini,Year,2008,FALSE,Residence Area Type,Total,RESIDENCEAREATYPE_TOTL,60.21,60,EN,2023-07-09T17:00:00.000Z
AFR,Africa,Country,SWZ,Eswatini,Year,2007,FALSE,Residence Area Type,Total,RESIDENCEAREATYPE_TOTL,59.26,59,EN,2023-07-09T17:00:00.000Z
AFR,Africa,Country,SWZ,Eswatini,Year,2006,FALSE,Residence Area Type,Total,RESIDENCEAREATYPE_TOTL,58.42,58,EN,2023-07-09T17:00:00.000Z
AFR,Africa,Country,SWZ,Eswatini,Year,2005,FALSE,Residence Area Type,Total,RESIDENCEAREATYPE_TOTL,57.6,58,EN,2023-07-09T17:00:00.000Z
AFR,Africa,Country,SWZ,Eswatini,Year,2004,FALSE,Residence Area Type,Total,RESIDENCEAREATYPE_TOTL,56.77,57,EN,2023-07-09T17:00:00.000Z
AFR,Africa,Country,SWZ,Eswatini,Year,2003,FALSE,Residence Area Type,Total,RESIDENCEAREATYPE_TOTL,55.94,56,EN,2023-07-09T17:00:00.000Z
AFR,Africa,Country,SWZ,Eswatini,Year,2002,FALSE,Residence Area Type,Total,RESIDENCEAREATYPE_TOTL,55.1,55,EN,2023-07-09T17:00:00.000Z
AFR,Africa,Country,SWZ,Eswatini,Year,2001,FALSE,Residence Area Type,Total,RESIDENCEAREATYPE_TOTL,54.26,54,EN,2023-07-09T17:00:00.000Z
AFR,Africa,Country,SWZ,Eswatini,Year,2000,FALSE,Residence Area Type,Total,RESIDENCEAREATYPE_TOTL,53.41,53,EN,2023-07-09T17:00:00.000Z
AFR,Africa,Country,ETH,Ethiopia,Year,2022,TRUE,Residence Area Type,Total,RESIDENCEAREATYPE_TOTL,51.51,52,EN,2023-07-09T17:00:00.000Z
AFR,Africa,Country,ETH,Ethiopia,Year,2021,FALSE,Residence Area Type,Total,RESIDENCEAREATYPE_TOTL,50.04,50,EN,2023-07-09T17:00:00.000Z
AFR,Africa,Country,ETH,Ethiopia,Year,2020,FALSE,Residence Area Type,Total,RESIDENCEAREATYPE_TOTL,48.66,49,EN,2023-07-09T17:00:00.000Z
AFR,Africa,Country,ETH,Ethiopia,Year,2019,FALSE,Residence Area Type,Total,RESIDENCEAREATYPE_TOTL,47.25,47,EN,2023-07-09T17:00:00.000Z
AFR,Africa,Country,ETH,Ethiopia,Year,2018,FALSE,Residence Area Type,Total,RESIDENCEAREATYPE_TOTL,45.84,46,EN,2023-07-09T17:00:00.000Z
AFR,Africa,Country,ETH,Ethiopia,Year,2017,FALSE,Residence Area Type,Total,RESIDENCEAREATYPE_TOTL,44.41,44,EN,2023-07-09T17:00:00.000Z
AFR,Africa,Country,ETH,Ethiopia,Year,2016,FALSE,Residence Area Type,Total,RESIDENCEAREATYPE_TOTL,42.97,43,EN,2023-07-09T17:00:00.000Z
AFR,Africa,Country,ETH,Ethiopia,Year,2015,FALSE,Residence Area Type,Total,RESIDENCEAREATYPE_TOTL,41.51,42,EN,2023-07-09T17:00:00.000Z
AFR,Africa,Country,ETH,Ethiopia,Year,2014,FALSE,Residence Area Type,Total,RESIDENCEAREATYPE_TOTL,40.03,40,EN,2023-07-09T17:00:00.000Z
AFR,Africa,Country,ETH,Ethiopia,Year,2013,FALSE,Residence Area Type,Total,RESIDENCEAREATYPE_TOTL,38.55,39,EN,2023-07-09T17:00:00.000Z
AFR,Africa,Country,ETH,Ethiopia,Year,2012,FALSE,Residence Area Type,Total,RESIDENCEAREATYPE_TOTL,37.05,37,EN,2023-07-09T17:00:00.000Z
AFR,Africa,Country,ETH,Ethiopia,Year,2011,FALSE,Residence Area Type,Total,RESIDENCEAREATYPE_TOTL,35.53,36,EN,2023-07-09T17:00:00.000Z
AFR,Africa,Country,ETH,Ethiopia,Year,2010,FALSE,Residence Area Type,Total,RESIDENCEAREATYPE_TOTL,33.99,34,EN,2023-07-09T17:00:00.000Z
AFR,Africa,Country,ETH,Ethiopia,Year,2009,FALSE,Residence Area Type,Total,RESIDENCEAREATYPE_TOTL,32.44,32,EN,2023-07-09T17:00:00.000Z
AFR,Africa,Country,ETH,Ethiopia,Year,2008,FALSE,Residence Area Type,Total,RESIDENCEAREATYPE_TOTL,30.88,31,EN,2023-07-09T17:00:00.000Z
AFR,Africa,Country,ETH,Ethiopia,Year,2007,FALSE,Residence Area Type,Total,RESIDENCEAREATYPE_TOTL,29.3,29,EN,2023-07-09T17:00:00.000Z
AFR,Africa,Country,ETH,Ethiopia,Year,2006,FALSE,Residence Area Type,Total,RESIDENCEAREATYPE_TOTL,27.81,28,EN,2023-07-09T17:00:00.000Z
AFR,Africa,Country,ETH,Ethiopia,Year,2005,FALSE,Residence Area Type,Total,RESIDENCEAREATYPE_TOTL,26.32,26,EN,2023-07-09T17:00:00.000Z
AFR,Africa,Country,ETH,Ethiopia,Year,2004,FALSE,Residence Area Type,Total,RESIDENCEAREATYPE_TOTL,24.81,25,EN,2023-07-09T17:00:00.000Z
AFR,Africa,Country,ETH,Ethiopia,Year,2003,FALSE,Residence Area Type,Total,RESIDENCEAREATYPE_TOTL,23.3,23,EN,2023-07-09T17:00:00.000Z
AFR,Africa,Country,ETH,Ethiopia,Year,2002,FALSE,Residence Area Type,Total,RESIDENCEAREATYPE_TOTL,21.77,22,EN,2023-07-09T17:00:00.000Z
AFR,Africa,Country,ETH,Ethiopia,Year,2001,FALSE,Residence Area Type,Total,RESIDENCEAREATYPE_TOTL,20.23,20,EN,2023-07-09T17:00:00.000Z
AFR,Africa,Country,ETH,Ethiopia,Year,2000,FALSE,Residence Area Type,Total,RESIDENCEAREATYPE_TOTL,18.68,19,EN,2023-07-09T17:00:00.000Z
WPR,Western Pacific,Country,FJI,Fiji,Year,2022,TRUE,Residence Area Type,Total,RESIDENCEAREATYPE_TOTL,95.49,95,EN,2023-07-09T17:00:00.000Z
WPR,Western Pacific,Country,FJI,Fiji,Year,2021,FALSE,Residence Area Type,Total,RESIDENCEAREATYPE_TOTL,95.45,95,EN,2023-07-09T17:00:00.000Z
WPR,Western Pacific,Country,FJI,Fiji,Year,2020,FALSE,Residence Area Type,Total,RESIDENCEAREATYPE_TOTL,95.42,95,EN,2023-07-09T17:00:00.000Z
WPR,Western Pacific,Country,FJI,Fiji,Year,2019,FALSE,Residence Area Type,Total,RESIDENCEAREATYPE_TOTL,95.38,95,EN,2023-07-09T17:00:00.000Z
WPR,Western Pacific,Country,FJI,Fiji,Year,2018,FALSE,Residence Area Type,Total,RESIDENCEAREATYPE_TOTL,95.35,95,EN,2023-07-09T17:00:00.000Z
WPR,Western Pacific,Country,FJI,Fiji,Year,2017,FALSE,Residence Area Type,Total,RESIDENCEAREATYPE_TOTL,95.31,95,EN,2023-07-09T17:00:00.000Z
WPR,Western Pacific,Country,FJI,Fiji,Year,2016,FALSE,Residence Area Type,Total,RESIDENCEAREATYPE_TOTL,95.28,95,EN,2023-07-09T17:00:00.000Z
WPR,Western Pacific,Country,FJI,Fiji,Year,2015,FALSE,Residence Area Type,Total,RESIDENCEAREATYPE_TOTL,95.24,95,EN,2023-07-09T17:00:00.000Z
WPR,Western Pacific,Country,FJI,Fiji,Year,2014,FALSE,Residence Area Type,Total,RESIDENCEAREATYPE_TOTL,95.21,95,EN,2023-07-09T17:00:00.000Z
WPR,Western Pacific,Country,FJI,Fiji,Year,2013,FALSE,Residence Area Type,Total,RESIDENCEAREATYPE_TOTL,95.18,95,EN,2023-07-09T17:00:00.000Z
WPR,Western Pacific,Country,FJI,Fiji,Year,2012,FALSE,Residence Area Type,Total,RESIDENCEAREATYPE_TOTL,95.14,95,EN,2023-07-09T17:00:00.000Z
WPR,Western Pacific,Country,FJI,Fiji,Year,2011,FALSE,Residence Area Type,Total,RESIDENCEAREATYPE_TOTL,95.11,95,EN,2023-07-09T17:00:00.000Z
WPR,Western Pacific,Country,FJI,Fiji,Year,2010,FALSE,Residence Area Type,Total,RESIDENCEAREATYPE_TOTL,95.08,95,EN,2023-07-09T17:00:00.000Z
WPR,Western Pacific,Country,FJI,Fiji,Year,2009,FALSE,Residence Area Type,Total,RESIDENCEAREATYPE_TOTL,95.04,95,EN,2023-07-09T17:00:00.000Z
WPR,Western Pacific,Country,FJI,Fiji,Year,2008,FALSE,Residence Area Type,Total,RESIDENCEAREATYPE_TOTL,95.01,95,EN,2023-07-09T17:00:00.000Z
WPR,Western Pacific,Country,FJI,Fiji,Year,2007,FALSE,Residence Area Type,Total,RESIDENCEAREATYPE_TOTL,94.98,95,EN,2023-07-09T17:00:00.000Z
WPR,Western Pacific,Country,FJI,Fiji,Year,2006,FALSE,Residence Area Type,Total,RESIDENCEAREATYPE_TOTL,94.96,95,EN,2023-07-09T17:00:00.000Z
WPR,Western Pacific,Country,FJI,Fiji,Year,2005,FALSE,Residence Area Type,Total,RESIDENCEAREATYPE_TOTL,94.94,95,EN,2023-07-09T17:00:00.000Z
WPR,Western Pacific,Country,FJI,Fiji,Year,2004,FALSE,Residence Area Type,Total,RESIDENCEAREATYPE_TOTL,94.91,95,EN,2023-07-09T17:00:00.000Z
WPR,Western Pacific,Country,FJI,Fiji,Year,2003,FALSE,Residence Area Type,Total,RESIDENCEAREATYPE_TOTL,94.89,95,EN,2023-07-09T17:00:00.000Z
WPR,Western Pacific,Country,FJI,Fiji,Year,2002,FALSE,Residence Area Type,Total,RESIDENCEAREATYPE_TOTL,94.87,95,EN,2023-07-09T17:00:00.000Z
WPR,Western Pacific,Country,FJI,Fiji,Year,2001,FALSE,Residence Area Type,Total,RESIDENCEAREATYPE_TOTL,94.84,95,EN,2023-07-09T17:00:00.000Z
WPR,Western Pacific,Country,FJI,Fiji,Year,2000,FALSE,Residence Area Type,Total,RESIDENCEAREATYPE_TOTL,94.82,95,EN,2023-07-09T17:00:00.000Z
EUR,Europe,Country,FIN,Finland,Year,2022,TRUE,Residence Area Type,Total,RESIDENCEAREATYPE_TOTL,100,100,EN,2023-07-09T17:00:00.000Z
EUR,Europe,Country,FIN,Finland,Year,2021,FALSE,Residence Area Type,Total,RESIDENCEAREATYPE_TOTL,100,100,EN,2023-07-09T17:00:00.000Z
EUR,Europe,Country,FIN,Finland,Year,2020,FALSE,Residence Area Type,Total,RESIDENCEAREATYPE_TOTL,100,100,EN,2023-07-09T17:00:00.000Z
EUR,Europe,Country,FIN,Finland,Year,2019,FALSE,Residence Area Type,Total,RESIDENCEAREATYPE_TOTL,100,100,EN,2023-07-09T17:00:00.000Z
EUR,Europe,Country,FIN,Finland,Year,2018,FALSE,Residence Area Type,Total,RESIDENCEAREATYPE_TOTL,100,100,EN,2023-07-09T17:00:00.000Z
EUR,Europe,Country,FIN,Finland,Year,2017,FALSE,Residence Area Type,Total,RESIDENCEAREATYPE_TOTL,100,100,EN,2023-07-09T17:00:00.000Z
EUR,Europe,Country,FIN,Finland,Year,2016,FALSE,Residence Area Type,Total,RESIDENCEAREATYPE_TOTL,100,100,EN,2023-07-09T17:00:00.000Z
EUR,Europe,Country,FIN,Finland,Year,2015,FALSE,Residence Area Type,Total,RESIDENCEAREATYPE_TOTL,100,100,EN,2023-07-09T17:00:00.000Z
EUR,Europe,Country,FIN,Finland,Year,2014,FALSE,Residence Area Type,Total,RESIDENCEAREATYPE_TOTL,100,100,EN,2023-07-09T17:00:00.000Z
EUR,Europe,Country,FIN,Finland,Year,2013,FALSE,Residence Area Type,Total,RESIDENCEAREATYPE_TOTL,100,100,EN,2023-07-09T17:00:00.000Z
EUR,Europe,Country,FIN,Finland,Year,2012,FALSE,Residence Area Type,Total,RESIDENCEAREATYPE_TOTL,100,100,EN,2023-07-09T17:00:00.000Z
EUR,Europe,Country,FIN,Finland,Year,2011,FALSE,Residence Area Type,Total,RESIDENCEAREATYPE_TOTL,100,100,EN,2023-07-09T17:00:00.000Z
EUR,Europe,Country,FIN,Finland,Year,2010,FALSE,Residence Area Type,Total,RESIDENCEAREATYPE_TOTL,100,100,EN,2023-07-09T17:00:00.000Z
EUR,Europe,Country,FIN,Finland,Year,2009,FALSE,Residence Area Type,Total,RESIDENCEAREATYPE_TOTL,100,100,EN,2023-07-09T17:00:00.000Z
EUR,Europe,Country,FIN,Finland,Year,2008,FALSE,Residence Area Type,Total,RESIDENCEAREATYPE_TOTL,100,100,EN,2023-07-09T17:00:00.000Z
EUR,Europe,Country,FIN,Finland,Year,2007,FALSE,Residence Area Type,Total,RESIDENCEAREATYPE_TOTL,100,100,EN,2023-07-09T17:00:00.000Z
EUR,Europe,Country,FIN,Finland,Year,2006,FALSE,Residence Area Type,Total,RESIDENCEAREATYPE_TOTL,100,100,EN,2023-07-09T17:00:00.000Z
EUR,Europe,Country,FIN,Finland,Year,2005,FALSE,Residence Area Type,Total,RESIDENCEAREATYPE_TOTL,100,100,EN,2023-07-09T17:00:00.000Z
EUR,Europe,Country,FIN,Finland,Year,2004,FALSE,Residence Area Type,Total,RESIDENCEAREATYPE_TOTL,100,100,EN,2023-07-09T17:00:00.000Z
EUR,Europe,Country,FIN,Finland,Year,2003,FALSE,Residence Area Type,Total,RESIDENCEAREATYPE_TOTL,100,100,EN,2023-07-09T17:00:00.000Z
EUR,Europe,Country,FIN,Finland,Year,2002,FALSE,Residence Area Type,Total,RESIDENCEAREATYPE_TOTL,100,100,EN,2023-07-09T17:00:00.000Z
EUR,Europe,Country,FIN,Finland,Year,2001,FALSE,Residence Area Type,Total,RESIDENCEAREATYPE_TOTL,100,100,EN,2023-07-09T17:00:00.000Z
EUR,Europe,Country,FIN,Finland,Year,2000,FALSE,Residence Area Type,Total,RESIDENCEAREATYPE_TOTL,100,100,EN,2023-07-09T17:00:00.000Z
EUR,Europe,Country,FRA,France,Year,2022,TRUE,Residence Area Type,Total,RESIDENCEAREATYPE_TOTL,100,100,EN,2023-07-09T17:00:00.000Z
EUR,Europe,Country,FRA,France,Year,2021,FALSE,Residence Area Type,Total,RESIDENCEAREATYPE_TOTL,100,100,EN,2023-07-09T17:00:00.000Z
EUR,Europe,Country,FRA,France,Year,2020,FALSE,Residence Area Type,Total,RESIDENCEAREATYPE_TOTL,100,100,EN,2023-07-09T17:00:00.000Z
EUR,Europe,Country,FRA,France,Year,2019,FALSE,Residence Area Type,Total,RESIDENCEAREATYPE_TOTL,100,100,EN,2023-07-09T17:00:00.000Z
EUR,Europe,Country,FRA,France,Year,2018,FALSE,Residence Area Type,Total,RESIDENCEAREATYPE_TOTL,100,100,EN,2023-07-09T17:00:00.000Z
EUR,Europe,Country,FRA,France,Year,2017,FALSE,Residence Area Type,Total,RESIDENCEAREATYPE_TOTL,100,100,EN,2023-07-09T17:00:00.000Z
EUR,Europe,Country,FRA,France,Year,2016,FALSE,Residence Area Type,Total,RESIDENCEAREATYPE_TOTL,100,100,EN,2023-07-09T17:00:00.000Z
EUR,Europe,Country,FRA,France,Year,2015,FALSE,Residence Area Type,Total,RESIDENCEAREATYPE_TOTL,100,100,EN,2023-07-09T17:00:00.000Z
EUR,Europe,Country,FRA,France,Year,2014,FALSE,Residence Area Type,Total,RESIDENCEAREATYPE_TOTL,100,100,EN,2023-07-09T17:00:00.000Z
EUR,Europe,Country,FRA,France,Year,2013,FALSE,Residence Area Type,Total,RESIDENCEAREATYPE_TOTL,100,100,EN,2023-07-09T17:00:00.000Z
EUR,Europe,Country,FRA,France,Year,2012,FALSE,Residence Area Type,Total,RESIDENCEAREATYPE_TOTL,100,100,EN,2023-07-09T17:00:00.000Z
EUR,Europe,Country,FRA,France,Year,2011,FALSE,Residence Area Type,Total,RESIDENCEAREATYPE_TOTL,100,100,EN,2023-07-09T17:00:00.000Z
EUR,Europe,Country,FRA,France,Year,2010,FALSE,Residence Area Type,Total,RESIDENCEAREATYPE_TOTL,100,100,EN,2023-07-09T17:00:00.000Z
EUR,Europe,Country,FRA,France,Year,2009,FALSE,Residence Area Type,Total,RESIDENCEAREATYPE_TOTL,100,100,EN,2023-07-09T17:00:00.000Z
EUR,Europe,Country,FRA,France,Year,2008,FALSE,Residence Area Type,Total,RESIDENCEAREATYPE_TOTL,100,100,EN,2023-07-09T17:00:00.000Z
EUR,Europe,Country,FRA,France,Year,2007,FALSE,Residence Area Type,Total,RESIDENCEAREATYPE_TOTL,100,100,EN,2023-07-09T17:00:00.000Z
EUR,Europe,Country,FRA,France,Year,2006,FALSE,Residence Area Type,Total,RESIDENCEAREATYPE_TOTL,100,100,EN,2023-07-09T17:00:00.000Z
EUR,Europe,Country,FRA,France,Year,2005,FALSE,Residence Area Type,Total,RESIDENCEAREATYPE_TOTL,100,100,EN,2023-07-09T17:00:00.000Z
EUR,Europe,Country,FRA,France,Year,2004,FALSE,Residence Area Type,Total,RESIDENCEAREATYPE_TOTL,100,100,EN,2023-07-09T17:00:00.000Z
EUR,Europe,Country,FRA,France,Year,2003,FALSE,Residence Area Type,Total,RESIDENCEAREATYPE_TOTL,100,100,EN,2023-07-09T17:00:00.000Z
EUR,Europe,Country,FRA,France,Year,2002,FALSE,Residence Area Type,Total,RESIDENCEAREATYPE_TOTL,100,100,EN,2023-07-09T17:00:00.000Z
EUR,Europe,Country,FRA,France,Year,2001,FALSE,Residence Area Type,Total,RESIDENCEAREATYPE_TOTL,100,100,EN,2023-07-09T17:00:00.000Z
EUR,Europe,Country,FRA,France,Year,2000,FALSE,Residence Area Type,Total,RESIDENCEAREATYPE_TOTL,100,100,EN,2023-07-09T17:00:00.000Z
AFR,Africa,Country,GAB,Gabon,Year,2022,TRUE,Residence Area Type,Total,RESIDENCEAREATYPE_TOTL,86.93,87,EN,2023-07-09T17:00:00.000Z
AFR,Africa,Country,GAB,Gabon,Year,2021,FALSE,Residence Area Type,Total,RESIDENCEAREATYPE_TOTL,86.62,87,EN,2023-07-09T17:00:00.000Z
AFR,Africa,Country,GAB,Gabon,Year,2020,FALSE,Residence Area Type,Total,RESIDENCEAREATYPE_TOTL,86.31,86,EN,2023-07-09T17:00:00.000Z
AFR,Africa,Country,GAB,Gabon,Year,2019,FALSE,Residence Area Type,Total,RESIDENCEAREATYPE_TOTL,85.98,86,EN,2023-07-09T17:00:00.000Z
AFR,Africa,Country,GAB,Gabon,Year,2018,FALSE,Residence Area Type,Total,RESIDENCEAREATYPE_TOTL,85.64,86,EN,2023-07-09T17:00:00.000Z
AFR,Africa,Country,GAB,Gabon,Year,2017,FALSE,Residence Area Type,Total,RESIDENCEAREATYPE_TOTL,85.29,85,EN,2023-07-09T17:00:00.000Z
AFR,Africa,Country,GAB,Gabon,Year,2016,FALSE,Residence Area Type,Total,RESIDENCEAREATYPE_TOTL,84.92,85,EN,2023-07-09T17:00:00.000Z
AFR,Africa,Country,GAB,Gabon,Year,2015,FALSE,Residence Area Type,Total,RESIDENCEAREATYPE_TOTL,84.54,85,EN,2023-07-09T17:00:00.000Z
AFR,Africa,Country,GAB,Gabon,Year,2014,FALSE,Residence Area Type,Total,RESIDENCEAREATYPE_TOTL,84.14,84,EN,2023-07-09T17:00:00.000Z
AFR,Africa,Country,GAB,Gabon,Year,2013,FALSE,Residence Area Type,Total,RESIDENCEAREATYPE_TOTL,84,84,EN,2023-07-09T17:00:00.000Z
AFR,Africa,Country,GAB,Gabon,Year,2012,FALSE,Residence Area Type,Total,RESIDENCEAREATYPE_TOTL,83.84,84,EN,2023-07-09T17:00:00.000Z
AFR,Africa,Country,GAB,Gabon,Year,2011,FALSE,Residence Area Type,Total,RESIDENCEAREATYPE_TOTL,83.66,84,EN,2023-07-09T17:00:00.000Z
AFR,Africa,Country,GAB,Gabon,Year,2010,FALSE,Residence Area Type,Total,RESIDENCEAREATYPE_TOTL,83.46,83,EN,2023-07-09T17:00:00.000Z
AFR,Africa,Country,GAB,Gabon,Year,2009,FALSE,Residence Area Type,Total,RESIDENCEAREATYPE_TOTL,83.25,83,EN,2023-07-09T17:00:00.000Z
AFR,Africa,Country,GAB,Gabon,Year,2008,FALSE,Residence Area Type,Total,RESIDENCEAREATYPE_TOTL,83.02,83,EN,2023-07-09T17:00:00.000Z
AFR,Africa,Country,GAB,Gabon,Year,2007,FALSE,Residence Area Type,Total,RESIDENCEAREATYPE_TOTL,82.77,83,EN,2023-07-09T17:00:00.000Z
AFR,Africa,Country,GAB,Gabon,Year,2006,FALSE,Residence Area Type,Total,RESIDENCEAREATYPE_TOTL,82.49,82,EN,2023-07-09T17:00:00.000Z
AFR,Africa,Country,GAB,Gabon,Year,2005,FALSE,Residence Area Type,Total,RESIDENCEAREATYPE_TOTL,82.2,82,EN,2023-07-09T17:00:00.000Z
AFR,Africa,Country,GAB,Gabon,Year,2004,FALSE,Residence Area Type,Total,RESIDENCEAREATYPE_TOTL,81.89,82,EN,2023-07-09T17:00:00.000Z
AFR,Africa,Country,GAB,Gabon,Year,2003,FALSE,Residence Area Type,Total,RESIDENCEAREATYPE_TOTL,81.55,82,EN,2023-07-09T17:00:00.000Z
AFR,Africa,Country,GAB,Gabon,Year,2002,FALSE,Residence Area Type,Total,RESIDENCEAREATYPE_TOTL,81.19,81,EN,2023-07-09T17:00:00.000Z
AFR,Africa,Country,GAB,Gabon,Year,2001,FALSE,Residence Area Type,Total,RESIDENCEAREATYPE_TOTL,80.81,81,EN,2023-07-09T17:00:00.000Z
AFR,Africa,Country,GAB,Gabon,Year,2000,FALSE,Residence Area Type,Total,RESIDENCEAREATYPE_TOTL,80.4,80,EN,2023-07-09T17:00:00.000Z
AFR,Africa,Country,GMB,Gambia,Year,2022,TRUE,Residence Area Type,Total,RESIDENCEAREATYPE_TOTL,85.65,86,EN,2023-07-09T17:00:00.000Z
AFR,Africa,Country,GMB,Gambia,Year,2021,FALSE,Residence Area Type,Total,RESIDENCEAREATYPE_TOTL,85.07,85,EN,2023-07-09T17:00:00.000Z
AFR,Africa,Country,GMB,Gambia,Year,2020,FALSE,Residence Area Type,Total,RESIDENCEAREATYPE_TOTL,84.48,84,EN,2023-07-09T17:00:00.000Z
AFR,Africa,Country,GMB,Gambia,Year,2019,FALSE,Residence Area Type,Total,RESIDENCEAREATYPE_TOTL,83.9,84,EN,2023-07-09T17:00:00.000Z
AFR,Africa,Country,GMB,Gambia,Year,2018,FALSE,Residence Area Type,Total,RESIDENCEAREATYPE_TOTL,83.31,83,EN,2023-07-09T17:00:00.000Z
AFR,Africa,Country,GMB,Gambia,Year,2017,FALSE,Residence Area Type,Total,RESIDENCEAREATYPE_TOTL,82.72,83,EN,2023-07-09T17:00:00.000Z
AFR,Africa,Country,GMB,Gambia,Year,2016,FALSE,Residence Area Type,Total,RESIDENCEAREATYPE_TOTL,82.12,82,EN,2023-07-09T17:00:00.000Z
AFR,Africa,Country,GMB,Gambia,Year,2015,FALSE,Residence Area Type,Total,RESIDENCEAREATYPE_TOTL,81.52,82,EN,2023-07-09T17:00:00.000Z
AFR,Africa,Country,GMB,Gambia,Year,2014,FALSE,Residence Area Type,Total,RESIDENCEAREATYPE_TOTL,80.92,81,EN,2023-07-09T17:00:00.000Z
AFR,Africa,Country,GMB,Gambia,Year,2013,FALSE,Residence Area Type,Total,RESIDENCEAREATYPE_TOTL,80.31,80,EN,2023-07-09T17:00:00.000Z
AFR,Africa,Country,GMB,Gambia,Year,2012,FALSE,Residence Area Type,Total,RESIDENCEAREATYPE_TOTL,79.7,80,EN,2023-07-09T17:00:00.000Z
AFR,Africa,Country,GMB,Gambia,Year,2011,FALSE,Residence Area Type,Total,RESIDENCEAREATYPE_TOTL,79.09,79,EN,2023-07-09T17:00:00.000Z
AFR,Africa,Country,GMB,Gambia,Year,2010,FALSE,Residence Area Type,Total,RESIDENCEAREATYPE_TOTL,78.47,78,EN,2023-07-09T17:00:00.000Z
AFR,Africa,Country,GMB,Gambia,Year,2009,FALSE,Residence Area Type,Total,RESIDENCEAREATYPE_TOTL,77.86,78,EN,2023-07-09T17:00:00.000Z
AFR,Africa,Country,GMB,Gambia,Year,2008,FALSE,Residence Area Type,Total,RESIDENCEAREATYPE_TOTL,77.24,77,EN,2023-07-09T17:00:00.000Z
AFR,Africa,Country,GMB,Gambia,Year,2007,FALSE,Residence Area Type,Total,RESIDENCEAREATYPE_TOTL,76.61,77,EN,2023-07-09T17:00:00.000Z
AFR,Africa,Country,GMB,Gambia,Year,2006,FALSE,Residence Area Type,Total,RESIDENCEAREATYPE_TOTL,75.99,76,EN,2023-07-09T17:00:00.000Z
AFR,Africa,Country,GMB,Gambia,Year,2005,FALSE,Residence Area Type,Total,RESIDENCEAREATYPE_TOTL,75.36,75,EN,2023-07-09T17:00:00.000Z
AFR,Africa,Country,GMB,Gambia,Year,2004,FALSE,Residence Area Type,Total,RESIDENCEAREATYPE_TOTL,74.74,75,EN,2023-07-09T17:00:00.000Z
AFR,Africa,Country,GMB,Gambia,Year,2003,FALSE,Residence Area Type,Total,RESIDENCEAREATYPE_TOTL,74.11,74,EN,2023-07-09T17:00:00.000Z
AFR,Africa,Country,GMB,Gambia,Year,2002,FALSE,Residence Area Type,Total,RESIDENCEAREATYPE_TOTL,73.45,73,EN,2023-07-09T17:00:00.000Z
AFR,Africa,Country,GMB,Gambia,Year,2001,FALSE,Residence Area Type,Total,RESIDENCEAREATYPE_TOTL,72.78,73,EN,2023-07-09T17:00:00.000Z
AFR,Africa,Country,GMB,Gambia,Year,2000,FALSE,Residence Area Type,Total,RESIDENCEAREATYPE_TOTL,72.11,72,EN,2023-07-09T17:00:00.000Z
EUR,Europe,Country,GEO,Georgia,Year,2022,TRUE,Residence Area Type,Total,RESIDENCEAREATYPE_TOTL,94.98,95,EN,2023-07-09T17:00:00.000Z
EUR,Europe,Country,GEO,Georgia,Year,2021,FALSE,Residence Area Type,Total,RESIDENCEAREATYPE_TOTL,94.83,95,EN,2023-07-09T17:00:00.000Z
EUR,Europe,Country,GEO,Georgia,Year,2020,FALSE,Residence Area Type,Total,RESIDENCEAREATYPE_TOTL,94.67,95,EN,2023-07-09T17:00:00.000Z
EUR,Europe,Country,GEO,Georgia,Year,2019,FALSE,Residence Area Type,Total,RESIDENCEAREATYPE_TOTL,94.44,94,EN,2023-07-09T17:00:00.000Z
EUR,Europe,Country,GEO,Georgia,Year,2018,FALSE,Residence Area Type,Total,RESIDENCEAREATYPE_TOTL,94.2,94,EN,2023-07-09T17:00:00.000Z
EUR,Europe,Country,GEO,Georgia,Year,2017,FALSE,Residence Area Type,Total,RESIDENCEAREATYPE_TOTL,93.96,94,EN,2023-07-09T17:00:00.000Z
EUR,Europe,Country,GEO,Georgia,Year,2016,FALSE,Residence Area Type,Total,RESIDENCEAREATYPE_TOTL,93.72,94,EN,2023-07-09T17:00:00.000Z
EUR,Europe,Country,GEO,Georgia,Year,2015,FALSE,Residence Area Type,Total,RESIDENCEAREATYPE_TOTL,93.48,93,EN,2023-07-09T17:00:00.000Z
EUR,Europe,Country,GEO,Georgia,Year,2014,FALSE,Residence Area Type,Total,RESIDENCEAREATYPE_TOTL,93.49,93,EN,2023-07-09T17:00:00.000Z
EUR,Europe,Country,GEO,Georgia,Year,2013,FALSE,Residence Area Type,Total,RESIDENCEAREATYPE_TOTL,93.9,94,EN,2023-07-09T17:00:00.000Z
EUR,Europe,Country,GEO,Georgia,Year,2012,FALSE,Residence Area Type,Total,RESIDENCEAREATYPE_TOTL,94.32,94,EN,2023-07-09T17:00:00.000Z
EUR,Europe,Country,GEO,Georgia,Year,2011,FALSE,Residence Area Type,Total,RESIDENCEAREATYPE_TOTL,94.74,95,EN,2023-07-09T17:00:00.000Z
EUR,Europe,Country,GEO,Georgia,Year,2010,FALSE,Residence Area Type,Total,RESIDENCEAREATYPE_TOTL,95.17,95,EN,2023-07-09T17:00:00.000Z
EUR,Europe,Country,GEO,Georgia,Year,2009,FALSE,Residence Area Type,Total,RESIDENCEAREATYPE_TOTL,95.6,96,EN,2023-07-09T17:00:00.000Z
EUR,Europe,Country,GEO,Georgia,Year,2008,FALSE,Residence Area Type,Total,RESIDENCEAREATYPE_TOTL,95.73,96,EN,2023-07-09T17:00:00.000Z
EUR,Europe,Country,GEO,Georgia,Year,2007,FALSE,Residence Area Type,Total,RESIDENCEAREATYPE_TOTL,95.58,96,EN,2023-07-09T17:00:00.000Z
EUR,Europe,Country,GEO,Georgia,Year,2006,FALSE,Residence Area Type,Total,RESIDENCEAREATYPE_TOTL,95.43,95,EN,2023-07-09T17:00:00.000Z
EUR,Europe,Country,GEO,Georgia,Year,2005,FALSE,Residence Area Type,Total,RESIDENCEAREATYPE_TOTL,95.27,95,EN,2023-07-09T17:00:00.000Z
EUR,Europe,Country,GEO,Georgia,Year,2004,FALSE,Residence Area Type,Total,RESIDENCEAREATYPE_TOTL,95.11,95,EN,2023-07-09T17:00:00.000Z
EUR,Europe,Country,GEO,Georgia,Year,2003,FALSE,Residence Area Type,Total,RESIDENCEAREATYPE_TOTL,94.96,95,EN,2023-07-09T17:00:00.000Z
EUR,Europe,Country,GEO,Georgia,Year,2002,FALSE,Residence Area Type,Total,RESIDENCEAREATYPE_TOTL,94.8,95,EN,2023-07-09T17:00:00.000Z
EUR,Europe,Country,GEO,Georgia,Year,2001,FALSE,Residence Area Type,Total,RESIDENCEAREATYPE_TOTL,94.67,95,EN,2023-07-09T17:00:00.000Z
EUR,Europe,Country,GEO,Georgia,Year,2000,FALSE,Residence Area Type,Total,RESIDENCEAREATYPE_TOTL,94.56,95,EN,2023-07-09T17:00:00.000Z
EUR,Europe,Country,DEU,Germany,Year,2022,TRUE,Residence Area Type,Total,RESIDENCEAREATYPE_TOTL,100,100,EN,2023-07-09T17:00:00.000Z
EUR,Europe,Country,DEU,Germany,Year,2021,FALSE,Residence Area Type,Total,RESIDENCEAREATYPE_TOTL,100,100,EN,2023-07-09T17:00:00.000Z
EUR,Europe,Country,DEU,Germany,Year,2020,FALSE,Residence Area Type,Total,RESIDENCEAREATYPE_TOTL,100,100,EN,2023-07-09T17:00:00.000Z
EUR,Europe,Country,DEU,Germany,Year,2019,FALSE,Residence Area Type,Total,RESIDENCEAREATYPE_TOTL,100,100,EN,2023-07-09T17:00:00.000Z
EUR,Europe,Country,DEU,Germany,Year,2018,FALSE,Residence Area Type,Total,RESIDENCEAREATYPE_TOTL,100,100,EN,2023-07-09T17:00:00.000Z
EUR,Europe,Country,DEU,Germany,Year,2017,FALSE,Residence Area Type,Total,RESIDENCEAREATYPE_TOTL,100,100,EN,2023-07-09T17:00:00.000Z
EUR,Europe,Country,DEU,Germany,Year,2016,FALSE,Residence Area Type,Total,RESIDENCEAREATYPE_TOTL,100,100,EN,2023-07-09T17:00:00.000Z
EUR,Europe,Country,DEU,Germany,Year,2015,FALSE,Residence Area Type,Total,RESIDENCEAREATYPE_TOTL,100,100,EN,2023-07-09T17:00:00.000Z
EUR,Europe,Country,DEU,Germany,Year,2014,FALSE,Residence Area Type,Total,RESIDENCEAREATYPE_TOTL,100,100,EN,2023-07-09T17:00:00.000Z
EUR,Europe,Country,DEU,Germany,Year,2013,FALSE,Residence Area Type,Total,RESIDENCEAREATYPE_TOTL,100,100,EN,2023-07-09T17:00:00.000Z
EUR,Europe,Country,DEU,Germany,Year,2012,FALSE,Residence Area Type,Total,RESIDENCEAREATYPE_TOTL,100,100,EN,2023-07-09T17:00:00.000Z
EUR,Europe,Country,DEU,Germany,Year,2011,FALSE,Residence Area Type,Total,RESIDENCEAREATYPE_TOTL,100,100,EN,2023-07-09T17:00:00.000Z
EUR,Europe,Country,DEU,Germany,Year,2010,FALSE,Residence Area Type,Total,RESIDENCEAREATYPE_TOTL,100,100,EN,2023-07-09T17:00:00.000Z
EUR,Europe,Country,DEU,Germany,Year,2009,FALSE,Residence Area Type,Total,RESIDENCEAREATYPE_TOTL,100,100,EN,2023-07-09T17:00:00.000Z
EUR,Europe,Country,DEU,Germany,Year,2008,FALSE,Residence Area Type,Total,RESIDENCEAREATYPE_TOTL,100,100,EN,2023-07-09T17:00:00.000Z
EUR,Europe,Country,DEU,Germany,Year,2007,FALSE,Residence Area Type,Total,RESIDENCEAREATYPE_TOTL,100,100,EN,2023-07-09T17:00:00.000Z
EUR,Europe,Country,DEU,Germany,Year,2006,FALSE,Residence Area Type,Total,RESIDENCEAREATYPE_TOTL,100,100,EN,2023-07-09T17:00:00.000Z
EUR,Europe,Country,DEU,Germany,Year,2005,FALSE,Residence Area Type,Total,RESIDENCEAREATYPE_TOTL,100,100,EN,2023-07-09T17:00:00.000Z
EUR,Europe,Country,DEU,Germany,Year,2004,FALSE,Residence Area Type,Total,RESIDENCEAREATYPE_TOTL,100,100,EN,2023-07-09T17:00:00.000Z
EUR,Europe,Country,DEU,Germany,Year,2003,FALSE,Residence Area Type,Total,RESIDENCEAREATYPE_TOTL,100,100,EN,2023-07-09T17:00:00.000Z
EUR,Europe,Country,DEU,Germany,Year,2002,FALSE,Residence Area Type,Total,RESIDENCEAREATYPE_TOTL,100,100,EN,2023-07-09T17:00:00.000Z
EUR,Europe,Country,DEU,Germany,Year,2001,FALSE,Residence Area Type,Total,RESIDENCEAREATYPE_TOTL,100,100,EN,2023-07-09T17:00:00.000Z
EUR,Europe,Country,DEU,Germany,Year,2000,FALSE,Residence Area Type,Total,RESIDENCEAREATYPE_TOTL,100,100,EN,2023-07-09T17:00:00.000Z
AFR,Africa,Country,GHA,Ghana,Year,2022,TRUE,Residence Area Type,Total,RESIDENCEAREATYPE_TOTL,88.37,88,EN,2023-07-09T17:00:00.000Z
AFR,Africa,Country,GHA,Ghana,Year,2021,FALSE,Residence Area Type,Total,RESIDENCEAREATYPE_TOTL,87.39,87,EN,2023-07-09T17:00:00.000Z
AFR,Africa,Country,GHA,Ghana,Year,2020,FALSE,Residence Area Type,Total,RESIDENCEAREATYPE_TOTL,86.32,86,EN,2023-07-09T17:00:00.000Z
AFR,Africa,Country,GHA,Ghana,Year,2019,FALSE,Residence Area Type,Total,RESIDENCEAREATYPE_TOTL,85.24,85,EN,2023-07-09T17:00:00.000Z
AFR,Africa,Country,GHA,Ghana,Year,2018,FALSE,Residence Area Type,Total,RESIDENCEAREATYPE_TOTL,84.17,84,EN,2023-07-09T17:00:00.000Z
AFR,Africa,Country,GHA,Ghana,Year,2017,FALSE,Residence Area Type,Total,RESIDENCEAREATYPE_TOTL,83.1,83,EN,2023-07-09T17:00:00.000Z
AFR,Africa,Country,GHA,Ghana,Year,2016,FALSE,Residence Area Type,Total,RESIDENCEAREATYPE_TOTL,82.02,82,EN,2023-07-09T17:00:00.000Z
AFR,Africa,Country,GHA,Ghana,Year,2015,FALSE,Residence Area Type,Total,RESIDENCEAREATYPE_TOTL,80.95,81,EN,2023-07-09T17:00:00.000Z
AFR,Africa,Country,GHA,Ghana,Year,2014,FALSE,Residence Area Type,Total,RESIDENCEAREATYPE_TOTL,79.88,80,EN,2023-07-09T17:00:00.000Z
AFR,Africa,Country,GHA,Ghana,Year,2013,FALSE,Residence Area Type,Total,RESIDENCEAREATYPE_TOTL,78.82,79,EN,2023-07-09T17:00:00.000Z
AFR,Africa,Country,GHA,Ghana,Year,2012,FALSE,Residence Area Type,Total,RESIDENCEAREATYPE_TOTL,77.75,78,EN,2023-07-09T17:00:00.000Z
AFR,Africa,Country,GHA,Ghana,Year,2011,FALSE,Residence Area Type,Total,RESIDENCEAREATYPE_TOTL,76.68,77,EN,2023-07-09T17:00:00.000Z
AFR,Africa,Country,GHA,Ghana,Year,2010,FALSE,Residence Area Type,Total,RESIDENCEAREATYPE_TOTL,75.61,76,EN,2023-07-09T17:00:00.000Z
AFR,Africa,Country,GHA,Ghana,Year,2009,FALSE,Residence Area Type,Total,RESIDENCEAREATYPE_TOTL,74.55,75,EN,2023-07-09T17:00:00.000Z
AFR,Africa,Country,GHA,Ghana,Year,2008,FALSE,Residence Area Type,Total,RESIDENCEAREATYPE_TOTL,73.49,73,EN,2023-07-09T17:00:00.000Z
AFR,Africa,Country,GHA,Ghana,Year,2007,FALSE,Residence Area Type,Total,RESIDENCEAREATYPE_TOTL,72.42,72,EN,2023-07-09T17:00:00.000Z
AFR,Africa,Country,GHA,Ghana,Year,2006,FALSE,Residence Area Type,Total,RESIDENCEAREATYPE_TOTL,71.36,71,EN,2023-07-09T17:00:00.000Z
AFR,Africa,Country,GHA,Ghana,Year,2005,FALSE,Residence Area Type,Total,RESIDENCEAREATYPE_TOTL,70.3,70,EN,2023-07-09T17:00:00.000Z
AFR,Africa,Country,GHA,Ghana,Year,2004,FALSE,Residence Area Type,Total,RESIDENCEAREATYPE_TOTL,69.25,69,EN,2023-07-09T17:00:00.000Z
AFR,Africa,Country,GHA,Ghana,Year,2003,FALSE,Residence Area Type,Total,RESIDENCEAREATYPE_TOTL,68.19,68,EN,2023-07-09T17:00:00.000Z
AFR,Africa,Country,GHA,Ghana,Year,2002,FALSE,Residence Area Type,Total,RESIDENCEAREATYPE_TOTL,67.13,67,EN,2023-07-09T17:00:00.000Z
AFR,Africa,Country,GHA,Ghana,Year,2001,FALSE,Residence Area Type,Total,RESIDENCEAREATYPE_TOTL,66.08,66,EN,2023-07-09T17:00:00.000Z
AFR,Africa,Country,GHA,Ghana,Year,2000,FALSE,Residence Area Type,Total,RESIDENCEAREATYPE_TOTL,65.22,65,EN,2023-07-09T17:00:00.000Z
EUR,Europe,Country,GRC,Greece,Year,2022,TRUE,Residence Area Type,Total,RESIDENCEAREATYPE_TOTL,100,100,EN,2023-07-09T17:00:00.000Z
EUR,Europe,Country,GRC,Greece,Year,2021,FALSE,Residence Area Type,Total,RESIDENCEAREATYPE_TOTL,100,100,EN,2023-07-09T17:00:00.000Z
EUR,Europe,Country,GRC,Greece,Year,2020,FALSE,Residence Area Type,Total,RESIDENCEAREATYPE_TOTL,100,100,EN,2023-07-09T17:00:00.000Z
EUR,Europe,Country,GRC,Greece,Year,2019,FALSE,Residence Area Type,Total,RESIDENCEAREATYPE_TOTL,100,100,EN,2023-07-09T17:00:00.000Z
EUR,Europe,Country,GRC,Greece,Year,2018,FALSE,Residence Area Type,Total,RESIDENCEAREATYPE_TOTL,100,100,EN,2023-07-09T17:00:00.000Z
EUR,Europe,Country,GRC,Greece,Year,2017,FALSE,Residence Area Type,Total,RESIDENCEAREATYPE_TOTL,100,100,EN,2023-07-09T17:00:00.000Z
EUR,Europe,Country,GRC,Greece,Year,2016,FALSE,Residence Area Type,Total,RESIDENCEAREATYPE_TOTL,100,100,EN,2023-07-09T17:00:00.000Z
EUR,Europe,Country,GRC,Greece,Year,2015,FALSE,Residence Area Type,Total,RESIDENCEAREATYPE_TOTL,100,100,EN,2023-07-09T17:00:00.000Z
EUR,Europe,Country,GRC,Greece,Year,2014,FALSE,Residence Area Type,Total,RESIDENCEAREATYPE_TOTL,100,100,EN,2023-07-09T17:00:00.000Z
EUR,Europe,Country,GRC,Greece,Year,2013,FALSE,Residence Area Type,Total,RESIDENCEAREATYPE_TOTL,99.98,100,EN,2023-07-09T17:00:00.000Z
EUR,Europe,Country,GRC,Greece,Year,2012,FALSE,Residence Area Type,Total,RESIDENCEAREATYPE_TOTL,99.96,100,EN,2023-07-09T17:00:00.000Z
EUR,Europe,Country,GRC,Greece,Year,2011,FALSE,Residence Area Type,Total,RESIDENCEAREATYPE_TOTL,99.94,100,EN,2023-07-09T17:00:00.000Z
EUR,Europe,Country,GRC,Greece,Year,2010,FALSE,Residence Area Type,Total,RESIDENCEAREATYPE_TOTL,99.92,100,EN,2023-07-09T17:00:00.000Z
EUR,Europe,Country,GRC,Greece,Year,2009,FALSE,Residence Area Type,Total,RESIDENCEAREATYPE_TOTL,99.9,100,EN,2023-07-09T17:00:00.000Z
EUR,Europe,Country,GRC,Greece,Year,2008,FALSE,Residence Area Type,Total,RESIDENCEAREATYPE_TOTL,99.88,100,EN,2023-07-09T17:00:00.000Z
EUR,Europe,Country,GRC,Greece,Year,2007,FALSE,Residence Area Type,Total,RESIDENCEAREATYPE_TOTL,99.85,100,EN,2023-07-09T17:00:00.000Z
EUR,Europe,Country,GRC,Greece,Year,2006,FALSE,Residence Area Type,Total,RESIDENCEAREATYPE_TOTL,99.83,100,EN,2023-07-09T17:00:00.000Z
EUR,Europe,Country,GRC,Greece,Year,2005,FALSE,Residence Area Type,Total,RESIDENCEAREATYPE_TOTL,99.81,100,EN,2023-07-09T17:00:00.000Z
EUR,Europe,Country,GRC,Greece,Year,2004,FALSE,Residence Area Type,Total,RESIDENCEAREATYPE_TOTL,99.78,100,EN,2023-07-09T17:00:00.000Z
EUR,Europe,Country,GRC,Greece,Year,2003,FALSE,Residence Area Type,Total,RESIDENCEAREATYPE_TOTL,99.76,100,EN,2023-07-09T17:00:00.000Z
EUR,Europe,Country,GRC,Greece,Year,2002,FALSE,Residence Area Type,Total,RESIDENCEAREATYPE_TOTL,99.74,100,EN,2023-07-09T17:00:00.000Z
EUR,Europe,Country,GRC,Greece,Year,2001,FALSE,Residence Area Type,Total,RESIDENCEAREATYPE_TOTL,99.71,100,EN,2023-07-09T17:00:00.000Z
EUR,Europe,Country,GRC,Greece,Year,2000,FALSE,Residence Area Type,Total,RESIDENCEAREATYPE_TOTL,99.69,100,EN,2023-07-09T17:00:00.000Z
AMR,Americas,Country,GRD,Grenada,Year,2017,TRUE,Residence Area Type,Total,RESIDENCEAREATYPE_TOTL,95.63,96,EN,2023-07-09T17:00:00.000Z
AMR,Americas,Country,GRD,Grenada,Year,2016,FALSE,Residence Area Type,Total,RESIDENCEAREATYPE_TOTL,95.63,96,EN,2023-07-09T17:00:00.000Z
AMR,Americas,Country,GRD,Grenada,Year,2015,FALSE,Residence Area Type,Total,RESIDENCEAREATYPE_TOTL,95.63,96,EN,2023-07-09T17:00:00.000Z
AMR,Americas,Country,GRD,Grenada,Year,2014,FALSE,Residence Area Type,Total,RESIDENCEAREATYPE_TOTL,95.63,96,EN,2023-07-09T17:00:00.000Z
AMR,Americas,Country,GRD,Grenada,Year,2013,FALSE,Residence Area Type,Total,RESIDENCEAREATYPE_TOTL,95.63,96,EN,2023-07-09T17:00:00.000Z
AMR,Americas,Country,GRD,Grenada,Year,2012,FALSE,Residence Area Type,Total,RESIDENCEAREATYPE_TOTL,95.97,96,EN,2023-07-09T17:00:00.000Z
AMR,Americas,Country,GRD,Grenada,Year,2011,FALSE,Residence Area Type,Total,RESIDENCEAREATYPE_TOTL,95.86,96,EN,2023-07-09T17:00:00.000Z
AMR,Americas,Country,GRD,Grenada,Year,2010,FALSE,Residence Area Type,Total,RESIDENCEAREATYPE_TOTL,95.63,96,EN,2023-07-09T17:00:00.000Z
AMR,Americas,Country,GRD,Grenada,Year,2009,FALSE,Residence Area Type,Total,RESIDENCEAREATYPE_TOTL,95.4,95,EN,2023-07-09T17:00:00.000Z
AMR,Americas,Country,GRD,Grenada,Year,2008,FALSE,Residence Area Type,Total,RESIDENCEAREATYPE_TOTL,95.17,95,EN,2023-07-09T17:00:00.000Z
AMR,Americas,Country,GRD,Grenada,Year,2007,FALSE,Residence Area Type,Total,RESIDENCEAREATYPE_TOTL,94.93,95,EN,2023-07-09T17:00:00.000Z
AMR,Americas,Country,GRD,Grenada,Year,2006,FALSE,Residence Area Type,Total,RESIDENCEAREATYPE_TOTL,94.7,95,EN,2023-07-09T17:00:00.000Z
AMR,Americas,Country,GRD,Grenada,Year,2005,FALSE,Residence Area Type,Total,RESIDENCEAREATYPE_TOTL,94.47,94,EN,2023-07-09T17:00:00.000Z
AMR,Americas,Country,GRD,Grenada,Year,2004,FALSE,Residence Area Type,Total,RESIDENCEAREATYPE_TOTL,94.24,94,EN,2023-07-09T17:00:00.000Z
AMR,Americas,Country,GRD,Grenada,Year,2003,FALSE,Residence Area Type,Total,RESIDENCEAREATYPE_TOTL,94,94,EN,2023-07-09T17:00:00.000Z
AMR,Americas,Country,GRD,Grenada,Year,2002,FALSE,Residence Area Type,Total,RESIDENCEAREATYPE_TOTL,93.77,94,EN,2023-07-09T17:00:00.000Z
AMR,Americas,Country,GRD,Grenada,Year,2001,FALSE,Residence Area Type,Total,RESIDENCEAREATYPE_TOTL,93.54,94,EN,2023-07-09T17:00:00.000Z
AMR,Americas,Country,GRD,Grenada,Year,2000,FALSE,Residence Area Type,Total,RESIDENCEAREATYPE_TOTL,93.31,93,EN,2023-07-09T17:00:00.000Z
AMR,Americas,Country,GTM,Guatemala,Year,2022,TRUE,Residence Area Type,Total,RESIDENCEAREATYPE_TOTL,94.62,95,EN,2023-07-09T17:00:00.000Z
AMR,Americas,Country,GTM,Guatemala,Year,2021,FALSE,Residence Area Type,Total,RESIDENCEAREATYPE_TOTL,94.25,94,EN,2023-07-09T17:00:00.000Z
AMR,Americas,Country,GTM,Guatemala,Year,2020,FALSE,Residence Area Type,Total,RESIDENCEAREATYPE_TOTL,93.88,94,EN,2023-07-09T17:00:00.000Z
AMR,Americas,Country,GTM,Guatemala,Year,2019,FALSE,Residence Area Type,Total,RESIDENCEAREATYPE_TOTL,93.51,94,EN,2023-07-09T17:00:00.000Z
AMR,Americas,Country,GTM,Guatemala,Year,2018,FALSE,Residence Area Type,Total,RESIDENCEAREATYPE_TOTL,93.13,93,EN,2023-07-09T17:00:00.000Z
AMR,Americas,Country,GTM,Guatemala,Year,2017,FALSE,Residence Area Type,Total,RESIDENCEAREATYPE_TOTL,92.75,93,EN,2023-07-09T17:00:00.000Z
AMR,Americas,Country,GTM,Guatemala,Year,2016,FALSE,Residence Area Type,Total,RESIDENCEAREATYPE_TOTL,92.41,92,EN,2023-07-09T17:00:00.000Z
AMR,Americas,Country,GTM,Guatemala,Year,2015,FALSE,Residence Area Type,Total,RESIDENCEAREATYPE_TOTL,92.06,92,EN,2023-07-09T17:00:00.000Z
AMR,Americas,Country,GTM,Guatemala,Year,2014,FALSE,Residence Area Type,Total,RESIDENCEAREATYPE_TOTL,91.7,92,EN,2023-07-09T17:00:00.000Z
AMR,Americas,Country,GTM,Guatemala,Year,2013,FALSE,Residence Area Type,Total,RESIDENCEAREATYPE_TOTL,91.35,91,EN,2023-07-09T17:00:00.000Z
AMR,Americas,Country,GTM,Guatemala,Year,2012,FALSE,Residence Area Type,Total,RESIDENCEAREATYPE_TOTL,90.99,91,EN,2023-07-09T17:00:00.000Z
AMR,Americas,Country,GTM,Guatemala,Year,2011,FALSE,Residence Area Type,Total,RESIDENCEAREATYPE_TOTL,90.64,91,EN,2023-07-09T17:00:00.000Z
AMR,Americas,Country,GTM,Guatemala,Year,2010,FALSE,Residence Area Type,Total,RESIDENCEAREATYPE_TOTL,90.28,90,EN,2023-07-09T17:00:00.000Z
AMR,Americas,Country,GTM,Guatemala,Year,2009,FALSE,Residence Area Type,Total,RESIDENCEAREATYPE_TOTL,89.91,90,EN,2023-07-09T17:00:00.000Z
AMR,Americas,Country,GTM,Guatemala,Year,2008,FALSE,Residence Area Type,Total,RESIDENCEAREATYPE_TOTL,89.55,90,EN,2023-07-09T17:00:00.000Z
AMR,Americas,Country,GTM,Guatemala,Year,2007,FALSE,Residence Area Type,Total,RESIDENCEAREATYPE_TOTL,89.18,89,EN,2023-07-09T17:00:00.000Z
AMR,Americas,Country,GTM,Guatemala,Year,2006,FALSE,Residence Area Type,Total,RESIDENCEAREATYPE_TOTL,88.81,89,EN,2023-07-09T17:00:00.000Z
AMR,Americas,Country,GTM,Guatemala,Year,2005,FALSE,Residence Area Type,Total,RESIDENCEAREATYPE_TOTL,88.43,88,EN,2023-07-09T17:00:00.000Z
AMR,Americas,Country,GTM,Guatemala,Year,2004,FALSE,Residence Area Type,Total,RESIDENCEAREATYPE_TOTL,88.05,88,EN,2023-07-09T17:00:00.000Z
AMR,Americas,Country,GTM,Guatemala,Year,2003,FALSE,Residence Area Type,Total,RESIDENCEAREATYPE_TOTL,87.67,88,EN,2023-07-09T17:00:00.000Z
AMR,Americas,Country,GTM,Guatemala,Year,2002,FALSE,Residence Area Type,Total,RESIDENCEAREATYPE_TOTL,87.29,87,EN,2023-07-09T17:00:00.000Z
AMR,Americas,Country,GTM,Guatemala,Year,2001,FALSE,Residence Area Type,Total,RESIDENCEAREATYPE_TOTL,86.9,87,EN,2023-07-09T17:00:00.000Z
AMR,Americas,Country,GTM,Guatemala,Year,2000,FALSE,Residence Area Type,Total,RESIDENCEAREATYPE_TOTL,86.5,87,EN,2023-07-09T17:00:00.000Z
AFR,Africa,Country,GIN,Guinea,Year,2022,TRUE,Residence Area Type,Total,RESIDENCEAREATYPE_TOTL,71.45,71,EN,2023-07-09T17:00:00.000Z
AFR,Africa,Country,GIN,Guinea,Year,2021,FALSE,Residence Area Type,Total,RESIDENCEAREATYPE_TOTL,70.18,70,EN,2023-07-09T17:00:00.000Z
AFR,Africa,Country,GIN,Guinea,Year,2020,FALSE,Residence Area Type,Total,RESIDENCEAREATYPE_TOTL,68.92,69,EN,2023-07-09T17:00:00.000Z
AFR,Africa,Country,GIN,Guinea,Year,2019,FALSE,Residence Area Type,Total,RESIDENCEAREATYPE_TOTL,67.68,68,EN,2023-07-09T17:00:00.000Z
AFR,Africa,Country,GIN,Guinea,Year,2018,FALSE,Residence Area Type,Total,RESIDENCEAREATYPE_TOTL,66.44,66,EN,2023-07-09T17:00:00.000Z
AFR,Africa,Country,GIN,Guinea,Year,2017,FALSE,Residence Area Type,Total,RESIDENCEAREATYPE_TOTL,65.22,65,EN,2023-07-09T17:00:00.000Z
AFR,Africa,Country,GIN,Guinea,Year,2016,FALSE,Residence Area Type,Total,RESIDENCEAREATYPE_TOTL,64.02,64,EN,2023-07-09T17:00:00.000Z
AFR,Africa,Country,GIN,Guinea,Year,2015,FALSE,Residence Area Type,Total,RESIDENCEAREATYPE_TOTL,62.83,63,EN,2023-07-09T17:00:00.000Z
AFR,Africa,Country,GIN,Guinea,Year,2014,FALSE,Residence Area Type,Total,RESIDENCEAREATYPE_TOTL,61.65,62,EN,2023-07-09T17:00:00.000Z
AFR,Africa,Country,GIN,Guinea,Year,2013,FALSE,Residence Area Type,Total,RESIDENCEAREATYPE_TOTL,60.48,60,EN,2023-07-09T17:00:00.000Z
AFR,Africa,Country,GIN,Guinea,Year,2012,FALSE,Residence Area Type,Total,RESIDENCEAREATYPE_TOTL,59.33,59,EN,2023-07-09T17:00:00.000Z
AFR,Africa,Country,GIN,Guinea,Year,2011,FALSE,Residence Area Type,Total,RESIDENCEAREATYPE_TOTL,58.18,58,EN,2023-07-09T17:00:00.000Z
AFR,Africa,Country,GIN,Guinea,Year,2010,FALSE,Residence Area Type,Total,RESIDENCEAREATYPE_TOTL,57.04,57,EN,2023-07-09T17:00:00.000Z
AFR,Africa,Country,GIN,Guinea,Year,2009,FALSE,Residence Area Type,Total,RESIDENCEAREATYPE_TOTL,56.35,56,EN,2023-07-09T17:00:00.000Z
AFR,Africa,Country,GIN,Guinea,Year,2008,FALSE,Residence Area Type,Total,RESIDENCEAREATYPE_TOTL,55.65,56,EN,2023-07-09T17:00:00.000Z
AFR,Africa,Country,GIN,Guinea,Year,2007,FALSE,Residence Area Type,Total,RESIDENCEAREATYPE_TOTL,54.95,55,EN,2023-07-09T17:00:00.000Z
AFR,Africa,Country,GIN,Guinea,Year,2006,FALSE,Residence Area Type,Total,RESIDENCEAREATYPE_TOTL,54.25,54,EN,2023-07-09T17:00:00.000Z
AFR,Africa,Country,GIN,Guinea,Year,2005,FALSE,Residence Area Type,Total,RESIDENCEAREATYPE_TOTL,53.55,54,EN,2023-07-09T17:00:00.000Z
AFR,Africa,Country,GIN,Guinea,Year,2004,FALSE,Residence Area Type,Total,RESIDENCEAREATYPE_TOTL,52.84,53,EN,2023-07-09T17:00:00.000Z
AFR,Africa,Country,GIN,Guinea,Year,2003,FALSE,Residence Area Type,Total,RESIDENCEAREATYPE_TOTL,52.14,52,EN,2023-07-09T17:00:00.000Z
AFR,Africa,Country,GIN,Guinea,Year,2002,FALSE,Residence Area Type,Total,RESIDENCEAREATYPE_TOTL,51.43,51,EN,2023-07-09T17:00:00.000Z
AFR,Africa,Country,GIN,Guinea,Year,2001,FALSE,Residence Area Type,Total,RESIDENCEAREATYPE_TOTL,50.73,51,EN,2023-07-09T17:00:00.000Z
AFR,Africa,Country,GIN,Guinea,Year,2000,FALSE,Residence Area Type,Total,RESIDENCEAREATYPE_TOTL,50.02,50,EN,2023-07-09T17:00:00.000Z
AFR,Africa,Country,GNB,Guinea-Bissau,Year,2022,TRUE,Residence Area Type,Total,RESIDENCEAREATYPE_TOTL,61.78,62,EN,2023-07-09T17:00:00.000Z
AFR,Africa,Country,GNB,Guinea-Bissau,Year,2021,FALSE,Residence Area Type,Total,RESIDENCEAREATYPE_TOTL,61.69,62,EN,2023-07-09T17:00:00.000Z
AFR,Africa,Country,GNB,Guinea-Bissau,Year,2020,FALSE,Residence Area Type,Total,RESIDENCEAREATYPE_TOTL,61.54,62,EN,2023-07-09T17:00:00.000Z
AFR,Africa,Country,GNB,Guinea-Bissau,Year,2019,FALSE,Residence Area Type,Total,RESIDENCEAREATYPE_TOTL,61.37,61,EN,2023-07-09T17:00:00.000Z
AFR,Africa,Country,GNB,Guinea-Bissau,Year,2018,FALSE,Residence Area Type,Total,RESIDENCEAREATYPE_TOTL,61.19,61,EN,2023-07-09T17:00:00.000Z
AFR,Africa,Country,GNB,Guinea-Bissau,Year,2017,FALSE,Residence Area Type,Total,RESIDENCEAREATYPE_TOTL,61,61,EN,2023-07-09T17:00:00.000Z
AFR,Africa,Country,GNB,Guinea-Bissau,Year,2016,FALSE,Residence Area Type,Total,RESIDENCEAREATYPE_TOTL,60.78,61,EN,2023-07-09T17:00:00.000Z
AFR,Africa,Country,GNB,Guinea-Bissau,Year,2015,FALSE,Residence Area Type,Total,RESIDENCEAREATYPE_TOTL,60.56,61,EN,2023-07-09T17:00:00.000Z
AFR,Africa,Country,GNB,Guinea-Bissau,Year,2014,FALSE,Residence Area Type,Total,RESIDENCEAREATYPE_TOTL,60.31,60,EN,2023-07-09T17:00:00.000Z
AFR,Africa,Country,GNB,Guinea-Bissau,Year,2013,FALSE,Residence Area Type,Total,RESIDENCEAREATYPE_TOTL,60.05,60,EN,2023-07-09T17:00:00.000Z
AFR,Africa,Country,GNB,Guinea-Bissau,Year,2012,FALSE,Residence Area Type,Total,RESIDENCEAREATYPE_TOTL,59.78,60,EN,2023-07-09T17:00:00.000Z
AFR,Africa,Country,GNB,Guinea-Bissau,Year,2011,FALSE,Residence Area Type,Total,RESIDENCEAREATYPE_TOTL,59.49,59,EN,2023-07-09T17:00:00.000Z
AFR,Africa,Country,GNB,Guinea-Bissau,Year,2010,FALSE,Residence Area Type,Total,RESIDENCEAREATYPE_TOTL,59.19,59,EN,2023-07-09T17:00:00.000Z
AFR,Africa,Country,GNB,Guinea-Bissau,Year,2009,FALSE,Residence Area Type,Total,RESIDENCEAREATYPE_TOTL,58.87,59,EN,2023-07-09T17:00:00.000Z
AFR,Africa,Country,GNB,Guinea-Bissau,Year,2008,FALSE,Residence Area Type,Total,RESIDENCEAREATYPE_TOTL,58.53,59,EN,2023-07-09T17:00:00.000Z
AFR,Africa,Country,GNB,Guinea-Bissau,Year,2007,FALSE,Residence Area Type,Total,RESIDENCEAREATYPE_TOTL,58.18,58,EN,2023-07-09T17:00:00.000Z
AFR,Africa,Country,GNB,Guinea-Bissau,Year,2006,FALSE,Residence Area Type,Total,RESIDENCEAREATYPE_TOTL,57.81,58,EN,2023-07-09T17:00:00.000Z
AFR,Africa,Country,GNB,Guinea-Bissau,Year,2005,FALSE,Residence Area Type,Total,RESIDENCEAREATYPE_TOTL,57.43,57,EN,2023-07-09T17:00:00.000Z
AFR,Africa,Country,GNB,Guinea-Bissau,Year,2004,FALSE,Residence Area Type,Total,RESIDENCEAREATYPE_TOTL,57.04,57,EN,2023-07-09T17:00:00.000Z
AFR,Africa,Country,GNB,Guinea-Bissau,Year,2003,FALSE,Residence Area Type,Total,RESIDENCEAREATYPE_TOTL,56.63,57,EN,2023-07-09T17:00:00.000Z
AFR,Africa,Country,GNB,Guinea-Bissau,Year,2002,FALSE,Residence Area Type,Total,RESIDENCEAREATYPE_TOTL,56.2,56,EN,2023-07-09T17:00:00.000Z
AFR,Africa,Country,GNB,Guinea-Bissau,Year,2001,FALSE,Residence Area Type,Total,RESIDENCEAREATYPE_TOTL,55.76,56,EN,2023-07-09T17:00:00.000Z
AFR,Africa,Country,GNB,Guinea-Bissau,Year,2000,FALSE,Residence Area Type,Total,RESIDENCEAREATYPE_TOTL,55.3,55,EN,2023-07-09T17:00:00.000Z
AMR,Americas,Country,GUY,Guyana,Year,2022,TRUE,Residence Area Type,Total,RESIDENCEAREATYPE_TOTL,95.86,96,EN,2023-07-09T17:00:00.000Z
AMR,Americas,Country,GUY,Guyana,Year,2021,FALSE,Residence Area Type,Total,RESIDENCEAREATYPE_TOTL,95.57,96,EN,2023-07-09T17:00:00.000Z
AMR,Americas,Country,GUY,Guyana,Year,2020,FALSE,Residence Area Type,Total,RESIDENCEAREATYPE_TOTL,95.28,95,EN,2023-07-09T17:00:00.000Z
AMR,Americas,Country,GUY,Guyana,Year,2019,FALSE,Residence Area Type,Total,RESIDENCEAREATYPE_TOTL,94.95,95,EN,2023-07-09T17:00:00.000Z
AMR,Americas,Country,GUY,Guyana,Year,2018,FALSE,Residence Area Type,Total,RESIDENCEAREATYPE_TOTL,94.6,95,EN,2023-07-09T17:00:00.000Z
AMR,Americas,Country,GUY,Guyana,Year,2017,FALSE,Residence Area Type,Total,RESIDENCEAREATYPE_TOTL,94.25,94,EN,2023-07-09T17:00:00.000Z
AMR,Americas,Country,GUY,Guyana,Year,2016,FALSE,Residence Area Type,Total,RESIDENCEAREATYPE_TOTL,93.91,94,EN,2023-07-09T17:00:00.000Z
AMR,Americas,Country,GUY,Guyana,Year,2015,FALSE,Residence Area Type,Total,RESIDENCEAREATYPE_TOTL,93.56,94,EN,2023-07-09T17:00:00.000Z
AMR,Americas,Country,GUY,Guyana,Year,2014,FALSE,Residence Area Type,Total,RESIDENCEAREATYPE_TOTL,93.21,93,EN,2023-07-09T17:00:00.000Z
AMR,Americas,Country,GUY,Guyana,Year,2013,FALSE,Residence Area Type,Total,RESIDENCEAREATYPE_TOTL,92.86,93,EN,2023-07-09T17:00:00.000Z
AMR,Americas,Country,GUY,Guyana,Year,2012,FALSE,Residence Area Type,Total,RESIDENCEAREATYPE_TOTL,92.52,93,EN,2023-07-09T17:00:00.000Z
AMR,Americas,Country,GUY,Guyana,Year,2011,FALSE,Residence Area Type,Total,RESIDENCEAREATYPE_TOTL,92.17,92,EN,2023-07-09T17:00:00.000Z
AMR,Americas,Country,GUY,Guyana,Year,2010,FALSE,Residence Area Type,Total,RESIDENCEAREATYPE_TOTL,91.83,92,EN,2023-07-09T17:00:00.000Z
AMR,Americas,Country,GUY,Guyana,Year,2009,FALSE,Residence Area Type,Total,RESIDENCEAREATYPE_TOTL,91.5,91,EN,2023-07-09T17:00:00.000Z
AMR,Americas,Country,GUY,Guyana,Year,2008,FALSE,Residence Area Type,Total,RESIDENCEAREATYPE_TOTL,91.17,91,EN,2023-07-09T17:00:00.000Z
AMR,Americas,Country,GUY,Guyana,Year,2007,FALSE,Residence Area Type,Total,RESIDENCEAREATYPE_TOTL,90.84,91,EN,2023-07-09T17:00:00.000Z
AMR,Americas,Country,GUY,Guyana,Year,2006,FALSE,Residence Area Type,Total,RESIDENCEAREATYPE_TOTL,90.51,91,EN,2023-07-09T17:00:00.000Z
AMR,Americas,Country,GUY,Guyana,Year,2005,FALSE,Residence Area Type,Total,RESIDENCEAREATYPE_TOTL,90.18,90,EN,2023-07-09T17:00:00.000Z
AMR,Americas,Country,GUY,Guyana,Year,2004,FALSE,Residence Area Type,Total,RESIDENCEAREATYPE_TOTL,89.85,90,EN,2023-07-09T17:00:00.000Z
AMR,Americas,Country,GUY,Guyana,Year,2003,FALSE,Residence Area Type,Total,RESIDENCEAREATYPE_TOTL,89.53,90,EN,2023-07-09T17:00:00.000Z
AMR,Americas,Country,GUY,Guyana,Year,2002,FALSE,Residence Area Type,Total,RESIDENCEAREATYPE_TOTL,89.2,89,EN,2023-07-09T17:00:00.000Z
AMR,Americas,Country,GUY,Guyana,Year,2001,FALSE,Residence Area Type,Total,RESIDENCEAREATYPE_TOTL,88.87,89,EN,2023-07-09T17:00:00.000Z
AMR,Americas,Country,GUY,Guyana,Year,2000,FALSE,Residence Area Type,Total,RESIDENCEAREATYPE_TOTL,88.54,89,EN,2023-07-09T17:00:00.000Z
AMR,Americas,Country,HTI,Haiti,Year,2022,TRUE,Residence Area Type,Total,RESIDENCEAREATYPE_TOTL,67.42,67,EN,2023-07-09T17:00:00.000Z
AMR,Americas,Country,HTI,Haiti,Year,2021,FALSE,Residence Area Type,Total,RESIDENCEAREATYPE_TOTL,67.06,67,EN,2023-07-09T17:00:00.000Z
AMR,Americas,Country,HTI,Haiti,Year,2020,FALSE,Residence Area Type,Total,RESIDENCEAREATYPE_TOTL,66.7,67,EN,2023-07-09T17:00:00.000Z
AMR,Americas,Country,HTI,Haiti,Year,2019,FALSE,Residence Area Type,Total,RESIDENCEAREATYPE_TOTL,66.32,66,EN,2023-07-09T17:00:00.000Z
AMR,Americas,Country,HTI,Haiti,Year,2018,FALSE,Residence Area Type,Total,RESIDENCEAREATYPE_TOTL,65.9,66,EN,2023-07-09T17:00:00.000Z
AMR,Americas,Country,HTI,Haiti,Year,2017,FALSE,Residence Area Type,Total,RESIDENCEAREATYPE_TOTL,65.47,65,EN,2023-07-09T17:00:00.000Z
AMR,Americas,Country,HTI,Haiti,Year,2016,FALSE,Residence Area Type,Total,RESIDENCEAREATYPE_TOTL,65.02,65,EN,2023-07-09T17:00:00.000Z
AMR,Americas,Country,HTI,Haiti,Year,2015,FALSE,Residence Area Type,Total,RESIDENCEAREATYPE_TOTL,64.57,65,EN,2023-07-09T17:00:00.000Z
AMR,Americas,Country,HTI,Haiti,Year,2014,FALSE,Residence Area Type,Total,RESIDENCEAREATYPE_TOTL,64.1,64,EN,2023-07-09T17:00:00.000Z
AMR,Americas,Country,HTI,Haiti,Year,2013,FALSE,Residence Area Type,Total,RESIDENCEAREATYPE_TOTL,63.63,64,EN,2023-07-09T17:00:00.000Z
AMR,Americas,Country,HTI,Haiti,Year,2012,FALSE,Residence Area Type,Total,RESIDENCEAREATYPE_TOTL,63.16,63,EN,2023-07-09T17:00:00.000Z
AMR,Americas,Country,HTI,Haiti,Year,2011,FALSE,Residence Area Type,Total,RESIDENCEAREATYPE_TOTL,62.68,63,EN,2023-07-09T17:00:00.000Z
AMR,Americas,Country,HTI,Haiti,Year,2010,FALSE,Residence Area Type,Total,RESIDENCEAREATYPE_TOTL,62.2,62,EN,2023-07-09T17:00:00.000Z
AMR,Americas,Country,HTI,Haiti,Year,2009,FALSE,Residence Area Type,Total,RESIDENCEAREATYPE_TOTL,61.72,62,EN,2023-07-09T17:00:00.000Z
AMR,Americas,Country,HTI,Haiti,Year,2008,FALSE,Residence Area Type,Total,RESIDENCEAREATYPE_TOTL,61.23,61,EN,2023-07-09T17:00:00.000Z
AMR,Americas,Country,HTI,Haiti,Year,2007,FALSE,Residence Area Type,Total,RESIDENCEAREATYPE_TOTL,60.74,61,EN,2023-07-09T17:00:00.000Z
AMR,Americas,Country,HTI,Haiti,Year,2006,FALSE,Residence Area Type,Total,RESIDENCEAREATYPE_TOTL,60.25,60,EN,2023-07-09T17:00:00.000Z
AMR,Americas,Country,HTI,Haiti,Year,2005,FALSE,Residence Area Type,Total,RESIDENCEAREATYPE_TOTL,59.75,60,EN,2023-07-09T17:00:00.000Z
AMR,Americas,Country,HTI,Haiti,Year,2004,FALSE,Residence Area Type,Total,RESIDENCEAREATYPE_TOTL,59.26,59,EN,2023-07-09T17:00:00.000Z
AMR,Americas,Country,HTI,Haiti,Year,2003,FALSE,Residence Area Type,Total,RESIDENCEAREATYPE_TOTL,58.72,59,EN,2023-07-09T17:00:00.000Z
AMR,Americas,Country,HTI,Haiti,Year,2002,FALSE,Residence Area Type,Total,RESIDENCEAREATYPE_TOTL,57.89,58,EN,2023-07-09T17:00:00.000Z
AMR,Americas,Country,HTI,Haiti,Year,2001,FALSE,Residence Area Type,Total,RESIDENCEAREATYPE_TOTL,57.06,57,EN,2023-07-09T17:00:00.000Z
AMR,Americas,Country,HTI,Haiti,Year,2000,FALSE,Residence Area Type,Total,RESIDENCEAREATYPE_TOTL,56.24,56,EN,2023-07-09T17:00:00.000Z
AMR,Americas,Country,HND,Honduras,Year,2022,TRUE,Residence Area Type,Total,RESIDENCEAREATYPE_TOTL,95.8,96,EN,2023-07-09T17:00:00.000Z
AMR,Americas,Country,HND,Honduras,Year,2021,FALSE,Residence Area Type,Total,RESIDENCEAREATYPE_TOTL,95.43,95,EN,2023-07-09T17:00:00.000Z
AMR,Americas,Country,HND,Honduras,Year,2020,FALSE,Residence Area Type,Total,RESIDENCEAREATYPE_TOTL,95.02,95,EN,2023-07-09T17:00:00.000Z
AMR,Americas,Country,HND,Honduras,Year,2019,FALSE,Residence Area Type,Total,RESIDENCEAREATYPE_TOTL,94.61,95,EN,2023-07-09T17:00:00.000Z
AMR,Americas,Country,HND,Honduras,Year,2018,FALSE,Residence Area Type,Total,RESIDENCEAREATYPE_TOTL,94.19,94,EN,2023-07-09T17:00:00.000Z
AMR,Americas,Country,HND,Honduras,Year,2017,FALSE,Residence Area Type,Total,RESIDENCEAREATYPE_TOTL,93.76,94,EN,2023-07-09T17:00:00.000Z
AMR,Americas,Country,HND,Honduras,Year,2016,FALSE,Residence Area Type,Total,RESIDENCEAREATYPE_TOTL,93.32,93,EN,2023-07-09T17:00:00.000Z
AMR,Americas,Country,HND,Honduras,Year,2015,FALSE,Residence Area Type,Total,RESIDENCEAREATYPE_TOTL,92.88,93,EN,2023-07-09T17:00:00.000Z
AMR,Americas,Country,HND,Honduras,Year,2014,FALSE,Residence Area Type,Total,RESIDENCEAREATYPE_TOTL,92.43,92,EN,2023-07-09T17:00:00.000Z
AMR,Americas,Country,HND,Honduras,Year,2013,FALSE,Residence Area Type,Total,RESIDENCEAREATYPE_TOTL,91.98,92,EN,2023-07-09T17:00:00.000Z
AMR,Americas,Country,HND,Honduras,Year,2012,FALSE,Residence Area Type,Total,RESIDENCEAREATYPE_TOTL,91.51,92,EN,2023-07-09T17:00:00.000Z
AMR,Americas,Country,HND,Honduras,Year,2011,FALSE,Residence Area Type,Total,RESIDENCEAREATYPE_TOTL,91.04,91,EN,2023-07-09T17:00:00.000Z
AMR,Americas,Country,HND,Honduras,Year,2010,FALSE,Residence Area Type,Total,RESIDENCEAREATYPE_TOTL,90.57,91,EN,2023-07-09T17:00:00.000Z
AMR,Americas,Country,HND,Honduras,Year,2009,FALSE,Residence Area Type,Total,RESIDENCEAREATYPE_TOTL,90.08,90,EN,2023-07-09T17:00:00.000Z
AMR,Americas,Country,HND,Honduras,Year,2008,FALSE,Residence Area Type,Total,RESIDENCEAREATYPE_TOTL,89.59,90,EN,2023-07-09T17:00:00.000Z
AMR,Americas,Country,HND,Honduras,Year,2007,FALSE,Residence Area Type,Total,RESIDENCEAREATYPE_TOTL,89.09,89,EN,2023-07-09T17:00:00.000Z
AMR,Americas,Country,HND,Honduras,Year,2006,FALSE,Residence Area Type,Total,RESIDENCEAREATYPE_TOTL,88.59,89,EN,2023-07-09T17:00:00.000Z
AMR,Americas,Country,HND,Honduras,Year,2005,FALSE,Residence Area Type,Total,RESIDENCEAREATYPE_TOTL,88.08,88,EN,2023-07-09T17:00:00.000Z
AMR,Americas,Country,HND,Honduras,Year,2004,FALSE,Residence Area Type,Total,RESIDENCEAREATYPE_TOTL,87.56,88,EN,2023-07-09T17:00:00.000Z
AMR,Americas,Country,HND,Honduras,Year,2003,FALSE,Residence Area Type,Total,RESIDENCEAREATYPE_TOTL,87.03,87,EN,2023-07-09T17:00:00.000Z
AMR,Americas,Country,HND,Honduras,Year,2002,FALSE,Residence Area Type,Total,RESIDENCEAREATYPE_TOTL,86.5,86,EN,2023-07-09T17:00:00.000Z
AMR,Americas,Country,HND,Honduras,Year,2001,FALSE,Residence Area Type,Total,RESIDENCEAREATYPE_TOTL,85.91,86,EN,2023-07-09T17:00:00.000Z
AMR,Americas,Country,HND,Honduras,Year,2000,FALSE,Residence Area Type,Total,RESIDENCEAREATYPE_TOTL,85.35,85,EN,2023-07-09T17:00:00.000Z
EUR,Europe,Country,HUN,Hungary,Year,2022,TRUE,Residence Area Type,Total,RESIDENCEAREATYPE_TOTL,100,100,EN,2023-07-09T17:00:00.000Z
EUR,Europe,Country,HUN,Hungary,Year,2021,FALSE,Residence Area Type,Total,RESIDENCEAREATYPE_TOTL,100,100,EN,2023-07-09T17:00:00.000Z
EUR,Europe,Country,HUN,Hungary,Year,2020,FALSE,Residence Area Type,Total,RESIDENCEAREATYPE_TOTL,100,100,EN,2023-07-09T17:00:00.000Z
EUR,Europe,Country,HUN,Hungary,Year,2019,FALSE,Residence Area Type,Total,RESIDENCEAREATYPE_TOTL,100,100,EN,2023-07-09T17:00:00.000Z
EUR,Europe,Country,HUN,Hungary,Year,2018,FALSE,Residence Area Type,Total,RESIDENCEAREATYPE_TOTL,100,100,EN,2023-07-09T17:00:00.000Z
EUR,Europe,Country,HUN,Hungary,Year,2017,FALSE,Residence Area Type,Total,RESIDENCEAREATYPE_TOTL,99.97,100,EN,2023-07-09T17:00:00.000Z
EUR,Europe,Country,HUN,Hungary,Year,2016,FALSE,Residence Area Type,Total,RESIDENCEAREATYPE_TOTL,99.97,100,EN,2023-07-09T17:00:00.000Z
EUR,Europe,Country,HUN,Hungary,Year,2015,FALSE,Residence Area Type,Total,RESIDENCEAREATYPE_TOTL,99.97,100,EN,2023-07-09T17:00:00.000Z
EUR,Europe,Country,HUN,Hungary,Year,2014,FALSE,Residence Area Type,Total,RESIDENCEAREATYPE_TOTL,99.97,100,EN,2023-07-09T17:00:00.000Z
EUR,Europe,Country,HUN,Hungary,Year,2013,FALSE,Residence Area Type,Total,RESIDENCEAREATYPE_TOTL,99.97,100,EN,2023-07-09T17:00:00.000Z
EUR,Europe,Country,HUN,Hungary,Year,2012,FALSE,Residence Area Type,Total,RESIDENCEAREATYPE_TOTL,99.97,100,EN,2023-07-09T17:00:00.000Z
EUR,Europe,Country,HUN,Hungary,Year,2011,FALSE,Residence Area Type,Total,RESIDENCEAREATYPE_TOTL,99.97,100,EN,2023-07-09T17:00:00.000Z
EUR,Europe,Country,HUN,Hungary,Year,2010,FALSE,Residence Area Type,Total,RESIDENCEAREATYPE_TOTL,99.97,100,EN,2023-07-09T17:00:00.000Z
EUR,Europe,Country,HUN,Hungary,Year,2009,FALSE,Residence Area Type,Total,RESIDENCEAREATYPE_TOTL,99.97,100,EN,2023-07-09T17:00:00.000Z
EUR,Europe,Country,HUN,Hungary,Year,2008,FALSE,Residence Area Type,Total,RESIDENCEAREATYPE_TOTL,99.97,100,EN,2023-07-09T17:00:00.000Z
EUR,Europe,Country,HUN,Hungary,Year,2007,FALSE,Residence Area Type,Total,RESIDENCEAREATYPE_TOTL,99.97,100,EN,2023-07-09T17:00:00.000Z
EUR,Europe,Country,HUN,Hungary,Year,2006,FALSE,Residence Area Type,Total,RESIDENCEAREATYPE_TOTL,99.97,100,EN,2023-07-09T17:00:00.000Z
EUR,Europe,Country,HUN,Hungary,Year,2005,FALSE,Residence Area Type,Total,RESIDENCEAREATYPE_TOTL,99.97,100,EN,2023-07-09T17:00:00.000Z
EUR,Europe,Country,HUN,Hungary,Year,2004,FALSE,Residence Area Type,Total,RESIDENCEAREATYPE_TOTL,99.97,100,EN,2023-07-09T17:00:00.000Z
EUR,Europe,Country,HUN,Hungary,Year,2003,FALSE,Residence Area Type,Total,RESIDENCEAREATYPE_TOTL,99.97,100,EN,2023-07-09T17:00:00.000Z
EUR,Europe,Country,HUN,Hungary,Year,2002,FALSE,Residence Area Type,Total,RESIDENCEAREATYPE_TOTL,99.97,100,EN,2023-07-09T17:00:00.000Z
EUR,Europe,Country,HUN,Hungary,Year,2001,FALSE,Residence Area Type,Total,RESIDENCEAREATYPE_TOTL,99.96,100,EN,2023-07-09T17:00:00.000Z
EUR,Europe,Country,HUN,Hungary,Year,2000,FALSE,Residence Area Type,Total,RESIDENCEAREATYPE_TOTL,99.96,100,EN,2023-07-09T17:00:00.000Z
EUR,Europe,Country,ISL,Iceland,Year,2022,TRUE,Residence Area Type,Total,RESIDENCEAREATYPE_TOTL,100,100,EN,2023-07-09T17:00:00.000Z
EUR,Europe,Country,ISL,Iceland,Year,2021,FALSE,Residence Area Type,Total,RESIDENCEAREATYPE_TOTL,100,100,EN,2023-07-09T17:00:00.000Z
EUR,Europe,Country,ISL,Iceland,Year,2020,FALSE,Residence Area Type,Total,RESIDENCEAREATYPE_TOTL,100,100,EN,2023-07-09T17:00:00.000Z
EUR,Europe,Country,ISL,Iceland,Year,2019,FALSE,Residence Area Type,Total,RESIDENCEAREATYPE_TOTL,100,100,EN,2023-07-09T17:00:00.000Z
EUR,Europe,Country,ISL,Iceland,Year,2018,FALSE,Residence Area Type,Total,RESIDENCEAREATYPE_TOTL,100,100,EN,2023-07-09T17:00:00.000Z
EUR,Europe,Country,ISL,Iceland,Year,2017,FALSE,Residence Area Type,Total,RESIDENCEAREATYPE_TOTL,100,100,EN,2023-07-09T17:00:00.000Z
EUR,Europe,Country,ISL,Iceland,Year,2016,FALSE,Residence Area Type,Total,RESIDENCEAREATYPE_TOTL,100,100,EN,2023-07-09T17:00:00.000Z
EUR,Europe,Country,ISL,Iceland,Year,2015,FALSE,Residence Area Type,Total,RESIDENCEAREATYPE_TOTL,100,100,EN,2023-07-09T17:00:00.000Z
EUR,Europe,Country,ISL,Iceland,Year,2014,FALSE,Residence Area Type,Total,RESIDENCEAREATYPE_TOTL,100,100,EN,2023-07-09T17:00:00.000Z
EUR,Europe,Country,ISL,Iceland,Year,2013,FALSE,Residence Area Type,Total,RESIDENCEAREATYPE_TOTL,100,100,EN,2023-07-09T17:00:00.000Z
EUR,Europe,Country,ISL,Iceland,Year,2012,FALSE,Residence Area Type,Total,RESIDENCEAREATYPE_TOTL,100,100,EN,2023-07-09T17:00:00.000Z
EUR,Europe,Country,ISL,Iceland,Year,2011,FALSE,Residence Area Type,Total,RESIDENCEAREATYPE_TOTL,100,100,EN,2023-07-09T17:00:00.000Z
EUR,Europe,Country,ISL,Iceland,Year,2010,FALSE,Residence Area Type,Total,RESIDENCEAREATYPE_TOTL,100,100,EN,2023-07-09T17:00:00.000Z
EUR,Europe,Country,ISL,Iceland,Year,2009,FALSE,Residence Area Type,Total,RESIDENCEAREATYPE_TOTL,100,100,EN,2023-07-09T17:00:00.000Z
EUR,Europe,Country,ISL,Iceland,Year,2008,FALSE,Residence Area Type,Total,RESIDENCEAREATYPE_TOTL,100,100,EN,2023-07-09T17:00:00.000Z
EUR,Europe,Country,ISL,Iceland,Year,2007,FALSE,Residence Area Type,Total,RESIDENCEAREATYPE_TOTL,100,100,EN,2023-07-09T17:00:00.000Z
EUR,Europe,Country,ISL,Iceland,Year,2006,FALSE,Residence Area Type,Total,RESIDENCEAREATYPE_TOTL,100,100,EN,2023-07-09T17:00:00.000Z
EUR,Europe,Country,ISL,Iceland,Year,2005,FALSE,Residence Area Type,Total,RESIDENCEAREATYPE_TOTL,100,100,EN,2023-07-09T17:00:00.000Z
EUR,Europe,Country,ISL,Iceland,Year,2004,FALSE,Residence Area Type,Total,RESIDENCEAREATYPE_TOTL,100,100,EN,2023-07-09T17:00:00.000Z
EUR,Europe,Country,ISL,Iceland,Year,2003,FALSE,Residence Area Type,Total,RESIDENCEAREATYPE_TOTL,100,100,EN,2023-07-09T17:00:00.000Z
EUR,Europe,Country,ISL,Iceland,Year,2002,FALSE,Residence Area Type,Total,RESIDENCEAREATYPE_TOTL,100,100,EN,2023-07-09T17:00:00.000Z
EUR,Europe,Country,ISL,Iceland,Year,2001,FALSE,Residence Area Type,Total,RESIDENCEAREATYPE_TOTL,100,100,EN,2023-07-09T17:00:00.000Z
EUR,Europe,Country,ISL,Iceland,Year,2000,FALSE,Residence Area Type,Total,RESIDENCEAREATYPE_TOTL,100,100,EN,2023-07-09T17:00:00.000Z
SEAR,South-East Asia,Country,IND,India,Year,2022,TRUE,Residence Area Type,Total,RESIDENCEAREATYPE_TOTL,93.3,93,EN,2023-07-09T17:00:00.000Z
SEAR,South-East Asia,Country,IND,India,Year,2021,FALSE,Residence Area Type,Total,RESIDENCEAREATYPE_TOTL,92.72,93,EN,2023-07-09T17:00:00.000Z
SEAR,South-East Asia,Country,IND,India,Year,2020,FALSE,Residence Area Type,Total,RESIDENCEAREATYPE_TOTL,92.15,92,EN,2023-07-09T17:00:00.000Z
SEAR,South-East Asia,Country,IND,India,Year,2019,FALSE,Residence Area Type,Total,RESIDENCEAREATYPE_TOTL,91.56,92,EN,2023-07-09T17:00:00.000Z
SEAR,South-East Asia,Country,IND,India,Year,2018,FALSE,Residence Area Type,Total,RESIDENCEAREATYPE_TOTL,90.97,91,EN,2023-07-09T17:00:00.000Z
SEAR,South-East Asia,Country,IND,India,Year,2017,FALSE,Residence Area Type,Total,RESIDENCEAREATYPE_TOTL,90.38,90,EN,2023-07-09T17:00:00.000Z
SEAR,South-East Asia,Country,IND,India,Year,2016,FALSE,Residence Area Type,Total,RESIDENCEAREATYPE_TOTL,89.79,90,EN,2023-07-09T17:00:00.000Z
SEAR,South-East Asia,Country,IND,India,Year,2015,FALSE,Residence Area Type,Total,RESIDENCEAREATYPE_TOTL,89.19,89,EN,2023-07-09T17:00:00.000Z
SEAR,South-East Asia,Country,IND,India,Year,2014,FALSE,Residence Area Type,Total,RESIDENCEAREATYPE_TOTL,88.59,89,EN,2023-07-09T17:00:00.000Z
SEAR,South-East Asia,Country,IND,India,Year,2013,FALSE,Residence Area Type,Total,RESIDENCEAREATYPE_TOTL,87.98,88,EN,2023-07-09T17:00:00.000Z
SEAR,South-East Asia,Country,IND,India,Year,2012,FALSE,Residence Area Type,Total,RESIDENCEAREATYPE_TOTL,87.37,87,EN,2023-07-09T17:00:00.000Z
SEAR,South-East Asia,Country,IND,India,Year,2011,FALSE,Residence Area Type,Total,RESIDENCEAREATYPE_TOTL,86.76,87,EN,2023-07-09T17:00:00.000Z
SEAR,South-East Asia,Country,IND,India,Year,2010,FALSE,Residence Area Type,Total,RESIDENCEAREATYPE_TOTL,86.15,86,EN,2023-07-09T17:00:00.000Z
SEAR,South-East Asia,Country,IND,India,Year,2009,FALSE,Residence Area Type,Total,RESIDENCEAREATYPE_TOTL,85.53,86,EN,2023-07-09T17:00:00.000Z
SEAR,South-East Asia,Country,IND,India,Year,2008,FALSE,Residence Area Type,Total,RESIDENCEAREATYPE_TOTL,84.92,85,EN,2023-07-09T17:00:00.000Z
SEAR,South-East Asia,Country,IND,India,Year,2007,FALSE,Residence Area Type,Total,RESIDENCEAREATYPE_TOTL,84.29,84,EN,2023-07-09T17:00:00.000Z
SEAR,South-East Asia,Country,IND,India,Year,2006,FALSE,Residence Area Type,Total,RESIDENCEAREATYPE_TOTL,83.67,84,EN,2023-07-09T17:00:00.000Z
SEAR,South-East Asia,Country,IND,India,Year,2005,FALSE,Residence Area Type,Total,RESIDENCEAREATYPE_TOTL,83.04,83,EN,2023-07-09T17:00:00.000Z
SEAR,South-East Asia,Country,IND,India,Year,2004,FALSE,Residence Area Type,Total,RESIDENCEAREATYPE_TOTL,82.4,82,EN,2023-07-09T17:00:00.000Z
SEAR,South-East Asia,Country,IND,India,Year,2003,FALSE,Residence Area Type,Total,RESIDENCEAREATYPE_TOTL,81.77,82,EN,2023-07-09T17:00:00.000Z
SEAR,South-East Asia,Country,IND,India,Year,2002,FALSE,Residence Area Type,Total,RESIDENCEAREATYPE_TOTL,81.13,81,EN,2023-07-09T17:00:00.000Z
SEAR,South-East Asia,Country,IND,India,Year,2001,FALSE,Residence Area Type,Total,RESIDENCEAREATYPE_TOTL,80.49,80,EN,2023-07-09T17:00:00.000Z
SEAR,South-East Asia,Country,IND,India,Year,2000,FALSE,Residence Area Type,Total,RESIDENCEAREATYPE_TOTL,79.88,80,EN,2023-07-09T17:00:00.000Z
SEAR,South-East Asia,Country,IDN,Indonesia,Year,2022,TRUE,Residence Area Type,Total,RESIDENCEAREATYPE_TOTL,94.11,94,EN,2023-07-09T17:00:00.000Z
SEAR,South-East Asia,Country,IDN,Indonesia,Year,2021,FALSE,Residence Area Type,Total,RESIDENCEAREATYPE_TOTL,93.35,93,EN,2023-07-09T17:00:00.000Z
SEAR,South-East Asia,Country,IDN,Indonesia,Year,2020,FALSE,Residence Area Type,Total,RESIDENCEAREATYPE_TOTL,92.59,93,EN,2023-07-09T17:00:00.000Z
SEAR,South-East Asia,Country,IDN,Indonesia,Year,2019,FALSE,Residence Area Type,Total,RESIDENCEAREATYPE_TOTL,91.81,92,EN,2023-07-09T17:00:00.000Z
SEAR,South-East Asia,Country,IDN,Indonesia,Year,2018,FALSE,Residence Area Type,Total,RESIDENCEAREATYPE_TOTL,91.04,91,EN,2023-07-09T17:00:00.000Z
SEAR,South-East Asia,Country,IDN,Indonesia,Year,2017,FALSE,Residence Area Type,Total,RESIDENCEAREATYPE_TOTL,90.26,90,EN,2023-07-09T17:00:00.000Z
SEAR,South-East Asia,Country,IDN,Indonesia,Year,2016,FALSE,Residence Area Type,Total,RESIDENCEAREATYPE_TOTL,89.47,89,EN,2023-07-09T17:00:00.000Z
SEAR,South-East Asia,Country,IDN,Indonesia,Year,2015,FALSE,Residence Area Type,Total,RESIDENCEAREATYPE_TOTL,88.67,89,EN,2023-07-09T17:00:00.000Z
SEAR,South-East Asia,Country,IDN,Indonesia,Year,2014,FALSE,Residence Area Type,Total,RESIDENCEAREATYPE_TOTL,87.86,88,EN,2023-07-09T17:00:00.000Z
SEAR,South-East Asia,Country,IDN,Indonesia,Year,2013,FALSE,Residence Area Type,Total,RESIDENCEAREATYPE_TOTL,87.04,87,EN,2023-07-09T17:00:00.000Z
SEAR,South-East Asia,Country,IDN,Indonesia,Year,2012,FALSE,Residence Area Type,Total,RESIDENCEAREATYPE_TOTL,86.21,86,EN,2023-07-09T17:00:00.000Z
SEAR,South-East Asia,Country,IDN,Indonesia,Year,2011,FALSE,Residence Area Type,Total,RESIDENCEAREATYPE_TOTL,85.38,85,EN,2023-07-09T17:00:00.000Z
SEAR,South-East Asia,Country,IDN,Indonesia,Year,2010,FALSE,Residence Area Type,Total,RESIDENCEAREATYPE_TOTL,84.53,85,EN,2023-07-09T17:00:00.000Z
SEAR,South-East Asia,Country,IDN,Indonesia,Year,2009,FALSE,Residence Area Type,Total,RESIDENCEAREATYPE_TOTL,83.66,84,EN,2023-07-09T17:00:00.000Z
SEAR,South-East Asia,Country,IDN,Indonesia,Year,2008,FALSE,Residence Area Type,Total,RESIDENCEAREATYPE_TOTL,82.78,83,EN,2023-07-09T17:00:00.000Z
SEAR,South-East Asia,Country,IDN,Indonesia,Year,2007,FALSE,Residence Area Type,Total,RESIDENCEAREATYPE_TOTL,81.88,82,EN,2023-07-09T17:00:00.000Z
SEAR,South-East Asia,Country,IDN,Indonesia,Year,2006,FALSE,Residence Area Type,Total,RESIDENCEAREATYPE_TOTL,80.98,81,EN,2023-07-09T17:00:00.000Z
SEAR,South-East Asia,Country,IDN,Indonesia,Year,2005,FALSE,Residence Area Type,Total,RESIDENCEAREATYPE_TOTL,80.06,80,EN,2023-07-09T17:00:00.000Z
SEAR,South-East Asia,Country,IDN,Indonesia,Year,2004,FALSE,Residence Area Type,Total,RESIDENCEAREATYPE_TOTL,79.13,79,EN,2023-07-09T17:00:00.000Z
SEAR,South-East Asia,Country,IDN,Indonesia,Year,2003,FALSE,Residence Area Type,Total,RESIDENCEAREATYPE_TOTL,78.18,78,EN,2023-07-09T17:00:00.000Z
SEAR,South-East Asia,Country,IDN,Indonesia,Year,2002,FALSE,Residence Area Type,Total,RESIDENCEAREATYPE_TOTL,77.22,77,EN,2023-07-09T17:00:00.000Z
SEAR,South-East Asia,Country,IDN,Indonesia,Year,2001,FALSE,Residence Area Type,Total,RESIDENCEAREATYPE_TOTL,76.26,76,EN,2023-07-09T17:00:00.000Z
SEAR,South-East Asia,Country,IDN,Indonesia,Year,2000,FALSE,Residence Area Type,Total,RESIDENCEAREATYPE_TOTL,75.28,75,EN,2023-07-09T17:00:00.000Z
EMR,Eastern Mediterranean,Country,IRN,Iran (Islamic Republic of),Year,2022,TRUE,Residence Area Type,Total,RESIDENCEAREATYPE_TOTL,97.69,98,EN,2023-07-09T17:00:00.000Z
EMR,Eastern Mediterranean,Country,IRN,Iran (Islamic Republic of),Year,2021,FALSE,Residence Area Type,Total,RESIDENCEAREATYPE_TOTL,97.57,98,EN,2023-07-09T17:00:00.000Z
EMR,Eastern Mediterranean,Country,IRN,Iran (Islamic Republic of),Year,2020,FALSE,Residence Area Type,Total,RESIDENCEAREATYPE_TOTL,97.45,97,EN,2023-07-09T17:00:00.000Z
EMR,Eastern Mediterranean,Country,IRN,Iran (Islamic Republic of),Year,2019,FALSE,Residence Area Type,Total,RESIDENCEAREATYPE_TOTL,97.32,97,EN,2023-07-09T17:00:00.000Z
EMR,Eastern Mediterranean,Country,IRN,Iran (Islamic Republic of),Year,2018,FALSE,Residence Area Type,Total,RESIDENCEAREATYPE_TOTL,97.19,97,EN,2023-07-09T17:00:00.000Z
EMR,Eastern Mediterranean,Country,IRN,Iran (Islamic Republic of),Year,2017,FALSE,Residence Area Type,Total,RESIDENCEAREATYPE_TOTL,97.06,97,EN,2023-07-09T17:00:00.000Z
EMR,Eastern Mediterranean,Country,IRN,Iran (Islamic Republic of),Year,2016,FALSE,Residence Area Type,Total,RESIDENCEAREATYPE_TOTL,96.93,97,EN,2023-07-09T17:00:00.000Z
EMR,Eastern Mediterranean,Country,IRN,Iran (Islamic Republic of),Year,2015,FALSE,Residence Area Type,Total,RESIDENCEAREATYPE_TOTL,96.79,97,EN,2023-07-09T17:00:00.000Z
EMR,Eastern Mediterranean,Country,IRN,Iran (Islamic Republic of),Year,2014,FALSE,Residence Area Type,Total,RESIDENCEAREATYPE_TOTL,96.64,97,EN,2023-07-09T17:00:00.000Z
EMR,Eastern Mediterranean,Country,IRN,Iran (Islamic Republic of),Year,2013,FALSE,Residence Area Type,Total,RESIDENCEAREATYPE_TOTL,96.49,96,EN,2023-07-09T17:00:00.000Z
EMR,Eastern Mediterranean,Country,IRN,Iran (Islamic Republic of),Year,2012,FALSE,Residence Area Type,Total,RESIDENCEAREATYPE_TOTL,96.34,96,EN,2023-07-09T17:00:00.000Z
EMR,Eastern Mediterranean,Country,IRN,Iran (Islamic Republic of),Year,2011,FALSE,Residence Area Type,Total,RESIDENCEAREATYPE_TOTL,96.19,96,EN,2023-07-09T17:00:00.000Z
EMR,Eastern Mediterranean,Country,IRN,Iran (Islamic Republic of),Year,2010,FALSE,Residence Area Type,Total,RESIDENCEAREATYPE_TOTL,96.03,96,EN,2023-07-09T17:00:00.000Z
EMR,Eastern Mediterranean,Country,IRN,Iran (Islamic Republic of),Year,2009,FALSE,Residence Area Type,Total,RESIDENCEAREATYPE_TOTL,95.87,96,EN,2023-07-09T17:00:00.000Z
EMR,Eastern Mediterranean,Country,IRN,Iran (Islamic Republic of),Year,2008,FALSE,Residence Area Type,Total,RESIDENCEAREATYPE_TOTL,95.7,96,EN,2023-07-09T17:00:00.000Z
EMR,Eastern Mediterranean,Country,IRN,Iran (Islamic Republic of),Year,2007,FALSE,Residence Area Type,Total,RESIDENCEAREATYPE_TOTL,95.53,96,EN,2023-07-09T17:00:00.000Z
EMR,Eastern Mediterranean,Country,IRN,Iran (Islamic Republic of),Year,2006,FALSE,Residence Area Type,Total,RESIDENCEAREATYPE_TOTL,95.35,95,EN,2023-07-09T17:00:00.000Z
EMR,Eastern Mediterranean,Country,IRN,Iran (Islamic Republic of),Year,2005,FALSE,Residence Area Type,Total,RESIDENCEAREATYPE_TOTL,95.16,95,EN,2023-07-09T17:00:00.000Z
EMR,Eastern Mediterranean,Country,IRN,Iran (Islamic Republic of),Year,2004,FALSE,Residence Area Type,Total,RESIDENCEAREATYPE_TOTL,94.97,95,EN,2023-07-09T17:00:00.000Z
EMR,Eastern Mediterranean,Country,IRN,Iran (Islamic Republic of),Year,2003,FALSE,Residence Area Type,Total,RESIDENCEAREATYPE_TOTL,94.77,95,EN,2023-07-09T17:00:00.000Z
EMR,Eastern Mediterranean,Country,IRN,Iran (Islamic Republic of),Year,2002,FALSE,Residence Area Type,Total,RESIDENCEAREATYPE_TOTL,94.57,95,EN,2023-07-09T17:00:00.000Z
EMR,Eastern Mediterranean,Country,IRN,Iran (Islamic Republic of),Year,2001,FALSE,Residence Area Type,Total,RESIDENCEAREATYPE_TOTL,94.36,94,EN,2023-07-09T17:00:00.000Z
EMR,Eastern Mediterranean,Country,IRN,Iran (Islamic Republic of),Year,2000,FALSE,Residence Area Type,Total,RESIDENCEAREATYPE_TOTL,94.15,94,EN,2023-07-09T17:00:00.000Z
EMR,Eastern Mediterranean,Country,IRQ,Iraq,Year,2022,TRUE,Residence Area Type,Total,RESIDENCEAREATYPE_TOTL,98.38,98,EN,2023-07-09T17:00:00.000Z
EMR,Eastern Mediterranean,Country,IRQ,Iraq,Year,2021,FALSE,Residence Area Type,Total,RESIDENCEAREATYPE_TOTL,98.37,98,EN,2023-07-09T17:00:00.000Z
EMR,Eastern Mediterranean,Country,IRQ,Iraq,Year,2020,FALSE,Residence Area Type,Total,RESIDENCEAREATYPE_TOTL,98.36,98,EN,2023-07-09T17:00:00.000Z
EMR,Eastern Mediterranean,Country,IRQ,Iraq,Year,2019,FALSE,Residence Area Type,Total,RESIDENCEAREATYPE_TOTL,97.78,98,EN,2023-07-09T17:00:00.000Z
EMR,Eastern Mediterranean,Country,IRQ,Iraq,Year,2018,FALSE,Residence Area Type,Total,RESIDENCEAREATYPE_TOTL,96.9,97,EN,2023-07-09T17:00:00.000Z
EMR,Eastern Mediterranean,Country,IRQ,Iraq,Year,2017,FALSE,Residence Area Type,Total,RESIDENCEAREATYPE_TOTL,96.02,96,EN,2023-07-09T17:00:00.000Z
EMR,Eastern Mediterranean,Country,IRQ,Iraq,Year,2016,FALSE,Residence Area Type,Total,RESIDENCEAREATYPE_TOTL,95.14,95,EN,2023-07-09T17:00:00.000Z
EMR,Eastern Mediterranean,Country,IRQ,Iraq,Year,2015,FALSE,Residence Area Type,Total,RESIDENCEAREATYPE_TOTL,94.25,94,EN,2023-07-09T17:00:00.000Z
EMR,Eastern Mediterranean,Country,IRQ,Iraq,Year,2014,FALSE,Residence Area Type,Total,RESIDENCEAREATYPE_TOTL,93.36,93,EN,2023-07-09T17:00:00.000Z
EMR,Eastern Mediterranean,Country,IRQ,Iraq,Year,2013,FALSE,Residence Area Type,Total,RESIDENCEAREATYPE_TOTL,92.46,92,EN,2023-07-09T17:00:00.000Z
EMR,Eastern Mediterranean,Country,IRQ,Iraq,Year,2012,FALSE,Residence Area Type,Total,RESIDENCEAREATYPE_TOTL,91.56,92,EN,2023-07-09T17:00:00.000Z
EMR,Eastern Mediterranean,Country,IRQ,Iraq,Year,2011,FALSE,Residence Area Type,Total,RESIDENCEAREATYPE_TOTL,90.66,91,EN,2023-07-09T17:00:00.000Z
EMR,Eastern Mediterranean,Country,IRQ,Iraq,Year,2010,FALSE,Residence Area Type,Total,RESIDENCEAREATYPE_TOTL,89.75,90,EN,2023-07-09T17:00:00.000Z
EMR,Eastern Mediterranean,Country,IRQ,Iraq,Year,2009,FALSE,Residence Area Type,Total,RESIDENCEAREATYPE_TOTL,88.85,89,EN,2023-07-09T17:00:00.000Z
EMR,Eastern Mediterranean,Country,IRQ,Iraq,Year,2008,FALSE,Residence Area Type,Total,RESIDENCEAREATYPE_TOTL,87.96,88,EN,2023-07-09T17:00:00.000Z
EMR,Eastern Mediterranean,Country,IRQ,Iraq,Year,2007,FALSE,Residence Area Type,Total,RESIDENCEAREATYPE_TOTL,87.07,87,EN,2023-07-09T17:00:00.000Z
EMR,Eastern Mediterranean,Country,IRQ,Iraq,Year,2006,FALSE,Residence Area Type,Total,RESIDENCEAREATYPE_TOTL,86.18,86,EN,2023-07-09T17:00:00.000Z
EMR,Eastern Mediterranean,Country,IRQ,Iraq,Year,2005,FALSE,Residence Area Type,Total,RESIDENCEAREATYPE_TOTL,85.29,85,EN,2023-07-09T17:00:00.000Z
EMR,Eastern Mediterranean,Country,IRQ,Iraq,Year,2004,FALSE,Residence Area Type,Total,RESIDENCEAREATYPE_TOTL,84.4,84,EN,2023-07-09T17:00:00.000Z
EMR,Eastern Mediterranean,Country,IRQ,Iraq,Year,2003,FALSE,Residence Area Type,Total,RESIDENCEAREATYPE_TOTL,83.52,84,EN,2023-07-09T17:00:00.000Z
EMR,Eastern Mediterranean,Country,IRQ,Iraq,Year,2002,FALSE,Residence Area Type,Total,RESIDENCEAREATYPE_TOTL,82.63,83,EN,2023-07-09T17:00:00.000Z
EMR,Eastern Mediterranean,Country,IRQ,Iraq,Year,2001,FALSE,Residence Area Type,Total,RESIDENCEAREATYPE_TOTL,81.74,82,EN,2023-07-09T17:00:00.000Z
EMR,Eastern Mediterranean,Country,IRQ,Iraq,Year,2000,FALSE,Residence Area Type,Total,RESIDENCEAREATYPE_TOTL,80.85,81,EN,2023-07-09T17:00:00.000Z
EUR,Europe,Country,IRL,Ireland,Year,2022,TRUE,Residence Area Type,Total,RESIDENCEAREATYPE_TOTL,95.99,96,EN,2023-07-09T17:00:00.000Z
EUR,Europe,Country,IRL,Ireland,Year,2021,FALSE,Residence Area Type,Total,RESIDENCEAREATYPE_TOTL,96,96,EN,2023-07-09T17:00:00.000Z
EUR,Europe,Country,IRL,Ireland,Year,2020,FALSE,Residence Area Type,Total,RESIDENCEAREATYPE_TOTL,96,96,EN,2023-07-09T17:00:00.000Z
EUR,Europe,Country,IRL,Ireland,Year,2019,FALSE,Residence Area Type,Total,RESIDENCEAREATYPE_TOTL,96,96,EN,2023-07-09T17:00:00.000Z
EUR,Europe,Country,IRL,Ireland,Year,2018,FALSE,Residence Area Type,Total,RESIDENCEAREATYPE_TOTL,96.01,96,EN,2023-07-09T17:00:00.000Z
EUR,Europe,Country,IRL,Ireland,Year,2017,FALSE,Residence Area Type,Total,RESIDENCEAREATYPE_TOTL,96.08,96,EN,2023-07-09T17:00:00.000Z
EUR,Europe,Country,IRL,Ireland,Year,2016,FALSE,Residence Area Type,Total,RESIDENCEAREATYPE_TOTL,96.15,96,EN,2023-07-09T17:00:00.000Z
EUR,Europe,Country,IRL,Ireland,Year,2015,FALSE,Residence Area Type,Total,RESIDENCEAREATYPE_TOTL,96.21,96,EN,2023-07-09T17:00:00.000Z
EUR,Europe,Country,IRL,Ireland,Year,2014,FALSE,Residence Area Type,Total,RESIDENCEAREATYPE_TOTL,96.28,96,EN,2023-07-09T17:00:00.000Z
EUR,Europe,Country,IRL,Ireland,Year,2013,FALSE,Residence Area Type,Total,RESIDENCEAREATYPE_TOTL,96.35,96,EN,2023-07-09T17:00:00.000Z
EUR,Europe,Country,IRL,Ireland,Year,2012,FALSE,Residence Area Type,Total,RESIDENCEAREATYPE_TOTL,96.42,96,EN,2023-07-09T17:00:00.000Z
EUR,Europe,Country,IRL,Ireland,Year,2011,FALSE,Residence Area Type,Total,RESIDENCEAREATYPE_TOTL,96.49,96,EN,2023-07-09T17:00:00.000Z
EUR,Europe,Country,IRL,Ireland,Year,2010,FALSE,Residence Area Type,Total,RESIDENCEAREATYPE_TOTL,96.55,97,EN,2023-07-09T17:00:00.000Z
EUR,Europe,Country,IRL,Ireland,Year,2009,FALSE,Residence Area Type,Total,RESIDENCEAREATYPE_TOTL,96.62,97,EN,2023-07-09T17:00:00.000Z
EUR,Europe,Country,IRL,Ireland,Year,2008,FALSE,Residence Area Type,Total,RESIDENCEAREATYPE_TOTL,96.69,97,EN,2023-07-09T17:00:00.000Z
EUR,Europe,Country,IRL,Ireland,Year,2007,FALSE,Residence Area Type,Total,RESIDENCEAREATYPE_TOTL,96.75,97,EN,2023-07-09T17:00:00.000Z
EUR,Europe,Country,IRL,Ireland,Year,2006,FALSE,Residence Area Type,Total,RESIDENCEAREATYPE_TOTL,96.82,97,EN,2023-07-09T17:00:00.000Z
EUR,Europe,Country,IRL,Ireland,Year,2005,FALSE,Residence Area Type,Total,RESIDENCEAREATYPE_TOTL,96.89,97,EN,2023-07-09T17:00:00.000Z
EUR,Europe,Country,IRL,Ireland,Year,2004,FALSE,Residence Area Type,Total,RESIDENCEAREATYPE_TOTL,96.95,97,EN,2023-07-09T17:00:00.000Z
EUR,Europe,Country,IRL,Ireland,Year,2003,FALSE,Residence Area Type,Total,RESIDENCEAREATYPE_TOTL,97.02,97,EN,2023-07-09T17:00:00.000Z
EUR,Europe,Country,IRL,Ireland,Year,2002,FALSE,Residence Area Type,Total,RESIDENCEAREATYPE_TOTL,97.08,97,EN,2023-07-09T17:00:00.000Z
EUR,Europe,Country,IRL,Ireland,Year,2001,FALSE,Residence Area Type,Total,RESIDENCEAREATYPE_TOTL,97.15,97,EN,2023-07-09T17:00:00.000Z
EUR,Europe,Country,IRL,Ireland,Year,2000,FALSE,Residence Area Type,Total,RESIDENCEAREATYPE_TOTL,97.21,97,EN,2023-07-09T17:00:00.000Z
EUR,Europe,Country,ISR,Israel,Year,2022,TRUE,Residence Area Type,Total,RESIDENCEAREATYPE_TOTL,100,100,EN,2023-07-09T17:00:00.000Z
EUR,Europe,Country,ISR,Israel,Year,2021,FALSE,Residence Area Type,Total,RESIDENCEAREATYPE_TOTL,100,100,EN,2023-07-09T17:00:00.000Z
EUR,Europe,Country,ISR,Israel,Year,2020,FALSE,Residence Area Type,Total,RESIDENCEAREATYPE_TOTL,100,100,EN,2023-07-09T17:00:00.000Z
EUR,Europe,Country,ISR,Israel,Year,2019,FALSE,Residence Area Type,Total,RESIDENCEAREATYPE_TOTL,100,100,EN,2023-07-09T17:00:00.000Z
EUR,Europe,Country,ISR,Israel,Year,2018,FALSE,Residence Area Type,Total,RESIDENCEAREATYPE_TOTL,100,100,EN,2023-07-09T17:00:00.000Z
EUR,Europe,Country,ISR,Israel,Year,2017,FALSE,Residence Area Type,Total,RESIDENCEAREATYPE_TOTL,100,100,EN,2023-07-09T17:00:00.000Z
EUR,Europe,Country,ISR,Israel,Year,2016,FALSE,Residence Area Type,Total,RESIDENCEAREATYPE_TOTL,100,100,EN,2023-07-09T17:00:00.000Z
EUR,Europe,Country,ISR,Israel,Year,2015,FALSE,Residence Area Type,Total,RESIDENCEAREATYPE_TOTL,100,100,EN,2023-07-09T17:00:00.000Z
EUR,Europe,Country,ISR,Israel,Year,2014,FALSE,Residence Area Type,Total,RESIDENCEAREATYPE_TOTL,100,100,EN,2023-07-09T17:00:00.000Z
EUR,Europe,Country,ISR,Israel,Year,2013,FALSE,Residence Area Type,Total,RESIDENCEAREATYPE_TOTL,100,100,EN,2023-07-09T17:00:00.000Z
EUR,Europe,Country,ISR,Israel,Year,2012,FALSE,Residence Area Type,Total,RESIDENCEAREATYPE_TOTL,100,100,EN,2023-07-09T17:00:00.000Z
EUR,Europe,Country,ISR,Israel,Year,2011,FALSE,Residence Area Type,Total,RESIDENCEAREATYPE_TOTL,100,100,EN,2023-07-09T17:00:00.000Z
EUR,Europe,Country,ISR,Israel,Year,2010,FALSE,Residence Area Type,Total,RESIDENCEAREATYPE_TOTL,100,100,EN,2023-07-09T17:00:00.000Z
EUR,Europe,Country,ISR,Israel,Year,2009,FALSE,Residence Area Type,Total,RESIDENCEAREATYPE_TOTL,100,100,EN,2023-07-09T17:00:00.000Z
EUR,Europe,Country,ISR,Israel,Year,2008,FALSE,Residence Area Type,Total,RESIDENCEAREATYPE_TOTL,100,100,EN,2023-07-09T17:00:00.000Z
EUR,Europe,Country,ISR,Israel,Year,2007,FALSE,Residence Area Type,Total,RESIDENCEAREATYPE_TOTL,100,100,EN,2023-07-09T17:00:00.000Z
EUR,Europe,Country,ISR,Israel,Year,2006,FALSE,Residence Area Type,Total,RESIDENCEAREATYPE_TOTL,100,100,EN,2023-07-09T17:00:00.000Z
EUR,Europe,Country,ISR,Israel,Year,2005,FALSE,Residence Area Type,Total,RESIDENCEAREATYPE_TOTL,100,100,EN,2023-07-09T17:00:00.000Z
EUR,Europe,Country,ISR,Israel,Year,2004,FALSE,Residence Area Type,Total,RESIDENCEAREATYPE_TOTL,100,100,EN,2023-07-09T17:00:00.000Z
EUR,Europe,Country,ISR,Israel,Year,2003,FALSE,Residence Area Type,Total,RESIDENCEAREATYPE_TOTL,100,100,EN,2023-07-09T17:00:00.000Z
EUR,Europe,Country,ISR,Israel,Year,2002,FALSE,Residence Area Type,Total,RESIDENCEAREATYPE_TOTL,100,100,EN,2023-07-09T17:00:00.000Z
EUR,Europe,Country,ISR,Israel,Year,2001,FALSE,Residence Area Type,Total,RESIDENCEAREATYPE_TOTL,100,100,EN,2023-07-09T17:00:00.000Z
EUR,Europe,Country,ISR,Israel,Year,2000,FALSE,Residence Area Type,Total,RESIDENCEAREATYPE_TOTL,100,100,EN,2023-07-09T17:00:00.000Z
EUR,Europe,Country,ITA,Italy,Year,2022,TRUE,Residence Area Type,Total,RESIDENCEAREATYPE_TOTL,99.92,100,EN,2023-07-09T17:00:00.000Z
EUR,Europe,Country,ITA,Italy,Year,2021,FALSE,Residence Area Type,Total,RESIDENCEAREATYPE_TOTL,99.92,100,EN,2023-07-09T17:00:00.000Z
EUR,Europe,Country,ITA,Italy,Year,2020,FALSE,Residence Area Type,Total,RESIDENCEAREATYPE_TOTL,99.92,100,EN,2023-07-09T17:00:00.000Z
EUR,Europe,Country,ITA,Italy,Year,2019,FALSE,Residence Area Type,Total,RESIDENCEAREATYPE_TOTL,99.92,100,EN,2023-07-09T17:00:00.000Z
EUR,Europe,Country,ITA,Italy,Year,2018,FALSE,Residence Area Type,Total,RESIDENCEAREATYPE_TOTL,99.92,100,EN,2023-07-09T17:00:00.000Z
EUR,Europe,Country,ITA,Italy,Year,2017,FALSE,Residence Area Type,Total,RESIDENCEAREATYPE_TOTL,99.92,100,EN,2023-07-09T17:00:00.000Z
EUR,Europe,Country,ITA,Italy,Year,2016,FALSE,Residence Area Type,Total,RESIDENCEAREATYPE_TOTL,99.92,100,EN,2023-07-09T17:00:00.000Z
EUR,Europe,Country,ITA,Italy,Year,2015,FALSE,Residence Area Type,Total,RESIDENCEAREATYPE_TOTL,99.92,100,EN,2023-07-09T17:00:00.000Z
EUR,Europe,Country,ITA,Italy,Year,2014,FALSE,Residence Area Type,Total,RESIDENCEAREATYPE_TOTL,99.92,100,EN,2023-07-09T17:00:00.000Z
EUR,Europe,Country,ITA,Italy,Year,2013,FALSE,Residence Area Type,Total,RESIDENCEAREATYPE_TOTL,99.89,100,EN,2023-07-09T17:00:00.000Z
EUR,Europe,Country,ITA,Italy,Year,2012,FALSE,Residence Area Type,Total,RESIDENCEAREATYPE_TOTL,99.87,100,EN,2023-07-09T17:00:00.000Z
EUR,Europe,Country,ITA,Italy,Year,2011,FALSE,Residence Area Type,Total,RESIDENCEAREATYPE_TOTL,99.84,100,EN,2023-07-09T17:00:00.000Z
EUR,Europe,Country,ITA,Italy,Year,2010,FALSE,Residence Area Type,Total,RESIDENCEAREATYPE_TOTL,99.81,100,EN,2023-07-09T17:00:00.000Z
EUR,Europe,Country,ITA,Italy,Year,2009,FALSE,Residence Area Type,Total,RESIDENCEAREATYPE_TOTL,99.79,100,EN,2023-07-09T17:00:00.000Z
EUR,Europe,Country,ITA,Italy,Year,2008,FALSE,Residence Area Type,Total,RESIDENCEAREATYPE_TOTL,99.76,100,EN,2023-07-09T17:00:00.000Z
EUR,Europe,Country,ITA,Italy,Year,2007,FALSE,Residence Area Type,Total,RESIDENCEAREATYPE_TOTL,99.74,100,EN,2023-07-09T17:00:00.000Z
EUR,Europe,Country,ITA,Italy,Year,2006,FALSE,Residence Area Type,Total,RESIDENCEAREATYPE_TOTL,99.71,100,EN,2023-07-09T17:00:00.000Z
EUR,Europe,Country,ITA,Italy,Year,2005,FALSE,Residence Area Type,Total,RESIDENCEAREATYPE_TOTL,99.69,100,EN,2023-07-09T17:00:00.000Z
EUR,Europe,Country,ITA,Italy,Year,2004,FALSE,Residence Area Type,Total,RESIDENCEAREATYPE_TOTL,99.66,100,EN,2023-07-09T17:00:00.000Z
EUR,Europe,Country,ITA,Italy,Year,2003,FALSE,Residence Area Type,Total,RESIDENCEAREATYPE_TOTL,99.63,100,EN,2023-07-09T17:00:00.000Z
EUR,Europe,Country,ITA,Italy,Year,2002,FALSE,Residence Area Type,Total,RESIDENCEAREATYPE_TOTL,99.61,100,EN,2023-07-09T17:00:00.000Z
EUR,Europe,Country,ITA,Italy,Year,2001,FALSE,Residence Area Type,Total,RESIDENCEAREATYPE_TOTL,99.58,100,EN,2023-07-09T17:00:00.000Z
EUR,Europe,Country,ITA,Italy,Year,2000,FALSE,Residence Area Type,Total,RESIDENCEAREATYPE_TOTL,99.56,100,EN,2023-07-09T17:00:00.000Z
AMR,Americas,Country,JAM,Jamaica,Year,2022,TRUE,Residence Area Type,Total,RESIDENCEAREATYPE_TOTL,91.1,91,EN,2023-07-09T17:00:00.000Z
AMR,Americas,Country,JAM,Jamaica,Year,2021,FALSE,Residence Area Type,Total,RESIDENCEAREATYPE_TOTL,91.06,91,EN,2023-07-09T17:00:00.000Z
AMR,Americas,Country,JAM,Jamaica,Year,2020,FALSE,Residence Area Type,Total,RESIDENCEAREATYPE_TOTL,91.03,91,EN,2023-07-09T17:00:00.000Z
AMR,Americas,Country,JAM,Jamaica,Year,2019,FALSE,Residence Area Type,Total,RESIDENCEAREATYPE_TOTL,91,91,EN,2023-07-09T17:00:00.000Z
AMR,Americas,Country,JAM,Jamaica,Year,2018,FALSE,Residence Area Type,Total,RESIDENCEAREATYPE_TOTL,90.85,91,EN,2023-07-09T17:00:00.000Z
AMR,Americas,Country,JAM,Jamaica,Year,2017,FALSE,Residence Area Type,Total,RESIDENCEAREATYPE_TOTL,90.71,91,EN,2023-07-09T17:00:00.000Z
AMR,Americas,Country,JAM,Jamaica,Year,2016,FALSE,Residence Area Type,Total,RESIDENCEAREATYPE_TOTL,90.56,91,EN,2023-07-09T17:00:00.000Z
AMR,Americas,Country,JAM,Jamaica,Year,2015,FALSE,Residence Area Type,Total,RESIDENCEAREATYPE_TOTL,90.42,90,EN,2023-07-09T17:00:00.000Z
AMR,Americas,Country,JAM,Jamaica,Year,2014,FALSE,Residence Area Type,Total,RESIDENCEAREATYPE_TOTL,90.27,90,EN,2023-07-09T17:00:00.000Z
AMR,Americas,Country,JAM,Jamaica,Year,2013,FALSE,Residence Area Type,Total,RESIDENCEAREATYPE_TOTL,90.13,90,EN,2023-07-09T17:00:00.000Z
AMR,Americas,Country,JAM,Jamaica,Year,2012,FALSE,Residence Area Type,Total,RESIDENCEAREATYPE_TOTL,90.5,90,EN,2023-07-09T17:00:00.000Z
AMR,Americas,Country,JAM,Jamaica,Year,2011,FALSE,Residence Area Type,Total,RESIDENCEAREATYPE_TOTL,90.87,91,EN,2023-07-09T17:00:00.000Z
AMR,Americas,Country,JAM,Jamaica,Year,2010,FALSE,Residence Area Type,Total,RESIDENCEAREATYPE_TOTL,91.24,91,EN,2023-07-09T17:00:00.000Z
AMR,Americas,Country,JAM,Jamaica,Year,2009,FALSE,Residence Area Type,Total,RESIDENCEAREATYPE_TOTL,91.61,92,EN,2023-07-09T17:00:00.000Z
AMR,Americas,Country,JAM,Jamaica,Year,2008,FALSE,Residence Area Type,Total,RESIDENCEAREATYPE_TOTL,91.97,92,EN,2023-07-09T17:00:00.000Z
AMR,Americas,Country,JAM,Jamaica,Year,2007,FALSE,Residence Area Type,Total,RESIDENCEAREATYPE_TOTL,92.34,92,EN,2023-07-09T17:00:00.000Z
AMR,Americas,Country,JAM,Jamaica,Year,2006,FALSE,Residence Area Type,Total,RESIDENCEAREATYPE_TOTL,92.71,93,EN,2023-07-09T17:00:00.000Z
AMR,Americas,Country,JAM,Jamaica,Year,2005,FALSE,Residence Area Type,Total,RESIDENCEAREATYPE_TOTL,93.07,93,EN,2023-07-09T17:00:00.000Z
AMR,Americas,Country,JAM,Jamaica,Year,2004,FALSE,Residence Area Type,Total,RESIDENCEAREATYPE_TOTL,93.41,93,EN,2023-07-09T17:00:00.000Z
AMR,Americas,Country,JAM,Jamaica,Year,2003,FALSE,Residence Area Type,Total,RESIDENCEAREATYPE_TOTL,93.59,94,EN,2023-07-09T17:00:00.000Z
AMR,Americas,Country,JAM,Jamaica,Year,2002,FALSE,Residence Area Type,Total,RESIDENCEAREATYPE_TOTL,93.44,93,EN,2023-07-09T17:00:00.000Z
AMR,Americas,Country,JAM,Jamaica,Year,2001,FALSE,Residence Area Type,Total,RESIDENCEAREATYPE_TOTL,93.29,93,EN,2023-07-09T17:00:00.000Z
AMR,Americas,Country,JAM,Jamaica,Year,2000,FALSE,Residence Area Type,Total,RESIDENCEAREATYPE_TOTL,93.14,93,EN,2023-07-09T17:00:00.000Z
WPR,Western Pacific,Country,JPN,Japan,Year,2022,TRUE,Residence Area Type,Total,RESIDENCEAREATYPE_TOTL,99.14,99,EN,2023-07-09T17:00:00.000Z
WPR,Western Pacific,Country,JPN,Japan,Year,2021,FALSE,Residence Area Type,Total,RESIDENCEAREATYPE_TOTL,99.14,99,EN,2023-07-09T17:00:00.000Z
WPR,Western Pacific,Country,JPN,Japan,Year,2020,FALSE,Residence Area Type,Total,RESIDENCEAREATYPE_TOTL,99.1,99,EN,2023-07-09T17:00:00.000Z
WPR,Western Pacific,Country,JPN,Japan,Year,2019,FALSE,Residence Area Type,Total,RESIDENCEAREATYPE_TOTL,99.06,99,EN,2023-07-09T17:00:00.000Z
WPR,Western Pacific,Country,JPN,Japan,Year,2018,FALSE,Residence Area Type,Total,RESIDENCEAREATYPE_TOTL,99.03,99,EN,2023-07-09T17:00:00.000Z
WPR,Western Pacific,Country,JPN,Japan,Year,2017,FALSE,Residence Area Type,Total,RESIDENCEAREATYPE_TOTL,98.99,99,EN,2023-07-09T17:00:00.000Z
WPR,Western Pacific,Country,JPN,Japan,Year,2016,FALSE,Residence Area Type,Total,RESIDENCEAREATYPE_TOTL,98.95,99,EN,2023-07-09T17:00:00.000Z
WPR,Western Pacific,Country,JPN,Japan,Year,2015,FALSE,Residence Area Type,Total,RESIDENCEAREATYPE_TOTL,98.91,99,EN,2023-07-09T17:00:00.000Z
WPR,Western Pacific,Country,JPN,Japan,Year,2014,FALSE,Residence Area Type,Total,RESIDENCEAREATYPE_TOTL,98.88,99,EN,2023-07-09T17:00:00.000Z
WPR,Western Pacific,Country,JPN,Japan,Year,2013,FALSE,Residence Area Type,Total,RESIDENCEAREATYPE_TOTL,98.84,99,EN,2023-07-09T17:00:00.000Z
WPR,Western Pacific,Country,JPN,Japan,Year,2012,FALSE,Residence Area Type,Total,RESIDENCEAREATYPE_TOTL,98.8,99,EN,2023-07-09T17:00:00.000Z
WPR,Western Pacific,Country,JPN,Japan,Year,2011,FALSE,Residence Area Type,Total,RESIDENCEAREATYPE_TOTL,98.76,99,EN,2023-07-09T17:00:00.000Z
WPR,Western Pacific,Country,JPN,Japan,Year,2010,FALSE,Residence Area Type,Total,RESIDENCEAREATYPE_TOTL,98.73,99,EN,2023-07-09T17:00:00.000Z
WPR,Western Pacific,Country,JPN,Japan,Year,2009,FALSE,Residence Area Type,Total,RESIDENCEAREATYPE_TOTL,98.69,99,EN,2023-07-09T17:00:00.000Z
WPR,Western Pacific,Country,JPN,Japan,Year,2008,FALSE,Residence Area Type,Total,RESIDENCEAREATYPE_TOTL,98.65,99,EN,2023-07-09T17:00:00.000Z
WPR,Western Pacific,Country,JPN,Japan,Year,2007,FALSE,Residence Area Type,Total,RESIDENCEAREATYPE_TOTL,98.62,99,EN,2023-07-09T17:00:00.000Z
WPR,Western Pacific,Country,JPN,Japan,Year,2006,FALSE,Residence Area Type,Total,RESIDENCEAREATYPE_TOTL,98.58,99,EN,2023-07-09T17:00:00.000Z
WPR,Western Pacific,Country,JPN,Japan,Year,2005,FALSE,Residence Area Type,Total,RESIDENCEAREATYPE_TOTL,98.54,99,EN,2023-07-09T17:00:00.000Z
WPR,Western Pacific,Country,JPN,Japan,Year,2004,FALSE,Residence Area Type,Total,RESIDENCEAREATYPE_TOTL,98.5,99,EN,2023-07-09T17:00:00.000Z
WPR,Western Pacific,Country,JPN,Japan,Year,2003,FALSE,Residence Area Type,Total,RESIDENCEAREATYPE_TOTL,98.5,99,EN,2023-07-09T17:00:00.000Z
WPR,Western Pacific,Country,JPN,Japan,Year,2002,FALSE,Residence Area Type,Total,RESIDENCEAREATYPE_TOTL,98.5,99,EN,2023-07-09T17:00:00.000Z
WPR,Western Pacific,Country,JPN,Japan,Year,2001,FALSE,Residence Area Type,Total,RESIDENCEAREATYPE_TOTL,98.5,99,EN,2023-07-09T17:00:00.000Z
WPR,Western Pacific,Country,JPN,Japan,Year,2000,FALSE,Residence Area Type,Total,RESIDENCEAREATYPE_TOTL,98.5,99,EN,2023-07-09T17:00:00.000Z
EMR,Eastern Mediterranean,Country,JOR,Jordan,Year,2022,TRUE,Residence Area Type,Total,RESIDENCEAREATYPE_TOTL,98.97,99,EN,2023-07-09T17:00:00.000Z
EMR,Eastern Mediterranean,Country,JOR,Jordan,Year,2021,FALSE,Residence Area Type,Total,RESIDENCEAREATYPE_TOTL,98.97,99,EN,2023-07-09T17:00:00.000Z
EMR,Eastern Mediterranean,Country,JOR,Jordan,Year,2020,FALSE,Residence Area Type,Total,RESIDENCEAREATYPE_TOTL,98.96,99,EN,2023-07-09T17:00:00.000Z
EMR,Eastern Mediterranean,Country,JOR,Jordan,Year,2019,FALSE,Residence Area Type,Total,RESIDENCEAREATYPE_TOTL,98.95,99,EN,2023-07-09T17:00:00.000Z
EMR,Eastern Mediterranean,Country,JOR,Jordan,Year,2018,FALSE,Residence Area Type,Total,RESIDENCEAREATYPE_TOTL,98.94,99,EN,2023-07-09T17:00:00.000Z
EMR,Eastern Mediterranean,Country,JOR,Jordan,Year,2017,FALSE,Residence Area Type,Total,RESIDENCEAREATYPE_TOTL,98.93,99,EN,2023-07-09T17:00:00.000Z
EMR,Eastern Mediterranean,Country,JOR,Jordan,Year,2016,FALSE,Residence Area Type,Total,RESIDENCEAREATYPE_TOTL,98.92,99,EN,2023-07-09T17:00:00.000Z
EMR,Eastern Mediterranean,Country,JOR,Jordan,Year,2015,FALSE,Residence Area Type,Total,RESIDENCEAREATYPE_TOTL,98.91,99,EN,2023-07-09T17:00:00.000Z
EMR,Eastern Mediterranean,Country,JOR,Jordan,Year,2014,FALSE,Residence Area Type,Total,RESIDENCEAREATYPE_TOTL,98.9,99,EN,2023-07-09T17:00:00.000Z
EMR,Eastern Mediterranean,Country,JOR,Jordan,Year,2013,FALSE,Residence Area Type,Total,RESIDENCEAREATYPE_TOTL,98.88,99,EN,2023-07-09T17:00:00.000Z
EMR,Eastern Mediterranean,Country,JOR,Jordan,Year,2012,FALSE,Residence Area Type,Total,RESIDENCEAREATYPE_TOTL,98.85,99,EN,2023-07-09T17:00:00.000Z
EMR,Eastern Mediterranean,Country,JOR,Jordan,Year,2011,FALSE,Residence Area Type,Total,RESIDENCEAREATYPE_TOTL,98.82,99,EN,2023-07-09T17:00:00.000Z
EMR,Eastern Mediterranean,Country,JOR,Jordan,Year,2010,FALSE,Residence Area Type,Total,RESIDENCEAREATYPE_TOTL,98.8,99,EN,2023-07-09T17:00:00.000Z
EMR,Eastern Mediterranean,Country,JOR,Jordan,Year,2009,FALSE,Residence Area Type,Total,RESIDENCEAREATYPE_TOTL,98.76,99,EN,2023-07-09T17:00:00.000Z
EMR,Eastern Mediterranean,Country,JOR,Jordan,Year,2008,FALSE,Residence Area Type,Total,RESIDENCEAREATYPE_TOTL,98.73,99,EN,2023-07-09T17:00:00.000Z
EMR,Eastern Mediterranean,Country,JOR,Jordan,Year,2007,FALSE,Residence Area Type,Total,RESIDENCEAREATYPE_TOTL,98.7,99,EN,2023-07-09T17:00:00.000Z
EMR,Eastern Mediterranean,Country,JOR,Jordan,Year,2006,FALSE,Residence Area Type,Total,RESIDENCEAREATYPE_TOTL,98.66,99,EN,2023-07-09T17:00:00.000Z
EMR,Eastern Mediterranean,Country,JOR,Jordan,Year,2005,FALSE,Residence Area Type,Total,RESIDENCEAREATYPE_TOTL,98.62,99,EN,2023-07-09T17:00:00.000Z
EMR,Eastern Mediterranean,Country,JOR,Jordan,Year,2004,FALSE,Residence Area Type,Total,RESIDENCEAREATYPE_TOTL,98.59,99,EN,2023-07-09T17:00:00.000Z
EMR,Eastern Mediterranean,Country,JOR,Jordan,Year,2003,FALSE,Residence Area Type,Total,RESIDENCEAREATYPE_TOTL,98.58,99,EN,2023-07-09T17:00:00.000Z
EMR,Eastern Mediterranean,Country,JOR,Jordan,Year,2002,FALSE,Residence Area Type,Total,RESIDENCEAREATYPE_TOTL,98.57,99,EN,2023-07-09T17:00:00.000Z
EMR,Eastern Mediterranean,Country,JOR,Jordan,Year,2001,FALSE,Residence Area Type,Total,RESIDENCEAREATYPE_TOTL,98.57,99,EN,2023-07-09T17:00:00.000Z
EMR,Eastern Mediterranean,Country,JOR,Jordan,Year,2000,FALSE,Residence Area Type,Total,RESIDENCEAREATYPE_TOTL,98.56,99,EN,2023-07-09T17:00:00.000Z
EUR,Europe,Country,KAZ,Kazakhstan,Year,2021,TRUE,Residence Area Type,Total,RESIDENCEAREATYPE_TOTL,95.44,95,EN,2023-07-09T17:00:00.000Z
EUR,Europe,Country,KAZ,Kazakhstan,Year,2020,FALSE,Residence Area Type,Total,RESIDENCEAREATYPE_TOTL,95.43,95,EN,2023-07-09T17:00:00.000Z
EUR,Europe,Country,KAZ,Kazakhstan,Year,2019,FALSE,Residence Area Type,Total,RESIDENCEAREATYPE_TOTL,95.43,95,EN,2023-07-09T17:00:00.000Z
EUR,Europe,Country,KAZ,Kazakhstan,Year,2018,FALSE,Residence Area Type,Total,RESIDENCEAREATYPE_TOTL,95.42,95,EN,2023-07-09T17:00:00.000Z
EUR,Europe,Country,KAZ,Kazakhstan,Year,2017,FALSE,Residence Area Type,Total,RESIDENCEAREATYPE_TOTL,95.41,95,EN,2023-07-09T17:00:00.000Z
EUR,Europe,Country,KAZ,Kazakhstan,Year,2016,FALSE,Residence Area Type,Total,RESIDENCEAREATYPE_TOTL,95.22,95,EN,2023-07-09T17:00:00.000Z
EUR,Europe,Country,KAZ,Kazakhstan,Year,2015,FALSE,Residence Area Type,Total,RESIDENCEAREATYPE_TOTL,95.03,95,EN,2023-07-09T17:00:00.000Z
EUR,Europe,Country,KAZ,Kazakhstan,Year,2014,FALSE,Residence Area Type,Total,RESIDENCEAREATYPE_TOTL,94.83,95,EN,2023-07-09T17:00:00.000Z
EUR,Europe,Country,KAZ,Kazakhstan,Year,2013,FALSE,Residence Area Type,Total,RESIDENCEAREATYPE_TOTL,94.63,95,EN,2023-07-09T17:00:00.000Z
EUR,Europe,Country,KAZ,Kazakhstan,Year,2012,FALSE,Residence Area Type,Total,RESIDENCEAREATYPE_TOTL,94.34,94,EN,2023-07-09T17:00:00.000Z
EUR,Europe,Country,KAZ,Kazakhstan,Year,2011,FALSE,Residence Area Type,Total,RESIDENCEAREATYPE_TOTL,94,94,EN,2023-07-09T17:00:00.000Z
EUR,Europe,Country,KAZ,Kazakhstan,Year,2010,FALSE,Residence Area Type,Total,RESIDENCEAREATYPE_TOTL,93.66,94,EN,2023-07-09T17:00:00.000Z
EUR,Europe,Country,KAZ,Kazakhstan,Year,2009,FALSE,Residence Area Type,Total,RESIDENCEAREATYPE_TOTL,93.32,93,EN,2023-07-09T17:00:00.000Z
EUR,Europe,Country,KAZ,Kazakhstan,Year,2008,FALSE,Residence Area Type,Total,RESIDENCEAREATYPE_TOTL,92.97,93,EN,2023-07-09T17:00:00.000Z
EUR,Europe,Country,KAZ,Kazakhstan,Year,2007,FALSE,Residence Area Type,Total,RESIDENCEAREATYPE_TOTL,92.63,93,EN,2023-07-09T17:00:00.000Z
EUR,Europe,Country,KAZ,Kazakhstan,Year,2006,FALSE,Residence Area Type,Total,RESIDENCEAREATYPE_TOTL,92.29,92,EN,2023-07-09T17:00:00.000Z
EUR,Europe,Country,KAZ,Kazakhstan,Year,2005,FALSE,Residence Area Type,Total,RESIDENCEAREATYPE_TOTL,91.94,92,EN,2023-07-09T17:00:00.000Z
EUR,Europe,Country,KAZ,Kazakhstan,Year,2004,FALSE,Residence Area Type,Total,RESIDENCEAREATYPE_TOTL,91.6,92,EN,2023-07-09T17:00:00.000Z
EUR,Europe,Country,KAZ,Kazakhstan,Year,2003,FALSE,Residence Area Type,Total,RESIDENCEAREATYPE_TOTL,91.25,91,EN,2023-07-09T17:00:00.000Z
EUR,Europe,Country,KAZ,Kazakhstan,Year,2002,FALSE,Residence Area Type,Total,RESIDENCEAREATYPE_TOTL,90.9,91,EN,2023-07-09T17:00:00.000Z
EUR,Europe,Country,KAZ,Kazakhstan,Year,2001,FALSE,Residence Area Type,Total,RESIDENCEAREATYPE_TOTL,90.55,91,EN,2023-07-09T17:00:00.000Z
EUR,Europe,Country,KAZ,Kazakhstan,Year,2000,FALSE,Residence Area Type,Total,RESIDENCEAREATYPE_TOTL,90.15,90,EN,2023-07-09T17:00:00.000Z
AFR,Africa,Country,KEN,Kenya,Year,2022,TRUE,Residence Area Type,Total,RESIDENCEAREATYPE_TOTL,62.86,63,EN,2023-07-09T17:00:00.000Z
AFR,Africa,Country,KEN,Kenya,Year,2021,FALSE,Residence Area Type,Total,RESIDENCEAREATYPE_TOTL,62.2,62,EN,2023-07-09T17:00:00.000Z
AFR,Africa,Country,KEN,Kenya,Year,2020,FALSE,Residence Area Type,Total,RESIDENCEAREATYPE_TOTL,61.53,62,EN,2023-07-09T17:00:00.000Z
AFR,Africa,Country,KEN,Kenya,Year,2019,FALSE,Residence Area Type,Total,RESIDENCEAREATYPE_TOTL,60.86,61,EN,2023-07-09T17:00:00.000Z
AFR,Africa,Country,KEN,Kenya,Year,2018,FALSE,Residence Area Type,Total,RESIDENCEAREATYPE_TOTL,60.19,60,EN,2023-07-09T17:00:00.000Z
AFR,Africa,Country,KEN,Kenya,Year,2017,FALSE,Residence Area Type,Total,RESIDENCEAREATYPE_TOTL,59.51,60,EN,2023-07-09T17:00:00.000Z
AFR,Africa,Country,KEN,Kenya,Year,2016,FALSE,Residence Area Type,Total,RESIDENCEAREATYPE_TOTL,58.83,59,EN,2023-07-09T17:00:00.000Z
AFR,Africa,Country,KEN,Kenya,Year,2015,FALSE,Residence Area Type,Total,RESIDENCEAREATYPE_TOTL,58.14,58,EN,2023-07-09T17:00:00.000Z
AFR,Africa,Country,KEN,Kenya,Year,2014,FALSE,Residence Area Type,Total,RESIDENCEAREATYPE_TOTL,57.45,57,EN,2023-07-09T17:00:00.000Z
AFR,Africa,Country,KEN,Kenya,Year,2013,FALSE,Residence Area Type,Total,RESIDENCEAREATYPE_TOTL,56.76,57,EN,2023-07-09T17:00:00.000Z
AFR,Africa,Country,KEN,Kenya,Year,2012,FALSE,Residence Area Type,Total,RESIDENCEAREATYPE_TOTL,56.07,56,EN,2023-07-09T17:00:00.000Z
AFR,Africa,Country,KEN,Kenya,Year,2011,FALSE,Residence Area Type,Total,RESIDENCEAREATYPE_TOTL,55.37,55,EN,2023-07-09T17:00:00.000Z
AFR,Africa,Country,KEN,Kenya,Year,2010,FALSE,Residence Area Type,Total,RESIDENCEAREATYPE_TOTL,54.68,55,EN,2023-07-09T17:00:00.000Z
AFR,Africa,Country,KEN,Kenya,Year,2009,FALSE,Residence Area Type,Total,RESIDENCEAREATYPE_TOTL,53.98,54,EN,2023-07-09T17:00:00.000Z
AFR,Africa,Country,KEN,Kenya,Year,2008,FALSE,Residence Area Type,Total,RESIDENCEAREATYPE_TOTL,53.28,53,EN,2023-07-09T17:00:00.000Z
AFR,Africa,Country,KEN,Kenya,Year,2007,FALSE,Residence Area Type,Total,RESIDENCEAREATYPE_TOTL,52.57,53,EN,2023-07-09T17:00:00.000Z
AFR,Africa,Country,KEN,Kenya,Year,2006,FALSE,Residence Area Type,Total,RESIDENCEAREATYPE_TOTL,51.86,52,EN,2023-07-09T17:00:00.000Z
AFR,Africa,Country,KEN,Kenya,Year,2005,FALSE,Residence Area Type,Total,RESIDENCEAREATYPE_TOTL,51.14,51,EN,2023-07-09T17:00:00.000Z
AFR,Africa,Country,KEN,Kenya,Year,2004,FALSE,Residence Area Type,Total,RESIDENCEAREATYPE_TOTL,50.43,50,EN,2023-07-09T17:00:00.000Z
AFR,Africa,Country,KEN,Kenya,Year,2003,FALSE,Residence Area Type,Total,RESIDENCEAREATYPE_TOTL,49.7,50,EN,2023-07-09T17:00:00.000Z
AFR,Africa,Country,KEN,Kenya,Year,2002,FALSE,Residence Area Type,Total,RESIDENCEAREATYPE_TOTL,48.98,49,EN,2023-07-09T17:00:00.000Z
AFR,Africa,Country,KEN,Kenya,Year,2001,FALSE,Residence Area Type,Total,RESIDENCEAREATYPE_TOTL,48.25,48,EN,2023-07-09T17:00:00.000Z
AFR,Africa,Country,KEN,Kenya,Year,2000,FALSE,Residence Area Type,Total,RESIDENCEAREATYPE_TOTL,47.52,48,EN,2023-07-09T17:00:00.000Z
WPR,Western Pacific,Country,KIR,Kiribati,Year,2022,TRUE,Residence Area Type,Total,RESIDENCEAREATYPE_TOTL,75.69,76,EN,2023-07-09T17:00:00.000Z
WPR,Western Pacific,Country,KIR,Kiribati,Year,2021,FALSE,Residence Area Type,Total,RESIDENCEAREATYPE_TOTL,74.86,75,EN,2023-07-09T17:00:00.000Z
WPR,Western Pacific,Country,KIR,Kiribati,Year,2020,FALSE,Residence Area Type,Total,RESIDENCEAREATYPE_TOTL,74.31,74,EN,2023-07-09T17:00:00.000Z
WPR,Western Pacific,Country,KIR,Kiribati,Year,2019,FALSE,Residence Area Type,Total,RESIDENCEAREATYPE_TOTL,73.75,74,EN,2023-07-09T17:00:00.000Z
WPR,Western Pacific,Country,KIR,Kiribati,Year,2018,FALSE,Residence Area Type,Total,RESIDENCEAREATYPE_TOTL,73.18,73,EN,2023-07-09T17:00:00.000Z
WPR,Western Pacific,Country,KIR,Kiribati,Year,2017,FALSE,Residence Area Type,Total,RESIDENCEAREATYPE_TOTL,72.59,73,EN,2023-07-09T17:00:00.000Z
WPR,Western Pacific,Country,KIR,Kiribati,Year,2016,FALSE,Residence Area Type,Total,RESIDENCEAREATYPE_TOTL,71.99,72,EN,2023-07-09T17:00:00.000Z
WPR,Western Pacific,Country,KIR,Kiribati,Year,2015,FALSE,Residence Area Type,Total,RESIDENCEAREATYPE_TOTL,71.38,71,EN,2023-07-09T17:00:00.000Z
WPR,Western Pacific,Country,KIR,Kiribati,Year,2014,FALSE,Residence Area Type,Total,RESIDENCEAREATYPE_TOTL,70.76,71,EN,2023-07-09T17:00:00.000Z
WPR,Western Pacific,Country,KIR,Kiribati,Year,2013,FALSE,Residence Area Type,Total,RESIDENCEAREATYPE_TOTL,70.12,70,EN,2023-07-09T17:00:00.000Z
WPR,Western Pacific,Country,KIR,Kiribati,Year,2012,FALSE,Residence Area Type,Total,RESIDENCEAREATYPE_TOTL,69.49,69,EN,2023-07-09T17:00:00.000Z
WPR,Western Pacific,Country,KIR,Kiribati,Year,2011,FALSE,Residence Area Type,Total,RESIDENCEAREATYPE_TOTL,68.84,69,EN,2023-07-09T17:00:00.000Z
WPR,Western Pacific,Country,KIR,Kiribati,Year,2010,FALSE,Residence Area Type,Total,RESIDENCEAREATYPE_TOTL,68.19,68,EN,2023-07-09T17:00:00.000Z
WPR,Western Pacific,Country,KIR,Kiribati,Year,2009,FALSE,Residence Area Type,Total,RESIDENCEAREATYPE_TOTL,67.53,68,EN,2023-07-09T17:00:00.000Z
WPR,Western Pacific,Country,KIR,Kiribati,Year,2008,FALSE,Residence Area Type,Total,RESIDENCEAREATYPE_TOTL,66.75,67,EN,2023-07-09T17:00:00.000Z
WPR,Western Pacific,Country,KIR,Kiribati,Year,2007,FALSE,Residence Area Type,Total,RESIDENCEAREATYPE_TOTL,65.89,66,EN,2023-07-09T17:00:00.000Z
WPR,Western Pacific,Country,KIR,Kiribati,Year,2006,FALSE,Residence Area Type,Total,RESIDENCEAREATYPE_TOTL,65.01,65,EN,2023-07-09T17:00:00.000Z
WPR,Western Pacific,Country,KIR,Kiribati,Year,2005,FALSE,Residence Area Type,Total,RESIDENCEAREATYPE_TOTL,64.23,64,EN,2023-07-09T17:00:00.000Z
WPR,Western Pacific,Country,KIR,Kiribati,Year,2004,FALSE,Residence Area Type,Total,RESIDENCEAREATYPE_TOTL,63.59,64,EN,2023-07-09T17:00:00.000Z
WPR,Western Pacific,Country,KIR,Kiribati,Year,2003,FALSE,Residence Area Type,Total,RESIDENCEAREATYPE_TOTL,62.95,63,EN,2023-07-09T17:00:00.000Z
WPR,Western Pacific,Country,KIR,Kiribati,Year,2002,FALSE,Residence Area Type,Total,RESIDENCEAREATYPE_TOTL,62.31,62,EN,2023-07-09T17:00:00.000Z
WPR,Western Pacific,Country,KIR,Kiribati,Year,2001,FALSE,Residence Area Type,Total,RESIDENCEAREATYPE_TOTL,61.67,62,EN,2023-07-09T17:00:00.000Z
WPR,Western Pacific,Country,KIR,Kiribati,Year,2000,FALSE,Residence Area Type,Total,RESIDENCEAREATYPE_TOTL,60.89,61,EN,2023-07-09T17:00:00.000Z
EMR,Eastern Mediterranean,Country,KWT,Kuwait,Year,2022,TRUE,Residence Area Type,Total,RESIDENCEAREATYPE_TOTL,100,100,EN,2023-07-09T17:00:00.000Z
EMR,Eastern Mediterranean,Country,KWT,Kuwait,Year,2021,FALSE,Residence Area Type,Total,RESIDENCEAREATYPE_TOTL,100,100,EN,2023-07-09T17:00:00.000Z
EMR,Eastern Mediterranean,Country,KWT,Kuwait,Year,2020,FALSE,Residence Area Type,Total,RESIDENCEAREATYPE_TOTL,100,100,EN,2023-07-09T17:00:00.000Z
EMR,Eastern Mediterranean,Country,KWT,Kuwait,Year,2019,FALSE,Residence Area Type,Total,RESIDENCEAREATYPE_TOTL,100,100,EN,2023-07-09T17:00:00.000Z
EMR,Eastern Mediterranean,Country,KWT,Kuwait,Year,2018,FALSE,Residence Area Type,Total,RESIDENCEAREATYPE_TOTL,100,100,EN,2023-07-09T17:00:00.000Z
EMR,Eastern Mediterranean,Country,KWT,Kuwait,Year,2017,FALSE,Residence Area Type,Total,RESIDENCEAREATYPE_TOTL,100,100,EN,2023-07-09T17:00:00.000Z
EMR,Eastern Mediterranean,Country,KWT,Kuwait,Year,2016,FALSE,Residence Area Type,Total,RESIDENCEAREATYPE_TOTL,100,100,EN,2023-07-09T17:00:00.000Z
EMR,Eastern Mediterranean,Country,KWT,Kuwait,Year,2015,FALSE,Residence Area Type,Total,RESIDENCEAREATYPE_TOTL,100,100,EN,2023-07-09T17:00:00.000Z
EMR,Eastern Mediterranean,Country,KWT,Kuwait,Year,2014,FALSE,Residence Area Type,Total,RESIDENCEAREATYPE_TOTL,100,100,EN,2023-07-09T17:00:00.000Z
EMR,Eastern Mediterranean,Country,KWT,Kuwait,Year,2013,FALSE,Residence Area Type,Total,RESIDENCEAREATYPE_TOTL,100,100,EN,2023-07-09T17:00:00.000Z
EMR,Eastern Mediterranean,Country,KWT,Kuwait,Year,2012,FALSE,Residence Area Type,Total,RESIDENCEAREATYPE_TOTL,100,100,EN,2023-07-09T17:00:00.000Z
EMR,Eastern Mediterranean,Country,KWT,Kuwait,Year,2011,FALSE,Residence Area Type,Total,RESIDENCEAREATYPE_TOTL,100,100,EN,2023-07-09T17:00:00.000Z
EMR,Eastern Mediterranean,Country,KWT,Kuwait,Year,2010,FALSE,Residence Area Type,Total,RESIDENCEAREATYPE_TOTL,100,100,EN,2023-07-09T17:00:00.000Z
EMR,Eastern Mediterranean,Country,KWT,Kuwait,Year,2009,FALSE,Residence Area Type,Total,RESIDENCEAREATYPE_TOTL,100,100,EN,2023-07-09T17:00:00.000Z
EMR,Eastern Mediterranean,Country,KWT,Kuwait,Year,2008,FALSE,Residence Area Type,Total,RESIDENCEAREATYPE_TOTL,100,100,EN,2023-07-09T17:00:00.000Z
EMR,Eastern Mediterranean,Country,KWT,Kuwait,Year,2007,FALSE,Residence Area Type,Total,RESIDENCEAREATYPE_TOTL,100,100,EN,2023-07-09T17:00:00.000Z
EMR,Eastern Mediterranean,Country,KWT,Kuwait,Year,2006,FALSE,Residence Area Type,Total,RESIDENCEAREATYPE_TOTL,100,100,EN,2023-07-09T17:00:00.000Z
EMR,Eastern Mediterranean,Country,KWT,Kuwait,Year,2005,FALSE,Residence Area Type,Total,RESIDENCEAREATYPE_TOTL,100,100,EN,2023-07-09T17:00:00.000Z
EMR,Eastern Mediterranean,Country,KWT,Kuwait,Year,2004,FALSE,Residence Area Type,Total,RESIDENCEAREATYPE_TOTL,100,100,EN,2023-07-09T17:00:00.000Z
EMR,Eastern Mediterranean,Country,KWT,Kuwait,Year,2003,FALSE,Residence Area Type,Total,RESIDENCEAREATYPE_TOTL,100,100,EN,2023-07-09T17:00:00.000Z
EMR,Eastern Mediterranean,Country,KWT,Kuwait,Year,2002,FALSE,Residence Area Type,Total,RESIDENCEAREATYPE_TOTL,100,100,EN,2023-07-09T17:00:00.000Z
EMR,Eastern Mediterranean,Country,KWT,Kuwait,Year,2001,FALSE,Residence Area Type,Total,RESIDENCEAREATYPE_TOTL,100,100,EN,2023-07-09T17:00:00.000Z
EMR,Eastern Mediterranean,Country,KWT,Kuwait,Year,2000,FALSE,Residence Area Type,Total,RESIDENCEAREATYPE_TOTL,100,100,EN,2023-07-09T17:00:00.000Z
EUR,Europe,Country,KGZ,Kyrgyzstan,Year,2022,TRUE,Residence Area Type,Total,RESIDENCEAREATYPE_TOTL,90.8,91,EN,2023-07-09T17:00:00.000Z
EUR,Europe,Country,KGZ,Kyrgyzstan,Year,2021,FALSE,Residence Area Type,Total,RESIDENCEAREATYPE_TOTL,90.75,91,EN,2023-07-09T17:00:00.000Z
EUR,Europe,Country,KGZ,Kyrgyzstan,Year,2020,FALSE,Residence Area Type,Total,RESIDENCEAREATYPE_TOTL,90.71,91,EN,2023-07-09T17:00:00.000Z
EUR,Europe,Country,KGZ,Kyrgyzstan,Year,2019,FALSE,Residence Area Type,Total,RESIDENCEAREATYPE_TOTL,89.86,90,EN,2023-07-09T17:00:00.000Z
EUR,Europe,Country,KGZ,Kyrgyzstan,Year,2018,FALSE,Residence Area Type,Total,RESIDENCEAREATYPE_TOTL,89.43,89,EN,2023-07-09T17:00:00.000Z
EUR,Europe,Country,KGZ,Kyrgyzstan,Year,2017,FALSE,Residence Area Type,Total,RESIDENCEAREATYPE_TOTL,88.99,89,EN,2023-07-09T17:00:00.000Z
EUR,Europe,Country,KGZ,Kyrgyzstan,Year,2016,FALSE,Residence Area Type,Total,RESIDENCEAREATYPE_TOTL,88.56,89,EN,2023-07-09T17:00:00.000Z
EUR,Europe,Country,KGZ,Kyrgyzstan,Year,2015,FALSE,Residence Area Type,Total,RESIDENCEAREATYPE_TOTL,88.03,88,EN,2023-07-09T17:00:00.000Z
EUR,Europe,Country,KGZ,Kyrgyzstan,Year,2014,FALSE,Residence Area Type,Total,RESIDENCEAREATYPE_TOTL,87.49,87,EN,2023-07-09T17:00:00.000Z
EUR,Europe,Country,KGZ,Kyrgyzstan,Year,2013,FALSE,Residence Area Type,Total,RESIDENCEAREATYPE_TOTL,86.95,87,EN,2023-07-09T17:00:00.000Z
EUR,Europe,Country,KGZ,Kyrgyzstan,Year,2012,FALSE,Residence Area Type,Total,RESIDENCEAREATYPE_TOTL,86.41,86,EN,2023-07-09T17:00:00.000Z
EUR,Europe,Country,KGZ,Kyrgyzstan,Year,2011,FALSE,Residence Area Type,Total,RESIDENCEAREATYPE_TOTL,85.87,86,EN,2023-07-09T17:00:00.000Z
EUR,Europe,Country,KGZ,Kyrgyzstan,Year,2010,FALSE,Residence Area Type,Total,RESIDENCEAREATYPE_TOTL,85.34,85,EN,2023-07-09T17:00:00.000Z
EUR,Europe,Country,KGZ,Kyrgyzstan,Year,2009,FALSE,Residence Area Type,Total,RESIDENCEAREATYPE_TOTL,84.8,85,EN,2023-07-09T17:00:00.000Z
EUR,Europe,Country,KGZ,Kyrgyzstan,Year,2008,FALSE,Residence Area Type,Total,RESIDENCEAREATYPE_TOTL,84.27,84,EN,2023-07-09T17:00:00.000Z
EUR,Europe,Country,KGZ,Kyrgyzstan,Year,2007,FALSE,Residence Area Type,Total,RESIDENCEAREATYPE_TOTL,83.74,84,EN,2023-07-09T17:00:00.000Z
EUR,Europe,Country,KGZ,Kyrgyzstan,Year,2006,FALSE,Residence Area Type,Total,RESIDENCEAREATYPE_TOTL,83.2,83,EN,2023-07-09T17:00:00.000Z
EUR,Europe,Country,KGZ,Kyrgyzstan,Year,2005,FALSE,Residence Area Type,Total,RESIDENCEAREATYPE_TOTL,82.66,83,EN,2023-07-09T17:00:00.000Z
EUR,Europe,Country,KGZ,Kyrgyzstan,Year,2004,FALSE,Residence Area Type,Total,RESIDENCEAREATYPE_TOTL,82.12,82,EN,2023-07-09T17:00:00.000Z
EUR,Europe,Country,KGZ,Kyrgyzstan,Year,2003,FALSE,Residence Area Type,Total,RESIDENCEAREATYPE_TOTL,81.47,81,EN,2023-07-09T17:00:00.000Z
EUR,Europe,Country,KGZ,Kyrgyzstan,Year,2002,FALSE,Residence Area Type,Total,RESIDENCEAREATYPE_TOTL,80.83,81,EN,2023-07-09T17:00:00.000Z
EUR,Europe,Country,KGZ,Kyrgyzstan,Year,2001,FALSE,Residence Area Type,Total,RESIDENCEAREATYPE_TOTL,80.18,80,EN,2023-07-09T17:00:00.000Z
EUR,Europe,Country,KGZ,Kyrgyzstan,Year,2000,FALSE,Residence Area Type,Total,RESIDENCEAREATYPE_TOTL,80.18,80,EN,2023-07-09T17:00:00.000Z
WPR,Western Pacific,Country,LAO,Lao People's Democratic Republic,Year,2022,TRUE,Residence Area Type,Total,RESIDENCEAREATYPE_TOTL,85.46,85,EN,2023-07-09T17:00:00.000Z
WPR,Western Pacific,Country,LAO,Lao People's Democratic Republic,Year,2021,FALSE,Residence Area Type,Total,RESIDENCEAREATYPE_TOTL,85.34,85,EN,2023-07-09T17:00:00.000Z
WPR,Western Pacific,Country,LAO,Lao People's Democratic Republic,Year,2020,FALSE,Residence Area Type,Total,RESIDENCEAREATYPE_TOTL,85.22,85,EN,2023-07-09T17:00:00.000Z
WPR,Western Pacific,Country,LAO,Lao People's Democratic Republic,Year,2019,FALSE,Residence Area Type,Total,RESIDENCEAREATYPE_TOTL,85.1,85,EN,2023-07-09T17:00:00.000Z
WPR,Western Pacific,Country,LAO,Lao People's Democratic Republic,Year,2018,FALSE,Residence Area Type,Total,RESIDENCEAREATYPE_TOTL,83.29,83,EN,2023-07-09T17:00:00.000Z
WPR,Western Pacific,Country,LAO,Lao People's Democratic Republic,Year,2017,FALSE,Residence Area Type,Total,RESIDENCEAREATYPE_TOTL,81.45,81,EN,2023-07-09T17:00:00.000Z
WPR,Western Pacific,Country,LAO,Lao People's Democratic Republic,Year,2016,FALSE,Residence Area Type,Total,RESIDENCEAREATYPE_TOTL,79.6,80,EN,2023-07-09T17:00:00.000Z
WPR,Western Pacific,Country,LAO,Lao People's Democratic Republic,Year,2015,FALSE,Residence Area Type,Total,RESIDENCEAREATYPE_TOTL,77.46,77,EN,2023-07-09T17:00:00.000Z
WPR,Western Pacific,Country,LAO,Lao People's Democratic Republic,Year,2014,FALSE,Residence Area Type,Total,RESIDENCEAREATYPE_TOTL,75.58,76,EN,2023-07-09T17:00:00.000Z
WPR,Western Pacific,Country,LAO,Lao People's Democratic Republic,Year,2013,FALSE,Residence Area Type,Total,RESIDENCEAREATYPE_TOTL,73.68,74,EN,2023-07-09T17:00:00.000Z
WPR,Western Pacific,Country,LAO,Lao People's Democratic Republic,Year,2012,FALSE,Residence Area Type,Total,RESIDENCEAREATYPE_TOTL,71.76,72,EN,2023-07-09T17:00:00.000Z
WPR,Western Pacific,Country,LAO,Lao People's Democratic Republic,Year,2011,FALSE,Residence Area Type,Total,RESIDENCEAREATYPE_TOTL,69.82,70,EN,2023-07-09T17:00:00.000Z
WPR,Western Pacific,Country,LAO,Lao People's Democratic Republic,Year,2010,FALSE,Residence Area Type,Total,RESIDENCEAREATYPE_TOTL,67.86,68,EN,2023-07-09T17:00:00.000Z
WPR,Western Pacific,Country,LAO,Lao People's Democratic Republic,Year,2009,FALSE,Residence Area Type,Total,RESIDENCEAREATYPE_TOTL,65.88,66,EN,2023-07-09T17:00:00.000Z
WPR,Western Pacific,Country,LAO,Lao People's Democratic Republic,Year,2008,FALSE,Residence Area Type,Total,RESIDENCEAREATYPE_TOTL,63.88,64,EN,2023-07-09T17:00:00.000Z
WPR,Western Pacific,Country,LAO,Lao People's Democratic Republic,Year,2007,FALSE,Residence Area Type,Total,RESIDENCEAREATYPE_TOTL,61.85,62,EN,2023-07-09T17:00:00.000Z
WPR,Western Pacific,Country,LAO,Lao People's Democratic Republic,Year,2006,FALSE,Residence Area Type,Total,RESIDENCEAREATYPE_TOTL,59.81,60,EN,2023-07-09T17:00:00.000Z
WPR,Western Pacific,Country,LAO,Lao People's Democratic Republic,Year,2005,FALSE,Residence Area Type,Total,RESIDENCEAREATYPE_TOTL,57.75,58,EN,2023-07-09T17:00:00.000Z
WPR,Western Pacific,Country,LAO,Lao People's Democratic Republic,Year,2004,FALSE,Residence Area Type,Total,RESIDENCEAREATYPE_TOTL,55.53,56,EN,2023-07-09T17:00:00.000Z
WPR,Western Pacific,Country,LAO,Lao People's Democratic Republic,Year,2003,FALSE,Residence Area Type,Total,RESIDENCEAREATYPE_TOTL,53.22,53,EN,2023-07-09T17:00:00.000Z
WPR,Western Pacific,Country,LAO,Lao People's Democratic Republic,Year,2002,FALSE,Residence Area Type,Total,RESIDENCEAREATYPE_TOTL,50.88,51,EN,2023-07-09T17:00:00.000Z
WPR,Western Pacific,Country,LAO,Lao People's Democratic Republic,Year,2001,FALSE,Residence Area Type,Total,RESIDENCEAREATYPE_TOTL,48.52,49,EN,2023-07-09T17:00:00.000Z
WPR,Western Pacific,Country,LAO,Lao People's Democratic Republic,Year,2000,FALSE,Residence Area Type,Total,RESIDENCEAREATYPE_TOTL,46.14,46,EN,2023-07-09T17:00:00.000Z
EUR,Europe,Country,LVA,Latvia,Year,2022,TRUE,Residence Area Type,Total,RESIDENCEAREATYPE_TOTL,98.89,99,EN,2023-07-09T17:00:00.000Z
EUR,Europe,Country,LVA,Latvia,Year,2021,FALSE,Residence Area Type,Total,RESIDENCEAREATYPE_TOTL,98.84,99,EN,2023-07-09T17:00:00.000Z
EUR,Europe,Country,LVA,Latvia,Year,2020,FALSE,Residence Area Type,Total,RESIDENCEAREATYPE_TOTL,98.79,99,EN,2023-07-09T17:00:00.000Z
EUR,Europe,Country,LVA,Latvia,Year,2019,FALSE,Residence Area Type,Total,RESIDENCEAREATYPE_TOTL,98.74,99,EN,2023-07-09T17:00:00.000Z
EUR,Europe,Country,LVA,Latvia,Year,2018,FALSE,Residence Area Type,Total,RESIDENCEAREATYPE_TOTL,98.69,99,EN,2023-07-09T17:00:00.000Z
EUR,Europe,Country,LVA,Latvia,Year,2017,FALSE,Residence Area Type,Total,RESIDENCEAREATYPE_TOTL,98.63,99,EN,2023-07-09T17:00:00.000Z
EUR,Europe,Country,LVA,Latvia,Year,2016,FALSE,Residence Area Type,Total,RESIDENCEAREATYPE_TOTL,98.58,99,EN,2023-07-09T17:00:00.000Z
EUR,Europe,Country,LVA,Latvia,Year,2015,FALSE,Residence Area Type,Total,RESIDENCEAREATYPE_TOTL,98.53,99,EN,2023-07-09T17:00:00.000Z
EUR,Europe,Country,LVA,Latvia,Year,2014,FALSE,Residence Area Type,Total,RESIDENCEAREATYPE_TOTL,98.48,98,EN,2023-07-09T17:00:00.000Z
EUR,Europe,Country,LVA,Latvia,Year,2013,FALSE,Residence Area Type,Total,RESIDENCEAREATYPE_TOTL,98.42,98,EN,2023-07-09T17:00:00.000Z
EUR,Europe,Country,LVA,Latvia,Year,2012,FALSE,Residence Area Type,Total,RESIDENCEAREATYPE_TOTL,98.37,98,EN,2023-07-09T17:00:00.000Z
EUR,Europe,Country,LVA,Latvia,Year,2011,FALSE,Residence Area Type,Total,RESIDENCEAREATYPE_TOTL,98.32,98,EN,2023-07-09T17:00:00.000Z
EUR,Europe,Country,LVA,Latvia,Year,2010,FALSE,Residence Area Type,Total,RESIDENCEAREATYPE_TOTL,98.27,98,EN,2023-07-09T17:00:00.000Z
EUR,Europe,Country,LVA,Latvia,Year,2009,FALSE,Residence Area Type,Total,RESIDENCEAREATYPE_TOTL,98.21,98,EN,2023-07-09T17:00:00.000Z
EUR,Europe,Country,LVA,Latvia,Year,2008,FALSE,Residence Area Type,Total,RESIDENCEAREATYPE_TOTL,98.16,98,EN,2023-07-09T17:00:00.000Z
EUR,Europe,Country,LVA,Latvia,Year,2007,FALSE,Residence Area Type,Total,RESIDENCEAREATYPE_TOTL,98.11,98,EN,2023-07-09T17:00:00.000Z
EUR,Europe,Country,LVA,Latvia,Year,2006,FALSE,Residence Area Type,Total,RESIDENCEAREATYPE_TOTL,98.06,98,EN,2023-07-09T17:00:00.000Z
EUR,Europe,Country,LVA,Latvia,Year,2005,FALSE,Residence Area Type,Total,RESIDENCEAREATYPE_TOTL,98.01,98,EN,2023-07-09T17:00:00.000Z
EUR,Europe,Country,LVA,Latvia,Year,2004,FALSE,Residence Area Type,Total,RESIDENCEAREATYPE_TOTL,97.95,98,EN,2023-07-09T17:00:00.000Z
EUR,Europe,Country,LVA,Latvia,Year,2003,FALSE,Residence Area Type,Total,RESIDENCEAREATYPE_TOTL,97.9,98,EN,2023-07-09T17:00:00.000Z
EUR,Europe,Country,LVA,Latvia,Year,2002,FALSE,Residence Area Type,Total,RESIDENCEAREATYPE_TOTL,97.85,98,EN,2023-07-09T17:00:00.000Z
EUR,Europe,Country,LVA,Latvia,Year,2001,FALSE,Residence Area Type,Total,RESIDENCEAREATYPE_TOTL,97.8,98,EN,2023-07-09T17:00:00.000Z
EUR,Europe,Country,LVA,Latvia,Year,2000,FALSE,Residence Area Type,Total,RESIDENCEAREATYPE_TOTL,97.8,98,EN,2023-07-09T17:00:00.000Z
EMR,Eastern Mediterranean,Country,LBN,Lebanon,Year,2022,TRUE,Residence Area Type,Total,RESIDENCEAREATYPE_TOTL,92.6,93,EN,2023-07-09T17:00:00.000Z
EMR,Eastern Mediterranean,Country,LBN,Lebanon,Year,2021,FALSE,Residence Area Type,Total,RESIDENCEAREATYPE_TOTL,92.6,93,EN,2023-07-09T17:00:00.000Z
EMR,Eastern Mediterranean,Country,LBN,Lebanon,Year,2020,FALSE,Residence Area Type,Total,RESIDENCEAREATYPE_TOTL,92.6,93,EN,2023-07-09T17:00:00.000Z
EMR,Eastern Mediterranean,Country,LBN,Lebanon,Year,2019,FALSE,Residence Area Type,Total,RESIDENCEAREATYPE_TOTL,92.6,93,EN,2023-07-09T17:00:00.000Z
EMR,Eastern Mediterranean,Country,LBN,Lebanon,Year,2018,FALSE,Residence Area Type,Total,RESIDENCEAREATYPE_TOTL,92.33,92,EN,2023-07-09T17:00:00.000Z
EMR,Eastern Mediterranean,Country,LBN,Lebanon,Year,2017,FALSE,Residence Area Type,Total,RESIDENCEAREATYPE_TOTL,91.89,92,EN,2023-07-09T17:00:00.000Z
EMR,Eastern Mediterranean,Country,LBN,Lebanon,Year,2016,FALSE,Residence Area Type,Total,RESIDENCEAREATYPE_TOTL,91.45,91,EN,2023-07-09T17:00:00.000Z
EMR,Eastern Mediterranean,Country,LBN,Lebanon,Year,2015,FALSE,Residence Area Type,Total,RESIDENCEAREATYPE_TOTL,91.01,91,EN,2023-07-09T17:00:00.000Z
EMR,Eastern Mediterranean,Country,LBN,Lebanon,Year,2014,FALSE,Residence Area Type,Total,RESIDENCEAREATYPE_TOTL,90.57,91,EN,2023-07-09T17:00:00.000Z
EMR,Eastern Mediterranean,Country,LBN,Lebanon,Year,2013,FALSE,Residence Area Type,Total,RESIDENCEAREATYPE_TOTL,90.13,90,EN,2023-07-09T17:00:00.000Z
EMR,Eastern Mediterranean,Country,LBN,Lebanon,Year,2012,FALSE,Residence Area Type,Total,RESIDENCEAREATYPE_TOTL,89.69,90,EN,2023-07-09T17:00:00.000Z
EMR,Eastern Mediterranean,Country,LBN,Lebanon,Year,2011,FALSE,Residence Area Type,Total,RESIDENCEAREATYPE_TOTL,89.25,89,EN,2023-07-09T17:00:00.000Z
EMR,Eastern Mediterranean,Country,LBN,Lebanon,Year,2010,FALSE,Residence Area Type,Total,RESIDENCEAREATYPE_TOTL,88.81,89,EN,2023-07-09T17:00:00.000Z
EMR,Eastern Mediterranean,Country,LBN,Lebanon,Year,2009,FALSE,Residence Area Type,Total,RESIDENCEAREATYPE_TOTL,88.37,88,EN,2023-07-09T17:00:00.000Z
EMR,Eastern Mediterranean,Country,LBN,Lebanon,Year,2008,FALSE,Residence Area Type,Total,RESIDENCEAREATYPE_TOTL,87.93,88,EN,2023-07-09T17:00:00.000Z
EMR,Eastern Mediterranean,Country,LBN,Lebanon,Year,2007,FALSE,Residence Area Type,Total,RESIDENCEAREATYPE_TOTL,87.49,87,EN,2023-07-09T17:00:00.000Z
EMR,Eastern Mediterranean,Country,LBN,Lebanon,Year,2006,FALSE,Residence Area Type,Total,RESIDENCEAREATYPE_TOTL,87.05,87,EN,2023-07-09T17:00:00.000Z
EMR,Eastern Mediterranean,Country,LBN,Lebanon,Year,2005,FALSE,Residence Area Type,Total,RESIDENCEAREATYPE_TOTL,86.61,87,EN,2023-07-09T17:00:00.000Z
EMR,Eastern Mediterranean,Country,LBN,Lebanon,Year,2004,FALSE,Residence Area Type,Total,RESIDENCEAREATYPE_TOTL,86.17,86,EN,2023-07-09T17:00:00.000Z
EMR,Eastern Mediterranean,Country,LBN,Lebanon,Year,2003,FALSE,Residence Area Type,Total,RESIDENCEAREATYPE_TOTL,85.73,86,EN,2023-07-09T17:00:00.000Z
EMR,Eastern Mediterranean,Country,LBN,Lebanon,Year,2002,FALSE,Residence Area Type,Total,RESIDENCEAREATYPE_TOTL,85.29,85,EN,2023-07-09T17:00:00.000Z
EMR,Eastern Mediterranean,Country,LBN,Lebanon,Year,2001,FALSE,Residence Area Type,Total,RESIDENCEAREATYPE_TOTL,84.85,85,EN,2023-07-09T17:00:00.000Z
EMR,Eastern Mediterranean,Country,LBN,Lebanon,Year,2000,FALSE,Residence Area Type,Total,RESIDENCEAREATYPE_TOTL,84.41,84,EN,2023-07-09T17:00:00.000Z
AFR,Africa,Country,LSO,Lesotho,Year,2022,TRUE,Residence Area Type,Total,RESIDENCEAREATYPE_TOTL,73.97,74,EN,2023-07-09T17:00:00.000Z
AFR,Africa,Country,LSO,Lesotho,Year,2021,FALSE,Residence Area Type,Total,RESIDENCEAREATYPE_TOTL,73.63,74,EN,2023-07-09T17:00:00.000Z
AFR,Africa,Country,LSO,Lesotho,Year,2020,FALSE,Residence Area Type,Total,RESIDENCEAREATYPE_TOTL,73.29,73,EN,2023-07-09T17:00:00.000Z
AFR,Africa,Country,LSO,Lesotho,Year,2019,FALSE,Residence Area Type,Total,RESIDENCEAREATYPE_TOTL,72.88,73,EN,2023-07-09T17:00:00.000Z
AFR,Africa,Country,LSO,Lesotho,Year,2018,FALSE,Residence Area Type,Total,RESIDENCEAREATYPE_TOTL,72.47,72,EN,2023-07-09T17:00:00.000Z
AFR,Africa,Country,LSO,Lesotho,Year,2017,FALSE,Residence Area Type,Total,RESIDENCEAREATYPE_TOTL,72.07,72,EN,2023-07-09T17:00:00.000Z
AFR,Africa,Country,LSO,Lesotho,Year,2016,FALSE,Residence Area Type,Total,RESIDENCEAREATYPE_TOTL,71.68,72,EN,2023-07-09T17:00:00.000Z
AFR,Africa,Country,LSO,Lesotho,Year,2015,FALSE,Residence Area Type,Total,RESIDENCEAREATYPE_TOTL,71.29,71,EN,2023-07-09T17:00:00.000Z
AFR,Africa,Country,LSO,Lesotho,Year,2014,FALSE,Residence Area Type,Total,RESIDENCEAREATYPE_TOTL,70.91,71,EN,2023-07-09T17:00:00.000Z
AFR,Africa,Country,LSO,Lesotho,Year,2013,FALSE,Residence Area Type,Total,RESIDENCEAREATYPE_TOTL,70.53,71,EN,2023-07-09T17:00:00.000Z
AFR,Africa,Country,LSO,Lesotho,Year,2012,FALSE,Residence Area Type,Total,RESIDENCEAREATYPE_TOTL,70.15,70,EN,2023-07-09T17:00:00.000Z
AFR,Africa,Country,LSO,Lesotho,Year,2011,FALSE,Residence Area Type,Total,RESIDENCEAREATYPE_TOTL,69.78,70,EN,2023-07-09T17:00:00.000Z
AFR,Africa,Country,LSO,Lesotho,Year,2010,FALSE,Residence Area Type,Total,RESIDENCEAREATYPE_TOTL,69.39,69,EN,2023-07-09T17:00:00.000Z
AFR,Africa,Country,LSO,Lesotho,Year,2009,FALSE,Residence Area Type,Total,RESIDENCEAREATYPE_TOTL,69,69,EN,2023-07-09T17:00:00.000Z
AFR,Africa,Country,LSO,Lesotho,Year,2008,FALSE,Residence Area Type,Total,RESIDENCEAREATYPE_TOTL,68.62,69,EN,2023-07-09T17:00:00.000Z
AFR,Africa,Country,LSO,Lesotho,Year,2007,FALSE,Residence Area Type,Total,RESIDENCEAREATYPE_TOTL,68.24,68,EN,2023-07-09T17:00:00.000Z
AFR,Africa,Country,LSO,Lesotho,Year,2006,FALSE,Residence Area Type,Total,RESIDENCEAREATYPE_TOTL,67.86,68,EN,2023-07-09T17:00:00.000Z
AFR,Africa,Country,LSO,Lesotho,Year,2005,FALSE,Residence Area Type,Total,RESIDENCEAREATYPE_TOTL,67.48,67,EN,2023-07-09T17:00:00.000Z
AFR,Africa,Country,LSO,Lesotho,Year,2004,FALSE,Residence Area Type,Total,RESIDENCEAREATYPE_TOTL,67.1,67,EN,2023-07-09T17:00:00.000Z
AFR,Africa,Country,LSO,Lesotho,Year,2003,FALSE,Residence Area Type,Total,RESIDENCEAREATYPE_TOTL,66.72,67,EN,2023-07-09T17:00:00.000Z
AFR,Africa,Country,LSO,Lesotho,Year,2002,FALSE,Residence Area Type,Total,RESIDENCEAREATYPE_TOTL,66.35,66,EN,2023-07-09T17:00:00.000Z
AFR,Africa,Country,LSO,Lesotho,Year,2001,FALSE,Residence Area Type,Total,RESIDENCEAREATYPE_TOTL,65.99,66,EN,2023-07-09T17:00:00.000Z
AFR,Africa,Country,LSO,Lesotho,Year,2000,FALSE,Residence Area Type,Total,RESIDENCEAREATYPE_TOTL,65.64,66,EN,2023-07-09T17:00:00.000Z
AFR,Africa,Country,LBR,Liberia,Year,2022,TRUE,Residence Area Type,Total,RESIDENCEAREATYPE_TOTL,75.61,76,EN,2023-07-09T17:00:00.000Z
AFR,Africa,Country,LBR,Liberia,Year,2021,FALSE,Residence Area Type,Total,RESIDENCEAREATYPE_TOTL,75.14,75,EN,2023-07-09T17:00:00.000Z
AFR,Africa,Country,LBR,Liberia,Year,2020,FALSE,Residence Area Type,Total,RESIDENCEAREATYPE_TOTL,74.65,75,EN,2023-07-09T17:00:00.000Z
AFR,Africa,Country,LBR,Liberia,Year,2019,FALSE,Residence Area Type,Total,RESIDENCEAREATYPE_TOTL,74.16,74,EN,2023-07-09T17:00:00.000Z
AFR,Africa,Country,LBR,Liberia,Year,2018,FALSE,Residence Area Type,Total,RESIDENCEAREATYPE_TOTL,73.66,74,EN,2023-07-09T17:00:00.000Z
AFR,Africa,Country,LBR,Liberia,Year,2017,FALSE,Residence Area Type,Total,RESIDENCEAREATYPE_TOTL,73.15,73,EN,2023-07-09T17:00:00.000Z
AFR,Africa,Country,LBR,Liberia,Year,2016,FALSE,Residence Area Type,Total,RESIDENCEAREATYPE_TOTL,72.64,73,EN,2023-07-09T17:00:00.000Z
AFR,Africa,Country,LBR,Liberia,Year,2015,FALSE,Residence Area Type,Total,RESIDENCEAREATYPE_TOTL,72.12,72,EN,2023-07-09T17:00:00.000Z
AFR,Africa,Country,LBR,Liberia,Year,2014,FALSE,Residence Area Type,Total,RESIDENCEAREATYPE_TOTL,71.59,72,EN,2023-07-09T17:00:00.000Z
AFR,Africa,Country,LBR,Liberia,Year,2013,FALSE,Residence Area Type,Total,RESIDENCEAREATYPE_TOTL,71.05,71,EN,2023-07-09T17:00:00.000Z
AFR,Africa,Country,LBR,Liberia,Year,2012,FALSE,Residence Area Type,Total,RESIDENCEAREATYPE_TOTL,70.5,71,EN,2023-07-09T17:00:00.000Z
AFR,Africa,Country,LBR,Liberia,Year,2011,FALSE,Residence Area Type,Total,RESIDENCEAREATYPE_TOTL,69.95,70,EN,2023-07-09T17:00:00.000Z
AFR,Africa,Country,LBR,Liberia,Year,2010,FALSE,Residence Area Type,Total,RESIDENCEAREATYPE_TOTL,69.39,69,EN,2023-07-09T17:00:00.000Z
AFR,Africa,Country,LBR,Liberia,Year,2009,FALSE,Residence Area Type,Total,RESIDENCEAREATYPE_TOTL,68.82,69,EN,2023-07-09T17:00:00.000Z
AFR,Africa,Country,LBR,Liberia,Year,2008,FALSE,Residence Area Type,Total,RESIDENCEAREATYPE_TOTL,68.24,68,EN,2023-07-09T17:00:00.000Z
AFR,Africa,Country,LBR,Liberia,Year,2007,FALSE,Residence Area Type,Total,RESIDENCEAREATYPE_TOTL,67.66,68,EN,2023-07-09T17:00:00.000Z
AFR,Africa,Country,LBR,Liberia,Year,2006,FALSE,Residence Area Type,Total,RESIDENCEAREATYPE_TOTL,67.07,67,EN,2023-07-09T17:00:00.000Z
AFR,Africa,Country,LBR,Liberia,Year,2005,FALSE,Residence Area Type,Total,RESIDENCEAREATYPE_TOTL,66.46,66,EN,2023-07-09T17:00:00.000Z
AFR,Africa,Country,LBR,Liberia,Year,2004,FALSE,Residence Area Type,Total,RESIDENCEAREATYPE_TOTL,65.6,66,EN,2023-07-09T17:00:00.000Z
AFR,Africa,Country,LBR,Liberia,Year,2003,FALSE,Residence Area Type,Total,RESIDENCEAREATYPE_TOTL,64.73,65,EN,2023-07-09T17:00:00.000Z
AFR,Africa,Country,LBR,Liberia,Year,2002,FALSE,Residence Area Type,Total,RESIDENCEAREATYPE_TOTL,63.86,64,EN,2023-07-09T17:00:00.000Z
AFR,Africa,Country,LBR,Liberia,Year,2001,FALSE,Residence Area Type,Total,RESIDENCEAREATYPE_TOTL,62.99,63,EN,2023-07-09T17:00:00.000Z
AFR,Africa,Country,LBR,Liberia,Year,2000,FALSE,Residence Area Type,Total,RESIDENCEAREATYPE_TOTL,62.11,62,EN,2023-07-09T17:00:00.000Z
EMR,Eastern Mediterranean,Country,LBY,Libya,Year,2022,TRUE,Residence Area Type,Total,RESIDENCEAREATYPE_TOTL,99.89,100,EN,2023-07-09T17:00:00.000Z
EMR,Eastern Mediterranean,Country,LBY,Libya,Year,2021,FALSE,Residence Area Type,Total,RESIDENCEAREATYPE_TOTL,99.89,100,EN,2023-07-09T17:00:00.000Z
EMR,Eastern Mediterranean,Country,LBY,Libya,Year,2020,FALSE,Residence Area Type,Total,RESIDENCEAREATYPE_TOTL,99.89,100,EN,2023-07-09T17:00:00.000Z
EMR,Eastern Mediterranean,Country,LBY,Libya,Year,2019,FALSE,Residence Area Type,Total,RESIDENCEAREATYPE_TOTL,99.89,100,EN,2023-07-09T17:00:00.000Z
EMR,Eastern Mediterranean,Country,LBY,Libya,Year,2018,FALSE,Residence Area Type,Total,RESIDENCEAREATYPE_TOTL,99.89,100,EN,2023-07-09T17:00:00.000Z
EMR,Eastern Mediterranean,Country,LBY,Libya,Year,2017,FALSE,Residence Area Type,Total,RESIDENCEAREATYPE_TOTL,99.02,99,EN,2023-07-09T17:00:00.000Z
EMR,Eastern Mediterranean,Country,LBY,Libya,Year,2016,FALSE,Residence Area Type,Total,RESIDENCEAREATYPE_TOTL,98.15,98,EN,2023-07-09T17:00:00.000Z
EMR,Eastern Mediterranean,Country,LBY,Libya,Year,2015,FALSE,Residence Area Type,Total,RESIDENCEAREATYPE_TOTL,97.28,97,EN,2023-07-09T17:00:00.000Z
EMR,Eastern Mediterranean,Country,LBY,Libya,Year,2014,FALSE,Residence Area Type,Total,RESIDENCEAREATYPE_TOTL,96.41,96,EN,2023-07-09T17:00:00.000Z
EMR,Eastern Mediterranean,Country,LBY,Libya,Year,2013,FALSE,Residence Area Type,Total,RESIDENCEAREATYPE_TOTL,95.54,96,EN,2023-07-09T17:00:00.000Z
EMR,Eastern Mediterranean,Country,LBY,Libya,Year,2012,FALSE,Residence Area Type,Total,RESIDENCEAREATYPE_TOTL,94.67,95,EN,2023-07-09T17:00:00.000Z
EMR,Eastern Mediterranean,Country,LBY,Libya,Year,2011,FALSE,Residence Area Type,Total,RESIDENCEAREATYPE_TOTL,93.8,94,EN,2023-07-09T17:00:00.000Z
EMR,Eastern Mediterranean,Country,LBY,Libya,Year,2010,FALSE,Residence Area Type,Total,RESIDENCEAREATYPE_TOTL,92.93,93,EN,2023-07-09T17:00:00.000Z
EMR,Eastern Mediterranean,Country,LBY,Libya,Year,2009,FALSE,Residence Area Type,Total,RESIDENCEAREATYPE_TOTL,92.06,92,EN,2023-07-09T17:00:00.000Z
EMR,Eastern Mediterranean,Country,LBY,Libya,Year,2008,FALSE,Residence Area Type,Total,RESIDENCEAREATYPE_TOTL,91.19,91,EN,2023-07-09T17:00:00.000Z
EMR,Eastern Mediterranean,Country,LBY,Libya,Year,2007,FALSE,Residence Area Type,Total,RESIDENCEAREATYPE_TOTL,90.32,90,EN,2023-07-09T17:00:00.000Z
EMR,Eastern Mediterranean,Country,LBY,Libya,Year,2006,FALSE,Residence Area Type,Total,RESIDENCEAREATYPE_TOTL,89.45,89,EN,2023-07-09T17:00:00.000Z
EMR,Eastern Mediterranean,Country,LBY,Libya,Year,2005,FALSE,Residence Area Type,Total,RESIDENCEAREATYPE_TOTL,88.58,89,EN,2023-07-09T17:00:00.000Z
EMR,Eastern Mediterranean,Country,LBY,Libya,Year,2004,FALSE,Residence Area Type,Total,RESIDENCEAREATYPE_TOTL,87.71,88,EN,2023-07-09T17:00:00.000Z
EMR,Eastern Mediterranean,Country,LBY,Libya,Year,2003,FALSE,Residence Area Type,Total,RESIDENCEAREATYPE_TOTL,86.84,87,EN,2023-07-09T17:00:00.000Z
EMR,Eastern Mediterranean,Country,LBY,Libya,Year,2002,FALSE,Residence Area Type,Total,RESIDENCEAREATYPE_TOTL,85.97,86,EN,2023-07-09T17:00:00.000Z
EMR,Eastern Mediterranean,Country,LBY,Libya,Year,2001,FALSE,Residence Area Type,Total,RESIDENCEAREATYPE_TOTL,85.1,85,EN,2023-07-09T17:00:00.000Z
EMR,Eastern Mediterranean,Country,LBY,Libya,Year,2000,FALSE,Residence Area Type,Total,RESIDENCEAREATYPE_TOTL,84.23,84,EN,2023-07-09T17:00:00.000Z
EUR,Europe,Country,LTU,Lithuania,Year,2022,TRUE,Residence Area Type,Total,RESIDENCEAREATYPE_TOTL,98.04,98,EN,2023-07-09T17:00:00.000Z
EUR,Europe,Country,LTU,Lithuania,Year,2021,FALSE,Residence Area Type,Total,RESIDENCEAREATYPE_TOTL,98.03,98,EN,2023-07-09T17:00:00.000Z
EUR,Europe,Country,LTU,Lithuania,Year,2020,FALSE,Residence Area Type,Total,RESIDENCEAREATYPE_TOTL,98.01,98,EN,2023-07-09T17:00:00.000Z
EUR,Europe,Country,LTU,Lithuania,Year,2019,FALSE,Residence Area Type,Total,RESIDENCEAREATYPE_TOTL,98,98,EN,2023-07-09T17:00:00.000Z
EUR,Europe,Country,LTU,Lithuania,Year,2018,FALSE,Residence Area Type,Total,RESIDENCEAREATYPE_TOTL,97.99,98,EN,2023-07-09T17:00:00.000Z
EUR,Europe,Country,LTU,Lithuania,Year,2017,FALSE,Residence Area Type,Total,RESIDENCEAREATYPE_TOTL,97.54,98,EN,2023-07-09T17:00:00.000Z
EUR,Europe,Country,LTU,Lithuania,Year,2016,FALSE,Residence Area Type,Total,RESIDENCEAREATYPE_TOTL,97.07,97,EN,2023-07-09T17:00:00.000Z
EUR,Europe,Country,LTU,Lithuania,Year,2015,FALSE,Residence Area Type,Total,RESIDENCEAREATYPE_TOTL,96.6,97,EN,2023-07-09T17:00:00.000Z
EUR,Europe,Country,LTU,Lithuania,Year,2014,FALSE,Residence Area Type,Total,RESIDENCEAREATYPE_TOTL,96.13,96,EN,2023-07-09T17:00:00.000Z
EUR,Europe,Country,LTU,Lithuania,Year,2013,FALSE,Residence Area Type,Total,RESIDENCEAREATYPE_TOTL,95.66,96,EN,2023-07-09T17:00:00.000Z
EUR,Europe,Country,LTU,Lithuania,Year,2012,FALSE,Residence Area Type,Total,RESIDENCEAREATYPE_TOTL,95.19,95,EN,2023-07-09T17:00:00.000Z
EUR,Europe,Country,LTU,Lithuania,Year,2011,FALSE,Residence Area Type,Total,RESIDENCEAREATYPE_TOTL,94.71,95,EN,2023-07-09T17:00:00.000Z
EUR,Europe,Country,LTU,Lithuania,Year,2010,FALSE,Residence Area Type,Total,RESIDENCEAREATYPE_TOTL,94.25,94,EN,2023-07-09T17:00:00.000Z
EUR,Europe,Country,LTU,Lithuania,Year,2009,FALSE,Residence Area Type,Total,RESIDENCEAREATYPE_TOTL,93.8,94,EN,2023-07-09T17:00:00.000Z
EUR,Europe,Country,LTU,Lithuania,Year,2008,FALSE,Residence Area Type,Total,RESIDENCEAREATYPE_TOTL,93.34,93,EN,2023-07-09T17:00:00.000Z
EUR,Europe,Country,LTU,Lithuania,Year,2007,FALSE,Residence Area Type,Total,RESIDENCEAREATYPE_TOTL,92.86,93,EN,2023-07-09T17:00:00.000Z
EUR,Europe,Country,LTU,Lithuania,Year,2006,FALSE,Residence Area Type,Total,RESIDENCEAREATYPE_TOTL,92.39,92,EN,2023-07-09T17:00:00.000Z
EUR,Europe,Country,LTU,Lithuania,Year,2005,FALSE,Residence Area Type,Total,RESIDENCEAREATYPE_TOTL,91.91,92,EN,2023-07-09T17:00:00.000Z
EUR,Europe,Country,LTU,Lithuania,Year,2004,FALSE,Residence Area Type,Total,RESIDENCEAREATYPE_TOTL,91.45,91,EN,2023-07-09T17:00:00.000Z
EUR,Europe,Country,LTU,Lithuania,Year,2003,FALSE,Residence Area Type,Total,RESIDENCEAREATYPE_TOTL,91.01,91,EN,2023-07-09T17:00:00.000Z
EUR,Europe,Country,LTU,Lithuania,Year,2002,FALSE,Residence Area Type,Total,RESIDENCEAREATYPE_TOTL,90.56,91,EN,2023-07-09T17:00:00.000Z
EUR,Europe,Country,LTU,Lithuania,Year,2001,FALSE,Residence Area Type,Total,RESIDENCEAREATYPE_TOTL,90.12,90,EN,2023-07-09T17:00:00.000Z
EUR,Europe,Country,LTU,Lithuania,Year,2000,FALSE,Residence Area Type,Total,RESIDENCEAREATYPE_TOTL,89.67,90,EN,2023-07-09T17:00:00.000Z
EUR,Europe,Country,LUX,Luxembourg,Year,2022,TRUE,Residence Area Type,Total,RESIDENCEAREATYPE_TOTL,99.89,100,EN,2023-07-09T17:00:00.000Z
EUR,Europe,Country,LUX,Luxembourg,Year,2021,FALSE,Residence Area Type,Total,RESIDENCEAREATYPE_TOTL,99.88,100,EN,2023-07-09T17:00:00.000Z
EUR,Europe,Country,LUX,Luxembourg,Year,2020,FALSE,Residence Area Type,Total,RESIDENCEAREATYPE_TOTL,99.88,100,EN,2023-07-09T17:00:00.000Z
EUR,Europe,Country,LUX,Luxembourg,Year,2019,FALSE,Residence Area Type,Total,RESIDENCEAREATYPE_TOTL,99.88,100,EN,2023-07-09T17:00:00.000Z
EUR,Europe,Country,LUX,Luxembourg,Year,2018,FALSE,Residence Area Type,Total,RESIDENCEAREATYPE_TOTL,99.87,100,EN,2023-07-09T17:00:00.000Z
EUR,Europe,Country,LUX,Luxembourg,Year,2017,FALSE,Residence Area Type,Total,RESIDENCEAREATYPE_TOTL,99.89,100,EN,2023-07-09T17:00:00.000Z
EUR,Europe,Country,LUX,Luxembourg,Year,2016,FALSE,Residence Area Type,Total,RESIDENCEAREATYPE_TOTL,99.91,100,EN,2023-07-09T17:00:00.000Z
EUR,Europe,Country,LUX,Luxembourg,Year,2015,FALSE,Residence Area Type,Total,RESIDENCEAREATYPE_TOTL,99.93,100,EN,2023-07-09T17:00:00.000Z
EUR,Europe,Country,LUX,Luxembourg,Year,2014,FALSE,Residence Area Type,Total,RESIDENCEAREATYPE_TOTL,99.94,100,EN,2023-07-09T17:00:00.000Z
EUR,Europe,Country,LUX,Luxembourg,Year,2013,FALSE,Residence Area Type,Total,RESIDENCEAREATYPE_TOTL,99.97,100,EN,2023-07-09T17:00:00.000Z
EUR,Europe,Country,LUX,Luxembourg,Year,2012,FALSE,Residence Area Type,Total,RESIDENCEAREATYPE_TOTL,99.99,100,EN,2023-07-09T17:00:00.000Z
EUR,Europe,Country,LUX,Luxembourg,Year,2011,FALSE,Residence Area Type,Total,RESIDENCEAREATYPE_TOTL,100,100,EN,2023-07-09T17:00:00.000Z
EUR,Europe,Country,LUX,Luxembourg,Year,2010,FALSE,Residence Area Type,Total,RESIDENCEAREATYPE_TOTL,100,100,EN,2023-07-09T17:00:00.000Z
EUR,Europe,Country,LUX,Luxembourg,Year,2009,FALSE,Residence Area Type,Total,RESIDENCEAREATYPE_TOTL,100,100,EN,2023-07-09T17:00:00.000Z
EUR,Europe,Country,LUX,Luxembourg,Year,2008,FALSE,Residence Area Type,Total,RESIDENCEAREATYPE_TOTL,100,100,EN,2023-07-09T17:00:00.000Z
EUR,Europe,Country,LUX,Luxembourg,Year,2007,FALSE,Residence Area Type,Total,RESIDENCEAREATYPE_TOTL,100,100,EN,2023-07-09T17:00:00.000Z
EUR,Europe,Country,LUX,Luxembourg,Year,2006,FALSE,Residence Area Type,Total,RESIDENCEAREATYPE_TOTL,100,100,EN,2023-07-09T17:00:00.000Z
EUR,Europe,Country,LUX,Luxembourg,Year,2005,FALSE,Residence Area Type,Total,RESIDENCEAREATYPE_TOTL,100,100,EN,2023-07-09T17:00:00.000Z
EUR,Europe,Country,LUX,Luxembourg,Year,2004,FALSE,Residence Area Type,Total,RESIDENCEAREATYPE_TOTL,100,100,EN,2023-07-09T17:00:00.000Z
EUR,Europe,Country,LUX,Luxembourg,Year,2003,FALSE,Residence Area Type,Total,RESIDENCEAREATYPE_TOTL,100,100,EN,2023-07-09T17:00:00.000Z
EUR,Europe,Country,LUX,Luxembourg,Year,2002,FALSE,Residence Area Type,Total,RESIDENCEAREATYPE_TOTL,100,100,EN,2023-07-09T17:00:00.000Z
EUR,Europe,Country,LUX,Luxembourg,Year,2001,FALSE,Residence Area Type,Total,RESIDENCEAREATYPE_TOTL,100,100,EN,2023-07-09T17:00:00.000Z
EUR,Europe,Country,LUX,Luxembourg,Year,2000,FALSE,Residence Area Type,Total,RESIDENCEAREATYPE_TOTL,100,100,EN,2023-07-09T17:00:00.000Z
AFR,Africa,Country,MDG,Madagascar,Year,2022,TRUE,Residence Area Type,Total,RESIDENCEAREATYPE_TOTL,53.47,53,EN,2023-07-09T17:00:00.000Z
AFR,Africa,Country,MDG,Madagascar,Year,2021,FALSE,Residence Area Type,Total,RESIDENCEAREATYPE_TOTL,52.7,53,EN,2023-07-09T17:00:00.000Z
AFR,Africa,Country,MDG,Madagascar,Year,2020,FALSE,Residence Area Type,Total,RESIDENCEAREATYPE_TOTL,51.94,52,EN,2023-07-09T17:00:00.000Z
AFR,Africa,Country,MDG,Madagascar,Year,2019,FALSE,Residence Area Type,Total,RESIDENCEAREATYPE_TOTL,51.17,51,EN,2023-07-09T17:00:00.000Z
AFR,Africa,Country,MDG,Madagascar,Year,2018,FALSE,Residence Area Type,Total,RESIDENCEAREATYPE_TOTL,50.4,50,EN,2023-07-09T17:00:00.000Z
AFR,Africa,Country,MDG,Madagascar,Year,2017,FALSE,Residence Area Type,Total,RESIDENCEAREATYPE_TOTL,49.63,50,EN,2023-07-09T17:00:00.000Z
AFR,Africa,Country,MDG,Madagascar,Year,2016,FALSE,Residence Area Type,Total,RESIDENCEAREATYPE_TOTL,48.85,49,EN,2023-07-09T17:00:00.000Z
AFR,Africa,Country,MDG,Madagascar,Year,2015,FALSE,Residence Area Type,Total,RESIDENCEAREATYPE_TOTL,48.08,48,EN,2023-07-09T17:00:00.000Z
AFR,Africa,Country,MDG,Madagascar,Year,2014,FALSE,Residence Area Type,Total,RESIDENCEAREATYPE_TOTL,47.3,47,EN,2023-07-09T17:00:00.000Z
AFR,Africa,Country,MDG,Madagascar,Year,2013,FALSE,Residence Area Type,Total,RESIDENCEAREATYPE_TOTL,46.52,47,EN,2023-07-09T17:00:00.000Z
AFR,Africa,Country,MDG,Madagascar,Year,2012,FALSE,Residence Area Type,Total,RESIDENCEAREATYPE_TOTL,45.74,46,EN,2023-07-09T17:00:00.000Z
AFR,Africa,Country,MDG,Madagascar,Year,2011,FALSE,Residence Area Type,Total,RESIDENCEAREATYPE_TOTL,44.96,45,EN,2023-07-09T17:00:00.000Z
AFR,Africa,Country,MDG,Madagascar,Year,2010,FALSE,Residence Area Type,Total,RESIDENCEAREATYPE_TOTL,44.17,44,EN,2023-07-09T17:00:00.000Z
AFR,Africa,Country,MDG,Madagascar,Year,2009,FALSE,Residence Area Type,Total,RESIDENCEAREATYPE_TOTL,43.39,43,EN,2023-07-09T17:00:00.000Z
AFR,Africa,Country,MDG,Madagascar,Year,2008,FALSE,Residence Area Type,Total,RESIDENCEAREATYPE_TOTL,42.61,43,EN,2023-07-09T17:00:00.000Z
AFR,Africa,Country,MDG,Madagascar,Year,2007,FALSE,Residence Area Type,Total,RESIDENCEAREATYPE_TOTL,41.82,42,EN,2023-07-09T17:00:00.000Z
AFR,Africa,Country,MDG,Madagascar,Year,2006,FALSE,Residence Area Type,Total,RESIDENCEAREATYPE_TOTL,41.04,41,EN,2023-07-09T17:00:00.000Z
AFR,Africa,Country,MDG,Madagascar,Year,2005,FALSE,Residence Area Type,Total,RESIDENCEAREATYPE_TOTL,40.26,40,EN,2023-07-09T17:00:00.000Z
AFR,Africa,Country,MDG,Madagascar,Year,2004,FALSE,Residence Area Type,Total,RESIDENCEAREATYPE_TOTL,39.47,39,EN,2023-07-09T17:00:00.000Z
AFR,Africa,Country,MDG,Madagascar,Year,2003,FALSE,Residence Area Type,Total,RESIDENCEAREATYPE_TOTL,38.84,39,EN,2023-07-09T17:00:00.000Z
AFR,Africa,Country,MDG,Madagascar,Year,2002,FALSE,Residence Area Type,Total,RESIDENCEAREATYPE_TOTL,38.21,38,EN,2023-07-09T17:00:00.000Z
AFR,Africa,Country,MDG,Madagascar,Year,2001,FALSE,Residence Area Type,Total,RESIDENCEAREATYPE_TOTL,37.58,38,EN,2023-07-09T17:00:00.000Z
AFR,Africa,Country,MDG,Madagascar,Year,2000,FALSE,Residence Area Type,Total,RESIDENCEAREATYPE_TOTL,36.95,37,EN,2023-07-09T17:00:00.000Z
AFR,Africa,Country,MWI,Malawi,Year,2022,TRUE,Residence Area Type,Total,RESIDENCEAREATYPE_TOTL,71.87,72,EN,2023-07-09T17:00:00.000Z
AFR,Africa,Country,MWI,Malawi,Year,2021,FALSE,Residence Area Type,Total,RESIDENCEAREATYPE_TOTL,71.07,71,EN,2023-07-09T17:00:00.000Z
AFR,Africa,Country,MWI,Malawi,Year,2020,FALSE,Residence Area Type,Total,RESIDENCEAREATYPE_TOTL,70.27,70,EN,2023-07-09T17:00:00.000Z
AFR,Africa,Country,MWI,Malawi,Year,2019,FALSE,Residence Area Type,Total,RESIDENCEAREATYPE_TOTL,69.46,69,EN,2023-07-09T17:00:00.000Z
AFR,Africa,Country,MWI,Malawi,Year,2018,FALSE,Residence Area Type,Total,RESIDENCEAREATYPE_TOTL,68.66,69,EN,2023-07-09T17:00:00.000Z
AFR,Africa,Country,MWI,Malawi,Year,2017,FALSE,Residence Area Type,Total,RESIDENCEAREATYPE_TOTL,67.85,68,EN,2023-07-09T17:00:00.000Z
AFR,Africa,Country,MWI,Malawi,Year,2016,FALSE,Residence Area Type,Total,RESIDENCEAREATYPE_TOTL,67.03,67,EN,2023-07-09T17:00:00.000Z
AFR,Africa,Country,MWI,Malawi,Year,2015,FALSE,Residence Area Type,Total,RESIDENCEAREATYPE_TOTL,66.22,66,EN,2023-07-09T17:00:00.000Z
AFR,Africa,Country,MWI,Malawi,Year,2014,FALSE,Residence Area Type,Total,RESIDENCEAREATYPE_TOTL,65.4,65,EN,2023-07-09T17:00:00.000Z
AFR,Africa,Country,MWI,Malawi,Year,2013,FALSE,Residence Area Type,Total,RESIDENCEAREATYPE_TOTL,64.58,65,EN,2023-07-09T17:00:00.000Z
AFR,Africa,Country,MWI,Malawi,Year,2012,FALSE,Residence Area Type,Total,RESIDENCEAREATYPE_TOTL,63.77,64,EN,2023-07-09T17:00:00.000Z
AFR,Africa,Country,MWI,Malawi,Year,2011,FALSE,Residence Area Type,Total,RESIDENCEAREATYPE_TOTL,62.95,63,EN,2023-07-09T17:00:00.000Z
AFR,Africa,Country,MWI,Malawi,Year,2010,FALSE,Residence Area Type,Total,RESIDENCEAREATYPE_TOTL,62.13,62,EN,2023-07-09T17:00:00.000Z
AFR,Africa,Country,MWI,Malawi,Year,2009,FALSE,Residence Area Type,Total,RESIDENCEAREATYPE_TOTL,61.31,61,EN,2023-07-09T17:00:00.000Z
AFR,Africa,Country,MWI,Malawi,Year,2008,FALSE,Residence Area Type,Total,RESIDENCEAREATYPE_TOTL,60.49,60,EN,2023-07-09T17:00:00.000Z
AFR,Africa,Country,MWI,Malawi,Year,2007,FALSE,Residence Area Type,Total,RESIDENCEAREATYPE_TOTL,59.67,60,EN,2023-07-09T17:00:00.000Z
AFR,Africa,Country,MWI,Malawi,Year,2006,FALSE,Residence Area Type,Total,RESIDENCEAREATYPE_TOTL,58.85,59,EN,2023-07-09T17:00:00.000Z
AFR,Africa,Country,MWI,Malawi,Year,2005,FALSE,Residence Area Type,Total,RESIDENCEAREATYPE_TOTL,58.02,58,EN,2023-07-09T17:00:00.000Z
AFR,Africa,Country,MWI,Malawi,Year,2004,FALSE,Residence Area Type,Total,RESIDENCEAREATYPE_TOTL,57.19,57,EN,2023-07-09T17:00:00.000Z
AFR,Africa,Country,MWI,Malawi,Year,2003,FALSE,Residence Area Type,Total,RESIDENCEAREATYPE_TOTL,56.36,56,EN,2023-07-09T17:00:00.000Z
AFR,Africa,Country,MWI,Malawi,Year,2002,FALSE,Residence Area Type,Total,RESIDENCEAREATYPE_TOTL,55.53,56,EN,2023-07-09T17:00:00.000Z
AFR,Africa,Country,MWI,Malawi,Year,2001,FALSE,Residence Area Type,Total,RESIDENCEAREATYPE_TOTL,54.69,55,EN,2023-07-09T17:00:00.000Z
AFR,Africa,Country,MWI,Malawi,Year,2000,FALSE,Residence Area Type,Total,RESIDENCEAREATYPE_TOTL,53.86,54,EN,2023-07-09T17:00:00.000Z
WPR,Western Pacific,Country,MYS,Malaysia,Year,2022,TRUE,Residence Area Type,Total,RESIDENCEAREATYPE_TOTL,97.16,97,EN,2023-07-09T17:00:00.000Z
WPR,Western Pacific,Country,MYS,Malaysia,Year,2021,FALSE,Residence Area Type,Total,RESIDENCEAREATYPE_TOTL,97.11,97,EN,2023-07-09T17:00:00.000Z
WPR,Western Pacific,Country,MYS,Malaysia,Year,2020,FALSE,Residence Area Type,Total,RESIDENCEAREATYPE_TOTL,97.1,97,EN,2023-07-09T17:00:00.000Z
WPR,Western Pacific,Country,MYS,Malaysia,Year,2019,FALSE,Residence Area Type,Total,RESIDENCEAREATYPE_TOTL,97.09,97,EN,2023-07-09T17:00:00.000Z
WPR,Western Pacific,Country,MYS,Malaysia,Year,2018,FALSE,Residence Area Type,Total,RESIDENCEAREATYPE_TOTL,97.08,97,EN,2023-07-09T17:00:00.000Z
WPR,Western Pacific,Country,MYS,Malaysia,Year,2017,FALSE,Residence Area Type,Total,RESIDENCEAREATYPE_TOTL,97.07,97,EN,2023-07-09T17:00:00.000Z
WPR,Western Pacific,Country,MYS,Malaysia,Year,2016,FALSE,Residence Area Type,Total,RESIDENCEAREATYPE_TOTL,97.06,97,EN,2023-07-09T17:00:00.000Z
WPR,Western Pacific,Country,MYS,Malaysia,Year,2015,FALSE,Residence Area Type,Total,RESIDENCEAREATYPE_TOTL,97.05,97,EN,2023-07-09T17:00:00.000Z
WPR,Western Pacific,Country,MYS,Malaysia,Year,2014,FALSE,Residence Area Type,Total,RESIDENCEAREATYPE_TOTL,97.04,97,EN,2023-07-09T17:00:00.000Z
WPR,Western Pacific,Country,MYS,Malaysia,Year,2013,FALSE,Residence Area Type,Total,RESIDENCEAREATYPE_TOTL,97.04,97,EN,2023-07-09T17:00:00.000Z
WPR,Western Pacific,Country,MYS,Malaysia,Year,2012,FALSE,Residence Area Type,Total,RESIDENCEAREATYPE_TOTL,97.03,97,EN,2023-07-09T17:00:00.000Z
WPR,Western Pacific,Country,MYS,Malaysia,Year,2011,FALSE,Residence Area Type,Total,RESIDENCEAREATYPE_TOTL,97.02,97,EN,2023-07-09T17:00:00.000Z
WPR,Western Pacific,Country,MYS,Malaysia,Year,2010,FALSE,Residence Area Type,Total,RESIDENCEAREATYPE_TOTL,97.02,97,EN,2023-07-09T17:00:00.000Z
WPR,Western Pacific,Country,MYS,Malaysia,Year,2009,FALSE,Residence Area Type,Total,RESIDENCEAREATYPE_TOTL,97,97,EN,2023-07-09T17:00:00.000Z
WPR,Western Pacific,Country,MYS,Malaysia,Year,2008,FALSE,Residence Area Type,Total,RESIDENCEAREATYPE_TOTL,96.99,97,EN,2023-07-09T17:00:00.000Z
WPR,Western Pacific,Country,MYS,Malaysia,Year,2007,FALSE,Residence Area Type,Total,RESIDENCEAREATYPE_TOTL,96.98,97,EN,2023-07-09T17:00:00.000Z
WPR,Western Pacific,Country,MYS,Malaysia,Year,2006,FALSE,Residence Area Type,Total,RESIDENCEAREATYPE_TOTL,96.97,97,EN,2023-07-09T17:00:00.000Z
WPR,Western Pacific,Country,MYS,Malaysia,Year,2005,FALSE,Residence Area Type,Total,RESIDENCEAREATYPE_TOTL,96.96,97,EN,2023-07-09T17:00:00.000Z
WPR,Western Pacific,Country,MYS,Malaysia,Year,2004,FALSE,Residence Area Type,Total,RESIDENCEAREATYPE_TOTL,96.95,97,EN,2023-07-09T17:00:00.000Z
WPR,Western Pacific,Country,MYS,Malaysia,Year,2003,FALSE,Residence Area Type,Total,RESIDENCEAREATYPE_TOTL,96.94,97,EN,2023-07-09T17:00:00.000Z
WPR,Western Pacific,Country,MYS,Malaysia,Year,2002,FALSE,Residence Area Type,Total,RESIDENCEAREATYPE_TOTL,96.94,97,EN,2023-07-09T17:00:00.000Z
WPR,Western Pacific,Country,MYS,Malaysia,Year,2001,FALSE,Residence Area Type,Total,RESIDENCEAREATYPE_TOTL,96.94,97,EN,2023-07-09T17:00:00.000Z
WPR,Western Pacific,Country,MYS,Malaysia,Year,2000,FALSE,Residence Area Type,Total,RESIDENCEAREATYPE_TOTL,96.88,97,EN,2023-07-09T17:00:00.000Z
SEAR,South-East Asia,Country,MDV,Maldives,Year,2022,TRUE,Residence Area Type,Total,RESIDENCEAREATYPE_TOTL,99.56,100,EN,2023-07-09T17:00:00.000Z
SEAR,South-East Asia,Country,MDV,Maldives,Year,2021,FALSE,Residence Area Type,Total,RESIDENCEAREATYPE_TOTL,99.56,100,EN,2023-07-09T17:00:00.000Z
SEAR,South-East Asia,Country,MDV,Maldives,Year,2020,FALSE,Residence Area Type,Total,RESIDENCEAREATYPE_TOTL,99.54,100,EN,2023-07-09T17:00:00.000Z
SEAR,South-East Asia,Country,MDV,Maldives,Year,2019,FALSE,Residence Area Type,Total,RESIDENCEAREATYPE_TOTL,99.53,100,EN,2023-07-09T17:00:00.000Z
SEAR,South-East Asia,Country,MDV,Maldives,Year,2018,FALSE,Residence Area Type,Total,RESIDENCEAREATYPE_TOTL,99.5,99,EN,2023-07-09T17:00:00.000Z
SEAR,South-East Asia,Country,MDV,Maldives,Year,2017,FALSE,Residence Area Type,Total,RESIDENCEAREATYPE_TOTL,99.41,99,EN,2023-07-09T17:00:00.000Z
SEAR,South-East Asia,Country,MDV,Maldives,Year,2016,FALSE,Residence Area Type,Total,RESIDENCEAREATYPE_TOTL,99.11,99,EN,2023-07-09T17:00:00.000Z
SEAR,South-East Asia,Country,MDV,Maldives,Year,2015,FALSE,Residence Area Type,Total,RESIDENCEAREATYPE_TOTL,98.81,99,EN,2023-07-09T17:00:00.000Z
SEAR,South-East Asia,Country,MDV,Maldives,Year,2014,FALSE,Residence Area Type,Total,RESIDENCEAREATYPE_TOTL,98.51,99,EN,2023-07-09T17:00:00.000Z
SEAR,South-East Asia,Country,MDV,Maldives,Year,2013,FALSE,Residence Area Type,Total,RESIDENCEAREATYPE_TOTL,98.21,98,EN,2023-07-09T17:00:00.000Z
SEAR,South-East Asia,Country,MDV,Maldives,Year,2012,FALSE,Residence Area Type,Total,RESIDENCEAREATYPE_TOTL,97.9,98,EN,2023-07-09T17:00:00.000Z
SEAR,South-East Asia,Country,MDV,Maldives,Year,2011,FALSE,Residence Area Type,Total,RESIDENCEAREATYPE_TOTL,97.58,98,EN,2023-07-09T17:00:00.000Z
SEAR,South-East Asia,Country,MDV,Maldives,Year,2010,FALSE,Residence Area Type,Total,RESIDENCEAREATYPE_TOTL,97.27,97,EN,2023-07-09T17:00:00.000Z
SEAR,South-East Asia,Country,MDV,Maldives,Year,2009,FALSE,Residence Area Type,Total,RESIDENCEAREATYPE_TOTL,96.95,97,EN,2023-07-09T17:00:00.000Z
SEAR,South-East Asia,Country,MDV,Maldives,Year,2008,FALSE,Residence Area Type,Total,RESIDENCEAREATYPE_TOTL,96.63,97,EN,2023-07-09T17:00:00.000Z
SEAR,South-East Asia,Country,MDV,Maldives,Year,2007,FALSE,Residence Area Type,Total,RESIDENCEAREATYPE_TOTL,96.3,96,EN,2023-07-09T17:00:00.000Z
SEAR,South-East Asia,Country,MDV,Maldives,Year,2006,FALSE,Residence Area Type,Total,RESIDENCEAREATYPE_TOTL,95.99,96,EN,2023-07-09T17:00:00.000Z
SEAR,South-East Asia,Country,MDV,Maldives,Year,2005,FALSE,Residence Area Type,Total,RESIDENCEAREATYPE_TOTL,95.66,96,EN,2023-07-09T17:00:00.000Z
SEAR,South-East Asia,Country,MDV,Maldives,Year,2004,FALSE,Residence Area Type,Total,RESIDENCEAREATYPE_TOTL,95.31,95,EN,2023-07-09T17:00:00.000Z
SEAR,South-East Asia,Country,MDV,Maldives,Year,2003,FALSE,Residence Area Type,Total,RESIDENCEAREATYPE_TOTL,94.95,95,EN,2023-07-09T17:00:00.000Z
SEAR,South-East Asia,Country,MDV,Maldives,Year,2002,FALSE,Residence Area Type,Total,RESIDENCEAREATYPE_TOTL,94.58,95,EN,2023-07-09T17:00:00.000Z
SEAR,South-East Asia,Country,MDV,Maldives,Year,2001,FALSE,Residence Area Type,Total,RESIDENCEAREATYPE_TOTL,94.2,94,EN,2023-07-09T17:00:00.000Z
SEAR,South-East Asia,Country,MDV,Maldives,Year,2000,FALSE,Residence Area Type,Total,RESIDENCEAREATYPE_TOTL,93.82,94,EN,2023-07-09T17:00:00.000Z
AFR,Africa,Country,MLI,Mali,Year,2022,TRUE,Residence Area Type,Total,RESIDENCEAREATYPE_TOTL,83.65,84,EN,2023-07-09T17:00:00.000Z
AFR,Africa,Country,MLI,Mali,Year,2021,FALSE,Residence Area Type,Total,RESIDENCEAREATYPE_TOTL,82.2,82,EN,2023-07-09T17:00:00.000Z
AFR,Africa,Country,MLI,Mali,Year,2020,FALSE,Residence Area Type,Total,RESIDENCEAREATYPE_TOTL,80.75,81,EN,2023-07-09T17:00:00.000Z
AFR,Africa,Country,MLI,Mali,Year,2019,FALSE,Residence Area Type,Total,RESIDENCEAREATYPE_TOTL,79.28,79,EN,2023-07-09T17:00:00.000Z
AFR,Africa,Country,MLI,Mali,Year,2018,FALSE,Residence Area Type,Total,RESIDENCEAREATYPE_TOTL,77.8,78,EN,2023-07-09T17:00:00.000Z
AFR,Africa,Country,MLI,Mali,Year,2017,FALSE,Residence Area Type,Total,RESIDENCEAREATYPE_TOTL,76.31,76,EN,2023-07-09T17:00:00.000Z
AFR,Africa,Country,MLI,Mali,Year,2016,FALSE,Residence Area Type,Total,RESIDENCEAREATYPE_TOTL,74.81,75,EN,2023-07-09T17:00:00.000Z
AFR,Africa,Country,MLI,Mali,Year,2015,FALSE,Residence Area Type,Total,RESIDENCEAREATYPE_TOTL,73.3,73,EN,2023-07-09T17:00:00.000Z
AFR,Africa,Country,MLI,Mali,Year,2014,FALSE,Residence Area Type,Total,RESIDENCEAREATYPE_TOTL,71.78,72,EN,2023-07-09T17:00:00.000Z
AFR,Africa,Country,MLI,Mali,Year,2013,FALSE,Residence Area Type,Total,RESIDENCEAREATYPE_TOTL,70.26,70,EN,2023-07-09T17:00:00.000Z
AFR,Africa,Country,MLI,Mali,Year,2012,FALSE,Residence Area Type,Total,RESIDENCEAREATYPE_TOTL,68.72,69,EN,2023-07-09T17:00:00.000Z
AFR,Africa,Country,MLI,Mali,Year,2011,FALSE,Residence Area Type,Total,RESIDENCEAREATYPE_TOTL,67.17,67,EN,2023-07-09T17:00:00.000Z
AFR,Africa,Country,MLI,Mali,Year,2010,FALSE,Residence Area Type,Total,RESIDENCEAREATYPE_TOTL,65.62,66,EN,2023-07-09T17:00:00.000Z
AFR,Africa,Country,MLI,Mali,Year,2009,FALSE,Residence Area Type,Total,RESIDENCEAREATYPE_TOTL,64.06,64,EN,2023-07-09T17:00:00.000Z
AFR,Africa,Country,MLI,Mali,Year,2008,FALSE,Residence Area Type,Total,RESIDENCEAREATYPE_TOTL,62.49,62,EN,2023-07-09T17:00:00.000Z
AFR,Africa,Country,MLI,Mali,Year,2007,FALSE,Residence Area Type,Total,RESIDENCEAREATYPE_TOTL,60.91,61,EN,2023-07-09T17:00:00.000Z
AFR,Africa,Country,MLI,Mali,Year,2006,FALSE,Residence Area Type,Total,RESIDENCEAREATYPE_TOTL,59.33,59,EN,2023-07-09T17:00:00.000Z
AFR,Africa,Country,MLI,Mali,Year,2005,FALSE,Residence Area Type,Total,RESIDENCEAREATYPE_TOTL,57.75,58,EN,2023-07-09T17:00:00.000Z
AFR,Africa,Country,MLI,Mali,Year,2004,FALSE,Residence Area Type,Total,RESIDENCEAREATYPE_TOTL,56.16,56,EN,2023-07-09T17:00:00.000Z
AFR,Africa,Country,MLI,Mali,Year,2003,FALSE,Residence Area Type,Total,RESIDENCEAREATYPE_TOTL,54.58,55,EN,2023-07-09T17:00:00.000Z
AFR,Africa,Country,MLI,Mali,Year,2002,FALSE,Residence Area Type,Total,RESIDENCEAREATYPE_TOTL,52.99,53,EN,2023-07-09T17:00:00.000Z
AFR,Africa,Country,MLI,Mali,Year,2001,FALSE,Residence Area Type,Total,RESIDENCEAREATYPE_TOTL,51.39,51,EN,2023-07-09T17:00:00.000Z
AFR,Africa,Country,MLI,Mali,Year,2000,FALSE,Residence Area Type,Total,RESIDENCEAREATYPE_TOTL,49.87,50,EN,2023-07-09T17:00:00.000Z
EUR,Europe,Country,MLT,Malta,Year,2022,TRUE,Residence Area Type,Total,RESIDENCEAREATYPE_TOTL,100,100,EN,2023-07-09T17:00:00.000Z
EUR,Europe,Country,MLT,Malta,Year,2021,FALSE,Residence Area Type,Total,RESIDENCEAREATYPE_TOTL,100,100,EN,2023-07-09T17:00:00.000Z
EUR,Europe,Country,MLT,Malta,Year,2020,FALSE,Residence Area Type,Total,RESIDENCEAREATYPE_TOTL,100,100,EN,2023-07-09T17:00:00.000Z
EUR,Europe,Country,MLT,Malta,Year,2019,FALSE,Residence Area Type,Total,RESIDENCEAREATYPE_TOTL,100,100,EN,2023-07-09T17:00:00.000Z
EUR,Europe,Country,MLT,Malta,Year,2018,FALSE,Residence Area Type,Total,RESIDENCEAREATYPE_TOTL,100,100,EN,2023-07-09T17:00:00.000Z
EUR,Europe,Country,MLT,Malta,Year,2017,FALSE,Residence Area Type,Total,RESIDENCEAREATYPE_TOTL,100,100,EN,2023-07-09T17:00:00.000Z
EUR,Europe,Country,MLT,Malta,Year,2016,FALSE,Residence Area Type,Total,RESIDENCEAREATYPE_TOTL,100,100,EN,2023-07-09T17:00:00.000Z
EUR,Europe,Country,MLT,Malta,Year,2015,FALSE,Residence Area Type,Total,RESIDENCEAREATYPE_TOTL,100,100,EN,2023-07-09T17:00:00.000Z
EUR,Europe,Country,MLT,Malta,Year,2014,FALSE,Residence Area Type,Total,RESIDENCEAREATYPE_TOTL,100,100,EN,2023-07-09T17:00:00.000Z
EUR,Europe,Country,MLT,Malta,Year,2013,FALSE,Residence Area Type,Total,RESIDENCEAREATYPE_TOTL,100,100,EN,2023-07-09T17:00:00.000Z
EUR,Europe,Country,MLT,Malta,Year,2012,FALSE,Residence Area Type,Total,RESIDENCEAREATYPE_TOTL,100,100,EN,2023-07-09T17:00:00.000Z
EUR,Europe,Country,MLT,Malta,Year,2011,FALSE,Residence Area Type,Total,RESIDENCEAREATYPE_TOTL,100,100,EN,2023-07-09T17:00:00.000Z
EUR,Europe,Country,MLT,Malta,Year,2010,FALSE,Residence Area Type,Total,RESIDENCEAREATYPE_TOTL,100,100,EN,2023-07-09T17:00:00.000Z
EUR,Europe,Country,MLT,Malta,Year,2009,FALSE,Residence Area Type,Total,RESIDENCEAREATYPE_TOTL,100,100,EN,2023-07-09T17:00:00.000Z
EUR,Europe,Country,MLT,Malta,Year,2008,FALSE,Residence Area Type,Total,RESIDENCEAREATYPE_TOTL,100,100,EN,2023-07-09T17:00:00.000Z
EUR,Europe,Country,MLT,Malta,Year,2007,FALSE,Residence Area Type,Total,RESIDENCEAREATYPE_TOTL,100,100,EN,2023-07-09T17:00:00.000Z
EUR,Europe,Country,MLT,Malta,Year,2006,FALSE,Residence Area Type,Total,RESIDENCEAREATYPE_TOTL,100,100,EN,2023-07-09T17:00:00.000Z
EUR,Europe,Country,MLT,Malta,Year,2005,FALSE,Residence Area Type,Total,RESIDENCEAREATYPE_TOTL,100,100,EN,2023-07-09T17:00:00.000Z
EUR,Europe,Country,MLT,Malta,Year,2004,FALSE,Residence Area Type,Total,RESIDENCEAREATYPE_TOTL,100,100,EN,2023-07-09T17:00:00.000Z
EUR,Europe,Country,MLT,Malta,Year,2003,FALSE,Residence Area Type,Total,RESIDENCEAREATYPE_TOTL,100,100,EN,2023-07-09T17:00:00.000Z
EUR,Europe,Country,MLT,Malta,Year,2002,FALSE,Residence Area Type,Total,RESIDENCEAREATYPE_TOTL,100,100,EN,2023-07-09T17:00:00.000Z
EUR,Europe,Country,MLT,Malta,Year,2001,FALSE,Residence Area Type,Total,RESIDENCEAREATYPE_TOTL,100,100,EN,2023-07-09T17:00:00.000Z
EUR,Europe,Country,MLT,Malta,Year,2000,FALSE,Residence Area Type,Total,RESIDENCEAREATYPE_TOTL,100,100,EN,2023-07-09T17:00:00.000Z
WPR,Western Pacific,Country,MHL,Marshall Islands,Year,2022,TRUE,Residence Area Type,Total,RESIDENCEAREATYPE_TOTL,85.06,85,EN,2023-07-09T17:00:00.000Z
WPR,Western Pacific,Country,MHL,Marshall Islands,Year,2021,FALSE,Residence Area Type,Total,RESIDENCEAREATYPE_TOTL,85.28,85,EN,2023-07-09T17:00:00.000Z
WPR,Western Pacific,Country,MHL,Marshall Islands,Year,2020,FALSE,Residence Area Type,Total,RESIDENCEAREATYPE_TOTL,85.49,85,EN,2023-07-09T17:00:00.000Z
WPR,Western Pacific,Country,MHL,Marshall Islands,Year,2019,FALSE,Residence Area Type,Total,RESIDENCEAREATYPE_TOTL,85.72,86,EN,2023-07-09T17:00:00.000Z
WPR,Western Pacific,Country,MHL,Marshall Islands,Year,2018,FALSE,Residence Area Type,Total,RESIDENCEAREATYPE_TOTL,85.94,86,EN,2023-07-09T17:00:00.000Z
WPR,Western Pacific,Country,MHL,Marshall Islands,Year,2017,FALSE,Residence Area Type,Total,RESIDENCEAREATYPE_TOTL,86.17,86,EN,2023-07-09T17:00:00.000Z
WPR,Western Pacific,Country,MHL,Marshall Islands,Year,2016,FALSE,Residence Area Type,Total,RESIDENCEAREATYPE_TOTL,86.4,86,EN,2023-07-09T17:00:00.000Z
WPR,Western Pacific,Country,MHL,Marshall Islands,Year,2015,FALSE,Residence Area Type,Total,RESIDENCEAREATYPE_TOTL,86.64,87,EN,2023-07-09T17:00:00.000Z
WPR,Western Pacific,Country,MHL,Marshall Islands,Year,2014,FALSE,Residence Area Type,Total,RESIDENCEAREATYPE_TOTL,86.88,87,EN,2023-07-09T17:00:00.000Z
WPR,Western Pacific,Country,MHL,Marshall Islands,Year,2013,FALSE,Residence Area Type,Total,RESIDENCEAREATYPE_TOTL,87.13,87,EN,2023-07-09T17:00:00.000Z
WPR,Western Pacific,Country,MHL,Marshall Islands,Year,2012,FALSE,Residence Area Type,Total,RESIDENCEAREATYPE_TOTL,87.38,87,EN,2023-07-09T17:00:00.000Z
WPR,Western Pacific,Country,MHL,Marshall Islands,Year,2011,FALSE,Residence Area Type,Total,RESIDENCEAREATYPE_TOTL,87.63,88,EN,2023-07-09T17:00:00.000Z
WPR,Western Pacific,Country,MHL,Marshall Islands,Year,2010,FALSE,Residence Area Type,Total,RESIDENCEAREATYPE_TOTL,87.89,88,EN,2023-07-09T17:00:00.000Z
WPR,Western Pacific,Country,MHL,Marshall Islands,Year,2009,FALSE,Residence Area Type,Total,RESIDENCEAREATYPE_TOTL,88.16,88,EN,2023-07-09T17:00:00.000Z
WPR,Western Pacific,Country,MHL,Marshall Islands,Year,2008,FALSE,Residence Area Type,Total,RESIDENCEAREATYPE_TOTL,88.32,88,EN,2023-07-09T17:00:00.000Z
WPR,Western Pacific,Country,MHL,Marshall Islands,Year,2007,FALSE,Residence Area Type,Total,RESIDENCEAREATYPE_TOTL,88.44,88,EN,2023-07-09T17:00:00.000Z
WPR,Western Pacific,Country,MHL,Marshall Islands,Year,2006,FALSE,Residence Area Type,Total,RESIDENCEAREATYPE_TOTL,88.56,89,EN,2023-07-09T17:00:00.000Z
WPR,Western Pacific,Country,MHL,Marshall Islands,Year,2005,FALSE,Residence Area Type,Total,RESIDENCEAREATYPE_TOTL,88.68,89,EN,2023-07-09T17:00:00.000Z
WPR,Western Pacific,Country,MHL,Marshall Islands,Year,2004,FALSE,Residence Area Type,Total,RESIDENCEAREATYPE_TOTL,88.72,89,EN,2023-07-09T17:00:00.000Z
WPR,Western Pacific,Country,MHL,Marshall Islands,Year,2003,FALSE,Residence Area Type,Total,RESIDENCEAREATYPE_TOTL,88.76,89,EN,2023-07-09T17:00:00.000Z
WPR,Western Pacific,Country,MHL,Marshall Islands,Year,2002,FALSE,Residence Area Type,Total,RESIDENCEAREATYPE_TOTL,88.8,89,EN,2023-07-09T17:00:00.000Z
WPR,Western Pacific,Country,MHL,Marshall Islands,Year,2001,FALSE,Residence Area Type,Total,RESIDENCEAREATYPE_TOTL,88.85,89,EN,2023-07-09T17:00:00.000Z
AFR,Africa,Country,MRT,Mauritania,Year,2022,TRUE,Residence Area Type,Total,RESIDENCEAREATYPE_TOTL,77.81,78,EN,2023-07-09T17:00:00.000Z
AFR,Africa,Country,MRT,Mauritania,Year,2021,FALSE,Residence Area Type,Total,RESIDENCEAREATYPE_TOTL,76.05,76,EN,2023-07-09T17:00:00.000Z
AFR,Africa,Country,MRT,Mauritania,Year,2020,FALSE,Residence Area Type,Total,RESIDENCEAREATYPE_TOTL,74.3,74,EN,2023-07-09T17:00:00.000Z
AFR,Africa,Country,MRT,Mauritania,Year,2019,FALSE,Residence Area Type,Total,RESIDENCEAREATYPE_TOTL,72.54,73,EN,2023-07-09T17:00:00.000Z
AFR,Africa,Country,MRT,Mauritania,Year,2018,FALSE,Residence Area Type,Total,RESIDENCEAREATYPE_TOTL,70.8,71,EN,2023-07-09T17:00:00.000Z
AFR,Africa,Country,MRT,Mauritania,Year,2017,FALSE,Residence Area Type,Total,RESIDENCEAREATYPE_TOTL,69.05,69,EN,2023-07-09T17:00:00.000Z
AFR,Africa,Country,MRT,Mauritania,Year,2016,FALSE,Residence Area Type,Total,RESIDENCEAREATYPE_TOTL,67.31,67,EN,2023-07-09T17:00:00.000Z
AFR,Africa,Country,MRT,Mauritania,Year,2015,FALSE,Residence Area Type,Total,RESIDENCEAREATYPE_TOTL,65.58,66,EN,2023-07-09T17:00:00.000Z
AFR,Africa,Country,MRT,Mauritania,Year,2014,FALSE,Residence Area Type,Total,RESIDENCEAREATYPE_TOTL,63.85,64,EN,2023-07-09T17:00:00.000Z
AFR,Africa,Country,MRT,Mauritania,Year,2013,FALSE,Residence Area Type,Total,RESIDENCEAREATYPE_TOTL,62.13,62,EN,2023-07-09T17:00:00.000Z
AFR,Africa,Country,MRT,Mauritania,Year,2012,FALSE,Residence Area Type,Total,RESIDENCEAREATYPE_TOTL,60.41,60,EN,2023-07-09T17:00:00.000Z
AFR,Africa,Country,MRT,Mauritania,Year,2011,FALSE,Residence Area Type,Total,RESIDENCEAREATYPE_TOTL,58.71,59,EN,2023-07-09T17:00:00.000Z
AFR,Africa,Country,MRT,Mauritania,Year,2010,FALSE,Residence Area Type,Total,RESIDENCEAREATYPE_TOTL,57.02,57,EN,2023-07-09T17:00:00.000Z
AFR,Africa,Country,MRT,Mauritania,Year,2009,FALSE,Residence Area Type,Total,RESIDENCEAREATYPE_TOTL,55.34,55,EN,2023-07-09T17:00:00.000Z
AFR,Africa,Country,MRT,Mauritania,Year,2008,FALSE,Residence Area Type,Total,RESIDENCEAREATYPE_TOTL,53.68,54,EN,2023-07-09T17:00:00.000Z
AFR,Africa,Country,MRT,Mauritania,Year,2007,FALSE,Residence Area Type,Total,RESIDENCEAREATYPE_TOTL,52.03,52,EN,2023-07-09T17:00:00.000Z
AFR,Africa,Country,MRT,Mauritania,Year,2006,FALSE,Residence Area Type,Total,RESIDENCEAREATYPE_TOTL,50.4,50,EN,2023-07-09T17:00:00.000Z
AFR,Africa,Country,MRT,Mauritania,Year,2005,FALSE,Residence Area Type,Total,RESIDENCEAREATYPE_TOTL,48.78,49,EN,2023-07-09T17:00:00.000Z
AFR,Africa,Country,MRT,Mauritania,Year,2004,FALSE,Residence Area Type,Total,RESIDENCEAREATYPE_TOTL,47.18,47,EN,2023-07-09T17:00:00.000Z
AFR,Africa,Country,MRT,Mauritania,Year,2003,FALSE,Residence Area Type,Total,RESIDENCEAREATYPE_TOTL,45.6,46,EN,2023-07-09T17:00:00.000Z
AFR,Africa,Country,MRT,Mauritania,Year,2002,FALSE,Residence Area Type,Total,RESIDENCEAREATYPE_TOTL,44.04,44,EN,2023-07-09T17:00:00.000Z
AFR,Africa,Country,MRT,Mauritania,Year,2001,FALSE,Residence Area Type,Total,RESIDENCEAREATYPE_TOTL,42.49,42,EN,2023-07-09T17:00:00.000Z
AFR,Africa,Country,MRT,Mauritania,Year,2000,FALSE,Residence Area Type,Total,RESIDENCEAREATYPE_TOTL,41.67,42,EN,2023-07-09T17:00:00.000Z
AFR,Africa,Country,MUS,Mauritius,Year,2022,TRUE,Residence Area Type,Total,RESIDENCEAREATYPE_TOTL,100,100,EN,2023-07-09T17:00:00.000Z
AFR,Africa,Country,MUS,Mauritius,Year,2021,FALSE,Residence Area Type,Total,RESIDENCEAREATYPE_TOTL,100,100,EN,2023-07-09T17:00:00.000Z
AFR,Africa,Country,MUS,Mauritius,Year,2020,FALSE,Residence Area Type,Total,RESIDENCEAREATYPE_TOTL,100,100,EN,2023-07-09T17:00:00.000Z
AFR,Africa,Country,MUS,Mauritius,Year,2019,FALSE,Residence Area Type,Total,RESIDENCEAREATYPE_TOTL,99.96,100,EN,2023-07-09T17:00:00.000Z
AFR,Africa,Country,MUS,Mauritius,Year,2018,FALSE,Residence Area Type,Total,RESIDENCEAREATYPE_TOTL,99.93,100,EN,2023-07-09T17:00:00.000Z
AFR,Africa,Country,MUS,Mauritius,Year,2017,FALSE,Residence Area Type,Total,RESIDENCEAREATYPE_TOTL,99.89,100,EN,2023-07-09T17:00:00.000Z
AFR,Africa,Country,MUS,Mauritius,Year,2016,FALSE,Residence Area Type,Total,RESIDENCEAREATYPE_TOTL,99.86,100,EN,2023-07-09T17:00:00.000Z
AFR,Africa,Country,MUS,Mauritius,Year,2015,FALSE,Residence Area Type,Total,RESIDENCEAREATYPE_TOTL,99.82,100,EN,2023-07-09T17:00:00.000Z
AFR,Africa,Country,MUS,Mauritius,Year,2014,FALSE,Residence Area Type,Total,RESIDENCEAREATYPE_TOTL,99.79,100,EN,2023-07-09T17:00:00.000Z
AFR,Africa,Country,MUS,Mauritius,Year,2013,FALSE,Residence Area Type,Total,RESIDENCEAREATYPE_TOTL,99.75,100,EN,2023-07-09T17:00:00.000Z
AFR,Africa,Country,MUS,Mauritius,Year,2012,FALSE,Residence Area Type,Total,RESIDENCEAREATYPE_TOTL,99.72,100,EN,2023-07-09T17:00:00.000Z
AFR,Africa,Country,MUS,Mauritius,Year,2011,FALSE,Residence Area Type,Total,RESIDENCEAREATYPE_TOTL,99.69,100,EN,2023-07-09T17:00:00.000Z
AFR,Africa,Country,MUS,Mauritius,Year,2010,FALSE,Residence Area Type,Total,RESIDENCEAREATYPE_TOTL,99.65,100,EN,2023-07-09T17:00:00.000Z
AFR,Africa,Country,MUS,Mauritius,Year,2009,FALSE,Residence Area Type,Total,RESIDENCEAREATYPE_TOTL,99.62,100,EN,2023-07-09T17:00:00.000Z
AFR,Africa,Country,MUS,Mauritius,Year,2008,FALSE,Residence Area Type,Total,RESIDENCEAREATYPE_TOTL,99.58,100,EN,2023-07-09T17:00:00.000Z
AFR,Africa,Country,MUS,Mauritius,Year,2007,FALSE,Residence Area Type,Total,RESIDENCEAREATYPE_TOTL,99.55,100,EN,2023-07-09T17:00:00.000Z
AFR,Africa,Country,MUS,Mauritius,Year,2006,FALSE,Residence Area Type,Total,RESIDENCEAREATYPE_TOTL,99.52,100,EN,2023-07-09T17:00:00.000Z
AFR,Africa,Country,MUS,Mauritius,Year,2005,FALSE,Residence Area Type,Total,RESIDENCEAREATYPE_TOTL,99.48,99,EN,2023-07-09T17:00:00.000Z
AFR,Africa,Country,MUS,Mauritius,Year,2004,FALSE,Residence Area Type,Total,RESIDENCEAREATYPE_TOTL,99.45,99,EN,2023-07-09T17:00:00.000Z
AFR,Africa,Country,MUS,Mauritius,Year,2003,FALSE,Residence Area Type,Total,RESIDENCEAREATYPE_TOTL,99.42,99,EN,2023-07-09T17:00:00.000Z
AFR,Africa,Country,MUS,Mauritius,Year,2002,FALSE,Residence Area Type,Total,RESIDENCEAREATYPE_TOTL,99.38,99,EN,2023-07-09T17:00:00.000Z
AFR,Africa,Country,MUS,Mauritius,Year,2001,FALSE,Residence Area Type,Total,RESIDENCEAREATYPE_TOTL,99.35,99,EN,2023-07-09T17:00:00.000Z
AFR,Africa,Country,MUS,Mauritius,Year,2000,FALSE,Residence Area Type,Total,RESIDENCEAREATYPE_TOTL,99.32,99,EN,2023-07-09T17:00:00.000Z
AMR,Americas,Country,MEX,Mexico,Year,2022,TRUE,Residence Area Type,Total,RESIDENCEAREATYPE_TOTL,99.71,100,EN,2023-07-09T17:00:00.000Z
AMR,Americas,Country,MEX,Mexico,Year,2021,FALSE,Residence Area Type,Total,RESIDENCEAREATYPE_TOTL,99.54,100,EN,2023-07-09T17:00:00.000Z
AMR,Americas,Country,MEX,Mexico,Year,2020,FALSE,Residence Area Type,Total,RESIDENCEAREATYPE_TOTL,99.37,99,EN,2023-07-09T17:00:00.000Z
AMR,Americas,Country,MEX,Mexico,Year,2019,FALSE,Residence Area Type,Total,RESIDENCEAREATYPE_TOTL,99.12,99,EN,2023-07-09T17:00:00.000Z
AMR,Americas,Country,MEX,Mexico,Year,2018,FALSE,Residence Area Type,Total,RESIDENCEAREATYPE_TOTL,98.76,99,EN,2023-07-09T17:00:00.000Z
AMR,Americas,Country,MEX,Mexico,Year,2017,FALSE,Residence Area Type,Total,RESIDENCEAREATYPE_TOTL,98.4,98,EN,2023-07-09T17:00:00.000Z
AMR,Americas,Country,MEX,Mexico,Year,2016,FALSE,Residence Area Type,Total,RESIDENCEAREATYPE_TOTL,98.04,98,EN,2023-07-09T17:00:00.000Z
AMR,Americas,Country,MEX,Mexico,Year,2015,FALSE,Residence Area Type,Total,RESIDENCEAREATYPE_TOTL,97.68,98,EN,2023-07-09T17:00:00.000Z
AMR,Americas,Country,MEX,Mexico,Year,2014,FALSE,Residence Area Type,Total,RESIDENCEAREATYPE_TOTL,97.31,97,EN,2023-07-09T17:00:00.000Z
AMR,Americas,Country,MEX,Mexico,Year,2013,FALSE,Residence Area Type,Total,RESIDENCEAREATYPE_TOTL,96.94,97,EN,2023-07-09T17:00:00.000Z
AMR,Americas,Country,MEX,Mexico,Year,2012,FALSE,Residence Area Type,Total,RESIDENCEAREATYPE_TOTL,96.56,97,EN,2023-07-09T17:00:00.000Z
AMR,Americas,Country,MEX,Mexico,Year,2011,FALSE,Residence Area Type,Total,RESIDENCEAREATYPE_TOTL,96.18,96,EN,2023-07-09T17:00:00.000Z
AMR,Americas,Country,MEX,Mexico,Year,2010,FALSE,Residence Area Type,Total,RESIDENCEAREATYPE_TOTL,95.8,96,EN,2023-07-09T17:00:00.000Z
AMR,Americas,Country,MEX,Mexico,Year,2009,FALSE,Residence Area Type,Total,RESIDENCEAREATYPE_TOTL,95.41,95,EN,2023-07-09T17:00:00.000Z
AMR,Americas,Country,MEX,Mexico,Year,2008,FALSE,Residence Area Type,Total,RESIDENCEAREATYPE_TOTL,95.02,95,EN,2023-07-09T17:00:00.000Z
AMR,Americas,Country,MEX,Mexico,Year,2007,FALSE,Residence Area Type,Total,RESIDENCEAREATYPE_TOTL,94.5,94,EN,2023-07-09T17:00:00.000Z
AMR,Americas,Country,MEX,Mexico,Year,2006,FALSE,Residence Area Type,Total,RESIDENCEAREATYPE_TOTL,93.95,94,EN,2023-07-09T17:00:00.000Z
AMR,Americas,Country,MEX,Mexico,Year,2005,FALSE,Residence Area Type,Total,RESIDENCEAREATYPE_TOTL,93.41,93,EN,2023-07-09T17:00:00.000Z
AMR,Americas,Country,MEX,Mexico,Year,2004,FALSE,Residence Area Type,Total,RESIDENCEAREATYPE_TOTL,92.86,93,EN,2023-07-09T17:00:00.000Z
AMR,Americas,Country,MEX,Mexico,Year,2003,FALSE,Residence Area Type,Total,RESIDENCEAREATYPE_TOTL,92.3,92,EN,2023-07-09T17:00:00.000Z
AMR,Americas,Country,MEX,Mexico,Year,2002,FALSE,Residence Area Type,Total,RESIDENCEAREATYPE_TOTL,91.74,92,EN,2023-07-09T17:00:00.000Z
AMR,Americas,Country,MEX,Mexico,Year,2001,FALSE,Residence Area Type,Total,RESIDENCEAREATYPE_TOTL,91.17,91,EN,2023-07-09T17:00:00.000Z
AMR,Americas,Country,MEX,Mexico,Year,2000,FALSE,Residence Area Type,Total,RESIDENCEAREATYPE_TOTL,90.6,91,EN,2023-07-09T17:00:00.000Z
WPR,Western Pacific,Country,FSM,Micronesia (Federated States of),Year,2020,TRUE,Residence Area Type,Total,RESIDENCEAREATYPE_TOTL,90.11,90,EN,2023-07-09T17:00:00.000Z
WPR,Western Pacific,Country,FSM,Micronesia (Federated States of),Year,2019,FALSE,Residence Area Type,Total,RESIDENCEAREATYPE_TOTL,90.11,90,EN,2023-07-09T17:00:00.000Z
WPR,Western Pacific,Country,FSM,Micronesia (Federated States of),Year,2018,FALSE,Residence Area Type,Total,RESIDENCEAREATYPE_TOTL,90.11,90,EN,2023-07-09T17:00:00.000Z
WPR,Western Pacific,Country,FSM,Micronesia (Federated States of),Year,2017,FALSE,Residence Area Type,Total,RESIDENCEAREATYPE_TOTL,90.11,90,EN,2023-07-09T17:00:00.000Z
WPR,Western Pacific,Country,FSM,Micronesia (Federated States of),Year,2016,FALSE,Residence Area Type,Total,RESIDENCEAREATYPE_TOTL,90.11,90,EN,2023-07-09T17:00:00.000Z
WPR,Western Pacific,Country,FSM,Micronesia (Federated States of),Year,2015,FALSE,Residence Area Type,Total,RESIDENCEAREATYPE_TOTL,90.18,90,EN,2023-07-09T17:00:00.000Z
WPR,Western Pacific,Country,FSM,Micronesia (Federated States of),Year,2014,FALSE,Residence Area Type,Total,RESIDENCEAREATYPE_TOTL,90.24,90,EN,2023-07-09T17:00:00.000Z
WPR,Western Pacific,Country,FSM,Micronesia (Federated States of),Year,2013,FALSE,Residence Area Type,Total,RESIDENCEAREATYPE_TOTL,90.3,90,EN,2023-07-09T17:00:00.000Z
WPR,Western Pacific,Country,FSM,Micronesia (Federated States of),Year,2012,FALSE,Residence Area Type,Total,RESIDENCEAREATYPE_TOTL,90.36,90,EN,2023-07-09T17:00:00.000Z
WPR,Western Pacific,Country,FSM,Micronesia (Federated States of),Year,2011,FALSE,Residence Area Type,Total,RESIDENCEAREATYPE_TOTL,90.42,90,EN,2023-07-09T17:00:00.000Z
WPR,Western Pacific,Country,FSM,Micronesia (Federated States of),Year,2010,FALSE,Residence Area Type,Total,RESIDENCEAREATYPE_TOTL,90.48,90,EN,2023-07-09T17:00:00.000Z
WPR,Western Pacific,Country,FSM,Micronesia (Federated States of),Year,2009,FALSE,Residence Area Type,Total,RESIDENCEAREATYPE_TOTL,90.54,91,EN,2023-07-09T17:00:00.000Z
WPR,Western Pacific,Country,FSM,Micronesia (Federated States of),Year,2008,FALSE,Residence Area Type,Total,RESIDENCEAREATYPE_TOTL,90.6,91,EN,2023-07-09T17:00:00.000Z
WPR,Western Pacific,Country,FSM,Micronesia (Federated States of),Year,2007,FALSE,Residence Area Type,Total,RESIDENCEAREATYPE_TOTL,90.66,91,EN,2023-07-09T17:00:00.000Z
WPR,Western Pacific,Country,FSM,Micronesia (Federated States of),Year,2006,FALSE,Residence Area Type,Total,RESIDENCEAREATYPE_TOTL,90.72,91,EN,2023-07-09T17:00:00.000Z
WPR,Western Pacific,Country,FSM,Micronesia (Federated States of),Year,2005,FALSE,Residence Area Type,Total,RESIDENCEAREATYPE_TOTL,90.78,91,EN,2023-07-09T17:00:00.000Z
WPR,Western Pacific,Country,FSM,Micronesia (Federated States of),Year,2004,FALSE,Residence Area Type,Total,RESIDENCEAREATYPE_TOTL,90.85,91,EN,2023-07-09T17:00:00.000Z
WPR,Western Pacific,Country,FSM,Micronesia (Federated States of),Year,2003,FALSE,Residence Area Type,Total,RESIDENCEAREATYPE_TOTL,90.91,91,EN,2023-07-09T17:00:00.000Z
WPR,Western Pacific,Country,FSM,Micronesia (Federated States of),Year,2002,FALSE,Residence Area Type,Total,RESIDENCEAREATYPE_TOTL,90.97,91,EN,2023-07-09T17:00:00.000Z
WPR,Western Pacific,Country,FSM,Micronesia (Federated States of),Year,2001,FALSE,Residence Area Type,Total,RESIDENCEAREATYPE_TOTL,91.03,91,EN,2023-07-09T17:00:00.000Z
WPR,Western Pacific,Country,FSM,Micronesia (Federated States of),Year,2000,FALSE,Residence Area Type,Total,RESIDENCEAREATYPE_TOTL,91.09,91,EN,2023-07-09T17:00:00.000Z
EUR,Europe,Country,MCO,Monaco,Year,2022,TRUE,Residence Area Type,Total,RESIDENCEAREATYPE_TOTL,100,100,EN,2023-07-09T17:00:00.000Z
EUR,Europe,Country,MCO,Monaco,Year,2021,FALSE,Residence Area Type,Total,RESIDENCEAREATYPE_TOTL,100,100,EN,2023-07-09T17:00:00.000Z
EUR,Europe,Country,MCO,Monaco,Year,2020,FALSE,Residence Area Type,Total,RESIDENCEAREATYPE_TOTL,100,100,EN,2023-07-09T17:00:00.000Z
EUR,Europe,Country,MCO,Monaco,Year,2019,FALSE,Residence Area Type,Total,RESIDENCEAREATYPE_TOTL,100,100,EN,2023-07-09T17:00:00.000Z
EUR,Europe,Country,MCO,Monaco,Year,2018,FALSE,Residence Area Type,Total,RESIDENCEAREATYPE_TOTL,100,100,EN,2023-07-09T17:00:00.000Z
EUR,Europe,Country,MCO,Monaco,Year,2017,FALSE,Residence Area Type,Total,RESIDENCEAREATYPE_TOTL,100,100,EN,2023-07-09T17:00:00.000Z
EUR,Europe,Country,MCO,Monaco,Year,2016,FALSE,Residence Area Type,Total,RESIDENCEAREATYPE_TOTL,100,100,EN,2023-07-09T17:00:00.000Z
EUR,Europe,Country,MCO,Monaco,Year,2015,FALSE,Residence Area Type,Total,RESIDENCEAREATYPE_TOTL,100,100,EN,2023-07-09T17:00:00.000Z
EUR,Europe,Country,MCO,Monaco,Year,2014,FALSE,Residence Area Type,Total,RESIDENCEAREATYPE_TOTL,100,100,EN,2023-07-09T17:00:00.000Z
EUR,Europe,Country,MCO,Monaco,Year,2013,FALSE,Residence Area Type,Total,RESIDENCEAREATYPE_TOTL,100,100,EN,2023-07-09T17:00:00.000Z
EUR,Europe,Country,MCO,Monaco,Year,2012,FALSE,Residence Area Type,Total,RESIDENCEAREATYPE_TOTL,100,100,EN,2023-07-09T17:00:00.000Z
EUR,Europe,Country,MCO,Monaco,Year,2011,FALSE,Residence Area Type,Total,RESIDENCEAREATYPE_TOTL,100,100,EN,2023-07-09T17:00:00.000Z
EUR,Europe,Country,MCO,Monaco,Year,2010,FALSE,Residence Area Type,Total,RESIDENCEAREATYPE_TOTL,100,100,EN,2023-07-09T17:00:00.000Z
EUR,Europe,Country,MCO,Monaco,Year,2009,FALSE,Residence Area Type,Total,RESIDENCEAREATYPE_TOTL,100,100,EN,2023-07-09T17:00:00.000Z
EUR,Europe,Country,MCO,Monaco,Year,2008,FALSE,Residence Area Type,Total,RESIDENCEAREATYPE_TOTL,100,100,EN,2023-07-09T17:00:00.000Z
EUR,Europe,Country,MCO,Monaco,Year,2007,FALSE,Residence Area Type,Total,RESIDENCEAREATYPE_TOTL,100,100,EN,2023-07-09T17:00:00.000Z
EUR,Europe,Country,MCO,Monaco,Year,2006,FALSE,Residence Area Type,Total,RESIDENCEAREATYPE_TOTL,100,100,EN,2023-07-09T17:00:00.000Z
EUR,Europe,Country,MCO,Monaco,Year,2005,FALSE,Residence Area Type,Total,RESIDENCEAREATYPE_TOTL,100,100,EN,2023-07-09T17:00:00.000Z
EUR,Europe,Country,MCO,Monaco,Year,2004,FALSE,Residence Area Type,Total,RESIDENCEAREATYPE_TOTL,100,100,EN,2023-07-09T17:00:00.000Z
EUR,Europe,Country,MCO,Monaco,Year,2003,FALSE,Residence Area Type,Total,RESIDENCEAREATYPE_TOTL,100,100,EN,2023-07-09T17:00:00.000Z
EUR,Europe,Country,MCO,Monaco,Year,2002,FALSE,Residence Area Type,Total,RESIDENCEAREATYPE_TOTL,100,100,EN,2023-07-09T17:00:00.000Z
EUR,Europe,Country,MCO,Monaco,Year,2001,FALSE,Residence Area Type,Total,RESIDENCEAREATYPE_TOTL,100,100,EN,2023-07-09T17:00:00.000Z
EUR,Europe,Country,MCO,Monaco,Year,2000,FALSE,Residence Area Type,Total,RESIDENCEAREATYPE_TOTL,100,100,EN,2023-07-09T17:00:00.000Z
WPR,Western Pacific,Country,MNG,Mongolia,Year,2022,TRUE,Residence Area Type,Total,RESIDENCEAREATYPE_TOTL,83.51,84,EN,2023-07-09T17:00:00.000Z
WPR,Western Pacific,Country,MNG,Mongolia,Year,2021,FALSE,Residence Area Type,Total,RESIDENCEAREATYPE_TOTL,82.82,83,EN,2023-07-09T17:00:00.000Z
WPR,Western Pacific,Country,MNG,Mongolia,Year,2020,FALSE,Residence Area Type,Total,RESIDENCEAREATYPE_TOTL,82.12,82,EN,2023-07-09T17:00:00.000Z
WPR,Western Pacific,Country,MNG,Mongolia,Year,2019,FALSE,Residence Area Type,Total,RESIDENCEAREATYPE_TOTL,81.44,81,EN,2023-07-09T17:00:00.000Z
WPR,Western Pacific,Country,MNG,Mongolia,Year,2018,FALSE,Residence Area Type,Total,RESIDENCEAREATYPE_TOTL,80.75,81,EN,2023-07-09T17:00:00.000Z
WPR,Western Pacific,Country,MNG,Mongolia,Year,2017,FALSE,Residence Area Type,Total,RESIDENCEAREATYPE_TOTL,80.07,80,EN,2023-07-09T17:00:00.000Z
WPR,Western Pacific,Country,MNG,Mongolia,Year,2016,FALSE,Residence Area Type,Total,RESIDENCEAREATYPE_TOTL,79.4,79,EN,2023-07-09T17:00:00.000Z
WPR,Western Pacific,Country,MNG,Mongolia,Year,2015,FALSE,Residence Area Type,Total,RESIDENCEAREATYPE_TOTL,78.72,79,EN,2023-07-09T17:00:00.000Z
WPR,Western Pacific,Country,MNG,Mongolia,Year,2014,FALSE,Residence Area Type,Total,RESIDENCEAREATYPE_TOTL,78.05,78,EN,2023-07-09T17:00:00.000Z
WPR,Western Pacific,Country,MNG,Mongolia,Year,2013,FALSE,Residence Area Type,Total,RESIDENCEAREATYPE_TOTL,77.37,77,EN,2023-07-09T17:00:00.000Z
WPR,Western Pacific,Country,MNG,Mongolia,Year,2012,FALSE,Residence Area Type,Total,RESIDENCEAREATYPE_TOTL,76.7,77,EN,2023-07-09T17:00:00.000Z
WPR,Western Pacific,Country,MNG,Mongolia,Year,2011,FALSE,Residence Area Type,Total,RESIDENCEAREATYPE_TOTL,76.02,76,EN,2023-07-09T17:00:00.000Z
WPR,Western Pacific,Country,MNG,Mongolia,Year,2010,FALSE,Residence Area Type,Total,RESIDENCEAREATYPE_TOTL,75.18,75,EN,2023-07-09T17:00:00.000Z
WPR,Western Pacific,Country,MNG,Mongolia,Year,2009,FALSE,Residence Area Type,Total,RESIDENCEAREATYPE_TOTL,74.04,74,EN,2023-07-09T17:00:00.000Z
WPR,Western Pacific,Country,MNG,Mongolia,Year,2008,FALSE,Residence Area Type,Total,RESIDENCEAREATYPE_TOTL,72.88,73,EN,2023-07-09T17:00:00.000Z
WPR,Western Pacific,Country,MNG,Mongolia,Year,2007,FALSE,Residence Area Type,Total,RESIDENCEAREATYPE_TOTL,71.68,72,EN,2023-07-09T17:00:00.000Z
WPR,Western Pacific,Country,MNG,Mongolia,Year,2006,FALSE,Residence Area Type,Total,RESIDENCEAREATYPE_TOTL,70.46,70,EN,2023-07-09T17:00:00.000Z
WPR,Western Pacific,Country,MNG,Mongolia,Year,2005,FALSE,Residence Area Type,Total,RESIDENCEAREATYPE_TOTL,69.2,69,EN,2023-07-09T17:00:00.000Z
WPR,Western Pacific,Country,MNG,Mongolia,Year,2004,FALSE,Residence Area Type,Total,RESIDENCEAREATYPE_TOTL,67.92,68,EN,2023-07-09T17:00:00.000Z
WPR,Western Pacific,Country,MNG,Mongolia,Year,2003,FALSE,Residence Area Type,Total,RESIDENCEAREATYPE_TOTL,66.61,67,EN,2023-07-09T17:00:00.000Z
WPR,Western Pacific,Country,MNG,Mongolia,Year,2002,FALSE,Residence Area Type,Total,RESIDENCEAREATYPE_TOTL,65.26,65,EN,2023-07-09T17:00:00.000Z
WPR,Western Pacific,Country,MNG,Mongolia,Year,2001,FALSE,Residence Area Type,Total,RESIDENCEAREATYPE_TOTL,63.89,64,EN,2023-07-09T17:00:00.000Z
WPR,Western Pacific,Country,MNG,Mongolia,Year,2000,FALSE,Residence Area Type,Total,RESIDENCEAREATYPE_TOTL,62.5,62,EN,2023-07-09T17:00:00.000Z
EUR,Europe,Country,MNE,Montenegro,Year,2022,TRUE,Residence Area Type,Total,RESIDENCEAREATYPE_TOTL,98.86,99,EN,2023-07-09T17:00:00.000Z
EUR,Europe,Country,MNE,Montenegro,Year,2021,FALSE,Residence Area Type,Total,RESIDENCEAREATYPE_TOTL,98.86,99,EN,2023-07-09T17:00:00.000Z
EUR,Europe,Country,MNE,Montenegro,Year,2020,FALSE,Residence Area Type,Total,RESIDENCEAREATYPE_TOTL,98.86,99,EN,2023-07-09T17:00:00.000Z
EUR,Europe,Country,MNE,Montenegro,Year,2019,FALSE,Residence Area Type,Total,RESIDENCEAREATYPE_TOTL,98.68,99,EN,2023-07-09T17:00:00.000Z
EUR,Europe,Country,MNE,Montenegro,Year,2018,FALSE,Residence Area Type,Total,RESIDENCEAREATYPE_TOTL,98.51,99,EN,2023-07-09T17:00:00.000Z
EUR,Europe,Country,MNE,Montenegro,Year,2017,FALSE,Residence Area Type,Total,RESIDENCEAREATYPE_TOTL,97.88,98,EN,2023-07-09T17:00:00.000Z
EUR,Europe,Country,MNE,Montenegro,Year,2016,FALSE,Residence Area Type,Total,RESIDENCEAREATYPE_TOTL,97.64,98,EN,2023-07-09T17:00:00.000Z
EUR,Europe,Country,MNE,Montenegro,Year,2015,FALSE,Residence Area Type,Total,RESIDENCEAREATYPE_TOTL,97.39,97,EN,2023-07-09T17:00:00.000Z
EUR,Europe,Country,MNE,Montenegro,Year,2014,FALSE,Residence Area Type,Total,RESIDENCEAREATYPE_TOTL,97.15,97,EN,2023-07-09T17:00:00.000Z
EUR,Europe,Country,MNE,Montenegro,Year,2013,FALSE,Residence Area Type,Total,RESIDENCEAREATYPE_TOTL,96.9,97,EN,2023-07-09T17:00:00.000Z
EUR,Europe,Country,MNE,Montenegro,Year,2012,FALSE,Residence Area Type,Total,RESIDENCEAREATYPE_TOTL,96.65,97,EN,2023-07-09T17:00:00.000Z
EUR,Europe,Country,MNE,Montenegro,Year,2011,FALSE,Residence Area Type,Total,RESIDENCEAREATYPE_TOTL,96.41,96,EN,2023-07-09T17:00:00.000Z
EUR,Europe,Country,MNE,Montenegro,Year,2010,FALSE,Residence Area Type,Total,RESIDENCEAREATYPE_TOTL,96.16,96,EN,2023-07-09T17:00:00.000Z
EUR,Europe,Country,MNE,Montenegro,Year,2009,FALSE,Residence Area Type,Total,RESIDENCEAREATYPE_TOTL,95.92,96,EN,2023-07-09T17:00:00.000Z
EUR,Europe,Country,MNE,Montenegro,Year,2008,FALSE,Residence Area Type,Total,RESIDENCEAREATYPE_TOTL,95.67,96,EN,2023-07-09T17:00:00.000Z
EUR,Europe,Country,MNE,Montenegro,Year,2007,FALSE,Residence Area Type,Total,RESIDENCEAREATYPE_TOTL,95.43,95,EN,2023-07-09T17:00:00.000Z
EUR,Europe,Country,MNE,Montenegro,Year,2006,FALSE,Residence Area Type,Total,RESIDENCEAREATYPE_TOTL,95.19,95,EN,2023-07-09T17:00:00.000Z
EMR,Eastern Mediterranean,Country,MAR,Morocco,Year,2022,TRUE,Residence Area Type,Total,RESIDENCEAREATYPE_TOTL,87.02,87,EN,2023-07-09T17:00:00.000Z
EMR,Eastern Mediterranean,Country,MAR,Morocco,Year,2021,FALSE,Residence Area Type,Total,RESIDENCEAREATYPE_TOTL,86.84,87,EN,2023-07-09T17:00:00.000Z
EMR,Eastern Mediterranean,Country,MAR,Morocco,Year,2020,FALSE,Residence Area Type,Total,RESIDENCEAREATYPE_TOTL,85.92,86,EN,2023-07-09T17:00:00.000Z
EMR,Eastern Mediterranean,Country,MAR,Morocco,Year,2019,FALSE,Residence Area Type,Total,RESIDENCEAREATYPE_TOTL,84.98,85,EN,2023-07-09T17:00:00.000Z
EMR,Eastern Mediterranean,Country,MAR,Morocco,Year,2018,FALSE,Residence Area Type,Total,RESIDENCEAREATYPE_TOTL,84.03,84,EN,2023-07-09T17:00:00.000Z
EMR,Eastern Mediterranean,Country,MAR,Morocco,Year,2017,FALSE,Residence Area Type,Total,RESIDENCEAREATYPE_TOTL,82.03,82,EN,2023-07-09T17:00:00.000Z
EMR,Eastern Mediterranean,Country,MAR,Morocco,Year,2016,FALSE,Residence Area Type,Total,RESIDENCEAREATYPE_TOTL,81.05,81,EN,2023-07-09T17:00:00.000Z
EMR,Eastern Mediterranean,Country,MAR,Morocco,Year,2015,FALSE,Residence Area Type,Total,RESIDENCEAREATYPE_TOTL,80.05,80,EN,2023-07-09T17:00:00.000Z
EMR,Eastern Mediterranean,Country,MAR,Morocco,Year,2014,FALSE,Residence Area Type,Total,RESIDENCEAREATYPE_TOTL,79.05,79,EN,2023-07-09T17:00:00.000Z
EMR,Eastern Mediterranean,Country,MAR,Morocco,Year,2013,FALSE,Residence Area Type,Total,RESIDENCEAREATYPE_TOTL,78.03,78,EN,2023-07-09T17:00:00.000Z
EMR,Eastern Mediterranean,Country,MAR,Morocco,Year,2012,FALSE,Residence Area Type,Total,RESIDENCEAREATYPE_TOTL,77.01,77,EN,2023-07-09T17:00:00.000Z
EMR,Eastern Mediterranean,Country,MAR,Morocco,Year,2011,FALSE,Residence Area Type,Total,RESIDENCEAREATYPE_TOTL,75.98,76,EN,2023-07-09T17:00:00.000Z
EMR,Eastern Mediterranean,Country,MAR,Morocco,Year,2010,FALSE,Residence Area Type,Total,RESIDENCEAREATYPE_TOTL,74.93,75,EN,2023-07-09T17:00:00.000Z
EMR,Eastern Mediterranean,Country,MAR,Morocco,Year,2009,FALSE,Residence Area Type,Total,RESIDENCEAREATYPE_TOTL,73.88,74,EN,2023-07-09T17:00:00.000Z
EMR,Eastern Mediterranean,Country,MAR,Morocco,Year,2008,FALSE,Residence Area Type,Total,RESIDENCEAREATYPE_TOTL,72.82,73,EN,2023-07-09T17:00:00.000Z
EMR,Eastern Mediterranean,Country,MAR,Morocco,Year,2007,FALSE,Residence Area Type,Total,RESIDENCEAREATYPE_TOTL,71.75,72,EN,2023-07-09T17:00:00.000Z
EMR,Eastern Mediterranean,Country,MAR,Morocco,Year,2006,FALSE,Residence Area Type,Total,RESIDENCEAREATYPE_TOTL,70.67,71,EN,2023-07-09T17:00:00.000Z
EMR,Eastern Mediterranean,Country,MAR,Morocco,Year,2005,FALSE,Residence Area Type,Total,RESIDENCEAREATYPE_TOTL,69.58,70,EN,2023-07-09T17:00:00.000Z
EMR,Eastern Mediterranean,Country,MAR,Morocco,Year,2004,FALSE,Residence Area Type,Total,RESIDENCEAREATYPE_TOTL,68.51,69,EN,2023-07-09T17:00:00.000Z
EMR,Eastern Mediterranean,Country,MAR,Morocco,Year,2003,FALSE,Residence Area Type,Total,RESIDENCEAREATYPE_TOTL,67.55,68,EN,2023-07-09T17:00:00.000Z
EMR,Eastern Mediterranean,Country,MAR,Morocco,Year,2002,FALSE,Residence Area Type,Total,RESIDENCEAREATYPE_TOTL,66.59,67,EN,2023-07-09T17:00:00.000Z
EMR,Eastern Mediterranean,Country,MAR,Morocco,Year,2001,FALSE,Residence Area Type,Total,RESIDENCEAREATYPE_TOTL,65.63,66,EN,2023-07-09T17:00:00.000Z
EMR,Eastern Mediterranean,Country,MAR,Morocco,Year,2000,FALSE,Residence Area Type,Total,RESIDENCEAREATYPE_TOTL,64.8,65,EN,2023-07-09T17:00:00.000Z
AFR,Africa,Country,MOZ,Mozambique,Year,2022,TRUE,Residence Area Type,Total,RESIDENCEAREATYPE_TOTL,63.2,63,EN,2023-07-09T17:00:00.000Z
AFR,Africa,Country,MOZ,Mozambique,Year,2021,FALSE,Residence Area Type,Total,RESIDENCEAREATYPE_TOTL,61.48,61,EN,2023-07-09T17:00:00.000Z
AFR,Africa,Country,MOZ,Mozambique,Year,2020,FALSE,Residence Area Type,Total,RESIDENCEAREATYPE_TOTL,59.76,60,EN,2023-07-09T17:00:00.000Z
AFR,Africa,Country,MOZ,Mozambique,Year,2019,FALSE,Residence Area Type,Total,RESIDENCEAREATYPE_TOTL,57.58,58,EN,2023-07-09T17:00:00.000Z
AFR,Africa,Country,MOZ,Mozambique,Year,2018,FALSE,Residence Area Type,Total,RESIDENCEAREATYPE_TOTL,55.41,55,EN,2023-07-09T17:00:00.000Z
AFR,Africa,Country,MOZ,Mozambique,Year,2017,FALSE,Residence Area Type,Total,RESIDENCEAREATYPE_TOTL,53.28,53,EN,2023-07-09T17:00:00.000Z
AFR,Africa,Country,MOZ,Mozambique,Year,2016,FALSE,Residence Area Type,Total,RESIDENCEAREATYPE_TOTL,51.16,51,EN,2023-07-09T17:00:00.000Z
AFR,Africa,Country,MOZ,Mozambique,Year,2015,FALSE,Residence Area Type,Total,RESIDENCEAREATYPE_TOTL,49.08,49,EN,2023-07-09T17:00:00.000Z
AFR,Africa,Country,MOZ,Mozambique,Year,2014,FALSE,Residence Area Type,Total,RESIDENCEAREATYPE_TOTL,47.01,47,EN,2023-07-09T17:00:00.000Z
AFR,Africa,Country,MOZ,Mozambique,Year,2013,FALSE,Residence Area Type,Total,RESIDENCEAREATYPE_TOTL,44.98,45,EN,2023-07-09T17:00:00.000Z
AFR,Africa,Country,MOZ,Mozambique,Year,2012,FALSE,Residence Area Type,Total,RESIDENCEAREATYPE_TOTL,42.97,43,EN,2023-07-09T17:00:00.000Z
AFR,Africa,Country,MOZ,Mozambique,Year,2011,FALSE,Residence Area Type,Total,RESIDENCEAREATYPE_TOTL,40.98,41,EN,2023-07-09T17:00:00.000Z
AFR,Africa,Country,MOZ,Mozambique,Year,2010,FALSE,Residence Area Type,Total,RESIDENCEAREATYPE_TOTL,39.03,39,EN,2023-07-09T17:00:00.000Z
AFR,Africa,Country,MOZ,Mozambique,Year,2009,FALSE,Residence Area Type,Total,RESIDENCEAREATYPE_TOTL,37.1,37,EN,2023-07-09T17:00:00.000Z
AFR,Africa,Country,MOZ,Mozambique,Year,2008,FALSE,Residence Area Type,Total,RESIDENCEAREATYPE_TOTL,35.21,35,EN,2023-07-09T17:00:00.000Z
AFR,Africa,Country,MOZ,Mozambique,Year,2007,FALSE,Residence Area Type,Total,RESIDENCEAREATYPE_TOTL,33.35,33,EN,2023-07-09T17:00:00.000Z
AFR,Africa,Country,MOZ,Mozambique,Year,2006,FALSE,Residence Area Type,Total,RESIDENCEAREATYPE_TOTL,31.67,32,EN,2023-07-09T17:00:00.000Z
AFR,Africa,Country,MOZ,Mozambique,Year,2005,FALSE,Residence Area Type,Total,RESIDENCEAREATYPE_TOTL,30.03,30,EN,2023-07-09T17:00:00.000Z
AFR,Africa,Country,MOZ,Mozambique,Year,2004,FALSE,Residence Area Type,Total,RESIDENCEAREATYPE_TOTL,28.41,28,EN,2023-07-09T17:00:00.000Z
AFR,Africa,Country,MOZ,Mozambique,Year,2003,FALSE,Residence Area Type,Total,RESIDENCEAREATYPE_TOTL,26.83,27,EN,2023-07-09T17:00:00.000Z
AFR,Africa,Country,MOZ,Mozambique,Year,2002,FALSE,Residence Area Type,Total,RESIDENCEAREATYPE_TOTL,25.28,25,EN,2023-07-09T17:00:00.000Z
AFR,Africa,Country,MOZ,Mozambique,Year,2001,FALSE,Residence Area Type,Total,RESIDENCEAREATYPE_TOTL,23.77,24,EN,2023-07-09T17:00:00.000Z
AFR,Africa,Country,MOZ,Mozambique,Year,2000,FALSE,Residence Area Type,Total,RESIDENCEAREATYPE_TOTL,22.71,23,EN,2023-07-09T17:00:00.000Z
SEAR,South-East Asia,Country,MMR,Myanmar,Year,2022,TRUE,Residence Area Type,Total,RESIDENCEAREATYPE_TOTL,82.38,82,EN,2023-07-09T17:00:00.000Z
SEAR,South-East Asia,Country,MMR,Myanmar,Year,2021,FALSE,Residence Area Type,Total,RESIDENCEAREATYPE_TOTL,82.33,82,EN,2023-07-09T17:00:00.000Z
SEAR,South-East Asia,Country,MMR,Myanmar,Year,2020,FALSE,Residence Area Type,Total,RESIDENCEAREATYPE_TOTL,80.73,81,EN,2023-07-09T17:00:00.000Z
SEAR,South-East Asia,Country,MMR,Myanmar,Year,2019,FALSE,Residence Area Type,Total,RESIDENCEAREATYPE_TOTL,78.91,79,EN,2023-07-09T17:00:00.000Z
SEAR,South-East Asia,Country,MMR,Myanmar,Year,2018,FALSE,Residence Area Type,Total,RESIDENCEAREATYPE_TOTL,77.09,77,EN,2023-07-09T17:00:00.000Z
SEAR,South-East Asia,Country,MMR,Myanmar,Year,2017,FALSE,Residence Area Type,Total,RESIDENCEAREATYPE_TOTL,75.28,75,EN,2023-07-09T17:00:00.000Z
SEAR,South-East Asia,Country,MMR,Myanmar,Year,2016,FALSE,Residence Area Type,Total,RESIDENCEAREATYPE_TOTL,73.5,74,EN,2023-07-09T17:00:00.000Z
SEAR,South-East Asia,Country,MMR,Myanmar,Year,2015,FALSE,Residence Area Type,Total,RESIDENCEAREATYPE_TOTL,71.74,72,EN,2023-07-09T17:00:00.000Z
SEAR,South-East Asia,Country,MMR,Myanmar,Year,2014,FALSE,Residence Area Type,Total,RESIDENCEAREATYPE_TOTL,70,70,EN,2023-07-09T17:00:00.000Z
SEAR,South-East Asia,Country,MMR,Myanmar,Year,2013,FALSE,Residence Area Type,Total,RESIDENCEAREATYPE_TOTL,68.28,68,EN,2023-07-09T17:00:00.000Z
SEAR,South-East Asia,Country,MMR,Myanmar,Year,2012,FALSE,Residence Area Type,Total,RESIDENCEAREATYPE_TOTL,66.59,67,EN,2023-07-09T17:00:00.000Z
SEAR,South-East Asia,Country,MMR,Myanmar,Year,2011,FALSE,Residence Area Type,Total,RESIDENCEAREATYPE_TOTL,64.91,65,EN,2023-07-09T17:00:00.000Z
SEAR,South-East Asia,Country,MMR,Myanmar,Year,2010,FALSE,Residence Area Type,Total,RESIDENCEAREATYPE_TOTL,63.25,63,EN,2023-07-09T17:00:00.000Z
SEAR,South-East Asia,Country,MMR,Myanmar,Year,2009,FALSE,Residence Area Type,Total,RESIDENCEAREATYPE_TOTL,61.61,62,EN,2023-07-09T17:00:00.000Z
SEAR,South-East Asia,Country,MMR,Myanmar,Year,2008,FALSE,Residence Area Type,Total,RESIDENCEAREATYPE_TOTL,59.99,60,EN,2023-07-09T17:00:00.000Z
SEAR,South-East Asia,Country,MMR,Myanmar,Year,2007,FALSE,Residence Area Type,Total,RESIDENCEAREATYPE_TOTL,58.38,58,EN,2023-07-09T17:00:00.000Z
SEAR,South-East Asia,Country,MMR,Myanmar,Year,2006,FALSE,Residence Area Type,Total,RESIDENCEAREATYPE_TOTL,56.8,57,EN,2023-07-09T17:00:00.000Z
SEAR,South-East Asia,Country,MMR,Myanmar,Year,2005,FALSE,Residence Area Type,Total,RESIDENCEAREATYPE_TOTL,55.24,55,EN,2023-07-09T17:00:00.000Z
SEAR,South-East Asia,Country,MMR,Myanmar,Year,2004,FALSE,Residence Area Type,Total,RESIDENCEAREATYPE_TOTL,53.7,54,EN,2023-07-09T17:00:00.000Z
SEAR,South-East Asia,Country,MMR,Myanmar,Year,2003,FALSE,Residence Area Type,Total,RESIDENCEAREATYPE_TOTL,52.17,52,EN,2023-07-09T17:00:00.000Z
SEAR,South-East Asia,Country,MMR,Myanmar,Year,2002,FALSE,Residence Area Type,Total,RESIDENCEAREATYPE_TOTL,50.67,51,EN,2023-07-09T17:00:00.000Z
SEAR,South-East Asia,Country,MMR,Myanmar,Year,2001,FALSE,Residence Area Type,Total,RESIDENCEAREATYPE_TOTL,49.19,49,EN,2023-07-09T17:00:00.000Z
SEAR,South-East Asia,Country,MMR,Myanmar,Year,2000,FALSE,Residence Area Type,Total,RESIDENCEAREATYPE_TOTL,47.73,48,EN,2023-07-09T17:00:00.000Z
AFR,Africa,Country,NAM,Namibia,Year,2022,TRUE,Residence Area Type,Total,RESIDENCEAREATYPE_TOTL,85.91,86,EN,2023-07-09T17:00:00.000Z
AFR,Africa,Country,NAM,Namibia,Year,2021,FALSE,Residence Area Type,Total,RESIDENCEAREATYPE_TOTL,85.7,86,EN,2023-07-09T17:00:00.000Z
AFR,Africa,Country,NAM,Namibia,Year,2020,FALSE,Residence Area Type,Total,RESIDENCEAREATYPE_TOTL,85.28,85,EN,2023-07-09T17:00:00.000Z
AFR,Africa,Country,NAM,Namibia,Year,2019,FALSE,Residence Area Type,Total,RESIDENCEAREATYPE_TOTL,84.84,85,EN,2023-07-09T17:00:00.000Z
AFR,Africa,Country,NAM,Namibia,Year,2018,FALSE,Residence Area Type,Total,RESIDENCEAREATYPE_TOTL,84.39,84,EN,2023-07-09T17:00:00.000Z
AFR,Africa,Country,NAM,Namibia,Year,2017,FALSE,Residence Area Type,Total,RESIDENCEAREATYPE_TOTL,84,84,EN,2023-07-09T17:00:00.000Z
AFR,Africa,Country,NAM,Namibia,Year,2016,FALSE,Residence Area Type,Total,RESIDENCEAREATYPE_TOTL,83.59,84,EN,2023-07-09T17:00:00.000Z
AFR,Africa,Country,NAM,Namibia,Year,2015,FALSE,Residence Area Type,Total,RESIDENCEAREATYPE_TOTL,83.16,83,EN,2023-07-09T17:00:00.000Z
AFR,Africa,Country,NAM,Namibia,Year,2014,FALSE,Residence Area Type,Total,RESIDENCEAREATYPE_TOTL,82.72,83,EN,2023-07-09T17:00:00.000Z
AFR,Africa,Country,NAM,Namibia,Year,2013,FALSE,Residence Area Type,Total,RESIDENCEAREATYPE_TOTL,82.28,82,EN,2023-07-09T17:00:00.000Z
AFR,Africa,Country,NAM,Namibia,Year,2012,FALSE,Residence Area Type,Total,RESIDENCEAREATYPE_TOTL,81.82,82,EN,2023-07-09T17:00:00.000Z
AFR,Africa,Country,NAM,Namibia,Year,2011,FALSE,Residence Area Type,Total,RESIDENCEAREATYPE_TOTL,81.35,81,EN,2023-07-09T17:00:00.000Z
AFR,Africa,Country,NAM,Namibia,Year,2010,FALSE,Residence Area Type,Total,RESIDENCEAREATYPE_TOTL,80.89,81,EN,2023-07-09T17:00:00.000Z
AFR,Africa,Country,NAM,Namibia,Year,2009,FALSE,Residence Area Type,Total,RESIDENCEAREATYPE_TOTL,80.41,80,EN,2023-07-09T17:00:00.000Z
AFR,Africa,Country,NAM,Namibia,Year,2008,FALSE,Residence Area Type,Total,RESIDENCEAREATYPE_TOTL,79.93,80,EN,2023-07-09T17:00:00.000Z
AFR,Africa,Country,NAM,Namibia,Year,2007,FALSE,Residence Area Type,Total,RESIDENCEAREATYPE_TOTL,79.44,79,EN,2023-07-09T17:00:00.000Z
AFR,Africa,Country,NAM,Namibia,Year,2006,FALSE,Residence Area Type,Total,RESIDENCEAREATYPE_TOTL,78.94,79,EN,2023-07-09T17:00:00.000Z
AFR,Africa,Country,NAM,Namibia,Year,2005,FALSE,Residence Area Type,Total,RESIDENCEAREATYPE_TOTL,78.43,78,EN,2023-07-09T17:00:00.000Z
AFR,Africa,Country,NAM,Namibia,Year,2004,FALSE,Residence Area Type,Total,RESIDENCEAREATYPE_TOTL,77.92,78,EN,2023-07-09T17:00:00.000Z
AFR,Africa,Country,NAM,Namibia,Year,2003,FALSE,Residence Area Type,Total,RESIDENCEAREATYPE_TOTL,77.4,77,EN,2023-07-09T17:00:00.000Z
AFR,Africa,Country,NAM,Namibia,Year,2002,FALSE,Residence Area Type,Total,RESIDENCEAREATYPE_TOTL,76.88,77,EN,2023-07-09T17:00:00.000Z
AFR,Africa,Country,NAM,Namibia,Year,2001,FALSE,Residence Area Type,Total,RESIDENCEAREATYPE_TOTL,76.37,76,EN,2023-07-09T17:00:00.000Z
AFR,Africa,Country,NAM,Namibia,Year,2000,FALSE,Residence Area Type,Total,RESIDENCEAREATYPE_TOTL,75.96,76,EN,2023-07-09T17:00:00.000Z
WPR,Western Pacific,Country,NRU,Nauru,Year,2019,TRUE,Residence Area Type,Total,RESIDENCEAREATYPE_TOTL,97,97,EN,2023-07-09T17:00:00.000Z
WPR,Western Pacific,Country,NRU,Nauru,Year,2018,FALSE,Residence Area Type,Total,RESIDENCEAREATYPE_TOTL,97,97,EN,2023-07-09T17:00:00.000Z
WPR,Western Pacific,Country,NRU,Nauru,Year,2017,FALSE,Residence Area Type,Total,RESIDENCEAREATYPE_TOTL,97,97,EN,2023-07-09T17:00:00.000Z
WPR,Western Pacific,Country,NRU,Nauru,Year,2016,FALSE,Residence Area Type,Total,RESIDENCEAREATYPE_TOTL,97,97,EN,2023-07-09T17:00:00.000Z
WPR,Western Pacific,Country,NRU,Nauru,Year,2015,FALSE,Residence Area Type,Total,RESIDENCEAREATYPE_TOTL,97,97,EN,2023-07-09T17:00:00.000Z
WPR,Western Pacific,Country,NRU,Nauru,Year,2014,FALSE,Residence Area Type,Total,RESIDENCEAREATYPE_TOTL,97.08,97,EN,2023-07-09T17:00:00.000Z
WPR,Western Pacific,Country,NRU,Nauru,Year,2013,FALSE,Residence Area Type,Total,RESIDENCEAREATYPE_TOTL,97.15,97,EN,2023-07-09T17:00:00.000Z
WPR,Western Pacific,Country,NRU,Nauru,Year,2012,FALSE,Residence Area Type,Total,RESIDENCEAREATYPE_TOTL,97.22,97,EN,2023-07-09T17:00:00.000Z
WPR,Western Pacific,Country,NRU,Nauru,Year,2011,FALSE,Residence Area Type,Total,RESIDENCEAREATYPE_TOTL,97.29,97,EN,2023-07-09T17:00:00.000Z
WPR,Western Pacific,Country,NRU,Nauru,Year,2010,FALSE,Residence Area Type,Total,RESIDENCEAREATYPE_TOTL,97.36,97,EN,2023-07-09T17:00:00.000Z
WPR,Western Pacific,Country,NRU,Nauru,Year,2009,FALSE,Residence Area Type,Total,RESIDENCEAREATYPE_TOTL,97.43,97,EN,2023-07-09T17:00:00.000Z
WPR,Western Pacific,Country,NRU,Nauru,Year,2008,FALSE,Residence Area Type,Total,RESIDENCEAREATYPE_TOTL,97.51,98,EN,2023-07-09T17:00:00.000Z
WPR,Western Pacific,Country,NRU,Nauru,Year,2007,FALSE,Residence Area Type,Total,RESIDENCEAREATYPE_TOTL,97.58,98,EN,2023-07-09T17:00:00.000Z
WPR,Western Pacific,Country,NRU,Nauru,Year,2006,FALSE,Residence Area Type,Total,RESIDENCEAREATYPE_TOTL,97.65,98,EN,2023-07-09T17:00:00.000Z
WPR,Western Pacific,Country,NRU,Nauru,Year,2005,FALSE,Residence Area Type,Total,RESIDENCEAREATYPE_TOTL,97.72,98,EN,2023-07-09T17:00:00.000Z
WPR,Western Pacific,Country,NRU,Nauru,Year,2004,FALSE,Residence Area Type,Total,RESIDENCEAREATYPE_TOTL,97.79,98,EN,2023-07-09T17:00:00.000Z
WPR,Western Pacific,Country,NRU,Nauru,Year,2003,FALSE,Residence Area Type,Total,RESIDENCEAREATYPE_TOTL,97.87,98,EN,2023-07-09T17:00:00.000Z
WPR,Western Pacific,Country,NRU,Nauru,Year,2002,FALSE,Residence Area Type,Total,RESIDENCEAREATYPE_TOTL,97.94,98,EN,2023-07-09T17:00:00.000Z
WPR,Western Pacific,Country,NRU,Nauru,Year,2001,FALSE,Residence Area Type,Total,RESIDENCEAREATYPE_TOTL,98.01,98,EN,2023-07-09T17:00:00.000Z
WPR,Western Pacific,Country,NRU,Nauru,Year,2000,FALSE,Residence Area Type,Total,RESIDENCEAREATYPE_TOTL,98.08,98,EN,2023-07-09T17:00:00.000Z
SEAR,South-East Asia,Country,NPL,Nepal,Year,2022,TRUE,Residence Area Type,Total,RESIDENCEAREATYPE_TOTL,91.24,91,EN,2023-07-09T17:00:00.000Z
SEAR,South-East Asia,Country,NPL,Nepal,Year,2021,FALSE,Residence Area Type,Total,RESIDENCEAREATYPE_TOTL,91.24,91,EN,2023-07-09T17:00:00.000Z
SEAR,South-East Asia,Country,NPL,Nepal,Year,2020,FALSE,Residence Area Type,Total,RESIDENCEAREATYPE_TOTL,90.77,91,EN,2023-07-09T17:00:00.000Z
SEAR,South-East Asia,Country,NPL,Nepal,Year,2019,FALSE,Residence Area Type,Total,RESIDENCEAREATYPE_TOTL,90.29,90,EN,2023-07-09T17:00:00.000Z
SEAR,South-East Asia,Country,NPL,Nepal,Year,2018,FALSE,Residence Area Type,Total,RESIDENCEAREATYPE_TOTL,89.8,90,EN,2023-07-09T17:00:00.000Z
SEAR,South-East Asia,Country,NPL,Nepal,Year,2017,FALSE,Residence Area Type,Total,RESIDENCEAREATYPE_TOTL,89.3,89,EN,2023-07-09T17:00:00.000Z
SEAR,South-East Asia,Country,NPL,Nepal,Year,2016,FALSE,Residence Area Type,Total,RESIDENCEAREATYPE_TOTL,88.79,89,EN,2023-07-09T17:00:00.000Z
SEAR,South-East Asia,Country,NPL,Nepal,Year,2015,FALSE,Residence Area Type,Total,RESIDENCEAREATYPE_TOTL,88.28,88,EN,2023-07-09T17:00:00.000Z
SEAR,South-East Asia,Country,NPL,Nepal,Year,2014,FALSE,Residence Area Type,Total,RESIDENCEAREATYPE_TOTL,87.75,88,EN,2023-07-09T17:00:00.000Z
SEAR,South-East Asia,Country,NPL,Nepal,Year,2013,FALSE,Residence Area Type,Total,RESIDENCEAREATYPE_TOTL,87.22,87,EN,2023-07-09T17:00:00.000Z
SEAR,South-East Asia,Country,NPL,Nepal,Year,2012,FALSE,Residence Area Type,Total,RESIDENCEAREATYPE_TOTL,86.69,87,EN,2023-07-09T17:00:00.000Z
SEAR,South-East Asia,Country,NPL,Nepal,Year,2011,FALSE,Residence Area Type,Total,RESIDENCEAREATYPE_TOTL,86.14,86,EN,2023-07-09T17:00:00.000Z
SEAR,South-East Asia,Country,NPL,Nepal,Year,2010,FALSE,Residence Area Type,Total,RESIDENCEAREATYPE_TOTL,85.59,86,EN,2023-07-09T17:00:00.000Z
SEAR,South-East Asia,Country,NPL,Nepal,Year,2009,FALSE,Residence Area Type,Total,RESIDENCEAREATYPE_TOTL,85.03,85,EN,2023-07-09T17:00:00.000Z
SEAR,South-East Asia,Country,NPL,Nepal,Year,2008,FALSE,Residence Area Type,Total,RESIDENCEAREATYPE_TOTL,84.47,84,EN,2023-07-09T17:00:00.000Z
SEAR,South-East Asia,Country,NPL,Nepal,Year,2007,FALSE,Residence Area Type,Total,RESIDENCEAREATYPE_TOTL,83.9,84,EN,2023-07-09T17:00:00.000Z
SEAR,South-East Asia,Country,NPL,Nepal,Year,2006,FALSE,Residence Area Type,Total,RESIDENCEAREATYPE_TOTL,83.32,83,EN,2023-07-09T17:00:00.000Z
SEAR,South-East Asia,Country,NPL,Nepal,Year,2005,FALSE,Residence Area Type,Total,RESIDENCEAREATYPE_TOTL,82.73,83,EN,2023-07-09T17:00:00.000Z
SEAR,South-East Asia,Country,NPL,Nepal,Year,2004,FALSE,Residence Area Type,Total,RESIDENCEAREATYPE_TOTL,82.14,82,EN,2023-07-09T17:00:00.000Z
SEAR,South-East Asia,Country,NPL,Nepal,Year,2003,FALSE,Residence Area Type,Total,RESIDENCEAREATYPE_TOTL,81.54,82,EN,2023-07-09T17:00:00.000Z
SEAR,South-East Asia,Country,NPL,Nepal,Year,2002,FALSE,Residence Area Type,Total,RESIDENCEAREATYPE_TOTL,80.94,81,EN,2023-07-09T17:00:00.000Z
SEAR,South-East Asia,Country,NPL,Nepal,Year,2001,FALSE,Residence Area Type,Total,RESIDENCEAREATYPE_TOTL,80.33,80,EN,2023-07-09T17:00:00.000Z
SEAR,South-East Asia,Country,NPL,Nepal,Year,2000,FALSE,Residence Area Type,Total,RESIDENCEAREATYPE_TOTL,79.67,80,EN,2023-07-09T17:00:00.000Z
EUR,Europe,Country,NLD,Netherlands (Kingdom of the),Year,2022,TRUE,Residence Area Type,Total,RESIDENCEAREATYPE_TOTL,100,100,EN,2023-07-09T17:00:00.000Z
EUR,Europe,Country,NLD,Netherlands (Kingdom of the),Year,2021,FALSE,Residence Area Type,Total,RESIDENCEAREATYPE_TOTL,100,100,EN,2023-07-09T17:00:00.000Z
EUR,Europe,Country,NLD,Netherlands (Kingdom of the),Year,2020,FALSE,Residence Area Type,Total,RESIDENCEAREATYPE_TOTL,100,100,EN,2023-07-09T17:00:00.000Z
EUR,Europe,Country,NLD,Netherlands (Kingdom of the),Year,2019,FALSE,Residence Area Type,Total,RESIDENCEAREATYPE_TOTL,100,100,EN,2023-07-09T17:00:00.000Z
EUR,Europe,Country,NLD,Netherlands (Kingdom of the),Year,2018,FALSE,Residence Area Type,Total,RESIDENCEAREATYPE_TOTL,100,100,EN,2023-07-09T17:00:00.000Z
EUR,Europe,Country,NLD,Netherlands (Kingdom of the),Year,2017,FALSE,Residence Area Type,Total,RESIDENCEAREATYPE_TOTL,100,100,EN,2023-07-09T17:00:00.000Z
EUR,Europe,Country,NLD,Netherlands (Kingdom of the),Year,2016,FALSE,Residence Area Type,Total,RESIDENCEAREATYPE_TOTL,100,100,EN,2023-07-09T17:00:00.000Z
EUR,Europe,Country,NLD,Netherlands (Kingdom of the),Year,2015,FALSE,Residence Area Type,Total,RESIDENCEAREATYPE_TOTL,100,100,EN,2023-07-09T17:00:00.000Z
EUR,Europe,Country,NLD,Netherlands (Kingdom of the),Year,2014,FALSE,Residence Area Type,Total,RESIDENCEAREATYPE_TOTL,100,100,EN,2023-07-09T17:00:00.000Z
EUR,Europe,Country,NLD,Netherlands (Kingdom of the),Year,2013,FALSE,Residence Area Type,Total,RESIDENCEAREATYPE_TOTL,100,100,EN,2023-07-09T17:00:00.000Z
EUR,Europe,Country,NLD,Netherlands (Kingdom of the),Year,2012,FALSE,Residence Area Type,Total,RESIDENCEAREATYPE_TOTL,100,100,EN,2023-07-09T17:00:00.000Z
EUR,Europe,Country,NLD,Netherlands (Kingdom of the),Year,2011,FALSE,Residence Area Type,Total,RESIDENCEAREATYPE_TOTL,100,100,EN,2023-07-09T17:00:00.000Z
EUR,Europe,Country,NLD,Netherlands (Kingdom of the),Year,2010,FALSE,Residence Area Type,Total,RESIDENCEAREATYPE_TOTL,100,100,EN,2023-07-09T17:00:00.000Z
EUR,Europe,Country,NLD,Netherlands (Kingdom of the),Year,2009,FALSE,Residence Area Type,Total,RESIDENCEAREATYPE_TOTL,100,100,EN,2023-07-09T17:00:00.000Z
EUR,Europe,Country,NLD,Netherlands (Kingdom of the),Year,2008,FALSE,Residence Area Type,Total,RESIDENCEAREATYPE_TOTL,100,100,EN,2023-07-09T17:00:00.000Z
EUR,Europe,Country,NLD,Netherlands (Kingdom of the),Year,2007,FALSE,Residence Area Type,Total,RESIDENCEAREATYPE_TOTL,100,100,EN,2023-07-09T17:00:00.000Z
EUR,Europe,Country,NLD,Netherlands (Kingdom of the),Year,2006,FALSE,Residence Area Type,Total,RESIDENCEAREATYPE_TOTL,100,100,EN,2023-07-09T17:00:00.000Z
EUR,Europe,Country,NLD,Netherlands (Kingdom of the),Year,2005,FALSE,Residence Area Type,Total,RESIDENCEAREATYPE_TOTL,100,100,EN,2023-07-09T17:00:00.000Z
EUR,Europe,Country,NLD,Netherlands (Kingdom of the),Year,2004,FALSE,Residence Area Type,Total,RESIDENCEAREATYPE_TOTL,100,100,EN,2023-07-09T17:00:00.000Z
EUR,Europe,Country,NLD,Netherlands (Kingdom of the),Year,2003,FALSE,Residence Area Type,Total,RESIDENCEAREATYPE_TOTL,100,100,EN,2023-07-09T17:00:00.000Z
EUR,Europe,Country,NLD,Netherlands (Kingdom of the),Year,2002,FALSE,Residence Area Type,Total,RESIDENCEAREATYPE_TOTL,100,100,EN,2023-07-09T17:00:00.000Z
EUR,Europe,Country,NLD,Netherlands (Kingdom of the),Year,2001,FALSE,Residence Area Type,Total,RESIDENCEAREATYPE_TOTL,100,100,EN,2023-07-09T17:00:00.000Z
EUR,Europe,Country,NLD,Netherlands (Kingdom of the),Year,2000,FALSE,Residence Area Type,Total,RESIDENCEAREATYPE_TOTL,100,100,EN,2023-07-09T17:00:00.000Z
WPR,Western Pacific,Country,NZL,New Zealand,Year,2022,TRUE,Residence Area Type,Total,RESIDENCEAREATYPE_TOTL,100,100,EN,2023-07-09T17:00:00.000Z
WPR,Western Pacific,Country,NZL,New Zealand,Year,2021,FALSE,Residence Area Type,Total,RESIDENCEAREATYPE_TOTL,100,100,EN,2023-07-09T17:00:00.000Z
WPR,Western Pacific,Country,NZL,New Zealand,Year,2020,FALSE,Residence Area Type,Total,RESIDENCEAREATYPE_TOTL,100,100,EN,2023-07-09T17:00:00.000Z
WPR,Western Pacific,Country,NZL,New Zealand,Year,2019,FALSE,Residence Area Type,Total,RESIDENCEAREATYPE_TOTL,100,100,EN,2023-07-09T17:00:00.000Z
WPR,Western Pacific,Country,NZL,New Zealand,Year,2018,FALSE,Residence Area Type,Total,RESIDENCEAREATYPE_TOTL,100,100,EN,2023-07-09T17:00:00.000Z
WPR,Western Pacific,Country,NZL,New Zealand,Year,2017,FALSE,Residence Area Type,Total,RESIDENCEAREATYPE_TOTL,100,100,EN,2023-07-09T17:00:00.000Z
WPR,Western Pacific,Country,NZL,New Zealand,Year,2016,FALSE,Residence Area Type,Total,RESIDENCEAREATYPE_TOTL,100,100,EN,2023-07-09T17:00:00.000Z
WPR,Western Pacific,Country,NZL,New Zealand,Year,2015,FALSE,Residence Area Type,Total,RESIDENCEAREATYPE_TOTL,100,100,EN,2023-07-09T17:00:00.000Z
WPR,Western Pacific,Country,NZL,New Zealand,Year,2014,FALSE,Residence Area Type,Total,RESIDENCEAREATYPE_TOTL,100,100,EN,2023-07-09T17:00:00.000Z
WPR,Western Pacific,Country,NZL,New Zealand,Year,2013,FALSE,Residence Area Type,Total,RESIDENCEAREATYPE_TOTL,100,100,EN,2023-07-09T17:00:00.000Z
WPR,Western Pacific,Country,NZL,New Zealand,Year,2012,FALSE,Residence Area Type,Total,RESIDENCEAREATYPE_TOTL,100,100,EN,2023-07-09T17:00:00.000Z
WPR,Western Pacific,Country,NZL,New Zealand,Year,2011,FALSE,Residence Area Type,Total,RESIDENCEAREATYPE_TOTL,100,100,EN,2023-07-09T17:00:00.000Z
WPR,Western Pacific,Country,NZL,New Zealand,Year,2010,FALSE,Residence Area Type,Total,RESIDENCEAREATYPE_TOTL,100,100,EN,2023-07-09T17:00:00.000Z
WPR,Western Pacific,Country,NZL,New Zealand,Year,2009,FALSE,Residence Area Type,Total,RESIDENCEAREATYPE_TOTL,100,100,EN,2023-07-09T17:00:00.000Z
WPR,Western Pacific,Country,NZL,New Zealand,Year,2008,FALSE,Residence Area Type,Total,RESIDENCEAREATYPE_TOTL,100,100,EN,2023-07-09T17:00:00.000Z
WPR,Western Pacific,Country,NZL,New Zealand,Year,2007,FALSE,Residence Area Type,Total,RESIDENCEAREATYPE_TOTL,100,100,EN,2023-07-09T17:00:00.000Z
WPR,Western Pacific,Country,NZL,New Zealand,Year,2006,FALSE,Residence Area Type,Total,RESIDENCEAREATYPE_TOTL,100,100,EN,2023-07-09T17:00:00.000Z
WPR,Western Pacific,Country,NZL,New Zealand,Year,2005,FALSE,Residence Area Type,Total,RESIDENCEAREATYPE_TOTL,100,100,EN,2023-07-09T17:00:00.000Z
WPR,Western Pacific,Country,NZL,New Zealand,Year,2004,FALSE,Residence Area Type,Total,RESIDENCEAREATYPE_TOTL,100,100,EN,2023-07-09T17:00:00.000Z
WPR,Western Pacific,Country,NZL,New Zealand,Year,2003,FALSE,Residence Area Type,Total,RESIDENCEAREATYPE_TOTL,100,100,EN,2023-07-09T17:00:00.000Z
WPR,Western Pacific,Country,NZL,New Zealand,Year,2002,FALSE,Residence Area Type,Total,RESIDENCEAREATYPE_TOTL,100,100,EN,2023-07-09T17:00:00.000Z
WPR,Western Pacific,Country,NZL,New Zealand,Year,2001,FALSE,Residence Area Type,Total,RESIDENCEAREATYPE_TOTL,100,100,EN,2023-07-09T17:00:00.000Z
WPR,Western Pacific,Country,NZL,New Zealand,Year,2000,FALSE,Residence Area Type,Total,RESIDENCEAREATYPE_TOTL,100,100,EN,2023-07-09T17:00:00.000Z
AMR,Americas,Country,NIC,Nicaragua,Year,2020,TRUE,Residence Area Type,Total,RESIDENCEAREATYPE_TOTL,81.71,82,EN,2023-07-09T17:00:00.000Z
AMR,Americas,Country,NIC,Nicaragua,Year,2019,FALSE,Residence Area Type,Total,RESIDENCEAREATYPE_TOTL,81.61,82,EN,2023-07-09T17:00:00.000Z
AMR,Americas,Country,NIC,Nicaragua,Year,2018,FALSE,Residence Area Type,Total,RESIDENCEAREATYPE_TOTL,81.52,82,EN,2023-07-09T17:00:00.000Z
AMR,Americas,Country,NIC,Nicaragua,Year,2017,FALSE,Residence Area Type,Total,RESIDENCEAREATYPE_TOTL,81.44,81,EN,2023-07-09T17:00:00.000Z
AMR,Americas,Country,NIC,Nicaragua,Year,2016,FALSE,Residence Area Type,Total,RESIDENCEAREATYPE_TOTL,81.42,81,EN,2023-07-09T17:00:00.000Z
AMR,Americas,Country,NIC,Nicaragua,Year,2015,FALSE,Residence Area Type,Total,RESIDENCEAREATYPE_TOTL,81.35,81,EN,2023-07-09T17:00:00.000Z
AMR,Americas,Country,NIC,Nicaragua,Year,2014,FALSE,Residence Area Type,Total,RESIDENCEAREATYPE_TOTL,81.29,81,EN,2023-07-09T17:00:00.000Z
AMR,Americas,Country,NIC,Nicaragua,Year,2013,FALSE,Residence Area Type,Total,RESIDENCEAREATYPE_TOTL,81.23,81,EN,2023-07-09T17:00:00.000Z
AMR,Americas,Country,NIC,Nicaragua,Year,2012,FALSE,Residence Area Type,Total,RESIDENCEAREATYPE_TOTL,81.17,81,EN,2023-07-09T17:00:00.000Z
AMR,Americas,Country,NIC,Nicaragua,Year,2011,FALSE,Residence Area Type,Total,RESIDENCEAREATYPE_TOTL,81.11,81,EN,2023-07-09T17:00:00.000Z
AMR,Americas,Country,NIC,Nicaragua,Year,2010,FALSE,Residence Area Type,Total,RESIDENCEAREATYPE_TOTL,81.05,81,EN,2023-07-09T17:00:00.000Z
AMR,Americas,Country,NIC,Nicaragua,Year,2009,FALSE,Residence Area Type,Total,RESIDENCEAREATYPE_TOTL,80.99,81,EN,2023-07-09T17:00:00.000Z
AMR,Americas,Country,NIC,Nicaragua,Year,2008,FALSE,Residence Area Type,Total,RESIDENCEAREATYPE_TOTL,80.94,81,EN,2023-07-09T17:00:00.000Z
AMR,Americas,Country,NIC,Nicaragua,Year,2007,FALSE,Residence Area Type,Total,RESIDENCEAREATYPE_TOTL,80.89,81,EN,2023-07-09T17:00:00.000Z
AMR,Americas,Country,NIC,Nicaragua,Year,2006,FALSE,Residence Area Type,Total,RESIDENCEAREATYPE_TOTL,80.84,81,EN,2023-07-09T17:00:00.000Z
AMR,Americas,Country,NIC,Nicaragua,Year,2005,FALSE,Residence Area Type,Total,RESIDENCEAREATYPE_TOTL,80.79,81,EN,2023-07-09T17:00:00.000Z
AMR,Americas,Country,NIC,Nicaragua,Year,2004,FALSE,Residence Area Type,Total,RESIDENCEAREATYPE_TOTL,80.75,81,EN,2023-07-09T17:00:00.000Z
AMR,Americas,Country,NIC,Nicaragua,Year,2003,FALSE,Residence Area Type,Total,RESIDENCEAREATYPE_TOTL,80.73,81,EN,2023-07-09T17:00:00.000Z
AMR,Americas,Country,NIC,Nicaragua,Year,2002,FALSE,Residence Area Type,Total,RESIDENCEAREATYPE_TOTL,80.7,81,EN,2023-07-09T17:00:00.000Z
AMR,Americas,Country,NIC,Nicaragua,Year,2001,FALSE,Residence Area Type,Total,RESIDENCEAREATYPE_TOTL,80.67,81,EN,2023-07-09T17:00:00.000Z
AMR,Americas,Country,NIC,Nicaragua,Year,2000,FALSE,Residence Area Type,Total,RESIDENCEAREATYPE_TOTL,80.65,81,EN,2023-07-09T17:00:00.000Z
AFR,Africa,Country,NER,Niger,Year,2022,TRUE,Residence Area Type,Total,RESIDENCEAREATYPE_TOTL,48.9,49,EN,2023-07-09T17:00:00.000Z
AFR,Africa,Country,NER,Niger,Year,2021,FALSE,Residence Area Type,Total,RESIDENCEAREATYPE_TOTL,48.06,48,EN,2023-07-09T17:00:00.000Z
AFR,Africa,Country,NER,Niger,Year,2020,FALSE,Residence Area Type,Total,RESIDENCEAREATYPE_TOTL,47.72,48,EN,2023-07-09T17:00:00.000Z
AFR,Africa,Country,NER,Niger,Year,2019,FALSE,Residence Area Type,Total,RESIDENCEAREATYPE_TOTL,47.37,47,EN,2023-07-09T17:00:00.000Z
AFR,Africa,Country,NER,Niger,Year,2018,FALSE,Residence Area Type,Total,RESIDENCEAREATYPE_TOTL,47,47,EN,2023-07-09T17:00:00.000Z
AFR,Africa,Country,NER,Niger,Year,2017,FALSE,Residence Area Type,Total,RESIDENCEAREATYPE_TOTL,46.62,47,EN,2023-07-09T17:00:00.000Z
AFR,Africa,Country,NER,Niger,Year,2016,FALSE,Residence Area Type,Total,RESIDENCEAREATYPE_TOTL,46.22,46,EN,2023-07-09T17:00:00.000Z
AFR,Africa,Country,NER,Niger,Year,2015,FALSE,Residence Area Type,Total,RESIDENCEAREATYPE_TOTL,45.82,46,EN,2023-07-09T17:00:00.000Z
AFR,Africa,Country,NER,Niger,Year,2014,FALSE,Residence Area Type,Total,RESIDENCEAREATYPE_TOTL,45.39,45,EN,2023-07-09T17:00:00.000Z
AFR,Africa,Country,NER,Niger,Year,2013,FALSE,Residence Area Type,Total,RESIDENCEAREATYPE_TOTL,44.96,45,EN,2023-07-09T17:00:00.000Z
AFR,Africa,Country,NER,Niger,Year,2012,FALSE,Residence Area Type,Total,RESIDENCEAREATYPE_TOTL,44.51,45,EN,2023-07-09T17:00:00.000Z
AFR,Africa,Country,NER,Niger,Year,2011,FALSE,Residence Area Type,Total,RESIDENCEAREATYPE_TOTL,44.05,44,EN,2023-07-09T17:00:00.000Z
AFR,Africa,Country,NER,Niger,Year,2010,FALSE,Residence Area Type,Total,RESIDENCEAREATYPE_TOTL,43.56,44,EN,2023-07-09T17:00:00.000Z
AFR,Africa,Country,NER,Niger,Year,2009,FALSE,Residence Area Type,Total,RESIDENCEAREATYPE_TOTL,43.05,43,EN,2023-07-09T17:00:00.000Z
AFR,Africa,Country,NER,Niger,Year,2008,FALSE,Residence Area Type,Total,RESIDENCEAREATYPE_TOTL,42.52,43,EN,2023-07-09T17:00:00.000Z
AFR,Africa,Country,NER,Niger,Year,2007,FALSE,Residence Area Type,Total,RESIDENCEAREATYPE_TOTL,41.97,42,EN,2023-07-09T17:00:00.000Z
AFR,Africa,Country,NER,Niger,Year,2006,FALSE,Residence Area Type,Total,RESIDENCEAREATYPE_TOTL,41.4,41,EN,2023-07-09T17:00:00.000Z
AFR,Africa,Country,NER,Niger,Year,2005,FALSE,Residence Area Type,Total,RESIDENCEAREATYPE_TOTL,40.81,41,EN,2023-07-09T17:00:00.000Z
AFR,Africa,Country,NER,Niger,Year,2004,FALSE,Residence Area Type,Total,RESIDENCEAREATYPE_TOTL,40.2,40,EN,2023-07-09T17:00:00.000Z
AFR,Africa,Country,NER,Niger,Year,2003,FALSE,Residence Area Type,Total,RESIDENCEAREATYPE_TOTL,39.56,40,EN,2023-07-09T17:00:00.000Z
AFR,Africa,Country,NER,Niger,Year,2002,FALSE,Residence Area Type,Total,RESIDENCEAREATYPE_TOTL,38.91,39,EN,2023-07-09T17:00:00.000Z
AFR,Africa,Country,NER,Niger,Year,2001,FALSE,Residence Area Type,Total,RESIDENCEAREATYPE_TOTL,38.23,38,EN,2023-07-09T17:00:00.000Z
AFR,Africa,Country,NER,Niger,Year,2000,FALSE,Residence Area Type,Total,RESIDENCEAREATYPE_TOTL,37.49,37,EN,2023-07-09T17:00:00.000Z
AFR,Africa,Country,NGA,Nigeria,Year,2022,TRUE,Residence Area Type,Total,RESIDENCEAREATYPE_TOTL,79.64,80,EN,2023-07-09T17:00:00.000Z
AFR,Africa,Country,NGA,Nigeria,Year,2021,FALSE,Residence Area Type,Total,RESIDENCEAREATYPE_TOTL,78,78,EN,2023-07-09T17:00:00.000Z
AFR,Africa,Country,NGA,Nigeria,Year,2020,FALSE,Residence Area Type,Total,RESIDENCEAREATYPE_TOTL,76.36,76,EN,2023-07-09T17:00:00.000Z
AFR,Africa,Country,NGA,Nigeria,Year,2019,FALSE,Residence Area Type,Total,RESIDENCEAREATYPE_TOTL,74.72,75,EN,2023-07-09T17:00:00.000Z
AFR,Africa,Country,NGA,Nigeria,Year,2018,FALSE,Residence Area Type,Total,RESIDENCEAREATYPE_TOTL,73.09,73,EN,2023-07-09T17:00:00.000Z
AFR,Africa,Country,NGA,Nigeria,Year,2017,FALSE,Residence Area Type,Total,RESIDENCEAREATYPE_TOTL,71.45,71,EN,2023-07-09T17:00:00.000Z
AFR,Africa,Country,NGA,Nigeria,Year,2016,FALSE,Residence Area Type,Total,RESIDENCEAREATYPE_TOTL,69.82,70,EN,2023-07-09T17:00:00.000Z
AFR,Africa,Country,NGA,Nigeria,Year,2015,FALSE,Residence Area Type,Total,RESIDENCEAREATYPE_TOTL,68.18,68,EN,2023-07-09T17:00:00.000Z
AFR,Africa,Country,NGA,Nigeria,Year,2014,FALSE,Residence Area Type,Total,RESIDENCEAREATYPE_TOTL,66.55,67,EN,2023-07-09T17:00:00.000Z
AFR,Africa,Country,NGA,Nigeria,Year,2013,FALSE,Residence Area Type,Total,RESIDENCEAREATYPE_TOTL,64.92,65,EN,2023-07-09T17:00:00.000Z
AFR,Africa,Country,NGA,Nigeria,Year,2012,FALSE,Residence Area Type,Total,RESIDENCEAREATYPE_TOTL,63.3,63,EN,2023-07-09T17:00:00.000Z
AFR,Africa,Country,NGA,Nigeria,Year,2011,FALSE,Residence Area Type,Total,RESIDENCEAREATYPE_TOTL,61.67,62,EN,2023-07-09T17:00:00.000Z
AFR,Africa,Country,NGA,Nigeria,Year,2010,FALSE,Residence Area Type,Total,RESIDENCEAREATYPE_TOTL,60.05,60,EN,2023-07-09T17:00:00.000Z
AFR,Africa,Country,NGA,Nigeria,Year,2009,FALSE,Residence Area Type,Total,RESIDENCEAREATYPE_TOTL,58.43,58,EN,2023-07-09T17:00:00.000Z
AFR,Africa,Country,NGA,Nigeria,Year,2008,FALSE,Residence Area Type,Total,RESIDENCEAREATYPE_TOTL,56.82,57,EN,2023-07-09T17:00:00.000Z
AFR,Africa,Country,NGA,Nigeria,Year,2007,FALSE,Residence Area Type,Total,RESIDENCEAREATYPE_TOTL,55.21,55,EN,2023-07-09T17:00:00.000Z
AFR,Africa,Country,NGA,Nigeria,Year,2006,FALSE,Residence Area Type,Total,RESIDENCEAREATYPE_TOTL,53.61,54,EN,2023-07-09T17:00:00.000Z
AFR,Africa,Country,NGA,Nigeria,Year,2005,FALSE,Residence Area Type,Total,RESIDENCEAREATYPE_TOTL,52.02,52,EN,2023-07-09T17:00:00.000Z
AFR,Africa,Country,NGA,Nigeria,Year,2004,FALSE,Residence Area Type,Total,RESIDENCEAREATYPE_TOTL,50.43,50,EN,2023-07-09T17:00:00.000Z
AFR,Africa,Country,NGA,Nigeria,Year,2003,FALSE,Residence Area Type,Total,RESIDENCEAREATYPE_TOTL,48.86,49,EN,2023-07-09T17:00:00.000Z
AFR,Africa,Country,NGA,Nigeria,Year,2002,FALSE,Residence Area Type,Total,RESIDENCEAREATYPE_TOTL,47.29,47,EN,2023-07-09T17:00:00.000Z
AFR,Africa,Country,NGA,Nigeria,Year,2001,FALSE,Residence Area Type,Total,RESIDENCEAREATYPE_TOTL,45.73,46,EN,2023-07-09T17:00:00.000Z
AFR,Africa,Country,NGA,Nigeria,Year,2000,FALSE,Residence Area Type,Total,RESIDENCEAREATYPE_TOTL,44.44,44,EN,2023-07-09T17:00:00.000Z
WPR,Western Pacific,Country,NIU,Niue,Year,2022,TRUE,Residence Area Type,Total,RESIDENCEAREATYPE_TOTL,97.01,97,EN,2023-07-09T17:00:00.000Z
WPR,Western Pacific,Country,NIU,Niue,Year,2021,FALSE,Residence Area Type,Total,RESIDENCEAREATYPE_TOTL,97.01,97,EN,2023-07-09T17:00:00.000Z
WPR,Western Pacific,Country,NIU,Niue,Year,2020,FALSE,Residence Area Type,Total,RESIDENCEAREATYPE_TOTL,97.01,97,EN,2023-07-09T17:00:00.000Z
WPR,Western Pacific,Country,NIU,Niue,Year,2019,FALSE,Residence Area Type,Total,RESIDENCEAREATYPE_TOTL,97.01,97,EN,2023-07-09T17:00:00.000Z
WPR,Western Pacific,Country,NIU,Niue,Year,2018,FALSE,Residence Area Type,Total,RESIDENCEAREATYPE_TOTL,97.16,97,EN,2023-07-09T17:00:00.000Z
WPR,Western Pacific,Country,NIU,Niue,Year,2017,FALSE,Residence Area Type,Total,RESIDENCEAREATYPE_TOTL,97.31,97,EN,2023-07-09T17:00:00.000Z
WPR,Western Pacific,Country,NIU,Niue,Year,2016,FALSE,Residence Area Type,Total,RESIDENCEAREATYPE_TOTL,97.46,97,EN,2023-07-09T17:00:00.000Z
WPR,Western Pacific,Country,NIU,Niue,Year,2015,FALSE,Residence Area Type,Total,RESIDENCEAREATYPE_TOTL,97.61,98,EN,2023-07-09T17:00:00.000Z
WPR,Western Pacific,Country,NIU,Niue,Year,2014,FALSE,Residence Area Type,Total,RESIDENCEAREATYPE_TOTL,97.75,98,EN,2023-07-09T17:00:00.000Z
WPR,Western Pacific,Country,NIU,Niue,Year,2013,FALSE,Residence Area Type,Total,RESIDENCEAREATYPE_TOTL,97.9,98,EN,2023-07-09T17:00:00.000Z
WPR,Western Pacific,Country,NIU,Niue,Year,2012,FALSE,Residence Area Type,Total,RESIDENCEAREATYPE_TOTL,98.05,98,EN,2023-07-09T17:00:00.000Z
WPR,Western Pacific,Country,NIU,Niue,Year,2011,FALSE,Residence Area Type,Total,RESIDENCEAREATYPE_TOTL,98.2,98,EN,2023-07-09T17:00:00.000Z
WPR,Western Pacific,Country,NIU,Niue,Year,2010,FALSE,Residence Area Type,Total,RESIDENCEAREATYPE_TOTL,98.35,98,EN,2023-07-09T17:00:00.000Z
WPR,Western Pacific,Country,NIU,Niue,Year,2009,FALSE,Residence Area Type,Total,RESIDENCEAREATYPE_TOTL,98.5,98,EN,2023-07-09T17:00:00.000Z
WPR,Western Pacific,Country,NIU,Niue,Year,2008,FALSE,Residence Area Type,Total,RESIDENCEAREATYPE_TOTL,98.65,99,EN,2023-07-09T17:00:00.000Z
WPR,Western Pacific,Country,NIU,Niue,Year,2007,FALSE,Residence Area Type,Total,RESIDENCEAREATYPE_TOTL,98.8,99,EN,2023-07-09T17:00:00.000Z
WPR,Western Pacific,Country,NIU,Niue,Year,2006,FALSE,Residence Area Type,Total,RESIDENCEAREATYPE_TOTL,98.95,99,EN,2023-07-09T17:00:00.000Z
WPR,Western Pacific,Country,NIU,Niue,Year,2005,FALSE,Residence Area Type,Total,RESIDENCEAREATYPE_TOTL,99.09,99,EN,2023-07-09T17:00:00.000Z
WPR,Western Pacific,Country,NIU,Niue,Year,2004,FALSE,Residence Area Type,Total,RESIDENCEAREATYPE_TOTL,99.24,99,EN,2023-07-09T17:00:00.000Z
WPR,Western Pacific,Country,NIU,Niue,Year,2003,FALSE,Residence Area Type,Total,RESIDENCEAREATYPE_TOTL,99.24,99,EN,2023-07-09T17:00:00.000Z
WPR,Western Pacific,Country,NIU,Niue,Year,2002,FALSE,Residence Area Type,Total,RESIDENCEAREATYPE_TOTL,99.24,99,EN,2023-07-09T17:00:00.000Z
WPR,Western Pacific,Country,NIU,Niue,Year,2001,FALSE,Residence Area Type,Total,RESIDENCEAREATYPE_TOTL,99.24,99,EN,2023-07-09T17:00:00.000Z
WPR,Western Pacific,Country,NIU,Niue,Year,2000,FALSE,Residence Area Type,Total,RESIDENCEAREATYPE_TOTL,99.24,99,EN,2023-07-09T17:00:00.000Z
EUR,Europe,Country,MKD,North Macedonia,Year,2022,TRUE,Residence Area Type,Total,RESIDENCEAREATYPE_TOTL,97.84,98,EN,2023-07-09T17:00:00.000Z
EUR,Europe,Country,MKD,North Macedonia,Year,2021,FALSE,Residence Area Type,Total,RESIDENCEAREATYPE_TOTL,97.84,98,EN,2023-07-09T17:00:00.000Z
EUR,Europe,Country,MKD,North Macedonia,Year,2020,FALSE,Residence Area Type,Total,RESIDENCEAREATYPE_TOTL,97.78,98,EN,2023-07-09T17:00:00.000Z
EUR,Europe,Country,MKD,North Macedonia,Year,2019,FALSE,Residence Area Type,Total,RESIDENCEAREATYPE_TOTL,97.73,98,EN,2023-07-09T17:00:00.000Z
EUR,Europe,Country,MKD,North Macedonia,Year,2018,FALSE,Residence Area Type,Total,RESIDENCEAREATYPE_TOTL,97.67,98,EN,2023-07-09T17:00:00.000Z
EUR,Europe,Country,MKD,North Macedonia,Year,2017,FALSE,Residence Area Type,Total,RESIDENCEAREATYPE_TOTL,97.61,98,EN,2023-07-09T17:00:00.000Z
EUR,Europe,Country,MKD,North Macedonia,Year,2016,FALSE,Residence Area Type,Total,RESIDENCEAREATYPE_TOTL,97.56,98,EN,2023-07-09T17:00:00.000Z
EUR,Europe,Country,MKD,North Macedonia,Year,2015,FALSE,Residence Area Type,Total,RESIDENCEAREATYPE_TOTL,97.51,98,EN,2023-07-09T17:00:00.000Z
EUR,Europe,Country,MKD,North Macedonia,Year,2014,FALSE,Residence Area Type,Total,RESIDENCEAREATYPE_TOTL,97.45,97,EN,2023-07-09T17:00:00.000Z
EUR,Europe,Country,MKD,North Macedonia,Year,2013,FALSE,Residence Area Type,Total,RESIDENCEAREATYPE_TOTL,97.4,97,EN,2023-07-09T17:00:00.000Z
EUR,Europe,Country,MKD,North Macedonia,Year,2012,FALSE,Residence Area Type,Total,RESIDENCEAREATYPE_TOTL,97.34,97,EN,2023-07-09T17:00:00.000Z
EUR,Europe,Country,MKD,North Macedonia,Year,2011,FALSE,Residence Area Type,Total,RESIDENCEAREATYPE_TOTL,97.29,97,EN,2023-07-09T17:00:00.000Z
EUR,Europe,Country,MKD,North Macedonia,Year,2010,FALSE,Residence Area Type,Total,RESIDENCEAREATYPE_TOTL,97.24,97,EN,2023-07-09T17:00:00.000Z
EUR,Europe,Country,MKD,North Macedonia,Year,2009,FALSE,Residence Area Type,Total,RESIDENCEAREATYPE_TOTL,97.18,97,EN,2023-07-09T17:00:00.000Z
EUR,Europe,Country,MKD,North Macedonia,Year,2008,FALSE,Residence Area Type,Total,RESIDENCEAREATYPE_TOTL,97.13,97,EN,2023-07-09T17:00:00.000Z
EUR,Europe,Country,MKD,North Macedonia,Year,2007,FALSE,Residence Area Type,Total,RESIDENCEAREATYPE_TOTL,97.07,97,EN,2023-07-09T17:00:00.000Z
EUR,Europe,Country,MKD,North Macedonia,Year,2006,FALSE,Residence Area Type,Total,RESIDENCEAREATYPE_TOTL,97.02,97,EN,2023-07-09T17:00:00.000Z
EUR,Europe,Country,MKD,North Macedonia,Year,2005,FALSE,Residence Area Type,Total,RESIDENCEAREATYPE_TOTL,96.96,97,EN,2023-07-09T17:00:00.000Z
EUR,Europe,Country,MKD,North Macedonia,Year,2004,FALSE,Residence Area Type,Total,RESIDENCEAREATYPE_TOTL,96.9,97,EN,2023-07-09T17:00:00.000Z
EUR,Europe,Country,MKD,North Macedonia,Year,2003,FALSE,Residence Area Type,Total,RESIDENCEAREATYPE_TOTL,96.9,97,EN,2023-07-09T17:00:00.000Z
EUR,Europe,Country,MKD,North Macedonia,Year,2002,FALSE,Residence Area Type,Total,RESIDENCEAREATYPE_TOTL,96.89,97,EN,2023-07-09T17:00:00.000Z
EUR,Europe,Country,MKD,North Macedonia,Year,2001,FALSE,Residence Area Type,Total,RESIDENCEAREATYPE_TOTL,96.89,97,EN,2023-07-09T17:00:00.000Z
EUR,Europe,Country,MKD,North Macedonia,Year,2000,FALSE,Residence Area Type,Total,RESIDENCEAREATYPE_TOTL,96.89,97,EN,2023-07-09T17:00:00.000Z
EUR,Europe,Country,NOR,Norway,Year,2022,TRUE,Residence Area Type,Total,RESIDENCEAREATYPE_TOTL,100,100,EN,2023-07-09T17:00:00.000Z
EUR,Europe,Country,NOR,Norway,Year,2021,FALSE,Residence Area Type,Total,RESIDENCEAREATYPE_TOTL,100,100,EN,2023-07-09T17:00:00.000Z
EUR,Europe,Country,NOR,Norway,Year,2020,FALSE,Residence Area Type,Total,RESIDENCEAREATYPE_TOTL,100,100,EN,2023-07-09T17:00:00.000Z
EUR,Europe,Country,NOR,Norway,Year,2019,FALSE,Residence Area Type,Total,RESIDENCEAREATYPE_TOTL,100,100,EN,2023-07-09T17:00:00.000Z
EUR,Europe,Country,NOR,Norway,Year,2018,FALSE,Residence Area Type,Total,RESIDENCEAREATYPE_TOTL,100,100,EN,2023-07-09T17:00:00.000Z
EUR,Europe,Country,NOR,Norway,Year,2017,FALSE,Residence Area Type,Total,RESIDENCEAREATYPE_TOTL,100,100,EN,2023-07-09T17:00:00.000Z
EUR,Europe,Country,NOR,Norway,Year,2016,FALSE,Residence Area Type,Total,RESIDENCEAREATYPE_TOTL,100,100,EN,2023-07-09T17:00:00.000Z
EUR,Europe,Country,NOR,Norway,Year,2015,FALSE,Residence Area Type,Total,RESIDENCEAREATYPE_TOTL,100,100,EN,2023-07-09T17:00:00.000Z
EUR,Europe,Country,NOR,Norway,Year,2014,FALSE,Residence Area Type,Total,RESIDENCEAREATYPE_TOTL,100,100,EN,2023-07-09T17:00:00.000Z
EUR,Europe,Country,NOR,Norway,Year,2013,FALSE,Residence Area Type,Total,RESIDENCEAREATYPE_TOTL,100,100,EN,2023-07-09T17:00:00.000Z
EUR,Europe,Country,NOR,Norway,Year,2012,FALSE,Residence Area Type,Total,RESIDENCEAREATYPE_TOTL,100,100,EN,2023-07-09T17:00:00.000Z
EUR,Europe,Country,NOR,Norway,Year,2011,FALSE,Residence Area Type,Total,RESIDENCEAREATYPE_TOTL,100,100,EN,2023-07-09T17:00:00.000Z
EUR,Europe,Country,NOR,Norway,Year,2010,FALSE,Residence Area Type,Total,RESIDENCEAREATYPE_TOTL,100,100,EN,2023-07-09T17:00:00.000Z
EUR,Europe,Country,NOR,Norway,Year,2009,FALSE,Residence Area Type,Total,RESIDENCEAREATYPE_TOTL,100,100,EN,2023-07-09T17:00:00.000Z
EUR,Europe,Country,NOR,Norway,Year,2008,FALSE,Residence Area Type,Total,RESIDENCEAREATYPE_TOTL,100,100,EN,2023-07-09T17:00:00.000Z
EUR,Europe,Country,NOR,Norway,Year,2007,FALSE,Residence Area Type,Total,RESIDENCEAREATYPE_TOTL,100,100,EN,2023-07-09T17:00:00.000Z
EUR,Europe,Country,NOR,Norway,Year,2006,FALSE,Residence Area Type,Total,RESIDENCEAREATYPE_TOTL,100,100,EN,2023-07-09T17:00:00.000Z
EUR,Europe,Country,NOR,Norway,Year,2005,FALSE,Residence Area Type,Total,RESIDENCEAREATYPE_TOTL,100,100,EN,2023-07-09T17:00:00.000Z
EUR,Europe,Country,NOR,Norway,Year,2004,FALSE,Residence Area Type,Total,RESIDENCEAREATYPE_TOTL,100,100,EN,2023-07-09T17:00:00.000Z
EUR,Europe,Country,NOR,Norway,Year,2003,FALSE,Residence Area Type,Total,RESIDENCEAREATYPE_TOTL,100,100,EN,2023-07-09T17:00:00.000Z
EUR,Europe,Country,NOR,Norway,Year,2002,FALSE,Residence Area Type,Total,RESIDENCEAREATYPE_TOTL,100,100,EN,2023-07-09T17:00:00.000Z
EUR,Europe,Country,NOR,Norway,Year,2001,FALSE,Residence Area Type,Total,RESIDENCEAREATYPE_TOTL,100,100,EN,2023-07-09T17:00:00.000Z
EUR,Europe,Country,NOR,Norway,Year,2000,FALSE,Residence Area Type,Total,RESIDENCEAREATYPE_TOTL,100,100,EN,2023-07-09T17:00:00.000Z
EMR,Eastern Mediterranean,Country,PSE,"occupied Palestinian territory, including east Jerusalem",Year,2022,TRUE,Residence Area Type,Total,RESIDENCEAREATYPE_TOTL,98.44,98,EN,2023-07-09T17:00:00.000Z
EMR,Eastern Mediterranean,Country,PSE,"occupied Palestinian territory, including east Jerusalem",Year,2021,FALSE,Residence Area Type,Total,RESIDENCEAREATYPE_TOTL,98.17,98,EN,2023-07-09T17:00:00.000Z
EMR,Eastern Mediterranean,Country,PSE,"occupied Palestinian territory, including east Jerusalem",Year,2020,FALSE,Residence Area Type,Total,RESIDENCEAREATYPE_TOTL,97.88,98,EN,2023-07-09T17:00:00.000Z
EMR,Eastern Mediterranean,Country,PSE,"occupied Palestinian territory, including east Jerusalem",Year,2019,FALSE,Residence Area Type,Total,RESIDENCEAREATYPE_TOTL,97.59,98,EN,2023-07-09T17:00:00.000Z
EMR,Eastern Mediterranean,Country,PSE,"occupied Palestinian territory, including east Jerusalem",Year,2018,FALSE,Residence Area Type,Total,RESIDENCEAREATYPE_TOTL,97.29,97,EN,2023-07-09T17:00:00.000Z
EMR,Eastern Mediterranean,Country,PSE,"occupied Palestinian territory, including east Jerusalem",Year,2017,FALSE,Residence Area Type,Total,RESIDENCEAREATYPE_TOTL,96.99,97,EN,2023-07-09T17:00:00.000Z
EMR,Eastern Mediterranean,Country,PSE,"occupied Palestinian territory, including east Jerusalem",Year,2016,FALSE,Residence Area Type,Total,RESIDENCEAREATYPE_TOTL,96.69,97,EN,2023-07-09T17:00:00.000Z
EMR,Eastern Mediterranean,Country,PSE,"occupied Palestinian territory, including east Jerusalem",Year,2015,FALSE,Residence Area Type,Total,RESIDENCEAREATYPE_TOTL,96.38,96,EN,2023-07-09T17:00:00.000Z
EMR,Eastern Mediterranean,Country,PSE,"occupied Palestinian territory, including east Jerusalem",Year,2014,FALSE,Residence Area Type,Total,RESIDENCEAREATYPE_TOTL,96.07,96,EN,2023-07-09T17:00:00.000Z
EMR,Eastern Mediterranean,Country,PSE,"occupied Palestinian territory, including east Jerusalem",Year,2013,FALSE,Residence Area Type,Total,RESIDENCEAREATYPE_TOTL,95.76,96,EN,2023-07-09T17:00:00.000Z
EMR,Eastern Mediterranean,Country,PSE,"occupied Palestinian territory, including east Jerusalem",Year,2012,FALSE,Residence Area Type,Total,RESIDENCEAREATYPE_TOTL,95.44,95,EN,2023-07-09T17:00:00.000Z
EMR,Eastern Mediterranean,Country,PSE,"occupied Palestinian territory, including east Jerusalem",Year,2011,FALSE,Residence Area Type,Total,RESIDENCEAREATYPE_TOTL,95.04,95,EN,2023-07-09T17:00:00.000Z
EMR,Eastern Mediterranean,Country,PSE,"occupied Palestinian territory, including east Jerusalem",Year,2010,FALSE,Residence Area Type,Total,RESIDENCEAREATYPE_TOTL,94.65,95,EN,2023-07-09T17:00:00.000Z
EMR,Eastern Mediterranean,Country,PSE,"occupied Palestinian territory, including east Jerusalem",Year,2009,FALSE,Residence Area Type,Total,RESIDENCEAREATYPE_TOTL,94.25,94,EN,2023-07-09T17:00:00.000Z
EMR,Eastern Mediterranean,Country,PSE,"occupied Palestinian territory, including east Jerusalem",Year,2008,FALSE,Residence Area Type,Total,RESIDENCEAREATYPE_TOTL,93.85,94,EN,2023-07-09T17:00:00.000Z
EMR,Eastern Mediterranean,Country,PSE,"occupied Palestinian territory, including east Jerusalem",Year,2007,FALSE,Residence Area Type,Total,RESIDENCEAREATYPE_TOTL,93.46,93,EN,2023-07-09T17:00:00.000Z
EMR,Eastern Mediterranean,Country,PSE,"occupied Palestinian territory, including east Jerusalem",Year,2006,FALSE,Residence Area Type,Total,RESIDENCEAREATYPE_TOTL,93.06,93,EN,2023-07-09T17:00:00.000Z
EMR,Eastern Mediterranean,Country,PSE,"occupied Palestinian territory, including east Jerusalem",Year,2005,FALSE,Residence Area Type,Total,RESIDENCEAREATYPE_TOTL,92.66,93,EN,2023-07-09T17:00:00.000Z
EMR,Eastern Mediterranean,Country,PSE,"occupied Palestinian territory, including east Jerusalem",Year,2004,FALSE,Residence Area Type,Total,RESIDENCEAREATYPE_TOTL,92.26,92,EN,2023-07-09T17:00:00.000Z
EMR,Eastern Mediterranean,Country,PSE,"occupied Palestinian territory, including east Jerusalem",Year,2003,FALSE,Residence Area Type,Total,RESIDENCEAREATYPE_TOTL,91.86,92,EN,2023-07-09T17:00:00.000Z
EMR,Eastern Mediterranean,Country,PSE,"occupied Palestinian territory, including east Jerusalem",Year,2002,FALSE,Residence Area Type,Total,RESIDENCEAREATYPE_TOTL,91.45,91,EN,2023-07-09T17:00:00.000Z
EMR,Eastern Mediterranean,Country,PSE,"occupied Palestinian territory, including east Jerusalem",Year,2001,FALSE,Residence Area Type,Total,RESIDENCEAREATYPE_TOTL,91.05,91,EN,2023-07-09T17:00:00.000Z
EMR,Eastern Mediterranean,Country,PSE,"occupied Palestinian territory, including east Jerusalem",Year,2000,FALSE,Residence Area Type,Total,RESIDENCEAREATYPE_TOTL,90.65,91,EN,2023-07-09T17:00:00.000Z
EMR,Eastern Mediterranean,Country,OMN,Oman,Year,2022,TRUE,Residence Area Type,Total,RESIDENCEAREATYPE_TOTL,92.44,92,EN,2023-07-09T17:00:00.000Z
EMR,Eastern Mediterranean,Country,OMN,Oman,Year,2021,FALSE,Residence Area Type,Total,RESIDENCEAREATYPE_TOTL,92.31,92,EN,2023-07-09T17:00:00.000Z
EMR,Eastern Mediterranean,Country,OMN,Oman,Year,2020,FALSE,Residence Area Type,Total,RESIDENCEAREATYPE_TOTL,92.17,92,EN,2023-07-09T17:00:00.000Z
EMR,Eastern Mediterranean,Country,OMN,Oman,Year,2019,FALSE,Residence Area Type,Total,RESIDENCEAREATYPE_TOTL,91.89,92,EN,2023-07-09T17:00:00.000Z
EMR,Eastern Mediterranean,Country,OMN,Oman,Year,2018,FALSE,Residence Area Type,Total,RESIDENCEAREATYPE_TOTL,91.52,92,EN,2023-07-09T17:00:00.000Z
EMR,Eastern Mediterranean,Country,OMN,Oman,Year,2017,FALSE,Residence Area Type,Total,RESIDENCEAREATYPE_TOTL,91.11,91,EN,2023-07-09T17:00:00.000Z
EMR,Eastern Mediterranean,Country,OMN,Oman,Year,2016,FALSE,Residence Area Type,Total,RESIDENCEAREATYPE_TOTL,90.69,91,EN,2023-07-09T17:00:00.000Z
EMR,Eastern Mediterranean,Country,OMN,Oman,Year,2015,FALSE,Residence Area Type,Total,RESIDENCEAREATYPE_TOTL,90.24,90,EN,2023-07-09T17:00:00.000Z
EMR,Eastern Mediterranean,Country,OMN,Oman,Year,2014,FALSE,Residence Area Type,Total,RESIDENCEAREATYPE_TOTL,89.77,90,EN,2023-07-09T17:00:00.000Z
EMR,Eastern Mediterranean,Country,OMN,Oman,Year,2013,FALSE,Residence Area Type,Total,RESIDENCEAREATYPE_TOTL,89.29,89,EN,2023-07-09T17:00:00.000Z
EMR,Eastern Mediterranean,Country,OMN,Oman,Year,2012,FALSE,Residence Area Type,Total,RESIDENCEAREATYPE_TOTL,88.8,89,EN,2023-07-09T17:00:00.000Z
EMR,Eastern Mediterranean,Country,OMN,Oman,Year,2011,FALSE,Residence Area Type,Total,RESIDENCEAREATYPE_TOTL,88.29,88,EN,2023-07-09T17:00:00.000Z
EMR,Eastern Mediterranean,Country,OMN,Oman,Year,2010,FALSE,Residence Area Type,Total,RESIDENCEAREATYPE_TOTL,87.84,88,EN,2023-07-09T17:00:00.000Z
EMR,Eastern Mediterranean,Country,OMN,Oman,Year,2009,FALSE,Residence Area Type,Total,RESIDENCEAREATYPE_TOTL,87.49,87,EN,2023-07-09T17:00:00.000Z
EMR,Eastern Mediterranean,Country,OMN,Oman,Year,2008,FALSE,Residence Area Type,Total,RESIDENCEAREATYPE_TOTL,87.14,87,EN,2023-07-09T17:00:00.000Z
EMR,Eastern Mediterranean,Country,OMN,Oman,Year,2007,FALSE,Residence Area Type,Total,RESIDENCEAREATYPE_TOTL,86.78,87,EN,2023-07-09T17:00:00.000Z
EMR,Eastern Mediterranean,Country,OMN,Oman,Year,2006,FALSE,Residence Area Type,Total,RESIDENCEAREATYPE_TOTL,86.42,86,EN,2023-07-09T17:00:00.000Z
EMR,Eastern Mediterranean,Country,OMN,Oman,Year,2005,FALSE,Residence Area Type,Total,RESIDENCEAREATYPE_TOTL,86.06,86,EN,2023-07-09T17:00:00.000Z
EMR,Eastern Mediterranean,Country,OMN,Oman,Year,2004,FALSE,Residence Area Type,Total,RESIDENCEAREATYPE_TOTL,85.69,86,EN,2023-07-09T17:00:00.000Z
EMR,Eastern Mediterranean,Country,OMN,Oman,Year,2003,FALSE,Residence Area Type,Total,RESIDENCEAREATYPE_TOTL,85.63,86,EN,2023-07-09T17:00:00.000Z
EMR,Eastern Mediterranean,Country,OMN,Oman,Year,2002,FALSE,Residence Area Type,Total,RESIDENCEAREATYPE_TOTL,85.63,86,EN,2023-07-09T17:00:00.000Z
EMR,Eastern Mediterranean,Country,OMN,Oman,Year,2001,FALSE,Residence Area Type,Total,RESIDENCEAREATYPE_TOTL,85.63,86,EN,2023-07-09T17:00:00.000Z
EMR,Eastern Mediterranean,Country,OMN,Oman,Year,2000,FALSE,Residence Area Type,Total,RESIDENCEAREATYPE_TOTL,85.64,86,EN,2023-07-09T17:00:00.000Z
EMR,Eastern Mediterranean,Country,PAK,Pakistan,Year,2022,TRUE,Residence Area Type,Total,RESIDENCEAREATYPE_TOTL,90.63,91,EN,2023-07-09T17:00:00.000Z
EMR,Eastern Mediterranean,Country,PAK,Pakistan,Year,2021,FALSE,Residence Area Type,Total,RESIDENCEAREATYPE_TOTL,90.48,90,EN,2023-07-09T17:00:00.000Z
EMR,Eastern Mediterranean,Country,PAK,Pakistan,Year,2020,FALSE,Residence Area Type,Total,RESIDENCEAREATYPE_TOTL,90.34,90,EN,2023-07-09T17:00:00.000Z
EMR,Eastern Mediterranean,Country,PAK,Pakistan,Year,2019,FALSE,Residence Area Type,Total,RESIDENCEAREATYPE_TOTL,90.19,90,EN,2023-07-09T17:00:00.000Z
EMR,Eastern Mediterranean,Country,PAK,Pakistan,Year,2018,FALSE,Residence Area Type,Total,RESIDENCEAREATYPE_TOTL,90.04,90,EN,2023-07-09T17:00:00.000Z
EMR,Eastern Mediterranean,Country,PAK,Pakistan,Year,2017,FALSE,Residence Area Type,Total,RESIDENCEAREATYPE_TOTL,89.89,90,EN,2023-07-09T17:00:00.000Z
EMR,Eastern Mediterranean,Country,PAK,Pakistan,Year,2016,FALSE,Residence Area Type,Total,RESIDENCEAREATYPE_TOTL,89.74,90,EN,2023-07-09T17:00:00.000Z
EMR,Eastern Mediterranean,Country,PAK,Pakistan,Year,2015,FALSE,Residence Area Type,Total,RESIDENCEAREATYPE_TOTL,89.59,90,EN,2023-07-09T17:00:00.000Z
EMR,Eastern Mediterranean,Country,PAK,Pakistan,Year,2014,FALSE,Residence Area Type,Total,RESIDENCEAREATYPE_TOTL,89.44,89,EN,2023-07-09T17:00:00.000Z
EMR,Eastern Mediterranean,Country,PAK,Pakistan,Year,2013,FALSE,Residence Area Type,Total,RESIDENCEAREATYPE_TOTL,89.28,89,EN,2023-07-09T17:00:00.000Z
EMR,Eastern Mediterranean,Country,PAK,Pakistan,Year,2012,FALSE,Residence Area Type,Total,RESIDENCEAREATYPE_TOTL,89.12,89,EN,2023-07-09T17:00:00.000Z
EMR,Eastern Mediterranean,Country,PAK,Pakistan,Year,2011,FALSE,Residence Area Type,Total,RESIDENCEAREATYPE_TOTL,88.97,89,EN,2023-07-09T17:00:00.000Z
EMR,Eastern Mediterranean,Country,PAK,Pakistan,Year,2010,FALSE,Residence Area Type,Total,RESIDENCEAREATYPE_TOTL,88.8,89,EN,2023-07-09T17:00:00.000Z
EMR,Eastern Mediterranean,Country,PAK,Pakistan,Year,2009,FALSE,Residence Area Type,Total,RESIDENCEAREATYPE_TOTL,88.64,89,EN,2023-07-09T17:00:00.000Z
EMR,Eastern Mediterranean,Country,PAK,Pakistan,Year,2008,FALSE,Residence Area Type,Total,RESIDENCEAREATYPE_TOTL,88.48,88,EN,2023-07-09T17:00:00.000Z
EMR,Eastern Mediterranean,Country,PAK,Pakistan,Year,2007,FALSE,Residence Area Type,Total,RESIDENCEAREATYPE_TOTL,88.31,88,EN,2023-07-09T17:00:00.000Z
EMR,Eastern Mediterranean,Country,PAK,Pakistan,Year,2006,FALSE,Residence Area Type,Total,RESIDENCEAREATYPE_TOTL,88.14,88,EN,2023-07-09T17:00:00.000Z
EMR,Eastern Mediterranean,Country,PAK,Pakistan,Year,2005,FALSE,Residence Area Type,Total,RESIDENCEAREATYPE_TOTL,87.99,88,EN,2023-07-09T17:00:00.000Z
EMR,Eastern Mediterranean,Country,PAK,Pakistan,Year,2004,FALSE,Residence Area Type,Total,RESIDENCEAREATYPE_TOTL,88.31,88,EN,2023-07-09T17:00:00.000Z
EMR,Eastern Mediterranean,Country,PAK,Pakistan,Year,2003,FALSE,Residence Area Type,Total,RESIDENCEAREATYPE_TOTL,88.07,88,EN,2023-07-09T17:00:00.000Z
EMR,Eastern Mediterranean,Country,PAK,Pakistan,Year,2002,FALSE,Residence Area Type,Total,RESIDENCEAREATYPE_TOTL,87.84,88,EN,2023-07-09T17:00:00.000Z
EMR,Eastern Mediterranean,Country,PAK,Pakistan,Year,2001,FALSE,Residence Area Type,Total,RESIDENCEAREATYPE_TOTL,87.6,88,EN,2023-07-09T17:00:00.000Z
EMR,Eastern Mediterranean,Country,PAK,Pakistan,Year,2000,FALSE,Residence Area Type,Total,RESIDENCEAREATYPE_TOTL,87.36,87,EN,2023-07-09T17:00:00.000Z
WPR,Western Pacific,Country,PLW,Palau,Year,2022,TRUE,Residence Area Type,Total,RESIDENCEAREATYPE_TOTL,99.57,100,EN,2023-07-09T17:00:00.000Z
WPR,Western Pacific,Country,PLW,Palau,Year,2021,FALSE,Residence Area Type,Total,RESIDENCEAREATYPE_TOTL,99.56,100,EN,2023-07-09T17:00:00.000Z
WPR,Western Pacific,Country,PLW,Palau,Year,2020,FALSE,Residence Area Type,Total,RESIDENCEAREATYPE_TOTL,99.56,100,EN,2023-07-09T17:00:00.000Z
WPR,Western Pacific,Country,PLW,Palau,Year,2019,FALSE,Residence Area Type,Total,RESIDENCEAREATYPE_TOTL,99.55,100,EN,2023-07-09T17:00:00.000Z
WPR,Western Pacific,Country,PLW,Palau,Year,2018,FALSE,Residence Area Type,Total,RESIDENCEAREATYPE_TOTL,99.54,100,EN,2023-07-09T17:00:00.000Z
WPR,Western Pacific,Country,PLW,Palau,Year,2017,FALSE,Residence Area Type,Total,RESIDENCEAREATYPE_TOTL,99.54,100,EN,2023-07-09T17:00:00.000Z
WPR,Western Pacific,Country,PLW,Palau,Year,2016,FALSE,Residence Area Type,Total,RESIDENCEAREATYPE_TOTL,99.53,100,EN,2023-07-09T17:00:00.000Z
WPR,Western Pacific,Country,PLW,Palau,Year,2015,FALSE,Residence Area Type,Total,RESIDENCEAREATYPE_TOTL,99.52,100,EN,2023-07-09T17:00:00.000Z
WPR,Western Pacific,Country,PLW,Palau,Year,2014,FALSE,Residence Area Type,Total,RESIDENCEAREATYPE_TOTL,99.51,100,EN,2023-07-09T17:00:00.000Z
WPR,Western Pacific,Country,PLW,Palau,Year,2013,FALSE,Residence Area Type,Total,RESIDENCEAREATYPE_TOTL,99.5,100,EN,2023-07-09T17:00:00.000Z
WPR,Western Pacific,Country,PLW,Palau,Year,2012,FALSE,Residence Area Type,Total,RESIDENCEAREATYPE_TOTL,99.49,99,EN,2023-07-09T17:00:00.000Z
WPR,Western Pacific,Country,PLW,Palau,Year,2011,FALSE,Residence Area Type,Total,RESIDENCEAREATYPE_TOTL,99.48,99,EN,2023-07-09T17:00:00.000Z
WPR,Western Pacific,Country,PLW,Palau,Year,2010,FALSE,Residence Area Type,Total,RESIDENCEAREATYPE_TOTL,99.47,99,EN,2023-07-09T17:00:00.000Z
WPR,Western Pacific,Country,PLW,Palau,Year,2009,FALSE,Residence Area Type,Total,RESIDENCEAREATYPE_TOTL,99.46,99,EN,2023-07-09T17:00:00.000Z
WPR,Western Pacific,Country,PLW,Palau,Year,2008,FALSE,Residence Area Type,Total,RESIDENCEAREATYPE_TOTL,99.45,99,EN,2023-07-09T17:00:00.000Z
WPR,Western Pacific,Country,PLW,Palau,Year,2007,FALSE,Residence Area Type,Total,RESIDENCEAREATYPE_TOTL,99.43,99,EN,2023-07-09T17:00:00.000Z
WPR,Western Pacific,Country,PLW,Palau,Year,2006,FALSE,Residence Area Type,Total,RESIDENCEAREATYPE_TOTL,99.42,99,EN,2023-07-09T17:00:00.000Z
WPR,Western Pacific,Country,PLW,Palau,Year,2005,FALSE,Residence Area Type,Total,RESIDENCEAREATYPE_TOTL,99.41,99,EN,2023-07-09T17:00:00.000Z
WPR,Western Pacific,Country,PLW,Palau,Year,2004,FALSE,Residence Area Type,Total,RESIDENCEAREATYPE_TOTL,99.39,99,EN,2023-07-09T17:00:00.000Z
WPR,Western Pacific,Country,PLW,Palau,Year,2003,FALSE,Residence Area Type,Total,RESIDENCEAREATYPE_TOTL,99.38,99,EN,2023-07-09T17:00:00.000Z
WPR,Western Pacific,Country,PLW,Palau,Year,2002,FALSE,Residence Area Type,Total,RESIDENCEAREATYPE_TOTL,99.37,99,EN,2023-07-09T17:00:00.000Z
WPR,Western Pacific,Country,PLW,Palau,Year,2001,FALSE,Residence Area Type,Total,RESIDENCEAREATYPE_TOTL,99.36,99,EN,2023-07-09T17:00:00.000Z
WPR,Western Pacific,Country,PLW,Palau,Year,2000,FALSE,Residence Area Type,Total,RESIDENCEAREATYPE_TOTL,99.36,99,EN,2023-07-09T17:00:00.000Z
AMR,Americas,Country,PAN,Panama,Year,2022,TRUE,Residence Area Type,Total,RESIDENCEAREATYPE_TOTL,94.65,95,EN,2023-07-09T17:00:00.000Z
AMR,Americas,Country,PAN,Panama,Year,2021,FALSE,Residence Area Type,Total,RESIDENCEAREATYPE_TOTL,94.61,95,EN,2023-07-09T17:00:00.000Z
AMR,Americas,Country,PAN,Panama,Year,2020,FALSE,Residence Area Type,Total,RESIDENCEAREATYPE_TOTL,94.4,94,EN,2023-07-09T17:00:00.000Z
AMR,Americas,Country,PAN,Panama,Year,2019,FALSE,Residence Area Type,Total,RESIDENCEAREATYPE_TOTL,94.18,94,EN,2023-07-09T17:00:00.000Z
AMR,Americas,Country,PAN,Panama,Year,2018,FALSE,Residence Area Type,Total,RESIDENCEAREATYPE_TOTL,93.9,94,EN,2023-07-09T17:00:00.000Z
AMR,Americas,Country,PAN,Panama,Year,2017,FALSE,Residence Area Type,Total,RESIDENCEAREATYPE_TOTL,93.57,94,EN,2023-07-09T17:00:00.000Z
AMR,Americas,Country,PAN,Panama,Year,2016,FALSE,Residence Area Type,Total,RESIDENCEAREATYPE_TOTL,93.24,93,EN,2023-07-09T17:00:00.000Z
AMR,Americas,Country,PAN,Panama,Year,2015,FALSE,Residence Area Type,Total,RESIDENCEAREATYPE_TOTL,92.91,93,EN,2023-07-09T17:00:00.000Z
AMR,Americas,Country,PAN,Panama,Year,2014,FALSE,Residence Area Type,Total,RESIDENCEAREATYPE_TOTL,92.74,93,EN,2023-07-09T17:00:00.000Z
AMR,Americas,Country,PAN,Panama,Year,2013,FALSE,Residence Area Type,Total,RESIDENCEAREATYPE_TOTL,92.55,93,EN,2023-07-09T17:00:00.000Z
AMR,Americas,Country,PAN,Panama,Year,2012,FALSE,Residence Area Type,Total,RESIDENCEAREATYPE_TOTL,92.37,92,EN,2023-07-09T17:00:00.000Z
AMR,Americas,Country,PAN,Panama,Year,2011,FALSE,Residence Area Type,Total,RESIDENCEAREATYPE_TOTL,92.19,92,EN,2023-07-09T17:00:00.000Z
AMR,Americas,Country,PAN,Panama,Year,2010,FALSE,Residence Area Type,Total,RESIDENCEAREATYPE_TOTL,92,92,EN,2023-07-09T17:00:00.000Z
AMR,Americas,Country,PAN,Panama,Year,2009,FALSE,Residence Area Type,Total,RESIDENCEAREATYPE_TOTL,91.81,92,EN,2023-07-09T17:00:00.000Z
AMR,Americas,Country,PAN,Panama,Year,2008,FALSE,Residence Area Type,Total,RESIDENCEAREATYPE_TOTL,91.62,92,EN,2023-07-09T17:00:00.000Z
AMR,Americas,Country,PAN,Panama,Year,2007,FALSE,Residence Area Type,Total,RESIDENCEAREATYPE_TOTL,91.43,91,EN,2023-07-09T17:00:00.000Z
AMR,Americas,Country,PAN,Panama,Year,2006,FALSE,Residence Area Type,Total,RESIDENCEAREATYPE_TOTL,91.23,91,EN,2023-07-09T17:00:00.000Z
AMR,Americas,Country,PAN,Panama,Year,2005,FALSE,Residence Area Type,Total,RESIDENCEAREATYPE_TOTL,91.03,91,EN,2023-07-09T17:00:00.000Z
AMR,Americas,Country,PAN,Panama,Year,2004,FALSE,Residence Area Type,Total,RESIDENCEAREATYPE_TOTL,90.83,91,EN,2023-07-09T17:00:00.000Z
AMR,Americas,Country,PAN,Panama,Year,2003,FALSE,Residence Area Type,Total,RESIDENCEAREATYPE_TOTL,90.61,91,EN,2023-07-09T17:00:00.000Z
AMR,Americas,Country,PAN,Panama,Year,2002,FALSE,Residence Area Type,Total,RESIDENCEAREATYPE_TOTL,90.28,90,EN,2023-07-09T17:00:00.000Z
AMR,Americas,Country,PAN,Panama,Year,2001,FALSE,Residence Area Type,Total,RESIDENCEAREATYPE_TOTL,89.92,90,EN,2023-07-09T17:00:00.000Z
AMR,Americas,Country,PAN,Panama,Year,2000,FALSE,Residence Area Type,Total,RESIDENCEAREATYPE_TOTL,89.56,90,EN,2023-07-09T17:00:00.000Z
WPR,Western Pacific,Country,PNG,Papua New Guinea,Year,2022,TRUE,Residence Area Type,Total,RESIDENCEAREATYPE_TOTL,50.24,50,EN,2023-07-09T17:00:00.000Z
WPR,Western Pacific,Country,PNG,Papua New Guinea,Year,2021,FALSE,Residence Area Type,Total,RESIDENCEAREATYPE_TOTL,49.17,49,EN,2023-07-09T17:00:00.000Z
WPR,Western Pacific,Country,PNG,Papua New Guinea,Year,2020,FALSE,Residence Area Type,Total,RESIDENCEAREATYPE_TOTL,48.11,48,EN,2023-07-09T17:00:00.000Z
WPR,Western Pacific,Country,PNG,Papua New Guinea,Year,2019,FALSE,Residence Area Type,Total,RESIDENCEAREATYPE_TOTL,47.08,47,EN,2023-07-09T17:00:00.000Z
WPR,Western Pacific,Country,PNG,Papua New Guinea,Year,2018,FALSE,Residence Area Type,Total,RESIDENCEAREATYPE_TOTL,46.05,46,EN,2023-07-09T17:00:00.000Z
WPR,Western Pacific,Country,PNG,Papua New Guinea,Year,2017,FALSE,Residence Area Type,Total,RESIDENCEAREATYPE_TOTL,45.02,45,EN,2023-07-09T17:00:00.000Z
WPR,Western Pacific,Country,PNG,Papua New Guinea,Year,2016,FALSE,Residence Area Type,Total,RESIDENCEAREATYPE_TOTL,43.99,44,EN,2023-07-09T17:00:00.000Z
WPR,Western Pacific,Country,PNG,Papua New Guinea,Year,2015,FALSE,Residence Area Type,Total,RESIDENCEAREATYPE_TOTL,42.97,43,EN,2023-07-09T17:00:00.000Z
WPR,Western Pacific,Country,PNG,Papua New Guinea,Year,2014,FALSE,Residence Area Type,Total,RESIDENCEAREATYPE_TOTL,41.95,42,EN,2023-07-09T17:00:00.000Z
WPR,Western Pacific,Country,PNG,Papua New Guinea,Year,2013,FALSE,Residence Area Type,Total,RESIDENCEAREATYPE_TOTL,40.93,41,EN,2023-07-09T17:00:00.000Z
WPR,Western Pacific,Country,PNG,Papua New Guinea,Year,2012,FALSE,Residence Area Type,Total,RESIDENCEAREATYPE_TOTL,39.91,40,EN,2023-07-09T17:00:00.000Z
WPR,Western Pacific,Country,PNG,Papua New Guinea,Year,2011,FALSE,Residence Area Type,Total,RESIDENCEAREATYPE_TOTL,38.9,39,EN,2023-07-09T17:00:00.000Z
WPR,Western Pacific,Country,PNG,Papua New Guinea,Year,2010,FALSE,Residence Area Type,Total,RESIDENCEAREATYPE_TOTL,37.88,38,EN,2023-07-09T17:00:00.000Z
WPR,Western Pacific,Country,PNG,Papua New Guinea,Year,2009,FALSE,Residence Area Type,Total,RESIDENCEAREATYPE_TOTL,36.86,37,EN,2023-07-09T17:00:00.000Z
WPR,Western Pacific,Country,PNG,Papua New Guinea,Year,2008,FALSE,Residence Area Type,Total,RESIDENCEAREATYPE_TOTL,35.83,36,EN,2023-07-09T17:00:00.000Z
WPR,Western Pacific,Country,PNG,Papua New Guinea,Year,2007,FALSE,Residence Area Type,Total,RESIDENCEAREATYPE_TOTL,34.8,35,EN,2023-07-09T17:00:00.000Z
WPR,Western Pacific,Country,PNG,Papua New Guinea,Year,2006,FALSE,Residence Area Type,Total,RESIDENCEAREATYPE_TOTL,33.77,34,EN,2023-07-09T17:00:00.000Z
WPR,Western Pacific,Country,PNG,Papua New Guinea,Year,2005,FALSE,Residence Area Type,Total,RESIDENCEAREATYPE_TOTL,32.74,33,EN,2023-07-09T17:00:00.000Z
WPR,Western Pacific,Country,PNG,Papua New Guinea,Year,2004,FALSE,Residence Area Type,Total,RESIDENCEAREATYPE_TOTL,31.71,32,EN,2023-07-09T17:00:00.000Z
WPR,Western Pacific,Country,PNG,Papua New Guinea,Year,2003,FALSE,Residence Area Type,Total,RESIDENCEAREATYPE_TOTL,31.72,32,EN,2023-07-09T17:00:00.000Z
WPR,Western Pacific,Country,PNG,Papua New Guinea,Year,2002,FALSE,Residence Area Type,Total,RESIDENCEAREATYPE_TOTL,31.73,32,EN,2023-07-09T17:00:00.000Z
WPR,Western Pacific,Country,PNG,Papua New Guinea,Year,2001,FALSE,Residence Area Type,Total,RESIDENCEAREATYPE_TOTL,31.74,32,EN,2023-07-09T17:00:00.000Z
WPR,Western Pacific,Country,PNG,Papua New Guinea,Year,2000,FALSE,Residence Area Type,Total,RESIDENCEAREATYPE_TOTL,31.75,32,EN,2023-07-09T17:00:00.000Z
AMR,Americas,Country,PRY,Paraguay,Year,2022,TRUE,Residence Area Type,Total,RESIDENCEAREATYPE_TOTL,99.6,100,EN,2023-07-09T17:00:00.000Z
AMR,Americas,Country,PRY,Paraguay,Year,2021,FALSE,Residence Area Type,Total,RESIDENCEAREATYPE_TOTL,99.6,100,EN,2023-07-09T17:00:00.000Z
AMR,Americas,Country,PRY,Paraguay,Year,2020,FALSE,Residence Area Type,Total,RESIDENCEAREATYPE_TOTL,99.59,100,EN,2023-07-09T17:00:00.000Z
AMR,Americas,Country,PRY,Paraguay,Year,2019,FALSE,Residence Area Type,Total,RESIDENCEAREATYPE_TOTL,99.59,100,EN,2023-07-09T17:00:00.000Z
AMR,Americas,Country,PRY,Paraguay,Year,2018,FALSE,Residence Area Type,Total,RESIDENCEAREATYPE_TOTL,99.52,100,EN,2023-07-09T17:00:00.000Z
AMR,Americas,Country,PRY,Paraguay,Year,2017,FALSE,Residence Area Type,Total,RESIDENCEAREATYPE_TOTL,98.37,98,EN,2023-07-09T17:00:00.000Z
AMR,Americas,Country,PRY,Paraguay,Year,2016,FALSE,Residence Area Type,Total,RESIDENCEAREATYPE_TOTL,97.2,97,EN,2023-07-09T17:00:00.000Z
AMR,Americas,Country,PRY,Paraguay,Year,2015,FALSE,Residence Area Type,Total,RESIDENCEAREATYPE_TOTL,96.02,96,EN,2023-07-09T17:00:00.000Z
AMR,Americas,Country,PRY,Paraguay,Year,2014,FALSE,Residence Area Type,Total,RESIDENCEAREATYPE_TOTL,94.83,95,EN,2023-07-09T17:00:00.000Z
AMR,Americas,Country,PRY,Paraguay,Year,2013,FALSE,Residence Area Type,Total,RESIDENCEAREATYPE_TOTL,93.62,94,EN,2023-07-09T17:00:00.000Z
AMR,Americas,Country,PRY,Paraguay,Year,2012,FALSE,Residence Area Type,Total,RESIDENCEAREATYPE_TOTL,92.4,92,EN,2023-07-09T17:00:00.000Z
AMR,Americas,Country,PRY,Paraguay,Year,2011,FALSE,Residence Area Type,Total,RESIDENCEAREATYPE_TOTL,91.16,91,EN,2023-07-09T17:00:00.000Z
AMR,Americas,Country,PRY,Paraguay,Year,2010,FALSE,Residence Area Type,Total,RESIDENCEAREATYPE_TOTL,89.9,90,EN,2023-07-09T17:00:00.000Z
AMR,Americas,Country,PRY,Paraguay,Year,2009,FALSE,Residence Area Type,Total,RESIDENCEAREATYPE_TOTL,88.63,89,EN,2023-07-09T17:00:00.000Z
AMR,Americas,Country,PRY,Paraguay,Year,2008,FALSE,Residence Area Type,Total,RESIDENCEAREATYPE_TOTL,87.35,87,EN,2023-07-09T17:00:00.000Z
AMR,Americas,Country,PRY,Paraguay,Year,2007,FALSE,Residence Area Type,Total,RESIDENCEAREATYPE_TOTL,86.05,86,EN,2023-07-09T17:00:00.000Z
AMR,Americas,Country,PRY,Paraguay,Year,2006,FALSE,Residence Area Type,Total,RESIDENCEAREATYPE_TOTL,84.73,85,EN,2023-07-09T17:00:00.000Z
AMR,Americas,Country,PRY,Paraguay,Year,2005,FALSE,Residence Area Type,Total,RESIDENCEAREATYPE_TOTL,83.4,83,EN,2023-07-09T17:00:00.000Z
AMR,Americas,Country,PRY,Paraguay,Year,2004,FALSE,Residence Area Type,Total,RESIDENCEAREATYPE_TOTL,82.06,82,EN,2023-07-09T17:00:00.000Z
AMR,Americas,Country,PRY,Paraguay,Year,2003,FALSE,Residence Area Type,Total,RESIDENCEAREATYPE_TOTL,80.7,81,EN,2023-07-09T17:00:00.000Z
AMR,Americas,Country,PRY,Paraguay,Year,2002,FALSE,Residence Area Type,Total,RESIDENCEAREATYPE_TOTL,79.3,79,EN,2023-07-09T17:00:00.000Z
AMR,Americas,Country,PRY,Paraguay,Year,2001,FALSE,Residence Area Type,Total,RESIDENCEAREATYPE_TOTL,77.79,78,EN,2023-07-09T17:00:00.000Z
AMR,Americas,Country,PRY,Paraguay,Year,2000,FALSE,Residence Area Type,Total,RESIDENCEAREATYPE_TOTL,76.24,76,EN,2023-07-09T17:00:00.000Z
AMR,Americas,Country,PER,Peru,Year,2022,TRUE,Residence Area Type,Total,RESIDENCEAREATYPE_TOTL,94.81,95,EN,2023-07-09T17:00:00.000Z
AMR,Americas,Country,PER,Peru,Year,2021,FALSE,Residence Area Type,Total,RESIDENCEAREATYPE_TOTL,94.21,94,EN,2023-07-09T17:00:00.000Z
AMR,Americas,Country,PER,Peru,Year,2020,FALSE,Residence Area Type,Total,RESIDENCEAREATYPE_TOTL,93.61,94,EN,2023-07-09T17:00:00.000Z
AMR,Americas,Country,PER,Peru,Year,2019,FALSE,Residence Area Type,Total,RESIDENCEAREATYPE_TOTL,93,93,EN,2023-07-09T17:00:00.000Z
AMR,Americas,Country,PER,Peru,Year,2018,FALSE,Residence Area Type,Total,RESIDENCEAREATYPE_TOTL,92.4,92,EN,2023-07-09T17:00:00.000Z
AMR,Americas,Country,PER,Peru,Year,2017,FALSE,Residence Area Type,Total,RESIDENCEAREATYPE_TOTL,91.78,92,EN,2023-07-09T17:00:00.000Z
AMR,Americas,Country,PER,Peru,Year,2016,FALSE,Residence Area Type,Total,RESIDENCEAREATYPE_TOTL,91.17,91,EN,2023-07-09T17:00:00.000Z
AMR,Americas,Country,PER,Peru,Year,2015,FALSE,Residence Area Type,Total,RESIDENCEAREATYPE_TOTL,90.55,91,EN,2023-07-09T17:00:00.000Z
AMR,Americas,Country,PER,Peru,Year,2014,FALSE,Residence Area Type,Total,RESIDENCEAREATYPE_TOTL,89.93,90,EN,2023-07-09T17:00:00.000Z
AMR,Americas,Country,PER,Peru,Year,2013,FALSE,Residence Area Type,Total,RESIDENCEAREATYPE_TOTL,89.3,89,EN,2023-07-09T17:00:00.000Z
AMR,Americas,Country,PER,Peru,Year,2012,FALSE,Residence Area Type,Total,RESIDENCEAREATYPE_TOTL,88.67,89,EN,2023-07-09T17:00:00.000Z
AMR,Americas,Country,PER,Peru,Year,2011,FALSE,Residence Area Type,Total,RESIDENCEAREATYPE_TOTL,88.03,88,EN,2023-07-09T17:00:00.000Z
AMR,Americas,Country,PER,Peru,Year,2010,FALSE,Residence Area Type,Total,RESIDENCEAREATYPE_TOTL,87.39,87,EN,2023-07-09T17:00:00.000Z
AMR,Americas,Country,PER,Peru,Year,2009,FALSE,Residence Area Type,Total,RESIDENCEAREATYPE_TOTL,86.75,87,EN,2023-07-09T17:00:00.000Z
AMR,Americas,Country,PER,Peru,Year,2008,FALSE,Residence Area Type,Total,RESIDENCEAREATYPE_TOTL,86.1,86,EN,2023-07-09T17:00:00.000Z
AMR,Americas,Country,PER,Peru,Year,2007,FALSE,Residence Area Type,Total,RESIDENCEAREATYPE_TOTL,85.43,85,EN,2023-07-09T17:00:00.000Z
AMR,Americas,Country,PER,Peru,Year,2006,FALSE,Residence Area Type,Total,RESIDENCEAREATYPE_TOTL,84.7,85,EN,2023-07-09T17:00:00.000Z
AMR,Americas,Country,PER,Peru,Year,2005,FALSE,Residence Area Type,Total,RESIDENCEAREATYPE_TOTL,83.97,84,EN,2023-07-09T17:00:00.000Z
AMR,Americas,Country,PER,Peru,Year,2004,FALSE,Residence Area Type,Total,RESIDENCEAREATYPE_TOTL,83.23,83,EN,2023-07-09T17:00:00.000Z
AMR,Americas,Country,PER,Peru,Year,2003,FALSE,Residence Area Type,Total,RESIDENCEAREATYPE_TOTL,82.47,82,EN,2023-07-09T17:00:00.000Z
AMR,Americas,Country,PER,Peru,Year,2002,FALSE,Residence Area Type,Total,RESIDENCEAREATYPE_TOTL,81.71,82,EN,2023-07-09T17:00:00.000Z
AMR,Americas,Country,PER,Peru,Year,2001,FALSE,Residence Area Type,Total,RESIDENCEAREATYPE_TOTL,80.93,81,EN,2023-07-09T17:00:00.000Z
AMR,Americas,Country,PER,Peru,Year,2000,FALSE,Residence Area Type,Total,RESIDENCEAREATYPE_TOTL,80.15,80,EN,2023-07-09T17:00:00.000Z
WPR,Western Pacific,Country,PHL,Philippines,Year,2022,TRUE,Residence Area Type,Total,RESIDENCEAREATYPE_TOTL,94.88,95,EN,2023-07-09T17:00:00.000Z
WPR,Western Pacific,Country,PHL,Philippines,Year,2021,FALSE,Residence Area Type,Total,RESIDENCEAREATYPE_TOTL,94.46,94,EN,2023-07-09T17:00:00.000Z
WPR,Western Pacific,Country,PHL,Philippines,Year,2020,FALSE,Residence Area Type,Total,RESIDENCEAREATYPE_TOTL,94.05,94,EN,2023-07-09T17:00:00.000Z
WPR,Western Pacific,Country,PHL,Philippines,Year,2019,FALSE,Residence Area Type,Total,RESIDENCEAREATYPE_TOTL,93.64,94,EN,2023-07-09T17:00:00.000Z
WPR,Western Pacific,Country,PHL,Philippines,Year,2018,FALSE,Residence Area Type,Total,RESIDENCEAREATYPE_TOTL,93.22,93,EN,2023-07-09T17:00:00.000Z
WPR,Western Pacific,Country,PHL,Philippines,Year,2017,FALSE,Residence Area Type,Total,RESIDENCEAREATYPE_TOTL,92.81,93,EN,2023-07-09T17:00:00.000Z
WPR,Western Pacific,Country,PHL,Philippines,Year,2016,FALSE,Residence Area Type,Total,RESIDENCEAREATYPE_TOTL,92.39,92,EN,2023-07-09T17:00:00.000Z
WPR,Western Pacific,Country,PHL,Philippines,Year,2015,FALSE,Residence Area Type,Total,RESIDENCEAREATYPE_TOTL,91.98,92,EN,2023-07-09T17:00:00.000Z
WPR,Western Pacific,Country,PHL,Philippines,Year,2014,FALSE,Residence Area Type,Total,RESIDENCEAREATYPE_TOTL,91.56,92,EN,2023-07-09T17:00:00.000Z
WPR,Western Pacific,Country,PHL,Philippines,Year,2013,FALSE,Residence Area Type,Total,RESIDENCEAREATYPE_TOTL,91.14,91,EN,2023-07-09T17:00:00.000Z
WPR,Western Pacific,Country,PHL,Philippines,Year,2012,FALSE,Residence Area Type,Total,RESIDENCEAREATYPE_TOTL,90.72,91,EN,2023-07-09T17:00:00.000Z
WPR,Western Pacific,Country,PHL,Philippines,Year,2011,FALSE,Residence Area Type,Total,RESIDENCEAREATYPE_TOTL,90.3,90,EN,2023-07-09T17:00:00.000Z
WPR,Western Pacific,Country,PHL,Philippines,Year,2010,FALSE,Residence Area Type,Total,RESIDENCEAREATYPE_TOTL,89.88,90,EN,2023-07-09T17:00:00.000Z
WPR,Western Pacific,Country,PHL,Philippines,Year,2009,FALSE,Residence Area Type,Total,RESIDENCEAREATYPE_TOTL,89.48,89,EN,2023-07-09T17:00:00.000Z
WPR,Western Pacific,Country,PHL,Philippines,Year,2008,FALSE,Residence Area Type,Total,RESIDENCEAREATYPE_TOTL,89.09,89,EN,2023-07-09T17:00:00.000Z
WPR,Western Pacific,Country,PHL,Philippines,Year,2007,FALSE,Residence Area Type,Total,RESIDENCEAREATYPE_TOTL,88.69,89,EN,2023-07-09T17:00:00.000Z
WPR,Western Pacific,Country,PHL,Philippines,Year,2006,FALSE,Residence Area Type,Total,RESIDENCEAREATYPE_TOTL,88.3,88,EN,2023-07-09T17:00:00.000Z
WPR,Western Pacific,Country,PHL,Philippines,Year,2005,FALSE,Residence Area Type,Total,RESIDENCEAREATYPE_TOTL,87.91,88,EN,2023-07-09T17:00:00.000Z
WPR,Western Pacific,Country,PHL,Philippines,Year,2004,FALSE,Residence Area Type,Total,RESIDENCEAREATYPE_TOTL,87.52,88,EN,2023-07-09T17:00:00.000Z
WPR,Western Pacific,Country,PHL,Philippines,Year,2003,FALSE,Residence Area Type,Total,RESIDENCEAREATYPE_TOTL,87.13,87,EN,2023-07-09T17:00:00.000Z
WPR,Western Pacific,Country,PHL,Philippines,Year,2002,FALSE,Residence Area Type,Total,RESIDENCEAREATYPE_TOTL,86.74,87,EN,2023-07-09T17:00:00.000Z
WPR,Western Pacific,Country,PHL,Philippines,Year,2001,FALSE,Residence Area Type,Total,RESIDENCEAREATYPE_TOTL,86.35,86,EN,2023-07-09T17:00:00.000Z
WPR,Western Pacific,Country,PHL,Philippines,Year,2000,FALSE,Residence Area Type,Total,RESIDENCEAREATYPE_TOTL,85.98,86,EN,2023-07-09T17:00:00.000Z
EUR,Europe,Country,POL,Poland,Year,2022,TRUE,Residence Area Type,Total,RESIDENCEAREATYPE_TOTL,90.37,90,EN,2023-07-09T17:00:00.000Z
EUR,Europe,Country,POL,Poland,Year,2021,FALSE,Residence Area Type,Total,RESIDENCEAREATYPE_TOTL,90.36,90,EN,2023-07-09T17:00:00.000Z
EUR,Europe,Country,POL,Poland,Year,2020,FALSE,Residence Area Type,Total,RESIDENCEAREATYPE_TOTL,91.09,91,EN,2023-07-09T17:00:00.000Z
EUR,Europe,Country,POL,Poland,Year,2019,FALSE,Residence Area Type,Total,RESIDENCEAREATYPE_TOTL,91.82,92,EN,2023-07-09T17:00:00.000Z
EUR,Europe,Country,POL,Poland,Year,2018,FALSE,Residence Area Type,Total,RESIDENCEAREATYPE_TOTL,92.55,93,EN,2023-07-09T17:00:00.000Z
EUR,Europe,Country,POL,Poland,Year,2017,FALSE,Residence Area Type,Total,RESIDENCEAREATYPE_TOTL,93.29,93,EN,2023-07-09T17:00:00.000Z
EUR,Europe,Country,POL,Poland,Year,2016,FALSE,Residence Area Type,Total,RESIDENCEAREATYPE_TOTL,94.03,94,EN,2023-07-09T17:00:00.000Z
EUR,Europe,Country,POL,Poland,Year,2015,FALSE,Residence Area Type,Total,RESIDENCEAREATYPE_TOTL,94.76,95,EN,2023-07-09T17:00:00.000Z
EUR,Europe,Country,POL,Poland,Year,2014,FALSE,Residence Area Type,Total,RESIDENCEAREATYPE_TOTL,95.5,96,EN,2023-07-09T17:00:00.000Z
EUR,Europe,Country,POL,Poland,Year,2013,FALSE,Residence Area Type,Total,RESIDENCEAREATYPE_TOTL,96.24,96,EN,2023-07-09T17:00:00.000Z
EUR,Europe,Country,POL,Poland,Year,2012,FALSE,Residence Area Type,Total,RESIDENCEAREATYPE_TOTL,96.97,97,EN,2023-07-09T17:00:00.000Z
EUR,Europe,Country,POL,Poland,Year,2011,FALSE,Residence Area Type,Total,RESIDENCEAREATYPE_TOTL,97.7,98,EN,2023-07-09T17:00:00.000Z
EUR,Europe,Country,POL,Poland,Year,2010,FALSE,Residence Area Type,Total,RESIDENCEAREATYPE_TOTL,98.43,98,EN,2023-07-09T17:00:00.000Z
EUR,Europe,Country,POL,Poland,Year,2009,FALSE,Residence Area Type,Total,RESIDENCEAREATYPE_TOTL,99.15,99,EN,2023-07-09T17:00:00.000Z
EUR,Europe,Country,POL,Poland,Year,2008,FALSE,Residence Area Type,Total,RESIDENCEAREATYPE_TOTL,99.15,99,EN,2023-07-09T17:00:00.000Z
EUR,Europe,Country,POL,Poland,Year,2007,FALSE,Residence Area Type,Total,RESIDENCEAREATYPE_TOTL,99.16,99,EN,2023-07-09T17:00:00.000Z
EUR,Europe,Country,POL,Poland,Year,2006,FALSE,Residence Area Type,Total,RESIDENCEAREATYPE_TOTL,99.16,99,EN,2023-07-09T17:00:00.000Z
EUR,Europe,Country,POL,Poland,Year,2005,FALSE,Residence Area Type,Total,RESIDENCEAREATYPE_TOTL,99.16,99,EN,2023-07-09T17:00:00.000Z
EUR,Europe,Country,PRT,Portugal,Year,2022,TRUE,Residence Area Type,Total,RESIDENCEAREATYPE_TOTL,99.26,99,EN,2023-07-09T17:00:00.000Z
EUR,Europe,Country,PRT,Portugal,Year,2021,FALSE,Residence Area Type,Total,RESIDENCEAREATYPE_TOTL,99.25,99,EN,2023-07-09T17:00:00.000Z
EUR,Europe,Country,PRT,Portugal,Year,2020,FALSE,Residence Area Type,Total,RESIDENCEAREATYPE_TOTL,99.23,99,EN,2023-07-09T17:00:00.000Z
EUR,Europe,Country,PRT,Portugal,Year,2019,FALSE,Residence Area Type,Total,RESIDENCEAREATYPE_TOTL,99.22,99,EN,2023-07-09T17:00:00.000Z
EUR,Europe,Country,PRT,Portugal,Year,2018,FALSE,Residence Area Type,Total,RESIDENCEAREATYPE_TOTL,99.21,99,EN,2023-07-09T17:00:00.000Z
EUR,Europe,Country,PRT,Portugal,Year,2017,FALSE,Residence Area Type,Total,RESIDENCEAREATYPE_TOTL,99.2,99,EN,2023-07-09T17:00:00.000Z
EUR,Europe,Country,PRT,Portugal,Year,2016,FALSE,Residence Area Type,Total,RESIDENCEAREATYPE_TOTL,99.19,99,EN,2023-07-09T17:00:00.000Z
EUR,Europe,Country,PRT,Portugal,Year,2015,FALSE,Residence Area Type,Total,RESIDENCEAREATYPE_TOTL,99.18,99,EN,2023-07-09T17:00:00.000Z
EUR,Europe,Country,PRT,Portugal,Year,2014,FALSE,Residence Area Type,Total,RESIDENCEAREATYPE_TOTL,99.18,99,EN,2023-07-09T17:00:00.000Z
EUR,Europe,Country,PRT,Portugal,Year,2013,FALSE,Residence Area Type,Total,RESIDENCEAREATYPE_TOTL,99.17,99,EN,2023-07-09T17:00:00.000Z
EUR,Europe,Country,PRT,Portugal,Year,2012,FALSE,Residence Area Type,Total,RESIDENCEAREATYPE_TOTL,99.17,99,EN,2023-07-09T17:00:00.000Z
EUR,Europe,Country,PRT,Portugal,Year,2011,FALSE,Residence Area Type,Total,RESIDENCEAREATYPE_TOTL,99.16,99,EN,2023-07-09T17:00:00.000Z
EUR,Europe,Country,PRT,Portugal,Year,2010,FALSE,Residence Area Type,Total,RESIDENCEAREATYPE_TOTL,99.16,99,EN,2023-07-09T17:00:00.000Z
EUR,Europe,Country,PRT,Portugal,Year,2009,FALSE,Residence Area Type,Total,RESIDENCEAREATYPE_TOTL,99.16,99,EN,2023-07-09T17:00:00.000Z
EUR,Europe,Country,PRT,Portugal,Year,2008,FALSE,Residence Area Type,Total,RESIDENCEAREATYPE_TOTL,99.16,99,EN,2023-07-09T17:00:00.000Z
EUR,Europe,Country,PRT,Portugal,Year,2007,FALSE,Residence Area Type,Total,RESIDENCEAREATYPE_TOTL,99.17,99,EN,2023-07-09T17:00:00.000Z
EUR,Europe,Country,PRT,Portugal,Year,2006,FALSE,Residence Area Type,Total,RESIDENCEAREATYPE_TOTL,99.17,99,EN,2023-07-09T17:00:00.000Z
EUR,Europe,Country,PRT,Portugal,Year,2005,FALSE,Residence Area Type,Total,RESIDENCEAREATYPE_TOTL,99.18,99,EN,2023-07-09T17:00:00.000Z
EUR,Europe,Country,PRT,Portugal,Year,2004,FALSE,Residence Area Type,Total,RESIDENCEAREATYPE_TOTL,99.19,99,EN,2023-07-09T17:00:00.000Z
EUR,Europe,Country,PRT,Portugal,Year,2003,FALSE,Residence Area Type,Total,RESIDENCEAREATYPE_TOTL,99.19,99,EN,2023-07-09T17:00:00.000Z
EUR,Europe,Country,PRT,Portugal,Year,2002,FALSE,Residence Area Type,Total,RESIDENCEAREATYPE_TOTL,99.2,99,EN,2023-07-09T17:00:00.000Z
EUR,Europe,Country,PRT,Portugal,Year,2001,FALSE,Residence Area Type,Total,RESIDENCEAREATYPE_TOTL,99.22,99,EN,2023-07-09T17:00:00.000Z
EUR,Europe,Country,PRT,Portugal,Year,2000,FALSE,Residence Area Type,Total,RESIDENCEAREATYPE_TOTL,99.23,99,EN,2023-07-09T17:00:00.000Z
EMR,Eastern Mediterranean,Country,QAT,Qatar,Year,2022,TRUE,Residence Area Type,Total,RESIDENCEAREATYPE_TOTL,99.99,100,EN,2023-07-09T17:00:00.000Z
EMR,Eastern Mediterranean,Country,QAT,Qatar,Year,2021,FALSE,Residence Area Type,Total,RESIDENCEAREATYPE_TOTL,99.98,100,EN,2023-07-09T17:00:00.000Z
EMR,Eastern Mediterranean,Country,QAT,Qatar,Year,2020,FALSE,Residence Area Type,Total,RESIDENCEAREATYPE_TOTL,99.98,100,EN,2023-07-09T17:00:00.000Z
EMR,Eastern Mediterranean,Country,QAT,Qatar,Year,2019,FALSE,Residence Area Type,Total,RESIDENCEAREATYPE_TOTL,99.97,100,EN,2023-07-09T17:00:00.000Z
EMR,Eastern Mediterranean,Country,QAT,Qatar,Year,2018,FALSE,Residence Area Type,Total,RESIDENCEAREATYPE_TOTL,99.96,100,EN,2023-07-09T17:00:00.000Z
EMR,Eastern Mediterranean,Country,QAT,Qatar,Year,2017,FALSE,Residence Area Type,Total,RESIDENCEAREATYPE_TOTL,99.96,100,EN,2023-07-09T17:00:00.000Z
EMR,Eastern Mediterranean,Country,QAT,Qatar,Year,2016,FALSE,Residence Area Type,Total,RESIDENCEAREATYPE_TOTL,99.95,100,EN,2023-07-09T17:00:00.000Z
EMR,Eastern Mediterranean,Country,QAT,Qatar,Year,2015,FALSE,Residence Area Type,Total,RESIDENCEAREATYPE_TOTL,99.95,100,EN,2023-07-09T17:00:00.000Z
EMR,Eastern Mediterranean,Country,QAT,Qatar,Year,2014,FALSE,Residence Area Type,Total,RESIDENCEAREATYPE_TOTL,99.94,100,EN,2023-07-09T17:00:00.000Z
EMR,Eastern Mediterranean,Country,QAT,Qatar,Year,2013,FALSE,Residence Area Type,Total,RESIDENCEAREATYPE_TOTL,99.93,100,EN,2023-07-09T17:00:00.000Z
EMR,Eastern Mediterranean,Country,QAT,Qatar,Year,2012,FALSE,Residence Area Type,Total,RESIDENCEAREATYPE_TOTL,99.93,100,EN,2023-07-09T17:00:00.000Z
EMR,Eastern Mediterranean,Country,QAT,Qatar,Year,2011,FALSE,Residence Area Type,Total,RESIDENCEAREATYPE_TOTL,99.92,100,EN,2023-07-09T17:00:00.000Z
EMR,Eastern Mediterranean,Country,QAT,Qatar,Year,2010,FALSE,Residence Area Type,Total,RESIDENCEAREATYPE_TOTL,99.92,100,EN,2023-07-09T17:00:00.000Z
EMR,Eastern Mediterranean,Country,QAT,Qatar,Year,2009,FALSE,Residence Area Type,Total,RESIDENCEAREATYPE_TOTL,99.91,100,EN,2023-07-09T17:00:00.000Z
EMR,Eastern Mediterranean,Country,QAT,Qatar,Year,2008,FALSE,Residence Area Type,Total,RESIDENCEAREATYPE_TOTL,99.9,100,EN,2023-07-09T17:00:00.000Z
EMR,Eastern Mediterranean,Country,QAT,Qatar,Year,2007,FALSE,Residence Area Type,Total,RESIDENCEAREATYPE_TOTL,99.9,100,EN,2023-07-09T17:00:00.000Z
EMR,Eastern Mediterranean,Country,QAT,Qatar,Year,2006,FALSE,Residence Area Type,Total,RESIDENCEAREATYPE_TOTL,99.9,100,EN,2023-07-09T17:00:00.000Z
EMR,Eastern Mediterranean,Country,QAT,Qatar,Year,2005,FALSE,Residence Area Type,Total,RESIDENCEAREATYPE_TOTL,99.9,100,EN,2023-07-09T17:00:00.000Z
EMR,Eastern Mediterranean,Country,QAT,Qatar,Year,2004,FALSE,Residence Area Type,Total,RESIDENCEAREATYPE_TOTL,99.9,100,EN,2023-07-09T17:00:00.000Z
EMR,Eastern Mediterranean,Country,QAT,Qatar,Year,2003,FALSE,Residence Area Type,Total,RESIDENCEAREATYPE_TOTL,99.9,100,EN,2023-07-09T17:00:00.000Z
EMR,Eastern Mediterranean,Country,QAT,Qatar,Year,2002,FALSE,Residence Area Type,Total,RESIDENCEAREATYPE_TOTL,99.9,100,EN,2023-07-09T17:00:00.000Z
EMR,Eastern Mediterranean,Country,QAT,Qatar,Year,2001,FALSE,Residence Area Type,Total,RESIDENCEAREATYPE_TOTL,99.9,100,EN,2023-07-09T17:00:00.000Z
EMR,Eastern Mediterranean,Country,QAT,Qatar,Year,2000,FALSE,Residence Area Type,Total,RESIDENCEAREATYPE_TOTL,99.9,100,EN,2023-07-09T17:00:00.000Z
WPR,Western Pacific,Country,KOR,Republic of Korea,Year,2022,TRUE,Residence Area Type,Total,RESIDENCEAREATYPE_TOTL,100,100,EN,2023-07-09T17:00:00.000Z
WPR,Western Pacific,Country,KOR,Republic of Korea,Year,2021,FALSE,Residence Area Type,Total,RESIDENCEAREATYPE_TOTL,99.93,100,EN,2023-07-09T17:00:00.000Z
WPR,Western Pacific,Country,KOR,Republic of Korea,Year,2020,FALSE,Residence Area Type,Total,RESIDENCEAREATYPE_TOTL,99.85,100,EN,2023-07-09T17:00:00.000Z
WPR,Western Pacific,Country,KOR,Republic of Korea,Year,2019,FALSE,Residence Area Type,Total,RESIDENCEAREATYPE_TOTL,99.77,100,EN,2023-07-09T17:00:00.000Z
WPR,Western Pacific,Country,KOR,Republic of Korea,Year,2018,FALSE,Residence Area Type,Total,RESIDENCEAREATYPE_TOTL,99.68,100,EN,2023-07-09T17:00:00.000Z
WPR,Western Pacific,Country,KOR,Republic of Korea,Year,2017,FALSE,Residence Area Type,Total,RESIDENCEAREATYPE_TOTL,99.6,100,EN,2023-07-09T17:00:00.000Z
WPR,Western Pacific,Country,KOR,Republic of Korea,Year,2016,FALSE,Residence Area Type,Total,RESIDENCEAREATYPE_TOTL,99.52,100,EN,2023-07-09T17:00:00.000Z
WPR,Western Pacific,Country,KOR,Republic of Korea,Year,2015,FALSE,Residence Area Type,Total,RESIDENCEAREATYPE_TOTL,99.44,99,EN,2023-07-09T17:00:00.000Z
WPR,Western Pacific,Country,KOR,Republic of Korea,Year,2014,FALSE,Residence Area Type,Total,RESIDENCEAREATYPE_TOTL,99.36,99,EN,2023-07-09T17:00:00.000Z
WPR,Western Pacific,Country,KOR,Republic of Korea,Year,2013,FALSE,Residence Area Type,Total,RESIDENCEAREATYPE_TOTL,99.27,99,EN,2023-07-09T17:00:00.000Z
WPR,Western Pacific,Country,KOR,Republic of Korea,Year,2012,FALSE,Residence Area Type,Total,RESIDENCEAREATYPE_TOTL,99.19,99,EN,2023-07-09T17:00:00.000Z
WPR,Western Pacific,Country,KOR,Republic of Korea,Year,2011,FALSE,Residence Area Type,Total,RESIDENCEAREATYPE_TOTL,99.11,99,EN,2023-07-09T17:00:00.000Z
WPR,Western Pacific,Country,KOR,Republic of Korea,Year,2010,FALSE,Residence Area Type,Total,RESIDENCEAREATYPE_TOTL,99.03,99,EN,2023-07-09T17:00:00.000Z
WPR,Western Pacific,Country,KOR,Republic of Korea,Year,2009,FALSE,Residence Area Type,Total,RESIDENCEAREATYPE_TOTL,98.95,99,EN,2023-07-09T17:00:00.000Z
WPR,Western Pacific,Country,KOR,Republic of Korea,Year,2008,FALSE,Residence Area Type,Total,RESIDENCEAREATYPE_TOTL,98.86,99,EN,2023-07-09T17:00:00.000Z
WPR,Western Pacific,Country,KOR,Republic of Korea,Year,2007,FALSE,Residence Area Type,Total,RESIDENCEAREATYPE_TOTL,98.78,99,EN,2023-07-09T17:00:00.000Z
WPR,Western Pacific,Country,KOR,Republic of Korea,Year,2006,FALSE,Residence Area Type,Total,RESIDENCEAREATYPE_TOTL,98.7,99,EN,2023-07-09T17:00:00.000Z
WPR,Western Pacific,Country,KOR,Republic of Korea,Year,2005,FALSE,Residence Area Type,Total,RESIDENCEAREATYPE_TOTL,98.7,99,EN,2023-07-09T17:00:00.000Z
WPR,Western Pacific,Country,KOR,Republic of Korea,Year,2004,FALSE,Residence Area Type,Total,RESIDENCEAREATYPE_TOTL,98.7,99,EN,2023-07-09T17:00:00.000Z
WPR,Western Pacific,Country,KOR,Republic of Korea,Year,2003,FALSE,Residence Area Type,Total,RESIDENCEAREATYPE_TOTL,98.7,99,EN,2023-07-09T17:00:00.000Z
WPR,Western Pacific,Country,KOR,Republic of Korea,Year,2002,FALSE,Residence Area Type,Total,RESIDENCEAREATYPE_TOTL,98.7,99,EN,2023-07-09T17:00:00.000Z
EUR,Europe,Country,MDA,Republic of Moldova,Year,2022,TRUE,Residence Area Type,Total,RESIDENCEAREATYPE_TOTL,92.02,92,EN,2023-07-09T17:00:00.000Z
EUR,Europe,Country,MDA,Republic of Moldova,Year,2021,FALSE,Residence Area Type,Total,RESIDENCEAREATYPE_TOTL,91.58,92,EN,2023-07-09T17:00:00.000Z
EUR,Europe,Country,MDA,Republic of Moldova,Year,2020,FALSE,Residence Area Type,Total,RESIDENCEAREATYPE_TOTL,91.14,91,EN,2023-07-09T17:00:00.000Z
EUR,Europe,Country,MDA,Republic of Moldova,Year,2019,FALSE,Residence Area Type,Total,RESIDENCEAREATYPE_TOTL,90.7,91,EN,2023-07-09T17:00:00.000Z
EUR,Europe,Country,MDA,Republic of Moldova,Year,2018,FALSE,Residence Area Type,Total,RESIDENCEAREATYPE_TOTL,90.26,90,EN,2023-07-09T17:00:00.000Z
EUR,Europe,Country,MDA,Republic of Moldova,Year,2017,FALSE,Residence Area Type,Total,RESIDENCEAREATYPE_TOTL,89.82,90,EN,2023-07-09T17:00:00.000Z
EUR,Europe,Country,MDA,Republic of Moldova,Year,2016,FALSE,Residence Area Type,Total,RESIDENCEAREATYPE_TOTL,89.38,89,EN,2023-07-09T17:00:00.000Z
EUR,Europe,Country,MDA,Republic of Moldova,Year,2015,FALSE,Residence Area Type,Total,RESIDENCEAREATYPE_TOTL,88.95,89,EN,2023-07-09T17:00:00.000Z
EUR,Europe,Country,MDA,Republic of Moldova,Year,2014,FALSE,Residence Area Type,Total,RESIDENCEAREATYPE_TOTL,88.52,89,EN,2023-07-09T17:00:00.000Z
EUR,Europe,Country,MDA,Republic of Moldova,Year,2013,FALSE,Residence Area Type,Total,RESIDENCEAREATYPE_TOTL,88.09,88,EN,2023-07-09T17:00:00.000Z
EUR,Europe,Country,MDA,Republic of Moldova,Year,2012,FALSE,Residence Area Type,Total,RESIDENCEAREATYPE_TOTL,87.66,88,EN,2023-07-09T17:00:00.000Z
EUR,Europe,Country,MDA,Republic of Moldova,Year,2011,FALSE,Residence Area Type,Total,RESIDENCEAREATYPE_TOTL,87.24,87,EN,2023-07-09T17:00:00.000Z
EUR,Europe,Country,MDA,Republic of Moldova,Year,2010,FALSE,Residence Area Type,Total,RESIDENCEAREATYPE_TOTL,86.81,87,EN,2023-07-09T17:00:00.000Z
EUR,Europe,Country,MDA,Republic of Moldova,Year,2009,FALSE,Residence Area Type,Total,RESIDENCEAREATYPE_TOTL,86.38,86,EN,2023-07-09T17:00:00.000Z
EUR,Europe,Country,MDA,Republic of Moldova,Year,2008,FALSE,Residence Area Type,Total,RESIDENCEAREATYPE_TOTL,85.95,86,EN,2023-07-09T17:00:00.000Z
EUR,Europe,Country,MDA,Republic of Moldova,Year,2007,FALSE,Residence Area Type,Total,RESIDENCEAREATYPE_TOTL,85.53,86,EN,2023-07-09T17:00:00.000Z
EUR,Europe,Country,MDA,Republic of Moldova,Year,2006,FALSE,Residence Area Type,Total,RESIDENCEAREATYPE_TOTL,85.1,85,EN,2023-07-09T17:00:00.000Z
EUR,Europe,Country,MDA,Republic of Moldova,Year,2005,FALSE,Residence Area Type,Total,RESIDENCEAREATYPE_TOTL,84.67,85,EN,2023-07-09T17:00:00.000Z
EUR,Europe,Country,MDA,Republic of Moldova,Year,2004,FALSE,Residence Area Type,Total,RESIDENCEAREATYPE_TOTL,84.29,84,EN,2023-07-09T17:00:00.000Z
EUR,Europe,Country,MDA,Republic of Moldova,Year,2003,FALSE,Residence Area Type,Total,RESIDENCEAREATYPE_TOTL,83.94,84,EN,2023-07-09T17:00:00.000Z
EUR,Europe,Country,MDA,Republic of Moldova,Year,2002,FALSE,Residence Area Type,Total,RESIDENCEAREATYPE_TOTL,83.59,84,EN,2023-07-09T17:00:00.000Z
EUR,Europe,Country,MDA,Republic of Moldova,Year,2001,FALSE,Residence Area Type,Total,RESIDENCEAREATYPE_TOTL,83.25,83,EN,2023-07-09T17:00:00.000Z
EUR,Europe,Country,MDA,Republic of Moldova,Year,2000,FALSE,Residence Area Type,Total,RESIDENCEAREATYPE_TOTL,82.92,83,EN,2023-07-09T17:00:00.000Z
EUR,Europe,Country,ROU,Romania,Year,2022,TRUE,Residence Area Type,Total,RESIDENCEAREATYPE_TOTL,100,100,EN,2023-07-09T17:00:00.000Z
EUR,Europe,Country,ROU,Romania,Year,2021,FALSE,Residence Area Type,Total,RESIDENCEAREATYPE_TOTL,100,100,EN,2023-07-09T17:00:00.000Z
EUR,Europe,Country,ROU,Romania,Year,2020,FALSE,Residence Area Type,Total,RESIDENCEAREATYPE_TOTL,100,100,EN,2023-07-09T17:00:00.000Z
EUR,Europe,Country,ROU,Romania,Year,2019,FALSE,Residence Area Type,Total,RESIDENCEAREATYPE_TOTL,100,100,EN,2023-07-09T17:00:00.000Z
EUR,Europe,Country,ROU,Romania,Year,2018,FALSE,Residence Area Type,Total,RESIDENCEAREATYPE_TOTL,100,100,EN,2023-07-09T17:00:00.000Z
EUR,Europe,Country,ROU,Romania,Year,2017,FALSE,Residence Area Type,Total,RESIDENCEAREATYPE_TOTL,100,100,EN,2023-07-09T17:00:00.000Z
EUR,Europe,Country,ROU,Romania,Year,2016,FALSE,Residence Area Type,Total,RESIDENCEAREATYPE_TOTL,100,100,EN,2023-07-09T17:00:00.000Z
EUR,Europe,Country,ROU,Romania,Year,2015,FALSE,Residence Area Type,Total,RESIDENCEAREATYPE_TOTL,100,100,EN,2023-07-09T17:00:00.000Z
EUR,Europe,Country,ROU,Romania,Year,2014,FALSE,Residence Area Type,Total,RESIDENCEAREATYPE_TOTL,100,100,EN,2023-07-09T17:00:00.000Z
EUR,Europe,Country,ROU,Romania,Year,2013,FALSE,Residence Area Type,Total,RESIDENCEAREATYPE_TOTL,100,100,EN,2023-07-09T17:00:00.000Z
EUR,Europe,Country,ROU,Romania,Year,2012,FALSE,Residence Area Type,Total,RESIDENCEAREATYPE_TOTL,100,100,EN,2023-07-09T17:00:00.000Z
EUR,Europe,Country,ROU,Romania,Year,2011,FALSE,Residence Area Type,Total,RESIDENCEAREATYPE_TOTL,100,100,EN,2023-07-09T17:00:00.000Z
EUR,Europe,Country,ROU,Romania,Year,2010,FALSE,Residence Area Type,Total,RESIDENCEAREATYPE_TOTL,100,100,EN,2023-07-09T17:00:00.000Z
EUR,Europe,Country,ROU,Romania,Year,2009,FALSE,Residence Area Type,Total,RESIDENCEAREATYPE_TOTL,100,100,EN,2023-07-09T17:00:00.000Z
EUR,Europe,Country,ROU,Romania,Year,2008,FALSE,Residence Area Type,Total,RESIDENCEAREATYPE_TOTL,100,100,EN,2023-07-09T17:00:00.000Z
EUR,Europe,Country,ROU,Romania,Year,2007,FALSE,Residence Area Type,Total,RESIDENCEAREATYPE_TOTL,100,100,EN,2023-07-09T17:00:00.000Z
EUR,Europe,Country,ROU,Romania,Year,2006,FALSE,Residence Area Type,Total,RESIDENCEAREATYPE_TOTL,100,100,EN,2023-07-09T17:00:00.000Z
EUR,Europe,Country,ROU,Romania,Year,2005,FALSE,Residence Area Type,Total,RESIDENCEAREATYPE_TOTL,100,100,EN,2023-07-09T17:00:00.000Z
EUR,Europe,Country,ROU,Romania,Year,2004,FALSE,Residence Area Type,Total,RESIDENCEAREATYPE_TOTL,100,100,EN,2023-07-09T17:00:00.000Z
EUR,Europe,Country,ROU,Romania,Year,2003,FALSE,Residence Area Type,Total,RESIDENCEAREATYPE_TOTL,100,100,EN,2023-07-09T17:00:00.000Z
EUR,Europe,Country,ROU,Romania,Year,2002,FALSE,Residence Area Type,Total,RESIDENCEAREATYPE_TOTL,100,100,EN,2023-07-09T17:00:00.000Z
EUR,Europe,Country,ROU,Romania,Year,2001,FALSE,Residence Area Type,Total,RESIDENCEAREATYPE_TOTL,100,100,EN,2023-07-09T17:00:00.000Z
EUR,Europe,Country,ROU,Romania,Year,2000,FALSE,Residence Area Type,Total,RESIDENCEAREATYPE_TOTL,100,100,EN,2023-07-09T17:00:00.000Z
EUR,Europe,Country,RUS,Russian Federation,Year,2022,TRUE,Residence Area Type,Total,RESIDENCEAREATYPE_TOTL,97.05,97,EN,2023-07-09T17:00:00.000Z
EUR,Europe,Country,RUS,Russian Federation,Year,2021,FALSE,Residence Area Type,Total,RESIDENCEAREATYPE_TOTL,96.97,97,EN,2023-07-09T17:00:00.000Z
EUR,Europe,Country,RUS,Russian Federation,Year,2020,FALSE,Residence Area Type,Total,RESIDENCEAREATYPE_TOTL,96.88,97,EN,2023-07-09T17:00:00.000Z
EUR,Europe,Country,RUS,Russian Federation,Year,2019,FALSE,Residence Area Type,Total,RESIDENCEAREATYPE_TOTL,96.8,97,EN,2023-07-09T17:00:00.000Z
EUR,Europe,Country,RUS,Russian Federation,Year,2018,FALSE,Residence Area Type,Total,RESIDENCEAREATYPE_TOTL,96.71,97,EN,2023-07-09T17:00:00.000Z
EUR,Europe,Country,RUS,Russian Federation,Year,2017,FALSE,Residence Area Type,Total,RESIDENCEAREATYPE_TOTL,96.63,97,EN,2023-07-09T17:00:00.000Z
EUR,Europe,Country,RUS,Russian Federation,Year,2016,FALSE,Residence Area Type,Total,RESIDENCEAREATYPE_TOTL,96.54,97,EN,2023-07-09T17:00:00.000Z
EUR,Europe,Country,RUS,Russian Federation,Year,2015,FALSE,Residence Area Type,Total,RESIDENCEAREATYPE_TOTL,96.46,96,EN,2023-07-09T17:00:00.000Z
EUR,Europe,Country,RUS,Russian Federation,Year,2014,FALSE,Residence Area Type,Total,RESIDENCEAREATYPE_TOTL,96.38,96,EN,2023-07-09T17:00:00.000Z
EUR,Europe,Country,RUS,Russian Federation,Year,2013,FALSE,Residence Area Type,Total,RESIDENCEAREATYPE_TOTL,96.29,96,EN,2023-07-09T17:00:00.000Z
EUR,Europe,Country,RUS,Russian Federation,Year,2012,FALSE,Residence Area Type,Total,RESIDENCEAREATYPE_TOTL,96.21,96,EN,2023-07-09T17:00:00.000Z
EUR,Europe,Country,RUS,Russian Federation,Year,2011,FALSE,Residence Area Type,Total,RESIDENCEAREATYPE_TOTL,96.13,96,EN,2023-07-09T17:00:00.000Z
EUR,Europe,Country,RUS,Russian Federation,Year,2010,FALSE,Residence Area Type,Total,RESIDENCEAREATYPE_TOTL,96.06,96,EN,2023-07-09T17:00:00.000Z
EUR,Europe,Country,RUS,Russian Federation,Year,2009,FALSE,Residence Area Type,Total,RESIDENCEAREATYPE_TOTL,95.98,96,EN,2023-07-09T17:00:00.000Z
EUR,Europe,Country,RUS,Russian Federation,Year,2008,FALSE,Residence Area Type,Total,RESIDENCEAREATYPE_TOTL,95.9,96,EN,2023-07-09T17:00:00.000Z
EUR,Europe,Country,RUS,Russian Federation,Year,2007,FALSE,Residence Area Type,Total,RESIDENCEAREATYPE_TOTL,95.82,96,EN,2023-07-09T17:00:00.000Z
EUR,Europe,Country,RUS,Russian Federation,Year,2006,FALSE,Residence Area Type,Total,RESIDENCEAREATYPE_TOTL,95.74,96,EN,2023-07-09T17:00:00.000Z
EUR,Europe,Country,RUS,Russian Federation,Year,2005,FALSE,Residence Area Type,Total,RESIDENCEAREATYPE_TOTL,95.66,96,EN,2023-07-09T17:00:00.000Z
EUR,Europe,Country,RUS,Russian Federation,Year,2004,FALSE,Residence Area Type,Total,RESIDENCEAREATYPE_TOTL,95.58,96,EN,2023-07-09T17:00:00.000Z
EUR,Europe,Country,RUS,Russian Federation,Year,2003,FALSE,Residence Area Type,Total,RESIDENCEAREATYPE_TOTL,95.5,95,EN,2023-07-09T17:00:00.000Z
EUR,Europe,Country,RUS,Russian Federation,Year,2002,FALSE,Residence Area Type,Total,RESIDENCEAREATYPE_TOTL,95.42,95,EN,2023-07-09T17:00:00.000Z
EUR,Europe,Country,RUS,Russian Federation,Year,2001,FALSE,Residence Area Type,Total,RESIDENCEAREATYPE_TOTL,95.35,95,EN,2023-07-09T17:00:00.000Z
EUR,Europe,Country,RUS,Russian Federation,Year,2000,FALSE,Residence Area Type,Total,RESIDENCEAREATYPE_TOTL,95.35,95,EN,2023-07-09T17:00:00.000Z
AFR,Africa,Country,RWA,Rwanda,Year,2022,TRUE,Residence Area Type,Total,RESIDENCEAREATYPE_TOTL,65.1,65,EN,2023-07-09T17:00:00.000Z
AFR,Africa,Country,RWA,Rwanda,Year,2021,FALSE,Residence Area Type,Total,RESIDENCEAREATYPE_TOTL,64.45,64,EN,2023-07-09T17:00:00.000Z
AFR,Africa,Country,RWA,Rwanda,Year,2020,FALSE,Residence Area Type,Total,RESIDENCEAREATYPE_TOTL,63.43,63,EN,2023-07-09T17:00:00.000Z
AFR,Africa,Country,RWA,Rwanda,Year,2019,FALSE,Residence Area Type,Total,RESIDENCEAREATYPE_TOTL,62.41,62,EN,2023-07-09T17:00:00.000Z
AFR,Africa,Country,RWA,Rwanda,Year,2018,FALSE,Residence Area Type,Total,RESIDENCEAREATYPE_TOTL,61.41,61,EN,2023-07-09T17:00:00.000Z
AFR,Africa,Country,RWA,Rwanda,Year,2017,FALSE,Residence Area Type,Total,RESIDENCEAREATYPE_TOTL,60.42,60,EN,2023-07-09T17:00:00.000Z
AFR,Africa,Country,RWA,Rwanda,Year,2016,FALSE,Residence Area Type,Total,RESIDENCEAREATYPE_TOTL,59.44,59,EN,2023-07-09T17:00:00.000Z
AFR,Africa,Country,RWA,Rwanda,Year,2015,FALSE,Residence Area Type,Total,RESIDENCEAREATYPE_TOTL,58.48,58,EN,2023-07-09T17:00:00.000Z
AFR,Africa,Country,RWA,Rwanda,Year,2014,FALSE,Residence Area Type,Total,RESIDENCEAREATYPE_TOTL,57.52,58,EN,2023-07-09T17:00:00.000Z
AFR,Africa,Country,RWA,Rwanda,Year,2013,FALSE,Residence Area Type,Total,RESIDENCEAREATYPE_TOTL,56.58,57,EN,2023-07-09T17:00:00.000Z
AFR,Africa,Country,RWA,Rwanda,Year,2012,FALSE,Residence Area Type,Total,RESIDENCEAREATYPE_TOTL,55.65,56,EN,2023-07-09T17:00:00.000Z
AFR,Africa,Country,RWA,Rwanda,Year,2011,FALSE,Residence Area Type,Total,RESIDENCEAREATYPE_TOTL,54.73,55,EN,2023-07-09T17:00:00.000Z
AFR,Africa,Country,RWA,Rwanda,Year,2010,FALSE,Residence Area Type,Total,RESIDENCEAREATYPE_TOTL,53.81,54,EN,2023-07-09T17:00:00.000Z
AFR,Africa,Country,RWA,Rwanda,Year,2009,FALSE,Residence Area Type,Total,RESIDENCEAREATYPE_TOTL,52.91,53,EN,2023-07-09T17:00:00.000Z
AFR,Africa,Country,RWA,Rwanda,Year,2008,FALSE,Residence Area Type,Total,RESIDENCEAREATYPE_TOTL,52.01,52,EN,2023-07-09T17:00:00.000Z
AFR,Africa,Country,RWA,Rwanda,Year,2007,FALSE,Residence Area Type,Total,RESIDENCEAREATYPE_TOTL,51.11,51,EN,2023-07-09T17:00:00.000Z
AFR,Africa,Country,RWA,Rwanda,Year,2006,FALSE,Residence Area Type,Total,RESIDENCEAREATYPE_TOTL,50.23,50,EN,2023-07-09T17:00:00.000Z
AFR,Africa,Country,RWA,Rwanda,Year,2005,FALSE,Residence Area Type,Total,RESIDENCEAREATYPE_TOTL,49.35,49,EN,2023-07-09T17:00:00.000Z
AFR,Africa,Country,RWA,Rwanda,Year,2004,FALSE,Residence Area Type,Total,RESIDENCEAREATYPE_TOTL,48.48,48,EN,2023-07-09T17:00:00.000Z
AFR,Africa,Country,RWA,Rwanda,Year,2003,FALSE,Residence Area Type,Total,RESIDENCEAREATYPE_TOTL,47.62,48,EN,2023-07-09T17:00:00.000Z
AFR,Africa,Country,RWA,Rwanda,Year,2002,FALSE,Residence Area Type,Total,RESIDENCEAREATYPE_TOTL,46.73,47,EN,2023-07-09T17:00:00.000Z
AFR,Africa,Country,RWA,Rwanda,Year,2001,FALSE,Residence Area Type,Total,RESIDENCEAREATYPE_TOTL,45.6,46,EN,2023-07-09T17:00:00.000Z
AFR,Africa,Country,RWA,Rwanda,Year,2000,FALSE,Residence Area Type,Total,RESIDENCEAREATYPE_TOTL,44.49,44,EN,2023-07-09T17:00:00.000Z
AMR,Americas,Country,KNA,Saint Kitts and Nevis,Year,2017,TRUE,Residence Area Type,Total,RESIDENCEAREATYPE_TOTL,98.61,99,EN,2023-07-09T17:00:00.000Z
AMR,Americas,Country,KNA,Saint Kitts and Nevis,Year,2016,FALSE,Residence Area Type,Total,RESIDENCEAREATYPE_TOTL,98.61,99,EN,2023-07-09T17:00:00.000Z
AMR,Americas,Country,KNA,Saint Kitts and Nevis,Year,2015,FALSE,Residence Area Type,Total,RESIDENCEAREATYPE_TOTL,98.61,99,EN,2023-07-09T17:00:00.000Z
AMR,Americas,Country,KNA,Saint Kitts and Nevis,Year,2014,FALSE,Residence Area Type,Total,RESIDENCEAREATYPE_TOTL,98.61,99,EN,2023-07-09T17:00:00.000Z
AMR,Americas,Country,KNA,Saint Kitts and Nevis,Year,2013,FALSE,Residence Area Type,Total,RESIDENCEAREATYPE_TOTL,98.61,99,EN,2023-07-09T17:00:00.000Z
AMR,Americas,Country,KNA,Saint Kitts and Nevis,Year,2012,FALSE,Residence Area Type,Total,RESIDENCEAREATYPE_TOTL,98.6,99,EN,2023-07-09T17:00:00.000Z
AMR,Americas,Country,KNA,Saint Kitts and Nevis,Year,2011,FALSE,Residence Area Type,Total,RESIDENCEAREATYPE_TOTL,98.59,99,EN,2023-07-09T17:00:00.000Z
AMR,Americas,Country,KNA,Saint Kitts and Nevis,Year,2010,FALSE,Residence Area Type,Total,RESIDENCEAREATYPE_TOTL,98.57,99,EN,2023-07-09T17:00:00.000Z
AMR,Americas,Country,KNA,Saint Kitts and Nevis,Year,2009,FALSE,Residence Area Type,Total,RESIDENCEAREATYPE_TOTL,98.56,99,EN,2023-07-09T17:00:00.000Z
AMR,Americas,Country,KNA,Saint Kitts and Nevis,Year,2008,FALSE,Residence Area Type,Total,RESIDENCEAREATYPE_TOTL,98.55,99,EN,2023-07-09T17:00:00.000Z
AMR,Americas,Country,KNA,Saint Kitts and Nevis,Year,2007,FALSE,Residence Area Type,Total,RESIDENCEAREATYPE_TOTL,98.54,99,EN,2023-07-09T17:00:00.000Z
AMR,Americas,Country,KNA,Saint Kitts and Nevis,Year,2006,FALSE,Residence Area Type,Total,RESIDENCEAREATYPE_TOTL,98.52,99,EN,2023-07-09T17:00:00.000Z
AMR,Americas,Country,KNA,Saint Kitts and Nevis,Year,2005,FALSE,Residence Area Type,Total,RESIDENCEAREATYPE_TOTL,98.51,99,EN,2023-07-09T17:00:00.000Z
AMR,Americas,Country,KNA,Saint Kitts and Nevis,Year,2004,FALSE,Residence Area Type,Total,RESIDENCEAREATYPE_TOTL,98.5,98,EN,2023-07-09T17:00:00.000Z
AMR,Americas,Country,KNA,Saint Kitts and Nevis,Year,2003,FALSE,Residence Area Type,Total,RESIDENCEAREATYPE_TOTL,98.49,98,EN,2023-07-09T17:00:00.000Z
AMR,Americas,Country,KNA,Saint Kitts and Nevis,Year,2002,FALSE,Residence Area Type,Total,RESIDENCEAREATYPE_TOTL,98.47,98,EN,2023-07-09T17:00:00.000Z
AMR,Americas,Country,KNA,Saint Kitts and Nevis,Year,2001,FALSE,Residence Area Type,Total,RESIDENCEAREATYPE_TOTL,98.46,98,EN,2023-07-09T17:00:00.000Z
AMR,Americas,Country,KNA,Saint Kitts and Nevis,Year,2000,FALSE,Residence Area Type,Total,RESIDENCEAREATYPE_TOTL,98.45,98,EN,2023-07-09T17:00:00.000Z
AMR,Americas,Country,LCA,Saint Lucia,Year,2022,TRUE,Residence Area Type,Total,RESIDENCEAREATYPE_TOTL,96.89,97,EN,2023-07-09T17:00:00.000Z
AMR,Americas,Country,LCA,Saint Lucia,Year,2021,FALSE,Residence Area Type,Total,RESIDENCEAREATYPE_TOTL,96.89,97,EN,2023-07-09T17:00:00.000Z
AMR,Americas,Country,LCA,Saint Lucia,Year,2020,FALSE,Residence Area Type,Total,RESIDENCEAREATYPE_TOTL,96.89,97,EN,2023-07-09T17:00:00.000Z
AMR,Americas,Country,LCA,Saint Lucia,Year,2019,FALSE,Residence Area Type,Total,RESIDENCEAREATYPE_TOTL,96.89,97,EN,2023-07-09T17:00:00.000Z
AMR,Americas,Country,LCA,Saint Lucia,Year,2018,FALSE,Residence Area Type,Total,RESIDENCEAREATYPE_TOTL,96.89,97,EN,2023-07-09T17:00:00.000Z
AMR,Americas,Country,LCA,Saint Lucia,Year,2017,FALSE,Residence Area Type,Total,RESIDENCEAREATYPE_TOTL,96.45,96,EN,2023-07-09T17:00:00.000Z
AMR,Americas,Country,LCA,Saint Lucia,Year,2016,FALSE,Residence Area Type,Total,RESIDENCEAREATYPE_TOTL,96.01,96,EN,2023-07-09T17:00:00.000Z
AMR,Americas,Country,LCA,Saint Lucia,Year,2015,FALSE,Residence Area Type,Total,RESIDENCEAREATYPE_TOTL,95.57,96,EN,2023-07-09T17:00:00.000Z
AMR,Americas,Country,LCA,Saint Lucia,Year,2014,FALSE,Residence Area Type,Total,RESIDENCEAREATYPE_TOTL,95.13,95,EN,2023-07-09T17:00:00.000Z
AMR,Americas,Country,LCA,Saint Lucia,Year,2013,FALSE,Residence Area Type,Total,RESIDENCEAREATYPE_TOTL,94.69,95,EN,2023-07-09T17:00:00.000Z
AMR,Americas,Country,LCA,Saint Lucia,Year,2012,FALSE,Residence Area Type,Total,RESIDENCEAREATYPE_TOTL,94.25,94,EN,2023-07-09T17:00:00.000Z
AMR,Americas,Country,LCA,Saint Lucia,Year,2011,FALSE,Residence Area Type,Total,RESIDENCEAREATYPE_TOTL,93.81,94,EN,2023-07-09T17:00:00.000Z
AMR,Americas,Country,LCA,Saint Lucia,Year,2010,FALSE,Residence Area Type,Total,RESIDENCEAREATYPE_TOTL,93.37,93,EN,2023-07-09T17:00:00.000Z
AMR,Americas,Country,LCA,Saint Lucia,Year,2009,FALSE,Residence Area Type,Total,RESIDENCEAREATYPE_TOTL,92.95,93,EN,2023-07-09T17:00:00.000Z
AMR,Americas,Country,LCA,Saint Lucia,Year,2008,FALSE,Residence Area Type,Total,RESIDENCEAREATYPE_TOTL,92.55,93,EN,2023-07-09T17:00:00.000Z
AMR,Americas,Country,LCA,Saint Lucia,Year,2007,FALSE,Residence Area Type,Total,RESIDENCEAREATYPE_TOTL,92.16,92,EN,2023-07-09T17:00:00.000Z
AMR,Americas,Country,LCA,Saint Lucia,Year,2006,FALSE,Residence Area Type,Total,RESIDENCEAREATYPE_TOTL,91.77,92,EN,2023-07-09T17:00:00.000Z
AMR,Americas,Country,LCA,Saint Lucia,Year,2005,FALSE,Residence Area Type,Total,RESIDENCEAREATYPE_TOTL,91.39,91,EN,2023-07-09T17:00:00.000Z
AMR,Americas,Country,LCA,Saint Lucia,Year,2004,FALSE,Residence Area Type,Total,RESIDENCEAREATYPE_TOTL,91.02,91,EN,2023-07-09T17:00:00.000Z
AMR,Americas,Country,LCA,Saint Lucia,Year,2003,FALSE,Residence Area Type,Total,RESIDENCEAREATYPE_TOTL,90.65,91,EN,2023-07-09T17:00:00.000Z
AMR,Americas,Country,LCA,Saint Lucia,Year,2002,FALSE,Residence Area Type,Total,RESIDENCEAREATYPE_TOTL,90.3,90,EN,2023-07-09T17:00:00.000Z
AMR,Americas,Country,LCA,Saint Lucia,Year,2001,FALSE,Residence Area Type,Total,RESIDENCEAREATYPE_TOTL,90.36,90,EN,2023-07-09T17:00:00.000Z
AMR,Americas,Country,LCA,Saint Lucia,Year,2000,FALSE,Residence Area Type,Total,RESIDENCEAREATYPE_TOTL,90.38,90,EN,2023-07-09T17:00:00.000Z
AMR,Americas,Country,VCT,Saint Vincent and the Grenadines,Year,2018,TRUE,Residence Area Type,Total,RESIDENCEAREATYPE_TOTL,97.73,98,EN,2023-07-09T17:00:00.000Z
AMR,Americas,Country,VCT,Saint Vincent and the Grenadines,Year,2017,FALSE,Residence Area Type,Total,RESIDENCEAREATYPE_TOTL,97.72,98,EN,2023-07-09T17:00:00.000Z
AMR,Americas,Country,VCT,Saint Vincent and the Grenadines,Year,2016,FALSE,Residence Area Type,Total,RESIDENCEAREATYPE_TOTL,97.72,98,EN,2023-07-09T17:00:00.000Z
AMR,Americas,Country,VCT,Saint Vincent and the Grenadines,Year,2015,FALSE,Residence Area Type,Total,RESIDENCEAREATYPE_TOTL,97.71,98,EN,2023-07-09T17:00:00.000Z
AMR,Americas,Country,VCT,Saint Vincent and the Grenadines,Year,2014,FALSE,Residence Area Type,Total,RESIDENCEAREATYPE_TOTL,97.71,98,EN,2023-07-09T17:00:00.000Z
AMR,Americas,Country,VCT,Saint Vincent and the Grenadines,Year,2013,FALSE,Residence Area Type,Total,RESIDENCEAREATYPE_TOTL,97.54,98,EN,2023-07-09T17:00:00.000Z
AMR,Americas,Country,VCT,Saint Vincent and the Grenadines,Year,2012,FALSE,Residence Area Type,Total,RESIDENCEAREATYPE_TOTL,97.37,97,EN,2023-07-09T17:00:00.000Z
AMR,Americas,Country,VCT,Saint Vincent and the Grenadines,Year,2011,FALSE,Residence Area Type,Total,RESIDENCEAREATYPE_TOTL,97.21,97,EN,2023-07-09T17:00:00.000Z
AMR,Americas,Country,VCT,Saint Vincent and the Grenadines,Year,2010,FALSE,Residence Area Type,Total,RESIDENCEAREATYPE_TOTL,97.05,97,EN,2023-07-09T17:00:00.000Z
AMR,Americas,Country,VCT,Saint Vincent and the Grenadines,Year,2009,FALSE,Residence Area Type,Total,RESIDENCEAREATYPE_TOTL,96.88,97,EN,2023-07-09T17:00:00.000Z
AMR,Americas,Country,VCT,Saint Vincent and the Grenadines,Year,2008,FALSE,Residence Area Type,Total,RESIDENCEAREATYPE_TOTL,96.72,97,EN,2023-07-09T17:00:00.000Z
AMR,Americas,Country,VCT,Saint Vincent and the Grenadines,Year,2007,FALSE,Residence Area Type,Total,RESIDENCEAREATYPE_TOTL,96.56,97,EN,2023-07-09T17:00:00.000Z
AMR,Americas,Country,VCT,Saint Vincent and the Grenadines,Year,2006,FALSE,Residence Area Type,Total,RESIDENCEAREATYPE_TOTL,96.4,96,EN,2023-07-09T17:00:00.000Z
AMR,Americas,Country,VCT,Saint Vincent and the Grenadines,Year,2005,FALSE,Residence Area Type,Total,RESIDENCEAREATYPE_TOTL,96.24,96,EN,2023-07-09T17:00:00.000Z
AMR,Americas,Country,VCT,Saint Vincent and the Grenadines,Year,2004,FALSE,Residence Area Type,Total,RESIDENCEAREATYPE_TOTL,96.08,96,EN,2023-07-09T17:00:00.000Z
AMR,Americas,Country,VCT,Saint Vincent and the Grenadines,Year,2003,FALSE,Residence Area Type,Total,RESIDENCEAREATYPE_TOTL,95.92,96,EN,2023-07-09T17:00:00.000Z
AMR,Americas,Country,VCT,Saint Vincent and the Grenadines,Year,2002,FALSE,Residence Area Type,Total,RESIDENCEAREATYPE_TOTL,95.76,96,EN,2023-07-09T17:00:00.000Z
AMR,Americas,Country,VCT,Saint Vincent and the Grenadines,Year,2001,FALSE,Residence Area Type,Total,RESIDENCEAREATYPE_TOTL,95.61,96,EN,2023-07-09T17:00:00.000Z
AMR,Americas,Country,VCT,Saint Vincent and the Grenadines,Year,2000,FALSE,Residence Area Type,Total,RESIDENCEAREATYPE_TOTL,95.45,95,EN,2023-07-09T17:00:00.000Z
WPR,Western Pacific,Country,WSM,Samoa,Year,2022,TRUE,Residence Area Type,Total,RESIDENCEAREATYPE_TOTL,99.04,99,EN,2023-07-09T17:00:00.000Z
WPR,Western Pacific,Country,WSM,Samoa,Year,2021,FALSE,Residence Area Type,Total,RESIDENCEAREATYPE_TOTL,98.27,98,EN,2023-07-09T17:00:00.000Z
WPR,Western Pacific,Country,WSM,Samoa,Year,2020,FALSE,Residence Area Type,Total,RESIDENCEAREATYPE_TOTL,97.4,97,EN,2023-07-09T17:00:00.000Z
WPR,Western Pacific,Country,WSM,Samoa,Year,2019,FALSE,Residence Area Type,Total,RESIDENCEAREATYPE_TOTL,96.42,96,EN,2023-07-09T17:00:00.000Z
WPR,Western Pacific,Country,WSM,Samoa,Year,2018,FALSE,Residence Area Type,Total,RESIDENCEAREATYPE_TOTL,95.41,95,EN,2023-07-09T17:00:00.000Z
WPR,Western Pacific,Country,WSM,Samoa,Year,2017,FALSE,Residence Area Type,Total,RESIDENCEAREATYPE_TOTL,94.35,94,EN,2023-07-09T17:00:00.000Z
WPR,Western Pacific,Country,WSM,Samoa,Year,2016,FALSE,Residence Area Type,Total,RESIDENCEAREATYPE_TOTL,93.29,93,EN,2023-07-09T17:00:00.000Z
WPR,Western Pacific,Country,WSM,Samoa,Year,2015,FALSE,Residence Area Type,Total,RESIDENCEAREATYPE_TOTL,92.23,92,EN,2023-07-09T17:00:00.000Z
WPR,Western Pacific,Country,WSM,Samoa,Year,2014,FALSE,Residence Area Type,Total,RESIDENCEAREATYPE_TOTL,91.17,91,EN,2023-07-09T17:00:00.000Z
WPR,Western Pacific,Country,WSM,Samoa,Year,2013,FALSE,Residence Area Type,Total,RESIDENCEAREATYPE_TOTL,90.11,90,EN,2023-07-09T17:00:00.000Z
WPR,Western Pacific,Country,WSM,Samoa,Year,2012,FALSE,Residence Area Type,Total,RESIDENCEAREATYPE_TOTL,89.05,89,EN,2023-07-09T17:00:00.000Z
WPR,Western Pacific,Country,WSM,Samoa,Year,2011,FALSE,Residence Area Type,Total,RESIDENCEAREATYPE_TOTL,88.81,89,EN,2023-07-09T17:00:00.000Z
WPR,Western Pacific,Country,WSM,Samoa,Year,2010,FALSE,Residence Area Type,Total,RESIDENCEAREATYPE_TOTL,88.57,89,EN,2023-07-09T17:00:00.000Z
WPR,Western Pacific,Country,WSM,Samoa,Year,2009,FALSE,Residence Area Type,Total,RESIDENCEAREATYPE_TOTL,88.33,88,EN,2023-07-09T17:00:00.000Z
WPR,Western Pacific,Country,WSM,Samoa,Year,2008,FALSE,Residence Area Type,Total,RESIDENCEAREATYPE_TOTL,88.08,88,EN,2023-07-09T17:00:00.000Z
WPR,Western Pacific,Country,WSM,Samoa,Year,2007,FALSE,Residence Area Type,Total,RESIDENCEAREATYPE_TOTL,87.84,88,EN,2023-07-09T17:00:00.000Z
WPR,Western Pacific,Country,WSM,Samoa,Year,2006,FALSE,Residence Area Type,Total,RESIDENCEAREATYPE_TOTL,87.59,88,EN,2023-07-09T17:00:00.000Z
WPR,Western Pacific,Country,WSM,Samoa,Year,2005,FALSE,Residence Area Type,Total,RESIDENCEAREATYPE_TOTL,87.34,87,EN,2023-07-09T17:00:00.000Z
WPR,Western Pacific,Country,WSM,Samoa,Year,2004,FALSE,Residence Area Type,Total,RESIDENCEAREATYPE_TOTL,87.09,87,EN,2023-07-09T17:00:00.000Z
WPR,Western Pacific,Country,WSM,Samoa,Year,2003,FALSE,Residence Area Type,Total,RESIDENCEAREATYPE_TOTL,87.08,87,EN,2023-07-09T17:00:00.000Z
WPR,Western Pacific,Country,WSM,Samoa,Year,2002,FALSE,Residence Area Type,Total,RESIDENCEAREATYPE_TOTL,87.06,87,EN,2023-07-09T17:00:00.000Z
WPR,Western Pacific,Country,WSM,Samoa,Year,2001,FALSE,Residence Area Type,Total,RESIDENCEAREATYPE_TOTL,87.06,87,EN,2023-07-09T17:00:00.000Z
WPR,Western Pacific,Country,WSM,Samoa,Year,2000,FALSE,Residence Area Type,Total,RESIDENCEAREATYPE_TOTL,87.06,87,EN,2023-07-09T17:00:00.000Z
EUR,Europe,Country,SMR,San Marino,Year,2022,TRUE,Residence Area Type,Total,RESIDENCEAREATYPE_TOTL,100,100,EN,2023-07-09T17:00:00.000Z
EUR,Europe,Country,SMR,San Marino,Year,2021,FALSE,Residence Area Type,Total,RESIDENCEAREATYPE_TOTL,100,100,EN,2023-07-09T17:00:00.000Z
EUR,Europe,Country,SMR,San Marino,Year,2020,FALSE,Residence Area Type,Total,RESIDENCEAREATYPE_TOTL,100,100,EN,2023-07-09T17:00:00.000Z
EUR,Europe,Country,SMR,San Marino,Year,2019,FALSE,Residence Area Type,Total,RESIDENCEAREATYPE_TOTL,100,100,EN,2023-07-09T17:00:00.000Z
EUR,Europe,Country,SMR,San Marino,Year,2018,FALSE,Residence Area Type,Total,RESIDENCEAREATYPE_TOTL,100,100,EN,2023-07-09T17:00:00.000Z
EUR,Europe,Country,SMR,San Marino,Year,2017,FALSE,Residence Area Type,Total,RESIDENCEAREATYPE_TOTL,100,100,EN,2023-07-09T17:00:00.000Z
EUR,Europe,Country,SMR,San Marino,Year,2016,FALSE,Residence Area Type,Total,RESIDENCEAREATYPE_TOTL,100,100,EN,2023-07-09T17:00:00.000Z
EUR,Europe,Country,SMR,San Marino,Year,2015,FALSE,Residence Area Type,Total,RESIDENCEAREATYPE_TOTL,100,100,EN,2023-07-09T17:00:00.000Z
EUR,Europe,Country,SMR,San Marino,Year,2014,FALSE,Residence Area Type,Total,RESIDENCEAREATYPE_TOTL,100,100,EN,2023-07-09T17:00:00.000Z
EUR,Europe,Country,SMR,San Marino,Year,2013,FALSE,Residence Area Type,Total,RESIDENCEAREATYPE_TOTL,100,100,EN,2023-07-09T17:00:00.000Z
EUR,Europe,Country,SMR,San Marino,Year,2012,FALSE,Residence Area Type,Total,RESIDENCEAREATYPE_TOTL,100,100,EN,2023-07-09T17:00:00.000Z
EUR,Europe,Country,SMR,San Marino,Year,2011,FALSE,Residence Area Type,Total,RESIDENCEAREATYPE_TOTL,100,100,EN,2023-07-09T17:00:00.000Z
EUR,Europe,Country,SMR,San Marino,Year,2010,FALSE,Residence Area Type,Total,RESIDENCEAREATYPE_TOTL,100,100,EN,2023-07-09T17:00:00.000Z
EUR,Europe,Country,SMR,San Marino,Year,2009,FALSE,Residence Area Type,Total,RESIDENCEAREATYPE_TOTL,100,100,EN,2023-07-09T17:00:00.000Z
EUR,Europe,Country,SMR,San Marino,Year,2008,FALSE,Residence Area Type,Total,RESIDENCEAREATYPE_TOTL,100,100,EN,2023-07-09T17:00:00.000Z
EUR,Europe,Country,SMR,San Marino,Year,2007,FALSE,Residence Area Type,Total,RESIDENCEAREATYPE_TOTL,100,100,EN,2023-07-09T17:00:00.000Z
EUR,Europe,Country,SMR,San Marino,Year,2006,FALSE,Residence Area Type,Total,RESIDENCEAREATYPE_TOTL,100,100,EN,2023-07-09T17:00:00.000Z
EUR,Europe,Country,SMR,San Marino,Year,2005,FALSE,Residence Area Type,Total,RESIDENCEAREATYPE_TOTL,100,100,EN,2023-07-09T17:00:00.000Z
EUR,Europe,Country,SMR,San Marino,Year,2004,FALSE,Residence Area Type,Total,RESIDENCEAREATYPE_TOTL,100,100,EN,2023-07-09T17:00:00.000Z
EUR,Europe,Country,SMR,San Marino,Year,2003,FALSE,Residence Area Type,Total,RESIDENCEAREATYPE_TOTL,100,100,EN,2023-07-09T17:00:00.000Z
EUR,Europe,Country,SMR,San Marino,Year,2002,FALSE,Residence Area Type,Total,RESIDENCEAREATYPE_TOTL,100,100,EN,2023-07-09T17:00:00.000Z
EUR,Europe,Country,SMR,San Marino,Year,2001,FALSE,Residence Area Type,Total,RESIDENCEAREATYPE_TOTL,100,100,EN,2023-07-09T17:00:00.000Z
EUR,Europe,Country,SMR,San Marino,Year,2000,FALSE,Residence Area Type,Total,RESIDENCEAREATYPE_TOTL,100,100,EN,2023-07-09T17:00:00.000Z
AFR,Africa,Country,STP,Sao Tome and Principe,Year,2022,TRUE,Residence Area Type,Total,RESIDENCEAREATYPE_TOTL,77.34,77,EN,2023-07-09T17:00:00.000Z
AFR,Africa,Country,STP,Sao Tome and Principe,Year,2021,FALSE,Residence Area Type,Total,RESIDENCEAREATYPE_TOTL,77.29,77,EN,2023-07-09T17:00:00.000Z
AFR,Africa,Country,STP,Sao Tome and Principe,Year,2020,FALSE,Residence Area Type,Total,RESIDENCEAREATYPE_TOTL,77.32,77,EN,2023-07-09T17:00:00.000Z
AFR,Africa,Country,STP,Sao Tome and Principe,Year,2019,FALSE,Residence Area Type,Total,RESIDENCEAREATYPE_TOTL,77.34,77,EN,2023-07-09T17:00:00.000Z
AFR,Africa,Country,STP,Sao Tome and Principe,Year,2018,FALSE,Residence Area Type,Total,RESIDENCEAREATYPE_TOTL,77.2,77,EN,2023-07-09T17:00:00.000Z
AFR,Africa,Country,STP,Sao Tome and Principe,Year,2017,FALSE,Residence Area Type,Total,RESIDENCEAREATYPE_TOTL,76.81,77,EN,2023-07-09T17:00:00.000Z
AFR,Africa,Country,STP,Sao Tome and Principe,Year,2016,FALSE,Residence Area Type,Total,RESIDENCEAREATYPE_TOTL,76.41,76,EN,2023-07-09T17:00:00.000Z
AFR,Africa,Country,STP,Sao Tome and Principe,Year,2015,FALSE,Residence Area Type,Total,RESIDENCEAREATYPE_TOTL,76,76,EN,2023-07-09T17:00:00.000Z
AFR,Africa,Country,STP,Sao Tome and Principe,Year,2014,FALSE,Residence Area Type,Total,RESIDENCEAREATYPE_TOTL,75.58,76,EN,2023-07-09T17:00:00.000Z
AFR,Africa,Country,STP,Sao Tome and Principe,Year,2013,FALSE,Residence Area Type,Total,RESIDENCEAREATYPE_TOTL,75.16,75,EN,2023-07-09T17:00:00.000Z
AFR,Africa,Country,STP,Sao Tome and Principe,Year,2012,FALSE,Residence Area Type,Total,RESIDENCEAREATYPE_TOTL,74.71,75,EN,2023-07-09T17:00:00.000Z
AFR,Africa,Country,STP,Sao Tome and Principe,Year,2011,FALSE,Residence Area Type,Total,RESIDENCEAREATYPE_TOTL,74.26,74,EN,2023-07-09T17:00:00.000Z
AFR,Africa,Country,STP,Sao Tome and Principe,Year,2010,FALSE,Residence Area Type,Total,RESIDENCEAREATYPE_TOTL,73.8,74,EN,2023-07-09T17:00:00.000Z
AFR,Africa,Country,STP,Sao Tome and Principe,Year,2009,FALSE,Residence Area Type,Total,RESIDENCEAREATYPE_TOTL,73.33,73,EN,2023-07-09T17:00:00.000Z
AFR,Africa,Country,STP,Sao Tome and Principe,Year,2008,FALSE,Residence Area Type,Total,RESIDENCEAREATYPE_TOTL,72.85,73,EN,2023-07-09T17:00:00.000Z
AFR,Africa,Country,STP,Sao Tome and Principe,Year,2007,FALSE,Residence Area Type,Total,RESIDENCEAREATYPE_TOTL,72.37,72,EN,2023-07-09T17:00:00.000Z
AFR,Africa,Country,STP,Sao Tome and Principe,Year,2006,FALSE,Residence Area Type,Total,RESIDENCEAREATYPE_TOTL,71.87,72,EN,2023-07-09T17:00:00.000Z
AFR,Africa,Country,STP,Sao Tome and Principe,Year,2005,FALSE,Residence Area Type,Total,RESIDENCEAREATYPE_TOTL,71.37,71,EN,2023-07-09T17:00:00.000Z
AFR,Africa,Country,STP,Sao Tome and Principe,Year,2004,FALSE,Residence Area Type,Total,RESIDENCEAREATYPE_TOTL,70.85,71,EN,2023-07-09T17:00:00.000Z
AFR,Africa,Country,STP,Sao Tome and Principe,Year,2003,FALSE,Residence Area Type,Total,RESIDENCEAREATYPE_TOTL,70.33,70,EN,2023-07-09T17:00:00.000Z
AFR,Africa,Country,STP,Sao Tome and Principe,Year,2002,FALSE,Residence Area Type,Total,RESIDENCEAREATYPE_TOTL,69.8,70,EN,2023-07-09T17:00:00.000Z
AFR,Africa,Country,STP,Sao Tome and Principe,Year,2001,FALSE,Residence Area Type,Total,RESIDENCEAREATYPE_TOTL,69.27,69,EN,2023-07-09T17:00:00.000Z
AFR,Africa,Country,STP,Sao Tome and Principe,Year,2000,FALSE,Residence Area Type,Total,RESIDENCEAREATYPE_TOTL,68.76,69,EN,2023-07-09T17:00:00.000Z
EMR,Eastern Mediterranean,Country,SAU,Saudi Arabia,Year,2022,TRUE,Residence Area Type,Total,RESIDENCEAREATYPE_TOTL,98.65,99,EN,2023-07-09T17:00:00.000Z
EMR,Eastern Mediterranean,Country,SAU,Saudi Arabia,Year,2021,FALSE,Residence Area Type,Total,RESIDENCEAREATYPE_TOTL,98.65,99,EN,2023-07-09T17:00:00.000Z
EMR,Eastern Mediterranean,Country,SAU,Saudi Arabia,Year,2020,FALSE,Residence Area Type,Total,RESIDENCEAREATYPE_TOTL,98.66,99,EN,2023-07-09T17:00:00.000Z
EMR,Eastern Mediterranean,Country,SAU,Saudi Arabia,Year,2019,FALSE,Residence Area Type,Total,RESIDENCEAREATYPE_TOTL,98.66,99,EN,2023-07-09T17:00:00.000Z
EMR,Eastern Mediterranean,Country,SAU,Saudi Arabia,Year,2018,FALSE,Residence Area Type,Total,RESIDENCEAREATYPE_TOTL,98.66,99,EN,2023-07-09T17:00:00.000Z
EMR,Eastern Mediterranean,Country,SAU,Saudi Arabia,Year,2017,FALSE,Residence Area Type,Total,RESIDENCEAREATYPE_TOTL,98.67,99,EN,2023-07-09T17:00:00.000Z
EMR,Eastern Mediterranean,Country,SAU,Saudi Arabia,Year,2016,FALSE,Residence Area Type,Total,RESIDENCEAREATYPE_TOTL,98.67,99,EN,2023-07-09T17:00:00.000Z
EMR,Eastern Mediterranean,Country,SAU,Saudi Arabia,Year,2015,FALSE,Residence Area Type,Total,RESIDENCEAREATYPE_TOTL,98.67,99,EN,2023-07-09T17:00:00.000Z
AFR,Africa,Country,SEN,Senegal,Year,2022,TRUE,Residence Area Type,Total,RESIDENCEAREATYPE_TOTL,86.25,86,EN,2023-07-09T17:00:00.000Z
AFR,Africa,Country,SEN,Senegal,Year,2021,FALSE,Residence Area Type,Total,RESIDENCEAREATYPE_TOTL,85.07,85,EN,2023-07-09T17:00:00.000Z
AFR,Africa,Country,SEN,Senegal,Year,2020,FALSE,Residence Area Type,Total,RESIDENCEAREATYPE_TOTL,83.89,84,EN,2023-07-09T17:00:00.000Z
AFR,Africa,Country,SEN,Senegal,Year,2019,FALSE,Residence Area Type,Total,RESIDENCEAREATYPE_TOTL,82.7,83,EN,2023-07-09T17:00:00.000Z
AFR,Africa,Country,SEN,Senegal,Year,2018,FALSE,Residence Area Type,Total,RESIDENCEAREATYPE_TOTL,81.5,82,EN,2023-07-09T17:00:00.000Z
AFR,Africa,Country,SEN,Senegal,Year,2017,FALSE,Residence Area Type,Total,RESIDENCEAREATYPE_TOTL,80.31,80,EN,2023-07-09T17:00:00.000Z
AFR,Africa,Country,SEN,Senegal,Year,2016,FALSE,Residence Area Type,Total,RESIDENCEAREATYPE_TOTL,79.1,79,EN,2023-07-09T17:00:00.000Z
AFR,Africa,Country,SEN,Senegal,Year,2015,FALSE,Residence Area Type,Total,RESIDENCEAREATYPE_TOTL,77.9,78,EN,2023-07-09T17:00:00.000Z
AFR,Africa,Country,SEN,Senegal,Year,2014,FALSE,Residence Area Type,Total,RESIDENCEAREATYPE_TOTL,76.69,77,EN,2023-07-09T17:00:00.000Z
AFR,Africa,Country,SEN,Senegal,Year,2013,FALSE,Residence Area Type,Total,RESIDENCEAREATYPE_TOTL,75.48,75,EN,2023-07-09T17:00:00.000Z
AFR,Africa,Country,SEN,Senegal,Year,2012,FALSE,Residence Area Type,Total,RESIDENCEAREATYPE_TOTL,74.27,74,EN,2023-07-09T17:00:00.000Z
AFR,Africa,Country,SEN,Senegal,Year,2011,FALSE,Residence Area Type,Total,RESIDENCEAREATYPE_TOTL,73.05,73,EN,2023-07-09T17:00:00.000Z
AFR,Africa,Country,SEN,Senegal,Year,2010,FALSE,Residence Area Type,Total,RESIDENCEAREATYPE_TOTL,71.83,72,EN,2023-07-09T17:00:00.000Z
AFR,Africa,Country,SEN,Senegal,Year,2009,FALSE,Residence Area Type,Total,RESIDENCEAREATYPE_TOTL,70.61,71,EN,2023-07-09T17:00:00.000Z
AFR,Africa,Country,SEN,Senegal,Year,2008,FALSE,Residence Area Type,Total,RESIDENCEAREATYPE_TOTL,69.38,69,EN,2023-07-09T17:00:00.000Z
AFR,Africa,Country,SEN,Senegal,Year,2007,FALSE,Residence Area Type,Total,RESIDENCEAREATYPE_TOTL,68.15,68,EN,2023-07-09T17:00:00.000Z
AFR,Africa,Country,SEN,Senegal,Year,2006,FALSE,Residence Area Type,Total,RESIDENCEAREATYPE_TOTL,66.91,67,EN,2023-07-09T17:00:00.000Z
AFR,Africa,Country,SEN,Senegal,Year,2005,FALSE,Residence Area Type,Total,RESIDENCEAREATYPE_TOTL,65.67,66,EN,2023-07-09T17:00:00.000Z
AFR,Africa,Country,SEN,Senegal,Year,2004,FALSE,Residence Area Type,Total,RESIDENCEAREATYPE_TOTL,64.43,64,EN,2023-07-09T17:00:00.000Z
AFR,Africa,Country,SEN,Senegal,Year,2003,FALSE,Residence Area Type,Total,RESIDENCEAREATYPE_TOTL,63.19,63,EN,2023-07-09T17:00:00.000Z
AFR,Africa,Country,SEN,Senegal,Year,2002,FALSE,Residence Area Type,Total,RESIDENCEAREATYPE_TOTL,62,62,EN,2023-07-09T17:00:00.000Z
AFR,Africa,Country,SEN,Senegal,Year,2001,FALSE,Residence Area Type,Total,RESIDENCEAREATYPE_TOTL,60.88,61,EN,2023-07-09T17:00:00.000Z
AFR,Africa,Country,SEN,Senegal,Year,2000,FALSE,Residence Area Type,Total,RESIDENCEAREATYPE_TOTL,59.76,60,EN,2023-07-09T17:00:00.000Z
EUR,Europe,Country,SRB,Serbia,Year,2022,TRUE,Residence Area Type,Total,RESIDENCEAREATYPE_TOTL,95.68,96,EN,2023-07-09T17:00:00.000Z
EUR,Europe,Country,SRB,Serbia,Year,2021,FALSE,Residence Area Type,Total,RESIDENCEAREATYPE_TOTL,95.68,96,EN,2023-07-09T17:00:00.000Z
EUR,Europe,Country,SRB,Serbia,Year,2020,FALSE,Residence Area Type,Total,RESIDENCEAREATYPE_TOTL,95.3,95,EN,2023-07-09T17:00:00.000Z
EUR,Europe,Country,SRB,Serbia,Year,2019,FALSE,Residence Area Type,Total,RESIDENCEAREATYPE_TOTL,94.91,95,EN,2023-07-09T17:00:00.000Z
EUR,Europe,Country,SRB,Serbia,Year,2018,FALSE,Residence Area Type,Total,RESIDENCEAREATYPE_TOTL,94.53,95,EN,2023-07-09T17:00:00.000Z
EUR,Europe,Country,SRB,Serbia,Year,2017,FALSE,Residence Area Type,Total,RESIDENCEAREATYPE_TOTL,94.15,94,EN,2023-07-09T17:00:00.000Z
EUR,Europe,Country,SRB,Serbia,Year,2016,FALSE,Residence Area Type,Total,RESIDENCEAREATYPE_TOTL,93.77,94,EN,2023-07-09T17:00:00.000Z
EUR,Europe,Country,SRB,Serbia,Year,2015,FALSE,Residence Area Type,Total,RESIDENCEAREATYPE_TOTL,93.39,93,EN,2023-07-09T17:00:00.000Z
EUR,Europe,Country,SRB,Serbia,Year,2014,FALSE,Residence Area Type,Total,RESIDENCEAREATYPE_TOTL,93.01,93,EN,2023-07-09T17:00:00.000Z
EUR,Europe,Country,SRB,Serbia,Year,2013,FALSE,Residence Area Type,Total,RESIDENCEAREATYPE_TOTL,92.63,93,EN,2023-07-09T17:00:00.000Z
EUR,Europe,Country,SRB,Serbia,Year,2012,FALSE,Residence Area Type,Total,RESIDENCEAREATYPE_TOTL,92.25,92,EN,2023-07-09T17:00:00.000Z
EUR,Europe,Country,SRB,Serbia,Year,2011,FALSE,Residence Area Type,Total,RESIDENCEAREATYPE_TOTL,91.87,92,EN,2023-07-09T17:00:00.000Z
EUR,Europe,Country,SRB,Serbia,Year,2010,FALSE,Residence Area Type,Total,RESIDENCEAREATYPE_TOTL,91.5,91,EN,2023-07-09T17:00:00.000Z
EUR,Europe,Country,SRB,Serbia,Year,2009,FALSE,Residence Area Type,Total,RESIDENCEAREATYPE_TOTL,91.13,91,EN,2023-07-09T17:00:00.000Z
EUR,Europe,Country,SRB,Serbia,Year,2008,FALSE,Residence Area Type,Total,RESIDENCEAREATYPE_TOTL,90.76,91,EN,2023-07-09T17:00:00.000Z
EUR,Europe,Country,SRB,Serbia,Year,2007,FALSE,Residence Area Type,Total,RESIDENCEAREATYPE_TOTL,90.39,90,EN,2023-07-09T17:00:00.000Z
EUR,Europe,Country,SRB,Serbia,Year,2006,FALSE,Residence Area Type,Total,RESIDENCEAREATYPE_TOTL,90.02,90,EN,2023-07-09T17:00:00.000Z
EUR,Europe,Country,SRB,Serbia,Year,2005,FALSE,Residence Area Type,Total,RESIDENCEAREATYPE_TOTL,89.65,90,EN,2023-07-09T17:00:00.000Z
EUR,Europe,Country,SRB,Serbia,Year,2004,FALSE,Residence Area Type,Total,RESIDENCEAREATYPE_TOTL,89.29,89,EN,2023-07-09T17:00:00.000Z
EUR,Europe,Country,SRB,Serbia,Year,2003,FALSE,Residence Area Type,Total,RESIDENCEAREATYPE_TOTL,89.29,89,EN,2023-07-09T17:00:00.000Z
EUR,Europe,Country,SRB,Serbia,Year,2002,FALSE,Residence Area Type,Total,RESIDENCEAREATYPE_TOTL,89.3,89,EN,2023-07-09T17:00:00.000Z
EUR,Europe,Country,SRB,Serbia,Year,2001,FALSE,Residence Area Type,Total,RESIDENCEAREATYPE_TOTL,89.3,89,EN,2023-07-09T17:00:00.000Z
EUR,Europe,Country,SRB,Serbia,Year,2000,FALSE,Residence Area Type,Total,RESIDENCEAREATYPE_TOTL,89.31,89,EN,2023-07-09T17:00:00.000Z
AFR,Africa,Country,SYC,Seychelles,Year,2022,TRUE,Residence Area Type,Total,RESIDENCEAREATYPE_TOTL,96.42,96,EN,2023-07-09T17:00:00.000Z
AFR,Africa,Country,SYC,Seychelles,Year,2021,FALSE,Residence Area Type,Total,RESIDENCEAREATYPE_TOTL,96.42,96,EN,2023-07-09T17:00:00.000Z
AFR,Africa,Country,SYC,Seychelles,Year,2020,FALSE,Residence Area Type,Total,RESIDENCEAREATYPE_TOTL,96.42,96,EN,2023-07-09T17:00:00.000Z
AFR,Africa,Country,SYC,Seychelles,Year,2019,FALSE,Residence Area Type,Total,RESIDENCEAREATYPE_TOTL,96.29,96,EN,2023-07-09T17:00:00.000Z
AFR,Africa,Country,SYC,Seychelles,Year,2018,FALSE,Residence Area Type,Total,RESIDENCEAREATYPE_TOTL,96.17,96,EN,2023-07-09T17:00:00.000Z
AFR,Africa,Country,SYC,Seychelles,Year,2017,FALSE,Residence Area Type,Total,RESIDENCEAREATYPE_TOTL,96.04,96,EN,2023-07-09T17:00:00.000Z
AFR,Africa,Country,SYC,Seychelles,Year,2016,FALSE,Residence Area Type,Total,RESIDENCEAREATYPE_TOTL,95.92,96,EN,2023-07-09T17:00:00.000Z
AFR,Africa,Country,SYC,Seychelles,Year,2015,FALSE,Residence Area Type,Total,RESIDENCEAREATYPE_TOTL,95.79,96,EN,2023-07-09T17:00:00.000Z
AFR,Africa,Country,SYC,Seychelles,Year,2014,FALSE,Residence Area Type,Total,RESIDENCEAREATYPE_TOTL,95.67,96,EN,2023-07-09T17:00:00.000Z
AFR,Africa,Country,SYC,Seychelles,Year,2013,FALSE,Residence Area Type,Total,RESIDENCEAREATYPE_TOTL,95.54,96,EN,2023-07-09T17:00:00.000Z
AFR,Africa,Country,SYC,Seychelles,Year,2012,FALSE,Residence Area Type,Total,RESIDENCEAREATYPE_TOTL,95.42,95,EN,2023-07-09T17:00:00.000Z
AFR,Africa,Country,SYC,Seychelles,Year,2011,FALSE,Residence Area Type,Total,RESIDENCEAREATYPE_TOTL,95.29,95,EN,2023-07-09T17:00:00.000Z
AFR,Africa,Country,SYC,Seychelles,Year,2010,FALSE,Residence Area Type,Total,RESIDENCEAREATYPE_TOTL,95.16,95,EN,2023-07-09T17:00:00.000Z
AFR,Africa,Country,SYC,Seychelles,Year,2009,FALSE,Residence Area Type,Total,RESIDENCEAREATYPE_TOTL,95.04,95,EN,2023-07-09T17:00:00.000Z
AFR,Africa,Country,SYC,Seychelles,Year,2008,FALSE,Residence Area Type,Total,RESIDENCEAREATYPE_TOTL,94.91,95,EN,2023-07-09T17:00:00.000Z
AFR,Africa,Country,SYC,Seychelles,Year,2007,FALSE,Residence Area Type,Total,RESIDENCEAREATYPE_TOTL,94.79,95,EN,2023-07-09T17:00:00.000Z
AFR,Africa,Country,SYC,Seychelles,Year,2006,FALSE,Residence Area Type,Total,RESIDENCEAREATYPE_TOTL,94.66,95,EN,2023-07-09T17:00:00.000Z
AFR,Africa,Country,SYC,Seychelles,Year,2005,FALSE,Residence Area Type,Total,RESIDENCEAREATYPE_TOTL,94.54,95,EN,2023-07-09T17:00:00.000Z
AFR,Africa,Country,SYC,Seychelles,Year,2004,FALSE,Residence Area Type,Total,RESIDENCEAREATYPE_TOTL,94.41,94,EN,2023-07-09T17:00:00.000Z
AFR,Africa,Country,SYC,Seychelles,Year,2003,FALSE,Residence Area Type,Total,RESIDENCEAREATYPE_TOTL,94.29,94,EN,2023-07-09T17:00:00.000Z
AFR,Africa,Country,SYC,Seychelles,Year,2002,FALSE,Residence Area Type,Total,RESIDENCEAREATYPE_TOTL,94.16,94,EN,2023-07-09T17:00:00.000Z
AFR,Africa,Country,SYC,Seychelles,Year,2001,FALSE,Residence Area Type,Total,RESIDENCEAREATYPE_TOTL,94.04,94,EN,2023-07-09T17:00:00.000Z
AFR,Africa,Country,SYC,Seychelles,Year,2000,FALSE,Residence Area Type,Total,RESIDENCEAREATYPE_TOTL,93.91,94,EN,2023-07-09T17:00:00.000Z
AFR,Africa,Country,SLE,Sierra Leone,Year,2022,TRUE,Residence Area Type,Total,RESIDENCEAREATYPE_TOTL,65.34,65,EN,2023-07-09T17:00:00.000Z
AFR,Africa,Country,SLE,Sierra Leone,Year,2021,FALSE,Residence Area Type,Total,RESIDENCEAREATYPE_TOTL,64.2,64,EN,2023-07-09T17:00:00.000Z
AFR,Africa,Country,SLE,Sierra Leone,Year,2020,FALSE,Residence Area Type,Total,RESIDENCEAREATYPE_TOTL,63.07,63,EN,2023-07-09T17:00:00.000Z
AFR,Africa,Country,SLE,Sierra Leone,Year,2019,FALSE,Residence Area Type,Total,RESIDENCEAREATYPE_TOTL,61.93,62,EN,2023-07-09T17:00:00.000Z
AFR,Africa,Country,SLE,Sierra Leone,Year,2018,FALSE,Residence Area Type,Total,RESIDENCEAREATYPE_TOTL,60.79,61,EN,2023-07-09T17:00:00.000Z
AFR,Africa,Country,SLE,Sierra Leone,Year,2017,FALSE,Residence Area Type,Total,RESIDENCEAREATYPE_TOTL,59.65,60,EN,2023-07-09T17:00:00.000Z
AFR,Africa,Country,SLE,Sierra Leone,Year,2016,FALSE,Residence Area Type,Total,RESIDENCEAREATYPE_TOTL,58.51,59,EN,2023-07-09T17:00:00.000Z
AFR,Africa,Country,SLE,Sierra Leone,Year,2015,FALSE,Residence Area Type,Total,RESIDENCEAREATYPE_TOTL,57.38,57,EN,2023-07-09T17:00:00.000Z
AFR,Africa,Country,SLE,Sierra Leone,Year,2014,FALSE,Residence Area Type,Total,RESIDENCEAREATYPE_TOTL,56.23,56,EN,2023-07-09T17:00:00.000Z
AFR,Africa,Country,SLE,Sierra Leone,Year,2013,FALSE,Residence Area Type,Total,RESIDENCEAREATYPE_TOTL,55.09,55,EN,2023-07-09T17:00:00.000Z
AFR,Africa,Country,SLE,Sierra Leone,Year,2012,FALSE,Residence Area Type,Total,RESIDENCEAREATYPE_TOTL,53.95,54,EN,2023-07-09T17:00:00.000Z
AFR,Africa,Country,SLE,Sierra Leone,Year,2011,FALSE,Residence Area Type,Total,RESIDENCEAREATYPE_TOTL,52.8,53,EN,2023-07-09T17:00:00.000Z
AFR,Africa,Country,SLE,Sierra Leone,Year,2010,FALSE,Residence Area Type,Total,RESIDENCEAREATYPE_TOTL,51.65,52,EN,2023-07-09T17:00:00.000Z
AFR,Africa,Country,SLE,Sierra Leone,Year,2009,FALSE,Residence Area Type,Total,RESIDENCEAREATYPE_TOTL,50.5,50,EN,2023-07-09T17:00:00.000Z
AFR,Africa,Country,SLE,Sierra Leone,Year,2008,FALSE,Residence Area Type,Total,RESIDENCEAREATYPE_TOTL,49.34,49,EN,2023-07-09T17:00:00.000Z
AFR,Africa,Country,SLE,Sierra Leone,Year,2007,FALSE,Residence Area Type,Total,RESIDENCEAREATYPE_TOTL,48.19,48,EN,2023-07-09T17:00:00.000Z
AFR,Africa,Country,SLE,Sierra Leone,Year,2006,FALSE,Residence Area Type,Total,RESIDENCEAREATYPE_TOTL,47.03,47,EN,2023-07-09T17:00:00.000Z
AFR,Africa,Country,SLE,Sierra Leone,Year,2005,FALSE,Residence Area Type,Total,RESIDENCEAREATYPE_TOTL,45.87,46,EN,2023-07-09T17:00:00.000Z
AFR,Africa,Country,SLE,Sierra Leone,Year,2004,FALSE,Residence Area Type,Total,RESIDENCEAREATYPE_TOTL,44.73,45,EN,2023-07-09T17:00:00.000Z
AFR,Africa,Country,SLE,Sierra Leone,Year,2003,FALSE,Residence Area Type,Total,RESIDENCEAREATYPE_TOTL,43.62,44,EN,2023-07-09T17:00:00.000Z
AFR,Africa,Country,SLE,Sierra Leone,Year,2002,FALSE,Residence Area Type,Total,RESIDENCEAREATYPE_TOTL,42.52,43,EN,2023-07-09T17:00:00.000Z
AFR,Africa,Country,SLE,Sierra Leone,Year,2001,FALSE,Residence Area Type,Total,RESIDENCEAREATYPE_TOTL,41.41,41,EN,2023-07-09T17:00:00.000Z
AFR,Africa,Country,SLE,Sierra Leone,Year,2000,FALSE,Residence Area Type,Total,RESIDENCEAREATYPE_TOTL,41.08,41,EN,2023-07-09T17:00:00.000Z
WPR,Western Pacific,Country,SGP,Singapore,Year,2022,TRUE,Residence Area Type,Total,RESIDENCEAREATYPE_TOTL,100,100,EN,2023-07-09T17:00:00.000Z
WPR,Western Pacific,Country,SGP,Singapore,Year,2021,FALSE,Residence Area Type,Total,RESIDENCEAREATYPE_TOTL,100,100,EN,2023-07-09T17:00:00.000Z
WPR,Western Pacific,Country,SGP,Singapore,Year,2020,FALSE,Residence Area Type,Total,RESIDENCEAREATYPE_TOTL,100,100,EN,2023-07-09T17:00:00.000Z
WPR,Western Pacific,Country,SGP,Singapore,Year,2019,FALSE,Residence Area Type,Total,RESIDENCEAREATYPE_TOTL,100,100,EN,2023-07-09T17:00:00.000Z
WPR,Western Pacific,Country,SGP,Singapore,Year,2018,FALSE,Residence Area Type,Total,RESIDENCEAREATYPE_TOTL,100,100,EN,2023-07-09T17:00:00.000Z
WPR,Western Pacific,Country,SGP,Singapore,Year,2017,FALSE,Residence Area Type,Total,RESIDENCEAREATYPE_TOTL,100,100,EN,2023-07-09T17:00:00.000Z
WPR,Western Pacific,Country,SGP,Singapore,Year,2016,FALSE,Residence Area Type,Total,RESIDENCEAREATYPE_TOTL,100,100,EN,2023-07-09T17:00:00.000Z
WPR,Western Pacific,Country,SGP,Singapore,Year,2015,FALSE,Residence Area Type,Total,RESIDENCEAREATYPE_TOTL,100,100,EN,2023-07-09T17:00:00.000Z
WPR,Western Pacific,Country,SGP,Singapore,Year,2014,FALSE,Residence Area Type,Total,RESIDENCEAREATYPE_TOTL,100,100,EN,2023-07-09T17:00:00.000Z
WPR,Western Pacific,Country,SGP,Singapore,Year,2013,FALSE,Residence Area Type,Total,RESIDENCEAREATYPE_TOTL,100,100,EN,2023-07-09T17:00:00.000Z
WPR,Western Pacific,Country,SGP,Singapore,Year,2012,FALSE,Residence Area Type,Total,RESIDENCEAREATYPE_TOTL,100,100,EN,2023-07-09T17:00:00.000Z
WPR,Western Pacific,Country,SGP,Singapore,Year,2011,FALSE,Residence Area Type,Total,RESIDENCEAREATYPE_TOTL,100,100,EN,2023-07-09T17:00:00.000Z
WPR,Western Pacific,Country,SGP,Singapore,Year,2010,FALSE,Residence Area Type,Total,RESIDENCEAREATYPE_TOTL,100,100,EN,2023-07-09T17:00:00.000Z
WPR,Western Pacific,Country,SGP,Singapore,Year,2009,FALSE,Residence Area Type,Total,RESIDENCEAREATYPE_TOTL,100,100,EN,2023-07-09T17:00:00.000Z
WPR,Western Pacific,Country,SGP,Singapore,Year,2008,FALSE,Residence Area Type,Total,RESIDENCEAREATYPE_TOTL,100,100,EN,2023-07-09T17:00:00.000Z
WPR,Western Pacific,Country,SGP,Singapore,Year,2007,FALSE,Residence Area Type,Total,RESIDENCEAREATYPE_TOTL,100,100,EN,2023-07-09T17:00:00.000Z
WPR,Western Pacific,Country,SGP,Singapore,Year,2006,FALSE,Residence Area Type,Total,RESIDENCEAREATYPE_TOTL,100,100,EN,2023-07-09T17:00:00.000Z
WPR,Western Pacific,Country,SGP,Singapore,Year,2005,FALSE,Residence Area Type,Total,RESIDENCEAREATYPE_TOTL,100,100,EN,2023-07-09T17:00:00.000Z
WPR,Western Pacific,Country,SGP,Singapore,Year,2004,FALSE,Residence Area Type,Total,RESIDENCEAREATYPE_TOTL,100,100,EN,2023-07-09T17:00:00.000Z
WPR,Western Pacific,Country,SGP,Singapore,Year,2003,FALSE,Residence Area Type,Total,RESIDENCEAREATYPE_TOTL,100,100,EN,2023-07-09T17:00:00.000Z
WPR,Western Pacific,Country,SGP,Singapore,Year,2002,FALSE,Residence Area Type,Total,RESIDENCEAREATYPE_TOTL,100,100,EN,2023-07-09T17:00:00.000Z
WPR,Western Pacific,Country,SGP,Singapore,Year,2001,FALSE,Residence Area Type,Total,RESIDENCEAREATYPE_TOTL,100,100,EN,2023-07-09T17:00:00.000Z
WPR,Western Pacific,Country,SGP,Singapore,Year,2000,FALSE,Residence Area Type,Total,RESIDENCEAREATYPE_TOTL,100,100,EN,2023-07-09T17:00:00.000Z
EUR,Europe,Country,SVK,Slovakia,Year,2022,TRUE,Residence Area Type,Total,RESIDENCEAREATYPE_TOTL,99.79,100,EN,2023-07-09T17:00:00.000Z
EUR,Europe,Country,SVK,Slovakia,Year,2021,FALSE,Residence Area Type,Total,RESIDENCEAREATYPE_TOTL,99.79,100,EN,2023-07-09T17:00:00.000Z
EUR,Europe,Country,SVK,Slovakia,Year,2020,FALSE,Residence Area Type,Total,RESIDENCEAREATYPE_TOTL,99.79,100,EN,2023-07-09T17:00:00.000Z
EUR,Europe,Country,SVK,Slovakia,Year,2019,FALSE,Residence Area Type,Total,RESIDENCEAREATYPE_TOTL,99.79,100,EN,2023-07-09T17:00:00.000Z
EUR,Europe,Country,SVK,Slovakia,Year,2018,FALSE,Residence Area Type,Total,RESIDENCEAREATYPE_TOTL,99.79,100,EN,2023-07-09T17:00:00.000Z
EUR,Europe,Country,SVK,Slovakia,Year,2017,FALSE,Residence Area Type,Total,RESIDENCEAREATYPE_TOTL,99.79,100,EN,2023-07-09T17:00:00.000Z
EUR,Europe,Country,SVK,Slovakia,Year,2016,FALSE,Residence Area Type,Total,RESIDENCEAREATYPE_TOTL,99.79,100,EN,2023-07-09T17:00:00.000Z
EUR,Europe,Country,SVK,Slovakia,Year,2015,FALSE,Residence Area Type,Total,RESIDENCEAREATYPE_TOTL,99.79,100,EN,2023-07-09T17:00:00.000Z
EUR,Europe,Country,SVK,Slovakia,Year,2014,FALSE,Residence Area Type,Total,RESIDENCEAREATYPE_TOTL,99.79,100,EN,2023-07-09T17:00:00.000Z
EUR,Europe,Country,SVK,Slovakia,Year,2013,FALSE,Residence Area Type,Total,RESIDENCEAREATYPE_TOTL,99.52,100,EN,2023-07-09T17:00:00.000Z
EUR,Europe,Country,SVK,Slovakia,Year,2012,FALSE,Residence Area Type,Total,RESIDENCEAREATYPE_TOTL,99.38,99,EN,2023-07-09T17:00:00.000Z
EUR,Europe,Country,SVK,Slovakia,Year,2011,FALSE,Residence Area Type,Total,RESIDENCEAREATYPE_TOTL,99,99,EN,2023-07-09T17:00:00.000Z
EUR,Europe,Country,SVK,Slovakia,Year,2010,FALSE,Residence Area Type,Total,RESIDENCEAREATYPE_TOTL,98.62,99,EN,2023-07-09T17:00:00.000Z
EUR,Europe,Country,SVK,Slovakia,Year,2009,FALSE,Residence Area Type,Total,RESIDENCEAREATYPE_TOTL,98.25,98,EN,2023-07-09T17:00:00.000Z
EUR,Europe,Country,SVK,Slovakia,Year,2008,FALSE,Residence Area Type,Total,RESIDENCEAREATYPE_TOTL,97.96,98,EN,2023-07-09T17:00:00.000Z
EUR,Europe,Country,SVK,Slovakia,Year,2007,FALSE,Residence Area Type,Total,RESIDENCEAREATYPE_TOTL,97.96,98,EN,2023-07-09T17:00:00.000Z
EUR,Europe,Country,SVK,Slovakia,Year,2006,FALSE,Residence Area Type,Total,RESIDENCEAREATYPE_TOTL,97.96,98,EN,2023-07-09T17:00:00.000Z
EUR,Europe,Country,SVK,Slovakia,Year,2005,FALSE,Residence Area Type,Total,RESIDENCEAREATYPE_TOTL,97.97,98,EN,2023-07-09T17:00:00.000Z
EUR,Europe,Country,SVK,Slovakia,Year,2004,FALSE,Residence Area Type,Total,RESIDENCEAREATYPE_TOTL,97.97,98,EN,2023-07-09T17:00:00.000Z
EUR,Europe,Country,SVK,Slovakia,Year,2003,FALSE,Residence Area Type,Total,RESIDENCEAREATYPE_TOTL,97.97,98,EN,2023-07-09T17:00:00.000Z
EUR,Europe,Country,SVK,Slovakia,Year,2002,FALSE,Residence Area Type,Total,RESIDENCEAREATYPE_TOTL,97.98,98,EN,2023-07-09T17:00:00.000Z
EUR,Europe,Country,SVK,Slovakia,Year,2001,FALSE,Residence Area Type,Total,RESIDENCEAREATYPE_TOTL,97.98,98,EN,2023-07-09T17:00:00.000Z
EUR,Europe,Country,SVK,Slovakia,Year,2000,FALSE,Residence Area Type,Total,RESIDENCEAREATYPE_TOTL,97.98,98,EN,2023-07-09T17:00:00.000Z
EUR,Europe,Country,SVN,Slovenia,Year,2022,TRUE,Residence Area Type,Total,RESIDENCEAREATYPE_TOTL,99.5,100,EN,2023-07-09T17:00:00.000Z
EUR,Europe,Country,SVN,Slovenia,Year,2021,FALSE,Residence Area Type,Total,RESIDENCEAREATYPE_TOTL,99.5,100,EN,2023-07-09T17:00:00.000Z
EUR,Europe,Country,SVN,Slovenia,Year,2020,FALSE,Residence Area Type,Total,RESIDENCEAREATYPE_TOTL,99.5,100,EN,2023-07-09T17:00:00.000Z
EUR,Europe,Country,SVN,Slovenia,Year,2019,FALSE,Residence Area Type,Total,RESIDENCEAREATYPE_TOTL,99.5,100,EN,2023-07-09T17:00:00.000Z
EUR,Europe,Country,SVN,Slovenia,Year,2018,FALSE,Residence Area Type,Total,RESIDENCEAREATYPE_TOTL,99.5,100,EN,2023-07-09T17:00:00.000Z
EUR,Europe,Country,SVN,Slovenia,Year,2017,FALSE,Residence Area Type,Total,RESIDENCEAREATYPE_TOTL,99.5,100,EN,2023-07-09T17:00:00.000Z
EUR,Europe,Country,SVN,Slovenia,Year,2016,FALSE,Residence Area Type,Total,RESIDENCEAREATYPE_TOTL,99.5,100,EN,2023-07-09T17:00:00.000Z
EUR,Europe,Country,SVN,Slovenia,Year,2015,FALSE,Residence Area Type,Total,RESIDENCEAREATYPE_TOTL,99.5,100,EN,2023-07-09T17:00:00.000Z
EUR,Europe,Country,SVN,Slovenia,Year,2014,FALSE,Residence Area Type,Total,RESIDENCEAREATYPE_TOTL,99.5,100,EN,2023-07-09T17:00:00.000Z
EUR,Europe,Country,SVN,Slovenia,Year,2013,FALSE,Residence Area Type,Total,RESIDENCEAREATYPE_TOTL,99.5,100,EN,2023-07-09T17:00:00.000Z
EUR,Europe,Country,SVN,Slovenia,Year,2012,FALSE,Residence Area Type,Total,RESIDENCEAREATYPE_TOTL,99.5,100,EN,2023-07-09T17:00:00.000Z
EUR,Europe,Country,SVN,Slovenia,Year,2011,FALSE,Residence Area Type,Total,RESIDENCEAREATYPE_TOTL,99.5,100,EN,2023-07-09T17:00:00.000Z
EUR,Europe,Country,SVN,Slovenia,Year,2010,FALSE,Residence Area Type,Total,RESIDENCEAREATYPE_TOTL,99.5,100,EN,2023-07-09T17:00:00.000Z
EUR,Europe,Country,SVN,Slovenia,Year,2009,FALSE,Residence Area Type,Total,RESIDENCEAREATYPE_TOTL,99.5,100,EN,2023-07-09T17:00:00.000Z
EUR,Europe,Country,SVN,Slovenia,Year,2008,FALSE,Residence Area Type,Total,RESIDENCEAREATYPE_TOTL,99.5,100,EN,2023-07-09T17:00:00.000Z
EUR,Europe,Country,SVN,Slovenia,Year,2007,FALSE,Residence Area Type,Total,RESIDENCEAREATYPE_TOTL,99.5,100,EN,2023-07-09T17:00:00.000Z
EUR,Europe,Country,SVN,Slovenia,Year,2006,FALSE,Residence Area Type,Total,RESIDENCEAREATYPE_TOTL,99.5,100,EN,2023-07-09T17:00:00.000Z
EUR,Europe,Country,SVN,Slovenia,Year,2005,FALSE,Residence Area Type,Total,RESIDENCEAREATYPE_TOTL,99.5,100,EN,2023-07-09T17:00:00.000Z
EUR,Europe,Country,SVN,Slovenia,Year,2004,FALSE,Residence Area Type,Total,RESIDENCEAREATYPE_TOTL,99.5,100,EN,2023-07-09T17:00:00.000Z
EUR,Europe,Country,SVN,Slovenia,Year,2003,FALSE,Residence Area Type,Total,RESIDENCEAREATYPE_TOTL,99.5,100,EN,2023-07-09T17:00:00.000Z
EUR,Europe,Country,SVN,Slovenia,Year,2002,FALSE,Residence Area Type,Total,RESIDENCEAREATYPE_TOTL,99.5,100,EN,2023-07-09T17:00:00.000Z
EUR,Europe,Country,SVN,Slovenia,Year,2001,FALSE,Residence Area Type,Total,RESIDENCEAREATYPE_TOTL,99.5,100,EN,2023-07-09T17:00:00.000Z
EUR,Europe,Country,SVN,Slovenia,Year,2000,FALSE,Residence Area Type,Total,RESIDENCEAREATYPE_TOTL,99.5,100,EN,2023-07-09T17:00:00.000Z
WPR,Western Pacific,Country,SLB,Solomon Islands,Year,2021,TRUE,Residence Area Type,Total,RESIDENCEAREATYPE_TOTL,67.45,67,EN,2023-07-09T17:00:00.000Z
WPR,Western Pacific,Country,SLB,Solomon Islands,Year,2020,FALSE,Residence Area Type,Total,RESIDENCEAREATYPE_TOTL,67.3,67,EN,2023-07-09T17:00:00.000Z
WPR,Western Pacific,Country,SLB,Solomon Islands,Year,2019,FALSE,Residence Area Type,Total,RESIDENCEAREATYPE_TOTL,67.15,67,EN,2023-07-09T17:00:00.000Z
WPR,Western Pacific,Country,SLB,Solomon Islands,Year,2018,FALSE,Residence Area Type,Total,RESIDENCEAREATYPE_TOTL,67.01,67,EN,2023-07-09T17:00:00.000Z
WPR,Western Pacific,Country,SLB,Solomon Islands,Year,2017,FALSE,Residence Area Type,Total,RESIDENCEAREATYPE_TOTL,67.78,68,EN,2023-07-09T17:00:00.000Z
WPR,Western Pacific,Country,SLB,Solomon Islands,Year,2016,FALSE,Residence Area Type,Total,RESIDENCEAREATYPE_TOTL,68.54,69,EN,2023-07-09T17:00:00.000Z
WPR,Western Pacific,Country,SLB,Solomon Islands,Year,2015,FALSE,Residence Area Type,Total,RESIDENCEAREATYPE_TOTL,69.33,69,EN,2023-07-09T17:00:00.000Z
WPR,Western Pacific,Country,SLB,Solomon Islands,Year,2014,FALSE,Residence Area Type,Total,RESIDENCEAREATYPE_TOTL,70.13,70,EN,2023-07-09T17:00:00.000Z
WPR,Western Pacific,Country,SLB,Solomon Islands,Year,2013,FALSE,Residence Area Type,Total,RESIDENCEAREATYPE_TOTL,70.95,71,EN,2023-07-09T17:00:00.000Z
WPR,Western Pacific,Country,SLB,Solomon Islands,Year,2012,FALSE,Residence Area Type,Total,RESIDENCEAREATYPE_TOTL,71.78,72,EN,2023-07-09T17:00:00.000Z
WPR,Western Pacific,Country,SLB,Solomon Islands,Year,2011,FALSE,Residence Area Type,Total,RESIDENCEAREATYPE_TOTL,72.63,73,EN,2023-07-09T17:00:00.000Z
WPR,Western Pacific,Country,SLB,Solomon Islands,Year,2010,FALSE,Residence Area Type,Total,RESIDENCEAREATYPE_TOTL,73.5,74,EN,2023-07-09T17:00:00.000Z
WPR,Western Pacific,Country,SLB,Solomon Islands,Year,2009,FALSE,Residence Area Type,Total,RESIDENCEAREATYPE_TOTL,74.39,74,EN,2023-07-09T17:00:00.000Z
WPR,Western Pacific,Country,SLB,Solomon Islands,Year,2008,FALSE,Residence Area Type,Total,RESIDENCEAREATYPE_TOTL,75.29,75,EN,2023-07-09T17:00:00.000Z
WPR,Western Pacific,Country,SLB,Solomon Islands,Year,2007,FALSE,Residence Area Type,Total,RESIDENCEAREATYPE_TOTL,76.21,76,EN,2023-07-09T17:00:00.000Z
WPR,Western Pacific,Country,SLB,Solomon Islands,Year,2006,FALSE,Residence Area Type,Total,RESIDENCEAREATYPE_TOTL,77.15,77,EN,2023-07-09T17:00:00.000Z
WPR,Western Pacific,Country,SLB,Solomon Islands,Year,2005,FALSE,Residence Area Type,Total,RESIDENCEAREATYPE_TOTL,78.11,78,EN,2023-07-09T17:00:00.000Z
WPR,Western Pacific,Country,SLB,Solomon Islands,Year,2004,FALSE,Residence Area Type,Total,RESIDENCEAREATYPE_TOTL,78.91,79,EN,2023-07-09T17:00:00.000Z
WPR,Western Pacific,Country,SLB,Solomon Islands,Year,2003,FALSE,Residence Area Type,Total,RESIDENCEAREATYPE_TOTL,78.85,79,EN,2023-07-09T17:00:00.000Z
WPR,Western Pacific,Country,SLB,Solomon Islands,Year,2002,FALSE,Residence Area Type,Total,RESIDENCEAREATYPE_TOTL,78.79,79,EN,2023-07-09T17:00:00.000Z
WPR,Western Pacific,Country,SLB,Solomon Islands,Year,2001,FALSE,Residence Area Type,Total,RESIDENCEAREATYPE_TOTL,78.74,79,EN,2023-07-09T17:00:00.000Z
WPR,Western Pacific,Country,SLB,Solomon Islands,Year,2000,FALSE,Residence Area Type,Total,RESIDENCEAREATYPE_TOTL,78.68,79,EN,2023-07-09T17:00:00.000Z
EMR,Eastern Mediterranean,Country,SOM,Somalia,Year,2022,TRUE,Residence Area Type,Total,RESIDENCEAREATYPE_TOTL,58.26,58,EN,2023-07-09T17:00:00.000Z
EMR,Eastern Mediterranean,Country,SOM,Somalia,Year,2021,FALSE,Residence Area Type,Total,RESIDENCEAREATYPE_TOTL,58.01,58,EN,2023-07-09T17:00:00.000Z
EMR,Eastern Mediterranean,Country,SOM,Somalia,Year,2020,FALSE,Residence Area Type,Total,RESIDENCEAREATYPE_TOTL,56.48,56,EN,2023-07-09T17:00:00.000Z
EMR,Eastern Mediterranean,Country,SOM,Somalia,Year,2019,FALSE,Residence Area Type,Total,RESIDENCEAREATYPE_TOTL,54.93,55,EN,2023-07-09T17:00:00.000Z
EMR,Eastern Mediterranean,Country,SOM,Somalia,Year,2018,FALSE,Residence Area Type,Total,RESIDENCEAREATYPE_TOTL,53.39,53,EN,2023-07-09T17:00:00.000Z
EMR,Eastern Mediterranean,Country,SOM,Somalia,Year,2017,FALSE,Residence Area Type,Total,RESIDENCEAREATYPE_TOTL,51.83,52,EN,2023-07-09T17:00:00.000Z
EMR,Eastern Mediterranean,Country,SOM,Somalia,Year,2016,FALSE,Residence Area Type,Total,RESIDENCEAREATYPE_TOTL,50.27,50,EN,2023-07-09T17:00:00.000Z
EMR,Eastern Mediterranean,Country,SOM,Somalia,Year,2015,FALSE,Residence Area Type,Total,RESIDENCEAREATYPE_TOTL,48.71,49,EN,2023-07-09T17:00:00.000Z
EMR,Eastern Mediterranean,Country,SOM,Somalia,Year,2014,FALSE,Residence Area Type,Total,RESIDENCEAREATYPE_TOTL,47.14,47,EN,2023-07-09T17:00:00.000Z
EMR,Eastern Mediterranean,Country,SOM,Somalia,Year,2013,FALSE,Residence Area Type,Total,RESIDENCEAREATYPE_TOTL,45.57,46,EN,2023-07-09T17:00:00.000Z
EMR,Eastern Mediterranean,Country,SOM,Somalia,Year,2012,FALSE,Residence Area Type,Total,RESIDENCEAREATYPE_TOTL,43.99,44,EN,2023-07-09T17:00:00.000Z
EMR,Eastern Mediterranean,Country,SOM,Somalia,Year,2011,FALSE,Residence Area Type,Total,RESIDENCEAREATYPE_TOTL,42.41,42,EN,2023-07-09T17:00:00.000Z
EMR,Eastern Mediterranean,Country,SOM,Somalia,Year,2010,FALSE,Residence Area Type,Total,RESIDENCEAREATYPE_TOTL,40.27,40,EN,2023-07-09T17:00:00.000Z
EMR,Eastern Mediterranean,Country,SOM,Somalia,Year,2009,FALSE,Residence Area Type,Total,RESIDENCEAREATYPE_TOTL,38.13,38,EN,2023-07-09T17:00:00.000Z
EMR,Eastern Mediterranean,Country,SOM,Somalia,Year,2008,FALSE,Residence Area Type,Total,RESIDENCEAREATYPE_TOTL,35.98,36,EN,2023-07-09T17:00:00.000Z
EMR,Eastern Mediterranean,Country,SOM,Somalia,Year,2007,FALSE,Residence Area Type,Total,RESIDENCEAREATYPE_TOTL,33.83,34,EN,2023-07-09T17:00:00.000Z
EMR,Eastern Mediterranean,Country,SOM,Somalia,Year,2006,FALSE,Residence Area Type,Total,RESIDENCEAREATYPE_TOTL,33.82,34,EN,2023-07-09T17:00:00.000Z
EMR,Eastern Mediterranean,Country,SOM,Somalia,Year,2005,FALSE,Residence Area Type,Total,RESIDENCEAREATYPE_TOTL,32.07,32,EN,2023-07-09T17:00:00.000Z
EMR,Eastern Mediterranean,Country,SOM,Somalia,Year,2004,FALSE,Residence Area Type,Total,RESIDENCEAREATYPE_TOTL,30.32,30,EN,2023-07-09T17:00:00.000Z
EMR,Eastern Mediterranean,Country,SOM,Somalia,Year,2003,FALSE,Residence Area Type,Total,RESIDENCEAREATYPE_TOTL,28.56,29,EN,2023-07-09T17:00:00.000Z
EMR,Eastern Mediterranean,Country,SOM,Somalia,Year,2002,FALSE,Residence Area Type,Total,RESIDENCEAREATYPE_TOTL,26.79,27,EN,2023-07-09T17:00:00.000Z
EMR,Eastern Mediterranean,Country,SOM,Somalia,Year,2001,FALSE,Residence Area Type,Total,RESIDENCEAREATYPE_TOTL,25.23,25,EN,2023-07-09T17:00:00.000Z
EMR,Eastern Mediterranean,Country,SOM,Somalia,Year,2000,FALSE,Residence Area Type,Total,RESIDENCEAREATYPE_TOTL,23.66,24,EN,2023-07-09T17:00:00.000Z
AFR,Africa,Country,ZAF,South Africa,Year,2022,TRUE,Residence Area Type,Total,RESIDENCEAREATYPE_TOTL,94.49,94,EN,2023-07-09T17:00:00.000Z
AFR,Africa,Country,ZAF,South Africa,Year,2021,FALSE,Residence Area Type,Total,RESIDENCEAREATYPE_TOTL,94.13,94,EN,2023-07-09T17:00:00.000Z
AFR,Africa,Country,ZAF,South Africa,Year,2020,FALSE,Residence Area Type,Total,RESIDENCEAREATYPE_TOTL,93.76,94,EN,2023-07-09T17:00:00.000Z
AFR,Africa,Country,ZAF,South Africa,Year,2019,FALSE,Residence Area Type,Total,RESIDENCEAREATYPE_TOTL,93.39,93,EN,2023-07-09T17:00:00.000Z
AFR,Africa,Country,ZAF,South Africa,Year,2018,FALSE,Residence Area Type,Total,RESIDENCEAREATYPE_TOTL,93,93,EN,2023-07-09T17:00:00.000Z
AFR,Africa,Country,ZAF,South Africa,Year,2017,FALSE,Residence Area Type,Total,RESIDENCEAREATYPE_TOTL,92.61,93,EN,2023-07-09T17:00:00.000Z
AFR,Africa,Country,ZAF,South Africa,Year,2016,FALSE,Residence Area Type,Total,RESIDENCEAREATYPE_TOTL,92.21,92,EN,2023-07-09T17:00:00.000Z
AFR,Africa,Country,ZAF,South Africa,Year,2015,FALSE,Residence Area Type,Total,RESIDENCEAREATYPE_TOTL,91.8,92,EN,2023-07-09T17:00:00.000Z
AFR,Africa,Country,ZAF,South Africa,Year,2014,FALSE,Residence Area Type,Total,RESIDENCEAREATYPE_TOTL,91.38,91,EN,2023-07-09T17:00:00.000Z
AFR,Africa,Country,ZAF,South Africa,Year,2013,FALSE,Residence Area Type,Total,RESIDENCEAREATYPE_TOTL,90.95,91,EN,2023-07-09T17:00:00.000Z
AFR,Africa,Country,ZAF,South Africa,Year,2012,FALSE,Residence Area Type,Total,RESIDENCEAREATYPE_TOTL,90.51,91,EN,2023-07-09T17:00:00.000Z
AFR,Africa,Country,ZAF,South Africa,Year,2011,FALSE,Residence Area Type,Total,RESIDENCEAREATYPE_TOTL,90.06,90,EN,2023-07-09T17:00:00.000Z
AFR,Africa,Country,ZAF,South Africa,Year,2010,FALSE,Residence Area Type,Total,RESIDENCEAREATYPE_TOTL,89.61,90,EN,2023-07-09T17:00:00.000Z
AFR,Africa,Country,ZAF,South Africa,Year,2009,FALSE,Residence Area Type,Total,RESIDENCEAREATYPE_TOTL,89.14,89,EN,2023-07-09T17:00:00.000Z
AFR,Africa,Country,ZAF,South Africa,Year,2008,FALSE,Residence Area Type,Total,RESIDENCEAREATYPE_TOTL,88.67,89,EN,2023-07-09T17:00:00.000Z
AFR,Africa,Country,ZAF,South Africa,Year,2007,FALSE,Residence Area Type,Total,RESIDENCEAREATYPE_TOTL,88.19,88,EN,2023-07-09T17:00:00.000Z
AFR,Africa,Country,ZAF,South Africa,Year,2006,FALSE,Residence Area Type,Total,RESIDENCEAREATYPE_TOTL,87.69,88,EN,2023-07-09T17:00:00.000Z
AFR,Africa,Country,ZAF,South Africa,Year,2005,FALSE,Residence Area Type,Total,RESIDENCEAREATYPE_TOTL,87.19,87,EN,2023-07-09T17:00:00.000Z
AFR,Africa,Country,ZAF,South Africa,Year,2004,FALSE,Residence Area Type,Total,RESIDENCEAREATYPE_TOTL,86.68,87,EN,2023-07-09T17:00:00.000Z
AFR,Africa,Country,ZAF,South Africa,Year,2003,FALSE,Residence Area Type,Total,RESIDENCEAREATYPE_TOTL,86.16,86,EN,2023-07-09T17:00:00.000Z
AFR,Africa,Country,ZAF,South Africa,Year,2002,FALSE,Residence Area Type,Total,RESIDENCEAREATYPE_TOTL,85.63,86,EN,2023-07-09T17:00:00.000Z
AFR,Africa,Country,ZAF,South Africa,Year,2001,FALSE,Residence Area Type,Total,RESIDENCEAREATYPE_TOTL,85.1,85,EN,2023-07-09T17:00:00.000Z
AFR,Africa,Country,ZAF,South Africa,Year,2000,FALSE,Residence Area Type,Total,RESIDENCEAREATYPE_TOTL,84.58,85,EN,2023-07-09T17:00:00.000Z
AFR,Africa,Country,SSD,South Sudan,Year,2022,TRUE,Residence Area Type,Total,RESIDENCEAREATYPE_TOTL,41.19,41,EN,2023-07-09T17:00:00.000Z
AFR,Africa,Country,SSD,South Sudan,Year,2021,FALSE,Residence Area Type,Total,RESIDENCEAREATYPE_TOTL,41.07,41,EN,2023-07-09T17:00:00.000Z
AFR,Africa,Country,SSD,South Sudan,Year,2020,FALSE,Residence Area Type,Total,RESIDENCEAREATYPE_TOTL,40.95,41,EN,2023-07-09T17:00:00.000Z
AFR,Africa,Country,SSD,South Sudan,Year,2019,FALSE,Residence Area Type,Total,RESIDENCEAREATYPE_TOTL,40.84,41,EN,2023-07-09T17:00:00.000Z
AFR,Africa,Country,SSD,South Sudan,Year,2018,FALSE,Residence Area Type,Total,RESIDENCEAREATYPE_TOTL,40.98,41,EN,2023-07-09T17:00:00.000Z
AFR,Africa,Country,SSD,South Sudan,Year,2017,FALSE,Residence Area Type,Total,RESIDENCEAREATYPE_TOTL,41.1,41,EN,2023-07-09T17:00:00.000Z
AFR,Africa,Country,SSD,South Sudan,Year,2016,FALSE,Residence Area Type,Total,RESIDENCEAREATYPE_TOTL,41.19,41,EN,2023-07-09T17:00:00.000Z
AFR,Africa,Country,SSD,South Sudan,Year,2015,FALSE,Residence Area Type,Total,RESIDENCEAREATYPE_TOTL,41.25,41,EN,2023-07-09T17:00:00.000Z
AFR,Africa,Country,SSD,South Sudan,Year,2014,FALSE,Residence Area Type,Total,RESIDENCEAREATYPE_TOTL,41.28,41,EN,2023-07-09T17:00:00.000Z
AFR,Africa,Country,SSD,South Sudan,Year,2013,FALSE,Residence Area Type,Total,RESIDENCEAREATYPE_TOTL,41.27,41,EN,2023-07-09T17:00:00.000Z
AFR,Africa,Country,SSD,South Sudan,Year,2012,FALSE,Residence Area Type,Total,RESIDENCEAREATYPE_TOTL,41.24,41,EN,2023-07-09T17:00:00.000Z
AFR,Africa,Country,SSD,South Sudan,Year,2011,FALSE,Residence Area Type,Total,RESIDENCEAREATYPE_TOTL,41.16,41,EN,2023-07-09T17:00:00.000Z
EUR,Europe,Country,ESP,Spain,Year,2022,TRUE,Residence Area Type,Total,RESIDENCEAREATYPE_TOTL,99.93,100,EN,2023-07-09T17:00:00.000Z
EUR,Europe,Country,ESP,Spain,Year,2021,FALSE,Residence Area Type,Total,RESIDENCEAREATYPE_TOTL,99.93,100,EN,2023-07-09T17:00:00.000Z
EUR,Europe,Country,ESP,Spain,Year,2020,FALSE,Residence Area Type,Total,RESIDENCEAREATYPE_TOTL,99.93,100,EN,2023-07-09T17:00:00.000Z
EUR,Europe,Country,ESP,Spain,Year,2019,FALSE,Residence Area Type,Total,RESIDENCEAREATYPE_TOTL,99.93,100,EN,2023-07-09T17:00:00.000Z
EUR,Europe,Country,ESP,Spain,Year,2018,FALSE,Residence Area Type,Total,RESIDENCEAREATYPE_TOTL,99.93,100,EN,2023-07-09T17:00:00.000Z
EUR,Europe,Country,ESP,Spain,Year,2017,FALSE,Residence Area Type,Total,RESIDENCEAREATYPE_TOTL,99.93,100,EN,2023-07-09T17:00:00.000Z
EUR,Europe,Country,ESP,Spain,Year,2016,FALSE,Residence Area Type,Total,RESIDENCEAREATYPE_TOTL,99.93,100,EN,2023-07-09T17:00:00.000Z
EUR,Europe,Country,ESP,Spain,Year,2015,FALSE,Residence Area Type,Total,RESIDENCEAREATYPE_TOTL,99.93,100,EN,2023-07-09T17:00:00.000Z
EUR,Europe,Country,ESP,Spain,Year,2014,FALSE,Residence Area Type,Total,RESIDENCEAREATYPE_TOTL,99.93,100,EN,2023-07-09T17:00:00.000Z
EUR,Europe,Country,ESP,Spain,Year,2013,FALSE,Residence Area Type,Total,RESIDENCEAREATYPE_TOTL,99.96,100,EN,2023-07-09T17:00:00.000Z
EUR,Europe,Country,ESP,Spain,Year,2012,FALSE,Residence Area Type,Total,RESIDENCEAREATYPE_TOTL,99.99,100,EN,2023-07-09T17:00:00.000Z
EUR,Europe,Country,ESP,Spain,Year,2011,FALSE,Residence Area Type,Total,RESIDENCEAREATYPE_TOTL,100,100,EN,2023-07-09T17:00:00.000Z
EUR,Europe,Country,ESP,Spain,Year,2010,FALSE,Residence Area Type,Total,RESIDENCEAREATYPE_TOTL,100,100,EN,2023-07-09T17:00:00.000Z
EUR,Europe,Country,ESP,Spain,Year,2009,FALSE,Residence Area Type,Total,RESIDENCEAREATYPE_TOTL,100,100,EN,2023-07-09T17:00:00.000Z
EUR,Europe,Country,ESP,Spain,Year,2008,FALSE,Residence Area Type,Total,RESIDENCEAREATYPE_TOTL,100,100,EN,2023-07-09T17:00:00.000Z
EUR,Europe,Country,ESP,Spain,Year,2007,FALSE,Residence Area Type,Total,RESIDENCEAREATYPE_TOTL,100,100,EN,2023-07-09T17:00:00.000Z
EUR,Europe,Country,ESP,Spain,Year,2006,FALSE,Residence Area Type,Total,RESIDENCEAREATYPE_TOTL,100,100,EN,2023-07-09T17:00:00.000Z
EUR,Europe,Country,ESP,Spain,Year,2005,FALSE,Residence Area Type,Total,RESIDENCEAREATYPE_TOTL,100,100,EN,2023-07-09T17:00:00.000Z
EUR,Europe,Country,ESP,Spain,Year,2004,FALSE,Residence Area Type,Total,RESIDENCEAREATYPE_TOTL,100,100,EN,2023-07-09T17:00:00.000Z
EUR,Europe,Country,ESP,Spain,Year,2003,FALSE,Residence Area Type,Total,RESIDENCEAREATYPE_TOTL,100,100,EN,2023-07-09T17:00:00.000Z
EUR,Europe,Country,ESP,Spain,Year,2002,FALSE,Residence Area Type,Total,RESIDENCEAREATYPE_TOTL,100,100,EN,2023-07-09T17:00:00.000Z
EUR,Europe,Country,ESP,Spain,Year,2001,FALSE,Residence Area Type,Total,RESIDENCEAREATYPE_TOTL,100,100,EN,2023-07-09T17:00:00.000Z
EUR,Europe,Country,ESP,Spain,Year,2000,FALSE,Residence Area Type,Total,RESIDENCEAREATYPE_TOTL,100,100,EN,2023-07-09T17:00:00.000Z
SEAR,South-East Asia,Country,LKA,Sri Lanka,Year,2022,TRUE,Residence Area Type,Total,RESIDENCEAREATYPE_TOTL,89.31,89,EN,2023-07-09T17:00:00.000Z
SEAR,South-East Asia,Country,LKA,Sri Lanka,Year,2021,FALSE,Residence Area Type,Total,RESIDENCEAREATYPE_TOTL,89,89,EN,2023-07-09T17:00:00.000Z
SEAR,South-East Asia,Country,LKA,Sri Lanka,Year,2020,FALSE,Residence Area Type,Total,RESIDENCEAREATYPE_TOTL,88.7,89,EN,2023-07-09T17:00:00.000Z
SEAR,South-East Asia,Country,LKA,Sri Lanka,Year,2019,FALSE,Residence Area Type,Total,RESIDENCEAREATYPE_TOTL,88.39,88,EN,2023-07-09T17:00:00.000Z
SEAR,South-East Asia,Country,LKA,Sri Lanka,Year,2018,FALSE,Residence Area Type,Total,RESIDENCEAREATYPE_TOTL,88.09,88,EN,2023-07-09T17:00:00.000Z
SEAR,South-East Asia,Country,LKA,Sri Lanka,Year,2017,FALSE,Residence Area Type,Total,RESIDENCEAREATYPE_TOTL,87.79,88,EN,2023-07-09T17:00:00.000Z
SEAR,South-East Asia,Country,LKA,Sri Lanka,Year,2016,FALSE,Residence Area Type,Total,RESIDENCEAREATYPE_TOTL,87.49,87,EN,2023-07-09T17:00:00.000Z
SEAR,South-East Asia,Country,LKA,Sri Lanka,Year,2015,FALSE,Residence Area Type,Total,RESIDENCEAREATYPE_TOTL,87.19,87,EN,2023-07-09T17:00:00.000Z
SEAR,South-East Asia,Country,LKA,Sri Lanka,Year,2014,FALSE,Residence Area Type,Total,RESIDENCEAREATYPE_TOTL,86.9,87,EN,2023-07-09T17:00:00.000Z
SEAR,South-East Asia,Country,LKA,Sri Lanka,Year,2013,FALSE,Residence Area Type,Total,RESIDENCEAREATYPE_TOTL,86.6,87,EN,2023-07-09T17:00:00.000Z
SEAR,South-East Asia,Country,LKA,Sri Lanka,Year,2012,FALSE,Residence Area Type,Total,RESIDENCEAREATYPE_TOTL,86.31,86,EN,2023-07-09T17:00:00.000Z
SEAR,South-East Asia,Country,LKA,Sri Lanka,Year,2011,FALSE,Residence Area Type,Total,RESIDENCEAREATYPE_TOTL,86.02,86,EN,2023-07-09T17:00:00.000Z
SEAR,South-East Asia,Country,LKA,Sri Lanka,Year,2010,FALSE,Residence Area Type,Total,RESIDENCEAREATYPE_TOTL,85.73,86,EN,2023-07-09T17:00:00.000Z
SEAR,South-East Asia,Country,LKA,Sri Lanka,Year,2009,FALSE,Residence Area Type,Total,RESIDENCEAREATYPE_TOTL,85.44,85,EN,2023-07-09T17:00:00.000Z
SEAR,South-East Asia,Country,LKA,Sri Lanka,Year,2008,FALSE,Residence Area Type,Total,RESIDENCEAREATYPE_TOTL,85.15,85,EN,2023-07-09T17:00:00.000Z
SEAR,South-East Asia,Country,LKA,Sri Lanka,Year,2007,FALSE,Residence Area Type,Total,RESIDENCEAREATYPE_TOTL,84.87,85,EN,2023-07-09T17:00:00.000Z
SEAR,South-East Asia,Country,LKA,Sri Lanka,Year,2006,FALSE,Residence Area Type,Total,RESIDENCEAREATYPE_TOTL,84.58,85,EN,2023-07-09T17:00:00.000Z
SEAR,South-East Asia,Country,LKA,Sri Lanka,Year,2005,FALSE,Residence Area Type,Total,RESIDENCEAREATYPE_TOTL,84.29,84,EN,2023-07-09T17:00:00.000Z
SEAR,South-East Asia,Country,LKA,Sri Lanka,Year,2004,FALSE,Residence Area Type,Total,RESIDENCEAREATYPE_TOTL,84,84,EN,2023-07-09T17:00:00.000Z
SEAR,South-East Asia,Country,LKA,Sri Lanka,Year,2003,FALSE,Residence Area Type,Total,RESIDENCEAREATYPE_TOTL,83.71,84,EN,2023-07-09T17:00:00.000Z
SEAR,South-East Asia,Country,LKA,Sri Lanka,Year,2002,FALSE,Residence Area Type,Total,RESIDENCEAREATYPE_TOTL,83.42,83,EN,2023-07-09T17:00:00.000Z
SEAR,South-East Asia,Country,LKA,Sri Lanka,Year,2001,FALSE,Residence Area Type,Total,RESIDENCEAREATYPE_TOTL,83.13,83,EN,2023-07-09T17:00:00.000Z
SEAR,South-East Asia,Country,LKA,Sri Lanka,Year,2000,FALSE,Residence Area Type,Total,RESIDENCEAREATYPE_TOTL,82.85,83,EN,2023-07-09T17:00:00.000Z
EMR,Eastern Mediterranean,Country,SDN,Sudan,Year,2022,TRUE,Residence Area Type,Total,RESIDENCEAREATYPE_TOTL,64.92,65,EN,2023-07-09T17:00:00.000Z
EMR,Eastern Mediterranean,Country,SDN,Sudan,Year,2021,FALSE,Residence Area Type,Total,RESIDENCEAREATYPE_TOTL,63.88,64,EN,2023-07-09T17:00:00.000Z
EMR,Eastern Mediterranean,Country,SDN,Sudan,Year,2020,FALSE,Residence Area Type,Total,RESIDENCEAREATYPE_TOTL,62.74,63,EN,2023-07-09T17:00:00.000Z
EMR,Eastern Mediterranean,Country,SDN,Sudan,Year,2019,FALSE,Residence Area Type,Total,RESIDENCEAREATYPE_TOTL,61.61,62,EN,2023-07-09T17:00:00.000Z
EMR,Eastern Mediterranean,Country,SDN,Sudan,Year,2018,FALSE,Residence Area Type,Total,RESIDENCEAREATYPE_TOTL,60.47,60,EN,2023-07-09T17:00:00.000Z
EMR,Eastern Mediterranean,Country,SDN,Sudan,Year,2017,FALSE,Residence Area Type,Total,RESIDENCEAREATYPE_TOTL,59.33,59,EN,2023-07-09T17:00:00.000Z
EMR,Eastern Mediterranean,Country,SDN,Sudan,Year,2016,FALSE,Residence Area Type,Total,RESIDENCEAREATYPE_TOTL,58.19,58,EN,2023-07-09T17:00:00.000Z
EMR,Eastern Mediterranean,Country,SDN,Sudan,Year,2015,FALSE,Residence Area Type,Total,RESIDENCEAREATYPE_TOTL,57.05,57,EN,2023-07-09T17:00:00.000Z
EMR,Eastern Mediterranean,Country,SDN,Sudan,Year,2014,FALSE,Residence Area Type,Total,RESIDENCEAREATYPE_TOTL,55.92,56,EN,2023-07-09T17:00:00.000Z
EMR,Eastern Mediterranean,Country,SDN,Sudan,Year,2013,FALSE,Residence Area Type,Total,RESIDENCEAREATYPE_TOTL,54.79,55,EN,2023-07-09T17:00:00.000Z
EMR,Eastern Mediterranean,Country,SDN,Sudan,Year,2012,FALSE,Residence Area Type,Total,RESIDENCEAREATYPE_TOTL,53.66,54,EN,2023-07-09T17:00:00.000Z
EMR,Eastern Mediterranean,Country,SDN,Sudan,Year,2011,FALSE,Residence Area Type,Total,RESIDENCEAREATYPE_TOTL,52.53,53,EN,2023-07-09T17:00:00.000Z
EMR,Eastern Mediterranean,Country,SDN,Sudan,Year,2010,FALSE,Residence Area Type,Total,RESIDENCEAREATYPE_TOTL,51.4,51,EN,2023-07-09T17:00:00.000Z
EMR,Eastern Mediterranean,Country,SDN,Sudan,Year,2009,FALSE,Residence Area Type,Total,RESIDENCEAREATYPE_TOTL,50.28,50,EN,2023-07-09T17:00:00.000Z
EMR,Eastern Mediterranean,Country,SDN,Sudan,Year,2008,FALSE,Residence Area Type,Total,RESIDENCEAREATYPE_TOTL,49.16,49,EN,2023-07-09T17:00:00.000Z
EMR,Eastern Mediterranean,Country,SDN,Sudan,Year,2007,FALSE,Residence Area Type,Total,RESIDENCEAREATYPE_TOTL,48.05,48,EN,2023-07-09T17:00:00.000Z
EMR,Eastern Mediterranean,Country,SDN,Sudan,Year,2006,FALSE,Residence Area Type,Total,RESIDENCEAREATYPE_TOTL,46.93,47,EN,2023-07-09T17:00:00.000Z
EMR,Eastern Mediterranean,Country,SDN,Sudan,Year,2005,FALSE,Residence Area Type,Total,RESIDENCEAREATYPE_TOTL,45.82,46,EN,2023-07-09T17:00:00.000Z
EMR,Eastern Mediterranean,Country,SDN,Sudan,Year,2004,FALSE,Residence Area Type,Total,RESIDENCEAREATYPE_TOTL,44.7,45,EN,2023-07-09T17:00:00.000Z
EMR,Eastern Mediterranean,Country,SDN,Sudan,Year,2003,FALSE,Residence Area Type,Total,RESIDENCEAREATYPE_TOTL,44.69,45,EN,2023-07-09T17:00:00.000Z
EMR,Eastern Mediterranean,Country,SDN,Sudan,Year,2002,FALSE,Residence Area Type,Total,RESIDENCEAREATYPE_TOTL,44.68,45,EN,2023-07-09T17:00:00.000Z
EMR,Eastern Mediterranean,Country,SDN,Sudan,Year,2001,FALSE,Residence Area Type,Total,RESIDENCEAREATYPE_TOTL,44.66,45,EN,2023-07-09T17:00:00.000Z
EMR,Eastern Mediterranean,Country,SDN,Sudan,Year,2000,FALSE,Residence Area Type,Total,RESIDENCEAREATYPE_TOTL,44.65,45,EN,2023-07-09T17:00:00.000Z
AMR,Americas,Country,SUR,Suriname,Year,2022,TRUE,Residence Area Type,Total,RESIDENCEAREATYPE_TOTL,97.99,98,EN,2023-07-09T17:00:00.000Z
AMR,Americas,Country,SUR,Suriname,Year,2021,FALSE,Residence Area Type,Total,RESIDENCEAREATYPE_TOTL,97.99,98,EN,2023-07-09T17:00:00.000Z
AMR,Americas,Country,SUR,Suriname,Year,2020,FALSE,Residence Area Type,Total,RESIDENCEAREATYPE_TOTL,97.99,98,EN,2023-07-09T17:00:00.000Z
AMR,Americas,Country,SUR,Suriname,Year,2019,FALSE,Residence Area Type,Total,RESIDENCEAREATYPE_TOTL,97.54,98,EN,2023-07-09T17:00:00.000Z
AMR,Americas,Country,SUR,Suriname,Year,2018,FALSE,Residence Area Type,Total,RESIDENCEAREATYPE_TOTL,97.09,97,EN,2023-07-09T17:00:00.000Z
AMR,Americas,Country,SUR,Suriname,Year,2017,FALSE,Residence Area Type,Total,RESIDENCEAREATYPE_TOTL,96.64,97,EN,2023-07-09T17:00:00.000Z
AMR,Americas,Country,SUR,Suriname,Year,2016,FALSE,Residence Area Type,Total,RESIDENCEAREATYPE_TOTL,96.2,96,EN,2023-07-09T17:00:00.000Z
AMR,Americas,Country,SUR,Suriname,Year,2015,FALSE,Residence Area Type,Total,RESIDENCEAREATYPE_TOTL,95.75,96,EN,2023-07-09T17:00:00.000Z
AMR,Americas,Country,SUR,Suriname,Year,2014,FALSE,Residence Area Type,Total,RESIDENCEAREATYPE_TOTL,95.3,95,EN,2023-07-09T17:00:00.000Z
AMR,Americas,Country,SUR,Suriname,Year,2013,FALSE,Residence Area Type,Total,RESIDENCEAREATYPE_TOTL,94.86,95,EN,2023-07-09T17:00:00.000Z
AMR,Americas,Country,SUR,Suriname,Year,2012,FALSE,Residence Area Type,Total,RESIDENCEAREATYPE_TOTL,94.42,94,EN,2023-07-09T17:00:00.000Z
AMR,Americas,Country,SUR,Suriname,Year,2011,FALSE,Residence Area Type,Total,RESIDENCEAREATYPE_TOTL,93.98,94,EN,2023-07-09T17:00:00.000Z
AMR,Americas,Country,SUR,Suriname,Year,2010,FALSE,Residence Area Type,Total,RESIDENCEAREATYPE_TOTL,93.54,94,EN,2023-07-09T17:00:00.000Z
AMR,Americas,Country,SUR,Suriname,Year,2009,FALSE,Residence Area Type,Total,RESIDENCEAREATYPE_TOTL,93.1,93,EN,2023-07-09T17:00:00.000Z
AMR,Americas,Country,SUR,Suriname,Year,2008,FALSE,Residence Area Type,Total,RESIDENCEAREATYPE_TOTL,92.66,93,EN,2023-07-09T17:00:00.000Z
AMR,Americas,Country,SUR,Suriname,Year,2007,FALSE,Residence Area Type,Total,RESIDENCEAREATYPE_TOTL,92.23,92,EN,2023-07-09T17:00:00.000Z
AMR,Americas,Country,SUR,Suriname,Year,2006,FALSE,Residence Area Type,Total,RESIDENCEAREATYPE_TOTL,91.79,92,EN,2023-07-09T17:00:00.000Z
AMR,Americas,Country,SUR,Suriname,Year,2005,FALSE,Residence Area Type,Total,RESIDENCEAREATYPE_TOTL,91.36,91,EN,2023-07-09T17:00:00.000Z
AMR,Americas,Country,SUR,Suriname,Year,2004,FALSE,Residence Area Type,Total,RESIDENCEAREATYPE_TOTL,90.92,91,EN,2023-07-09T17:00:00.000Z
AMR,Americas,Country,SUR,Suriname,Year,2003,FALSE,Residence Area Type,Total,RESIDENCEAREATYPE_TOTL,90.46,90,EN,2023-07-09T17:00:00.000Z
AMR,Americas,Country,SUR,Suriname,Year,2002,FALSE,Residence Area Type,Total,RESIDENCEAREATYPE_TOTL,90,90,EN,2023-07-09T17:00:00.000Z
AMR,Americas,Country,SUR,Suriname,Year,2001,FALSE,Residence Area Type,Total,RESIDENCEAREATYPE_TOTL,89.53,90,EN,2023-07-09T17:00:00.000Z
AMR,Americas,Country,SUR,Suriname,Year,2000,FALSE,Residence Area Type,Total,RESIDENCEAREATYPE_TOTL,89.06,89,EN,2023-07-09T17:00:00.000Z
EUR,Europe,Country,SWE,Sweden,Year,2022,TRUE,Residence Area Type,Total,RESIDENCEAREATYPE_TOTL,99.74,100,EN,2023-07-09T17:00:00.000Z
EUR,Europe,Country,SWE,Sweden,Year,2021,FALSE,Residence Area Type,Total,RESIDENCEAREATYPE_TOTL,99.74,100,EN,2023-07-09T17:00:00.000Z
EUR,Europe,Country,SWE,Sweden,Year,2020,FALSE,Residence Area Type,Total,RESIDENCEAREATYPE_TOTL,99.73,100,EN,2023-07-09T17:00:00.000Z
EUR,Europe,Country,SWE,Sweden,Year,2019,FALSE,Residence Area Type,Total,RESIDENCEAREATYPE_TOTL,99.72,100,EN,2023-07-09T17:00:00.000Z
EUR,Europe,Country,SWE,Sweden,Year,2018,FALSE,Residence Area Type,Total,RESIDENCEAREATYPE_TOTL,99.71,100,EN,2023-07-09T17:00:00.000Z
EUR,Europe,Country,SWE,Sweden,Year,2017,FALSE,Residence Area Type,Total,RESIDENCEAREATYPE_TOTL,99.7,100,EN,2023-07-09T17:00:00.000Z
EUR,Europe,Country,SWE,Sweden,Year,2016,FALSE,Residence Area Type,Total,RESIDENCEAREATYPE_TOTL,99.68,100,EN,2023-07-09T17:00:00.000Z
EUR,Europe,Country,SWE,Sweden,Year,2015,FALSE,Residence Area Type,Total,RESIDENCEAREATYPE_TOTL,99.67,100,EN,2023-07-09T17:00:00.000Z
EUR,Europe,Country,SWE,Sweden,Year,2014,FALSE,Residence Area Type,Total,RESIDENCEAREATYPE_TOTL,99.66,100,EN,2023-07-09T17:00:00.000Z
EUR,Europe,Country,SWE,Sweden,Year,2013,FALSE,Residence Area Type,Total,RESIDENCEAREATYPE_TOTL,99.65,100,EN,2023-07-09T17:00:00.000Z
EUR,Europe,Country,SWE,Sweden,Year,2012,FALSE,Residence Area Type,Total,RESIDENCEAREATYPE_TOTL,99.63,100,EN,2023-07-09T17:00:00.000Z
EUR,Europe,Country,SWE,Sweden,Year,2011,FALSE,Residence Area Type,Total,RESIDENCEAREATYPE_TOTL,99.62,100,EN,2023-07-09T17:00:00.000Z
EUR,Europe,Country,SWE,Sweden,Year,2010,FALSE,Residence Area Type,Total,RESIDENCEAREATYPE_TOTL,99.61,100,EN,2023-07-09T17:00:00.000Z
EUR,Europe,Country,SWE,Sweden,Year,2009,FALSE,Residence Area Type,Total,RESIDENCEAREATYPE_TOTL,99.59,100,EN,2023-07-09T17:00:00.000Z
EUR,Europe,Country,SWE,Sweden,Year,2008,FALSE,Residence Area Type,Total,RESIDENCEAREATYPE_TOTL,99.58,100,EN,2023-07-09T17:00:00.000Z
EUR,Europe,Country,SWE,Sweden,Year,2007,FALSE,Residence Area Type,Total,RESIDENCEAREATYPE_TOTL,99.57,100,EN,2023-07-09T17:00:00.000Z
EUR,Europe,Country,SWE,Sweden,Year,2006,FALSE,Residence Area Type,Total,RESIDENCEAREATYPE_TOTL,99.56,100,EN,2023-07-09T17:00:00.000Z
EUR,Europe,Country,SWE,Sweden,Year,2005,FALSE,Residence Area Type,Total,RESIDENCEAREATYPE_TOTL,99.54,100,EN,2023-07-09T17:00:00.000Z
EUR,Europe,Country,SWE,Sweden,Year,2004,FALSE,Residence Area Type,Total,RESIDENCEAREATYPE_TOTL,99.53,100,EN,2023-07-09T17:00:00.000Z
EUR,Europe,Country,SWE,Sweden,Year,2003,FALSE,Residence Area Type,Total,RESIDENCEAREATYPE_TOTL,99.52,100,EN,2023-07-09T17:00:00.000Z
EUR,Europe,Country,SWE,Sweden,Year,2002,FALSE,Residence Area Type,Total,RESIDENCEAREATYPE_TOTL,99.51,100,EN,2023-07-09T17:00:00.000Z
EUR,Europe,Country,SWE,Sweden,Year,2001,FALSE,Residence Area Type,Total,RESIDENCEAREATYPE_TOTL,99.49,99,EN,2023-07-09T17:00:00.000Z
EUR,Europe,Country,SWE,Sweden,Year,2000,FALSE,Residence Area Type,Total,RESIDENCEAREATYPE_TOTL,99.48,99,EN,2023-07-09T17:00:00.000Z
EUR,Europe,Country,CHE,Switzerland,Year,2022,TRUE,Residence Area Type,Total,RESIDENCEAREATYPE_TOTL,100,100,EN,2023-07-09T17:00:00.000Z
EUR,Europe,Country,CHE,Switzerland,Year,2021,FALSE,Residence Area Type,Total,RESIDENCEAREATYPE_TOTL,100,100,EN,2023-07-09T17:00:00.000Z
EUR,Europe,Country,CHE,Switzerland,Year,2020,FALSE,Residence Area Type,Total,RESIDENCEAREATYPE_TOTL,100,100,EN,2023-07-09T17:00:00.000Z
EUR,Europe,Country,CHE,Switzerland,Year,2019,FALSE,Residence Area Type,Total,RESIDENCEAREATYPE_TOTL,100,100,EN,2023-07-09T17:00:00.000Z
EUR,Europe,Country,CHE,Switzerland,Year,2018,FALSE,Residence Area Type,Total,RESIDENCEAREATYPE_TOTL,100,100,EN,2023-07-09T17:00:00.000Z
EUR,Europe,Country,CHE,Switzerland,Year,2017,FALSE,Residence Area Type,Total,RESIDENCEAREATYPE_TOTL,100,100,EN,2023-07-09T17:00:00.000Z
EUR,Europe,Country,CHE,Switzerland,Year,2016,FALSE,Residence Area Type,Total,RESIDENCEAREATYPE_TOTL,100,100,EN,2023-07-09T17:00:00.000Z
EUR,Europe,Country,CHE,Switzerland,Year,2015,FALSE,Residence Area Type,Total,RESIDENCEAREATYPE_TOTL,100,100,EN,2023-07-09T17:00:00.000Z
EUR,Europe,Country,CHE,Switzerland,Year,2014,FALSE,Residence Area Type,Total,RESIDENCEAREATYPE_TOTL,100,100,EN,2023-07-09T17:00:00.000Z
EUR,Europe,Country,CHE,Switzerland,Year,2013,FALSE,Residence Area Type,Total,RESIDENCEAREATYPE_TOTL,100,100,EN,2023-07-09T17:00:00.000Z
EUR,Europe,Country,CHE,Switzerland,Year,2012,FALSE,Residence Area Type,Total,RESIDENCEAREATYPE_TOTL,100,100,EN,2023-07-09T17:00:00.000Z
EUR,Europe,Country,CHE,Switzerland,Year,2011,FALSE,Residence Area Type,Total,RESIDENCEAREATYPE_TOTL,100,100,EN,2023-07-09T17:00:00.000Z
EUR,Europe,Country,CHE,Switzerland,Year,2010,FALSE,Residence Area Type,Total,RESIDENCEAREATYPE_TOTL,100,100,EN,2023-07-09T17:00:00.000Z
EUR,Europe,Country,CHE,Switzerland,Year,2009,FALSE,Residence Area Type,Total,RESIDENCEAREATYPE_TOTL,100,100,EN,2023-07-09T17:00:00.000Z
EUR,Europe,Country,CHE,Switzerland,Year,2008,FALSE,Residence Area Type,Total,RESIDENCEAREATYPE_TOTL,100,100,EN,2023-07-09T17:00:00.000Z
EUR,Europe,Country,CHE,Switzerland,Year,2007,FALSE,Residence Area Type,Total,RESIDENCEAREATYPE_TOTL,100,100,EN,2023-07-09T17:00:00.000Z
EUR,Europe,Country,CHE,Switzerland,Year,2006,FALSE,Residence Area Type,Total,RESIDENCEAREATYPE_TOTL,100,100,EN,2023-07-09T17:00:00.000Z
EUR,Europe,Country,CHE,Switzerland,Year,2005,FALSE,Residence Area Type,Total,RESIDENCEAREATYPE_TOTL,100,100,EN,2023-07-09T17:00:00.000Z
EUR,Europe,Country,CHE,Switzerland,Year,2004,FALSE,Residence Area Type,Total,RESIDENCEAREATYPE_TOTL,100,100,EN,2023-07-09T17:00:00.000Z
EUR,Europe,Country,CHE,Switzerland,Year,2003,FALSE,Residence Area Type,Total,RESIDENCEAREATYPE_TOTL,100,100,EN,2023-07-09T17:00:00.000Z
EUR,Europe,Country,CHE,Switzerland,Year,2002,FALSE,Residence Area Type,Total,RESIDENCEAREATYPE_TOTL,100,100,EN,2023-07-09T17:00:00.000Z
EUR,Europe,Country,CHE,Switzerland,Year,2001,FALSE,Residence Area Type,Total,RESIDENCEAREATYPE_TOTL,100,100,EN,2023-07-09T17:00:00.000Z
EUR,Europe,Country,CHE,Switzerland,Year,2000,FALSE,Residence Area Type,Total,RESIDENCEAREATYPE_TOTL,100,100,EN,2023-07-09T17:00:00.000Z
EMR,Eastern Mediterranean,Country,SYR,Syrian Arab Republic,Year,2022,TRUE,Residence Area Type,Total,RESIDENCEAREATYPE_TOTL,94.08,94,EN,2023-07-09T17:00:00.000Z
EMR,Eastern Mediterranean,Country,SYR,Syrian Arab Republic,Year,2021,FALSE,Residence Area Type,Total,RESIDENCEAREATYPE_TOTL,94.05,94,EN,2023-07-09T17:00:00.000Z
EMR,Eastern Mediterranean,Country,SYR,Syrian Arab Republic,Year,2020,FALSE,Residence Area Type,Total,RESIDENCEAREATYPE_TOTL,94,94,EN,2023-07-09T17:00:00.000Z
EMR,Eastern Mediterranean,Country,SYR,Syrian Arab Republic,Year,2019,FALSE,Residence Area Type,Total,RESIDENCEAREATYPE_TOTL,93.87,94,EN,2023-07-09T17:00:00.000Z
EMR,Eastern Mediterranean,Country,SYR,Syrian Arab Republic,Year,2018,FALSE,Residence Area Type,Total,RESIDENCEAREATYPE_TOTL,93.74,94,EN,2023-07-09T17:00:00.000Z
EMR,Eastern Mediterranean,Country,SYR,Syrian Arab Republic,Year,2017,FALSE,Residence Area Type,Total,RESIDENCEAREATYPE_TOTL,93.6,94,EN,2023-07-09T17:00:00.000Z
EMR,Eastern Mediterranean,Country,SYR,Syrian Arab Republic,Year,2016,FALSE,Residence Area Type,Total,RESIDENCEAREATYPE_TOTL,93.46,93,EN,2023-07-09T17:00:00.000Z
EMR,Eastern Mediterranean,Country,SYR,Syrian Arab Republic,Year,2015,FALSE,Residence Area Type,Total,RESIDENCEAREATYPE_TOTL,93.32,93,EN,2023-07-09T17:00:00.000Z
EMR,Eastern Mediterranean,Country,SYR,Syrian Arab Republic,Year,2014,FALSE,Residence Area Type,Total,RESIDENCEAREATYPE_TOTL,93.17,93,EN,2023-07-09T17:00:00.000Z
EMR,Eastern Mediterranean,Country,SYR,Syrian Arab Republic,Year,2013,FALSE,Residence Area Type,Total,RESIDENCEAREATYPE_TOTL,93.11,93,EN,2023-07-09T17:00:00.000Z
EMR,Eastern Mediterranean,Country,SYR,Syrian Arab Republic,Year,2012,FALSE,Residence Area Type,Total,RESIDENCEAREATYPE_TOTL,93.05,93,EN,2023-07-09T17:00:00.000Z
EMR,Eastern Mediterranean,Country,SYR,Syrian Arab Republic,Year,2011,FALSE,Residence Area Type,Total,RESIDENCEAREATYPE_TOTL,93,93,EN,2023-07-09T17:00:00.000Z
EMR,Eastern Mediterranean,Country,SYR,Syrian Arab Republic,Year,2010,FALSE,Residence Area Type,Total,RESIDENCEAREATYPE_TOTL,92.95,93,EN,2023-07-09T17:00:00.000Z
EMR,Eastern Mediterranean,Country,SYR,Syrian Arab Republic,Year,2009,FALSE,Residence Area Type,Total,RESIDENCEAREATYPE_TOTL,92.82,93,EN,2023-07-09T17:00:00.000Z
EMR,Eastern Mediterranean,Country,SYR,Syrian Arab Republic,Year,2008,FALSE,Residence Area Type,Total,RESIDENCEAREATYPE_TOTL,92.7,93,EN,2023-07-09T17:00:00.000Z
EMR,Eastern Mediterranean,Country,SYR,Syrian Arab Republic,Year,2007,FALSE,Residence Area Type,Total,RESIDENCEAREATYPE_TOTL,92.56,93,EN,2023-07-09T17:00:00.000Z
EMR,Eastern Mediterranean,Country,SYR,Syrian Arab Republic,Year,2006,FALSE,Residence Area Type,Total,RESIDENCEAREATYPE_TOTL,92.43,92,EN,2023-07-09T17:00:00.000Z
EMR,Eastern Mediterranean,Country,SYR,Syrian Arab Republic,Year,2005,FALSE,Residence Area Type,Total,RESIDENCEAREATYPE_TOTL,92.3,92,EN,2023-07-09T17:00:00.000Z
EMR,Eastern Mediterranean,Country,SYR,Syrian Arab Republic,Year,2004,FALSE,Residence Area Type,Total,RESIDENCEAREATYPE_TOTL,92.16,92,EN,2023-07-09T17:00:00.000Z
EMR,Eastern Mediterranean,Country,SYR,Syrian Arab Republic,Year,2003,FALSE,Residence Area Type,Total,RESIDENCEAREATYPE_TOTL,92.02,92,EN,2023-07-09T17:00:00.000Z
EMR,Eastern Mediterranean,Country,SYR,Syrian Arab Republic,Year,2002,FALSE,Residence Area Type,Total,RESIDENCEAREATYPE_TOTL,91.88,92,EN,2023-07-09T17:00:00.000Z
EMR,Eastern Mediterranean,Country,SYR,Syrian Arab Republic,Year,2001,FALSE,Residence Area Type,Total,RESIDENCEAREATYPE_TOTL,91.74,92,EN,2023-07-09T17:00:00.000Z
EMR,Eastern Mediterranean,Country,SYR,Syrian Arab Republic,Year,2000,FALSE,Residence Area Type,Total,RESIDENCEAREATYPE_TOTL,91.6,92,EN,2023-07-09T17:00:00.000Z
EUR,Europe,Country,TJK,Tajikistan,Year,2022,TRUE,Residence Area Type,Total,RESIDENCEAREATYPE_TOTL,81.94,82,EN,2023-07-09T17:00:00.000Z
EUR,Europe,Country,TJK,Tajikistan,Year,2021,FALSE,Residence Area Type,Total,RESIDENCEAREATYPE_TOTL,81.89,82,EN,2023-07-09T17:00:00.000Z
EUR,Europe,Country,TJK,Tajikistan,Year,2020,FALSE,Residence Area Type,Total,RESIDENCEAREATYPE_TOTL,81.85,82,EN,2023-07-09T17:00:00.000Z
EUR,Europe,Country,TJK,Tajikistan,Year,2019,FALSE,Residence Area Type,Total,RESIDENCEAREATYPE_TOTL,81.82,82,EN,2023-07-09T17:00:00.000Z
EUR,Europe,Country,TJK,Tajikistan,Year,2018,FALSE,Residence Area Type,Total,RESIDENCEAREATYPE_TOTL,80.41,80,EN,2023-07-09T17:00:00.000Z
EUR,Europe,Country,TJK,Tajikistan,Year,2017,FALSE,Residence Area Type,Total,RESIDENCEAREATYPE_TOTL,79.01,79,EN,2023-07-09T17:00:00.000Z
EUR,Europe,Country,TJK,Tajikistan,Year,2016,FALSE,Residence Area Type,Total,RESIDENCEAREATYPE_TOTL,77.62,78,EN,2023-07-09T17:00:00.000Z
EUR,Europe,Country,TJK,Tajikistan,Year,2015,FALSE,Residence Area Type,Total,RESIDENCEAREATYPE_TOTL,76.24,76,EN,2023-07-09T17:00:00.000Z
EUR,Europe,Country,TJK,Tajikistan,Year,2014,FALSE,Residence Area Type,Total,RESIDENCEAREATYPE_TOTL,74.86,75,EN,2023-07-09T17:00:00.000Z
EUR,Europe,Country,TJK,Tajikistan,Year,2013,FALSE,Residence Area Type,Total,RESIDENCEAREATYPE_TOTL,73.5,73,EN,2023-07-09T17:00:00.000Z
EUR,Europe,Country,TJK,Tajikistan,Year,2012,FALSE,Residence Area Type,Total,RESIDENCEAREATYPE_TOTL,72.15,72,EN,2023-07-09T17:00:00.000Z
EUR,Europe,Country,TJK,Tajikistan,Year,2011,FALSE,Residence Area Type,Total,RESIDENCEAREATYPE_TOTL,70.8,71,EN,2023-07-09T17:00:00.000Z
EUR,Europe,Country,TJK,Tajikistan,Year,2010,FALSE,Residence Area Type,Total,RESIDENCEAREATYPE_TOTL,69.47,69,EN,2023-07-09T17:00:00.000Z
EUR,Europe,Country,TJK,Tajikistan,Year,2009,FALSE,Residence Area Type,Total,RESIDENCEAREATYPE_TOTL,68.15,68,EN,2023-07-09T17:00:00.000Z
EUR,Europe,Country,TJK,Tajikistan,Year,2008,FALSE,Residence Area Type,Total,RESIDENCEAREATYPE_TOTL,66.83,67,EN,2023-07-09T17:00:00.000Z
EUR,Europe,Country,TJK,Tajikistan,Year,2007,FALSE,Residence Area Type,Total,RESIDENCEAREATYPE_TOTL,65.52,66,EN,2023-07-09T17:00:00.000Z
EUR,Europe,Country,TJK,Tajikistan,Year,2006,FALSE,Residence Area Type,Total,RESIDENCEAREATYPE_TOTL,64.21,64,EN,2023-07-09T17:00:00.000Z
EUR,Europe,Country,TJK,Tajikistan,Year,2005,FALSE,Residence Area Type,Total,RESIDENCEAREATYPE_TOTL,62.91,63,EN,2023-07-09T17:00:00.000Z
EUR,Europe,Country,TJK,Tajikistan,Year,2004,FALSE,Residence Area Type,Total,RESIDENCEAREATYPE_TOTL,61.62,62,EN,2023-07-09T17:00:00.000Z
EUR,Europe,Country,TJK,Tajikistan,Year,2003,FALSE,Residence Area Type,Total,RESIDENCEAREATYPE_TOTL,60.33,60,EN,2023-07-09T17:00:00.000Z
EUR,Europe,Country,TJK,Tajikistan,Year,2002,FALSE,Residence Area Type,Total,RESIDENCEAREATYPE_TOTL,59.05,59,EN,2023-07-09T17:00:00.000Z
EUR,Europe,Country,TJK,Tajikistan,Year,2001,FALSE,Residence Area Type,Total,RESIDENCEAREATYPE_TOTL,57.78,58,EN,2023-07-09T17:00:00.000Z
EUR,Europe,Country,TJK,Tajikistan,Year,2000,FALSE,Residence Area Type,Total,RESIDENCEAREATYPE_TOTL,56.51,57,EN,2023-07-09T17:00:00.000Z
SEAR,South-East Asia,Country,THA,Thailand,Year,2022,TRUE,Residence Area Type,Total,RESIDENCEAREATYPE_TOTL,100,100,EN,2023-07-09T17:00:00.000Z
SEAR,South-East Asia,Country,THA,Thailand,Year,2021,FALSE,Residence Area Type,Total,RESIDENCEAREATYPE_TOTL,100,100,EN,2023-07-09T17:00:00.000Z
SEAR,South-East Asia,Country,THA,Thailand,Year,2020,FALSE,Residence Area Type,Total,RESIDENCEAREATYPE_TOTL,100,100,EN,2023-07-09T17:00:00.000Z
SEAR,South-East Asia,Country,THA,Thailand,Year,2019,FALSE,Residence Area Type,Total,RESIDENCEAREATYPE_TOTL,99.96,100,EN,2023-07-09T17:00:00.000Z
SEAR,South-East Asia,Country,THA,Thailand,Year,2018,FALSE,Residence Area Type,Total,RESIDENCEAREATYPE_TOTL,99.54,100,EN,2023-07-09T17:00:00.000Z
SEAR,South-East Asia,Country,THA,Thailand,Year,2017,FALSE,Residence Area Type,Total,RESIDENCEAREATYPE_TOTL,99.39,99,EN,2023-07-09T17:00:00.000Z
SEAR,South-East Asia,Country,THA,Thailand,Year,2016,FALSE,Residence Area Type,Total,RESIDENCEAREATYPE_TOTL,99.19,99,EN,2023-07-09T17:00:00.000Z
SEAR,South-East Asia,Country,THA,Thailand,Year,2015,FALSE,Residence Area Type,Total,RESIDENCEAREATYPE_TOTL,98.93,99,EN,2023-07-09T17:00:00.000Z
SEAR,South-East Asia,Country,THA,Thailand,Year,2014,FALSE,Residence Area Type,Total,RESIDENCEAREATYPE_TOTL,98.66,99,EN,2023-07-09T17:00:00.000Z
SEAR,South-East Asia,Country,THA,Thailand,Year,2013,FALSE,Residence Area Type,Total,RESIDENCEAREATYPE_TOTL,98.39,98,EN,2023-07-09T17:00:00.000Z
SEAR,South-East Asia,Country,THA,Thailand,Year,2012,FALSE,Residence Area Type,Total,RESIDENCEAREATYPE_TOTL,98.11,98,EN,2023-07-09T17:00:00.000Z
SEAR,South-East Asia,Country,THA,Thailand,Year,2011,FALSE,Residence Area Type,Total,RESIDENCEAREATYPE_TOTL,97.83,98,EN,2023-07-09T17:00:00.000Z
SEAR,South-East Asia,Country,THA,Thailand,Year,2010,FALSE,Residence Area Type,Total,RESIDENCEAREATYPE_TOTL,97.54,98,EN,2023-07-09T17:00:00.000Z
SEAR,South-East Asia,Country,THA,Thailand,Year,2009,FALSE,Residence Area Type,Total,RESIDENCEAREATYPE_TOTL,97.23,97,EN,2023-07-09T17:00:00.000Z
SEAR,South-East Asia,Country,THA,Thailand,Year,2008,FALSE,Residence Area Type,Total,RESIDENCEAREATYPE_TOTL,96.92,97,EN,2023-07-09T17:00:00.000Z
SEAR,South-East Asia,Country,THA,Thailand,Year,2007,FALSE,Residence Area Type,Total,RESIDENCEAREATYPE_TOTL,96.59,97,EN,2023-07-09T17:00:00.000Z
SEAR,South-East Asia,Country,THA,Thailand,Year,2006,FALSE,Residence Area Type,Total,RESIDENCEAREATYPE_TOTL,96.26,96,EN,2023-07-09T17:00:00.000Z
SEAR,South-East Asia,Country,THA,Thailand,Year,2005,FALSE,Residence Area Type,Total,RESIDENCEAREATYPE_TOTL,95.92,96,EN,2023-07-09T17:00:00.000Z
SEAR,South-East Asia,Country,THA,Thailand,Year,2004,FALSE,Residence Area Type,Total,RESIDENCEAREATYPE_TOTL,95.57,96,EN,2023-07-09T17:00:00.000Z
SEAR,South-East Asia,Country,THA,Thailand,Year,2003,FALSE,Residence Area Type,Total,RESIDENCEAREATYPE_TOTL,95.22,95,EN,2023-07-09T17:00:00.000Z
SEAR,South-East Asia,Country,THA,Thailand,Year,2002,FALSE,Residence Area Type,Total,RESIDENCEAREATYPE_TOTL,94.85,95,EN,2023-07-09T17:00:00.000Z
SEAR,South-East Asia,Country,THA,Thailand,Year,2001,FALSE,Residence Area Type,Total,RESIDENCEAREATYPE_TOTL,94.49,94,EN,2023-07-09T17:00:00.000Z
SEAR,South-East Asia,Country,THA,Thailand,Year,2000,FALSE,Residence Area Type,Total,RESIDENCEAREATYPE_TOTL,94.12,94,EN,2023-07-09T17:00:00.000Z
SEAR,South-East Asia,Country,TLS,Timor-Leste,Year,2022,TRUE,Residence Area Type,Total,RESIDENCEAREATYPE_TOTL,87.02,87,EN,2023-07-09T17:00:00.000Z
SEAR,South-East Asia,Country,TLS,Timor-Leste,Year,2021,FALSE,Residence Area Type,Total,RESIDENCEAREATYPE_TOTL,85.56,86,EN,2023-07-09T17:00:00.000Z
SEAR,South-East Asia,Country,TLS,Timor-Leste,Year,2020,FALSE,Residence Area Type,Total,RESIDENCEAREATYPE_TOTL,83.97,84,EN,2023-07-09T17:00:00.000Z
SEAR,South-East Asia,Country,TLS,Timor-Leste,Year,2019,FALSE,Residence Area Type,Total,RESIDENCEAREATYPE_TOTL,82.38,82,EN,2023-07-09T17:00:00.000Z
SEAR,South-East Asia,Country,TLS,Timor-Leste,Year,2018,FALSE,Residence Area Type,Total,RESIDENCEAREATYPE_TOTL,80.79,81,EN,2023-07-09T17:00:00.000Z
SEAR,South-East Asia,Country,TLS,Timor-Leste,Year,2017,FALSE,Residence Area Type,Total,RESIDENCEAREATYPE_TOTL,78.59,79,EN,2023-07-09T17:00:00.000Z
SEAR,South-East Asia,Country,TLS,Timor-Leste,Year,2016,FALSE,Residence Area Type,Total,RESIDENCEAREATYPE_TOTL,76.41,76,EN,2023-07-09T17:00:00.000Z
SEAR,South-East Asia,Country,TLS,Timor-Leste,Year,2015,FALSE,Residence Area Type,Total,RESIDENCEAREATYPE_TOTL,74.25,74,EN,2023-07-09T17:00:00.000Z
SEAR,South-East Asia,Country,TLS,Timor-Leste,Year,2014,FALSE,Residence Area Type,Total,RESIDENCEAREATYPE_TOTL,72.1,72,EN,2023-07-09T17:00:00.000Z
SEAR,South-East Asia,Country,TLS,Timor-Leste,Year,2013,FALSE,Residence Area Type,Total,RESIDENCEAREATYPE_TOTL,69.98,70,EN,2023-07-09T17:00:00.000Z
SEAR,South-East Asia,Country,TLS,Timor-Leste,Year,2012,FALSE,Residence Area Type,Total,RESIDENCEAREATYPE_TOTL,67.88,68,EN,2023-07-09T17:00:00.000Z
SEAR,South-East Asia,Country,TLS,Timor-Leste,Year,2011,FALSE,Residence Area Type,Total,RESIDENCEAREATYPE_TOTL,65.8,66,EN,2023-07-09T17:00:00.000Z
SEAR,South-East Asia,Country,TLS,Timor-Leste,Year,2010,FALSE,Residence Area Type,Total,RESIDENCEAREATYPE_TOTL,63.74,64,EN,2023-07-09T17:00:00.000Z
SEAR,South-East Asia,Country,TLS,Timor-Leste,Year,2009,FALSE,Residence Area Type,Total,RESIDENCEAREATYPE_TOTL,61.7,62,EN,2023-07-09T17:00:00.000Z
SEAR,South-East Asia,Country,TLS,Timor-Leste,Year,2008,FALSE,Residence Area Type,Total,RESIDENCEAREATYPE_TOTL,59.69,60,EN,2023-07-09T17:00:00.000Z
SEAR,South-East Asia,Country,TLS,Timor-Leste,Year,2007,FALSE,Residence Area Type,Total,RESIDENCEAREATYPE_TOTL,58.19,58,EN,2023-07-09T17:00:00.000Z
SEAR,South-East Asia,Country,TLS,Timor-Leste,Year,2006,FALSE,Residence Area Type,Total,RESIDENCEAREATYPE_TOTL,56.68,57,EN,2023-07-09T17:00:00.000Z
SEAR,South-East Asia,Country,TLS,Timor-Leste,Year,2005,FALSE,Residence Area Type,Total,RESIDENCEAREATYPE_TOTL,55.18,55,EN,2023-07-09T17:00:00.000Z
SEAR,South-East Asia,Country,TLS,Timor-Leste,Year,2004,FALSE,Residence Area Type,Total,RESIDENCEAREATYPE_TOTL,53.67,54,EN,2023-07-09T17:00:00.000Z
SEAR,South-East Asia,Country,TLS,Timor-Leste,Year,2003,FALSE,Residence Area Type,Total,RESIDENCEAREATYPE_TOTL,52.15,52,EN,2023-07-09T17:00:00.000Z
SEAR,South-East Asia,Country,TLS,Timor-Leste,Year,2002,FALSE,Residence Area Type,Total,RESIDENCEAREATYPE_TOTL,50.62,51,EN,2023-07-09T17:00:00.000Z
AFR,Africa,Country,TGO,Togo,Year,2022,TRUE,Residence Area Type,Total,RESIDENCEAREATYPE_TOTL,70.99,71,EN,2023-07-09T17:00:00.000Z
AFR,Africa,Country,TGO,Togo,Year,2021,FALSE,Residence Area Type,Total,RESIDENCEAREATYPE_TOTL,69.95,70,EN,2023-07-09T17:00:00.000Z
AFR,Africa,Country,TGO,Togo,Year,2020,FALSE,Residence Area Type,Total,RESIDENCEAREATYPE_TOTL,68.89,69,EN,2023-07-09T17:00:00.000Z
AFR,Africa,Country,TGO,Togo,Year,2019,FALSE,Residence Area Type,Total,RESIDENCEAREATYPE_TOTL,67.81,68,EN,2023-07-09T17:00:00.000Z
AFR,Africa,Country,TGO,Togo,Year,2018,FALSE,Residence Area Type,Total,RESIDENCEAREATYPE_TOTL,66.72,67,EN,2023-07-09T17:00:00.000Z
AFR,Africa,Country,TGO,Togo,Year,2017,FALSE,Residence Area Type,Total,RESIDENCEAREATYPE_TOTL,65.62,66,EN,2023-07-09T17:00:00.000Z
AFR,Africa,Country,TGO,Togo,Year,2016,FALSE,Residence Area Type,Total,RESIDENCEAREATYPE_TOTL,64.51,65,EN,2023-07-09T17:00:00.000Z
AFR,Africa,Country,TGO,Togo,Year,2015,FALSE,Residence Area Type,Total,RESIDENCEAREATYPE_TOTL,63.39,63,EN,2023-07-09T17:00:00.000Z
AFR,Africa,Country,TGO,Togo,Year,2014,FALSE,Residence Area Type,Total,RESIDENCEAREATYPE_TOTL,62.26,62,EN,2023-07-09T17:00:00.000Z
AFR,Africa,Country,TGO,Togo,Year,2013,FALSE,Residence Area Type,Total,RESIDENCEAREATYPE_TOTL,61.11,61,EN,2023-07-09T17:00:00.000Z
AFR,Africa,Country,TGO,Togo,Year,2012,FALSE,Residence Area Type,Total,RESIDENCEAREATYPE_TOTL,59.96,60,EN,2023-07-09T17:00:00.000Z
AFR,Africa,Country,TGO,Togo,Year,2011,FALSE,Residence Area Type,Total,RESIDENCEAREATYPE_TOTL,58.79,59,EN,2023-07-09T17:00:00.000Z
AFR,Africa,Country,TGO,Togo,Year,2010,FALSE,Residence Area Type,Total,RESIDENCEAREATYPE_TOTL,57.62,58,EN,2023-07-09T17:00:00.000Z
AFR,Africa,Country,TGO,Togo,Year,2009,FALSE,Residence Area Type,Total,RESIDENCEAREATYPE_TOTL,56.44,56,EN,2023-07-09T17:00:00.000Z
AFR,Africa,Country,TGO,Togo,Year,2008,FALSE,Residence Area Type,Total,RESIDENCEAREATYPE_TOTL,55.26,55,EN,2023-07-09T17:00:00.000Z
AFR,Africa,Country,TGO,Togo,Year,2007,FALSE,Residence Area Type,Total,RESIDENCEAREATYPE_TOTL,54.07,54,EN,2023-07-09T17:00:00.000Z
AFR,Africa,Country,TGO,Togo,Year,2006,FALSE,Residence Area Type,Total,RESIDENCEAREATYPE_TOTL,52.86,53,EN,2023-07-09T17:00:00.000Z
AFR,Africa,Country,TGO,Togo,Year,2005,FALSE,Residence Area Type,Total,RESIDENCEAREATYPE_TOTL,51.65,52,EN,2023-07-09T17:00:00.000Z
AFR,Africa,Country,TGO,Togo,Year,2004,FALSE,Residence Area Type,Total,RESIDENCEAREATYPE_TOTL,50.43,50,EN,2023-07-09T17:00:00.000Z
AFR,Africa,Country,TGO,Togo,Year,2003,FALSE,Residence Area Type,Total,RESIDENCEAREATYPE_TOTL,49.19,49,EN,2023-07-09T17:00:00.000Z
AFR,Africa,Country,TGO,Togo,Year,2002,FALSE,Residence Area Type,Total,RESIDENCEAREATYPE_TOTL,47.95,48,EN,2023-07-09T17:00:00.000Z
AFR,Africa,Country,TGO,Togo,Year,2001,FALSE,Residence Area Type,Total,RESIDENCEAREATYPE_TOTL,46.7,47,EN,2023-07-09T17:00:00.000Z
AFR,Africa,Country,TGO,Togo,Year,2000,FALSE,Residence Area Type,Total,RESIDENCEAREATYPE_TOTL,45.44,45,EN,2023-07-09T17:00:00.000Z
WPR,Western Pacific,Country,TON,Tonga,Year,2022,TRUE,Residence Area Type,Total,RESIDENCEAREATYPE_TOTL,98.81,99,EN,2023-07-09T17:00:00.000Z
WPR,Western Pacific,Country,TON,Tonga,Year,2021,FALSE,Residence Area Type,Total,RESIDENCEAREATYPE_TOTL,98.77,99,EN,2023-07-09T17:00:00.000Z
WPR,Western Pacific,Country,TON,Tonga,Year,2020,FALSE,Residence Area Type,Total,RESIDENCEAREATYPE_TOTL,98.74,99,EN,2023-07-09T17:00:00.000Z
WPR,Western Pacific,Country,TON,Tonga,Year,2019,FALSE,Residence Area Type,Total,RESIDENCEAREATYPE_TOTL,98.7,99,EN,2023-07-09T17:00:00.000Z
WPR,Western Pacific,Country,TON,Tonga,Year,2018,FALSE,Residence Area Type,Total,RESIDENCEAREATYPE_TOTL,98.66,99,EN,2023-07-09T17:00:00.000Z
WPR,Western Pacific,Country,TON,Tonga,Year,2017,FALSE,Residence Area Type,Total,RESIDENCEAREATYPE_TOTL,98.63,99,EN,2023-07-09T17:00:00.000Z
WPR,Western Pacific,Country,TON,Tonga,Year,2016,FALSE,Residence Area Type,Total,RESIDENCEAREATYPE_TOTL,98.59,99,EN,2023-07-09T17:00:00.000Z
WPR,Western Pacific,Country,TON,Tonga,Year,2015,FALSE,Residence Area Type,Total,RESIDENCEAREATYPE_TOTL,98.55,99,EN,2023-07-09T17:00:00.000Z
WPR,Western Pacific,Country,TON,Tonga,Year,2014,FALSE,Residence Area Type,Total,RESIDENCEAREATYPE_TOTL,98.52,99,EN,2023-07-09T17:00:00.000Z
WPR,Western Pacific,Country,TON,Tonga,Year,2013,FALSE,Residence Area Type,Total,RESIDENCEAREATYPE_TOTL,98.48,98,EN,2023-07-09T17:00:00.000Z
WPR,Western Pacific,Country,TON,Tonga,Year,2012,FALSE,Residence Area Type,Total,RESIDENCEAREATYPE_TOTL,98.44,98,EN,2023-07-09T17:00:00.000Z
WPR,Western Pacific,Country,TON,Tonga,Year,2011,FALSE,Residence Area Type,Total,RESIDENCEAREATYPE_TOTL,98.4,98,EN,2023-07-09T17:00:00.000Z
WPR,Western Pacific,Country,TON,Tonga,Year,2010,FALSE,Residence Area Type,Total,RESIDENCEAREATYPE_TOTL,98.37,98,EN,2023-07-09T17:00:00.000Z
WPR,Western Pacific,Country,TON,Tonga,Year,2009,FALSE,Residence Area Type,Total,RESIDENCEAREATYPE_TOTL,98.33,98,EN,2023-07-09T17:00:00.000Z
WPR,Western Pacific,Country,TON,Tonga,Year,2008,FALSE,Residence Area Type,Total,RESIDENCEAREATYPE_TOTL,98.29,98,EN,2023-07-09T17:00:00.000Z
WPR,Western Pacific,Country,TON,Tonga,Year,2007,FALSE,Residence Area Type,Total,RESIDENCEAREATYPE_TOTL,98.25,98,EN,2023-07-09T17:00:00.000Z
WPR,Western Pacific,Country,TON,Tonga,Year,2006,FALSE,Residence Area Type,Total,RESIDENCEAREATYPE_TOTL,98.22,98,EN,2023-07-09T17:00:00.000Z
WPR,Western Pacific,Country,TON,Tonga,Year,2005,FALSE,Residence Area Type,Total,RESIDENCEAREATYPE_TOTL,98.18,98,EN,2023-07-09T17:00:00.000Z
WPR,Western Pacific,Country,TON,Tonga,Year,2004,FALSE,Residence Area Type,Total,RESIDENCEAREATYPE_TOTL,98.14,98,EN,2023-07-09T17:00:00.000Z
WPR,Western Pacific,Country,TON,Tonga,Year,2003,FALSE,Residence Area Type,Total,RESIDENCEAREATYPE_TOTL,98.14,98,EN,2023-07-09T17:00:00.000Z
WPR,Western Pacific,Country,TON,Tonga,Year,2002,FALSE,Residence Area Type,Total,RESIDENCEAREATYPE_TOTL,98.14,98,EN,2023-07-09T17:00:00.000Z
WPR,Western Pacific,Country,TON,Tonga,Year,2001,FALSE,Residence Area Type,Total,RESIDENCEAREATYPE_TOTL,98.14,98,EN,2023-07-09T17:00:00.000Z
WPR,Western Pacific,Country,TON,Tonga,Year,2000,FALSE,Residence Area Type,Total,RESIDENCEAREATYPE_TOTL,98.14,98,EN,2023-07-09T17:00:00.000Z
AMR,Americas,Country,TTO,Trinidad and Tobago,Year,2022,TRUE,Residence Area Type,Total,RESIDENCEAREATYPE_TOTL,98.88,99,EN,2023-07-09T17:00:00.000Z
AMR,Americas,Country,TTO,Trinidad and Tobago,Year,2021,FALSE,Residence Area Type,Total,RESIDENCEAREATYPE_TOTL,98.88,99,EN,2023-07-09T17:00:00.000Z
AMR,Americas,Country,TTO,Trinidad and Tobago,Year,2020,FALSE,Residence Area Type,Total,RESIDENCEAREATYPE_TOTL,98.88,99,EN,2023-07-09T17:00:00.000Z
AMR,Americas,Country,TTO,Trinidad and Tobago,Year,2019,FALSE,Residence Area Type,Total,RESIDENCEAREATYPE_TOTL,98.88,99,EN,2023-07-09T17:00:00.000Z
AMR,Americas,Country,TTO,Trinidad and Tobago,Year,2018,FALSE,Residence Area Type,Total,RESIDENCEAREATYPE_TOTL,98.88,99,EN,2023-07-09T17:00:00.000Z
AMR,Americas,Country,TTO,Trinidad and Tobago,Year,2017,FALSE,Residence Area Type,Total,RESIDENCEAREATYPE_TOTL,98.88,99,EN,2023-07-09T17:00:00.000Z
AMR,Americas,Country,TTO,Trinidad and Tobago,Year,2016,FALSE,Residence Area Type,Total,RESIDENCEAREATYPE_TOTL,98.52,99,EN,2023-07-09T17:00:00.000Z
AMR,Americas,Country,TTO,Trinidad and Tobago,Year,2015,FALSE,Residence Area Type,Total,RESIDENCEAREATYPE_TOTL,98.14,98,EN,2023-07-09T17:00:00.000Z
AMR,Americas,Country,TTO,Trinidad and Tobago,Year,2014,FALSE,Residence Area Type,Total,RESIDENCEAREATYPE_TOTL,97.75,98,EN,2023-07-09T17:00:00.000Z
AMR,Americas,Country,TTO,Trinidad and Tobago,Year,2013,FALSE,Residence Area Type,Total,RESIDENCEAREATYPE_TOTL,97.37,97,EN,2023-07-09T17:00:00.000Z
AMR,Americas,Country,TTO,Trinidad and Tobago,Year,2012,FALSE,Residence Area Type,Total,RESIDENCEAREATYPE_TOTL,96.49,96,EN,2023-07-09T17:00:00.000Z
AMR,Americas,Country,TTO,Trinidad and Tobago,Year,2011,FALSE,Residence Area Type,Total,RESIDENCEAREATYPE_TOTL,96.14,96,EN,2023-07-09T17:00:00.000Z
AMR,Americas,Country,TTO,Trinidad and Tobago,Year,2010,FALSE,Residence Area Type,Total,RESIDENCEAREATYPE_TOTL,95.78,96,EN,2023-07-09T17:00:00.000Z
AMR,Americas,Country,TTO,Trinidad and Tobago,Year,2009,FALSE,Residence Area Type,Total,RESIDENCEAREATYPE_TOTL,95.42,95,EN,2023-07-09T17:00:00.000Z
AMR,Americas,Country,TTO,Trinidad and Tobago,Year,2008,FALSE,Residence Area Type,Total,RESIDENCEAREATYPE_TOTL,95.07,95,EN,2023-07-09T17:00:00.000Z
AMR,Americas,Country,TTO,Trinidad and Tobago,Year,2007,FALSE,Residence Area Type,Total,RESIDENCEAREATYPE_TOTL,94.71,95,EN,2023-07-09T17:00:00.000Z
AMR,Americas,Country,TTO,Trinidad and Tobago,Year,2006,FALSE,Residence Area Type,Total,RESIDENCEAREATYPE_TOTL,94.35,94,EN,2023-07-09T17:00:00.000Z
AMR,Americas,Country,TTO,Trinidad and Tobago,Year,2005,FALSE,Residence Area Type,Total,RESIDENCEAREATYPE_TOTL,93.99,94,EN,2023-07-09T17:00:00.000Z
AMR,Americas,Country,TTO,Trinidad and Tobago,Year,2004,FALSE,Residence Area Type,Total,RESIDENCEAREATYPE_TOTL,93.64,94,EN,2023-07-09T17:00:00.000Z
AMR,Americas,Country,TTO,Trinidad and Tobago,Year,2003,FALSE,Residence Area Type,Total,RESIDENCEAREATYPE_TOTL,93.28,93,EN,2023-07-09T17:00:00.000Z
AMR,Americas,Country,TTO,Trinidad and Tobago,Year,2002,FALSE,Residence Area Type,Total,RESIDENCEAREATYPE_TOTL,92.92,93,EN,2023-07-09T17:00:00.000Z
AMR,Americas,Country,TTO,Trinidad and Tobago,Year,2001,FALSE,Residence Area Type,Total,RESIDENCEAREATYPE_TOTL,92.56,93,EN,2023-07-09T17:00:00.000Z
AMR,Americas,Country,TTO,Trinidad and Tobago,Year,2000,FALSE,Residence Area Type,Total,RESIDENCEAREATYPE_TOTL,92.2,92,EN,2023-07-09T17:00:00.000Z
EMR,Eastern Mediterranean,Country,TUN,Tunisia,Year,2022,TRUE,Residence Area Type,Total,RESIDENCEAREATYPE_TOTL,97.18,97,EN,2023-07-09T17:00:00.000Z
EMR,Eastern Mediterranean,Country,TUN,Tunisia,Year,2021,FALSE,Residence Area Type,Total,RESIDENCEAREATYPE_TOTL,96.94,97,EN,2023-07-09T17:00:00.000Z
EMR,Eastern Mediterranean,Country,TUN,Tunisia,Year,2020,FALSE,Residence Area Type,Total,RESIDENCEAREATYPE_TOTL,96.69,97,EN,2023-07-09T17:00:00.000Z
EMR,Eastern Mediterranean,Country,TUN,Tunisia,Year,2019,FALSE,Residence Area Type,Total,RESIDENCEAREATYPE_TOTL,96.19,96,EN,2023-07-09T17:00:00.000Z
EMR,Eastern Mediterranean,Country,TUN,Tunisia,Year,2018,FALSE,Residence Area Type,Total,RESIDENCEAREATYPE_TOTL,95.69,96,EN,2023-07-09T17:00:00.000Z
EMR,Eastern Mediterranean,Country,TUN,Tunisia,Year,2017,FALSE,Residence Area Type,Total,RESIDENCEAREATYPE_TOTL,95.18,95,EN,2023-07-09T17:00:00.000Z
EMR,Eastern Mediterranean,Country,TUN,Tunisia,Year,2016,FALSE,Residence Area Type,Total,RESIDENCEAREATYPE_TOTL,94.67,95,EN,2023-07-09T17:00:00.000Z
EMR,Eastern Mediterranean,Country,TUN,Tunisia,Year,2015,FALSE,Residence Area Type,Total,RESIDENCEAREATYPE_TOTL,94.15,94,EN,2023-07-09T17:00:00.000Z
EMR,Eastern Mediterranean,Country,TUN,Tunisia,Year,2014,FALSE,Residence Area Type,Total,RESIDENCEAREATYPE_TOTL,93.63,94,EN,2023-07-09T17:00:00.000Z
EMR,Eastern Mediterranean,Country,TUN,Tunisia,Year,2013,FALSE,Residence Area Type,Total,RESIDENCEAREATYPE_TOTL,93.11,93,EN,2023-07-09T17:00:00.000Z
EMR,Eastern Mediterranean,Country,TUN,Tunisia,Year,2012,FALSE,Residence Area Type,Total,RESIDENCEAREATYPE_TOTL,92.58,93,EN,2023-07-09T17:00:00.000Z
EMR,Eastern Mediterranean,Country,TUN,Tunisia,Year,2011,FALSE,Residence Area Type,Total,RESIDENCEAREATYPE_TOTL,92.05,92,EN,2023-07-09T17:00:00.000Z
EMR,Eastern Mediterranean,Country,TUN,Tunisia,Year,2010,FALSE,Residence Area Type,Total,RESIDENCEAREATYPE_TOTL,91.93,92,EN,2023-07-09T17:00:00.000Z
EMR,Eastern Mediterranean,Country,TUN,Tunisia,Year,2009,FALSE,Residence Area Type,Total,RESIDENCEAREATYPE_TOTL,91.67,92,EN,2023-07-09T17:00:00.000Z
EMR,Eastern Mediterranean,Country,TUN,Tunisia,Year,2008,FALSE,Residence Area Type,Total,RESIDENCEAREATYPE_TOTL,91.41,91,EN,2023-07-09T17:00:00.000Z
EMR,Eastern Mediterranean,Country,TUN,Tunisia,Year,2007,FALSE,Residence Area Type,Total,RESIDENCEAREATYPE_TOTL,91.14,91,EN,2023-07-09T17:00:00.000Z
EMR,Eastern Mediterranean,Country,TUN,Tunisia,Year,2006,FALSE,Residence Area Type,Total,RESIDENCEAREATYPE_TOTL,90.87,91,EN,2023-07-09T17:00:00.000Z
EMR,Eastern Mediterranean,Country,TUN,Tunisia,Year,2005,FALSE,Residence Area Type,Total,RESIDENCEAREATYPE_TOTL,90.6,91,EN,2023-07-09T17:00:00.000Z
EMR,Eastern Mediterranean,Country,TUN,Tunisia,Year,2004,FALSE,Residence Area Type,Total,RESIDENCEAREATYPE_TOTL,90.32,90,EN,2023-07-09T17:00:00.000Z
EMR,Eastern Mediterranean,Country,TUN,Tunisia,Year,2003,FALSE,Residence Area Type,Total,RESIDENCEAREATYPE_TOTL,90.02,90,EN,2023-07-09T17:00:00.000Z
EMR,Eastern Mediterranean,Country,TUN,Tunisia,Year,2002,FALSE,Residence Area Type,Total,RESIDENCEAREATYPE_TOTL,89.71,90,EN,2023-07-09T17:00:00.000Z
EMR,Eastern Mediterranean,Country,TUN,Tunisia,Year,2001,FALSE,Residence Area Type,Total,RESIDENCEAREATYPE_TOTL,89.4,89,EN,2023-07-09T17:00:00.000Z
EMR,Eastern Mediterranean,Country,TUN,Tunisia,Year,2000,FALSE,Residence Area Type,Total,RESIDENCEAREATYPE_TOTL,89.06,89,EN,2023-07-09T17:00:00.000Z
EUR,Europe,Country,TUR,Türkiye,Year,2022,TRUE,Residence Area Type,Total,RESIDENCEAREATYPE_TOTL,97.03,97,EN,2023-07-09T17:00:00.000Z
EUR,Europe,Country,TUR,Türkiye,Year,2021,FALSE,Residence Area Type,Total,RESIDENCEAREATYPE_TOTL,97.02,97,EN,2023-07-09T17:00:00.000Z
EUR,Europe,Country,TUR,Türkiye,Year,2020,FALSE,Residence Area Type,Total,RESIDENCEAREATYPE_TOTL,97.01,97,EN,2023-07-09T17:00:00.000Z
EUR,Europe,Country,TUR,Türkiye,Year,2019,FALSE,Residence Area Type,Total,RESIDENCEAREATYPE_TOTL,96.87,97,EN,2023-07-09T17:00:00.000Z
EUR,Europe,Country,TUR,Türkiye,Year,2018,FALSE,Residence Area Type,Total,RESIDENCEAREATYPE_TOTL,96.72,97,EN,2023-07-09T17:00:00.000Z
EUR,Europe,Country,TUR,Türkiye,Year,2017,FALSE,Residence Area Type,Total,RESIDENCEAREATYPE_TOTL,96.57,97,EN,2023-07-09T17:00:00.000Z
EUR,Europe,Country,TUR,Türkiye,Year,2016,FALSE,Residence Area Type,Total,RESIDENCEAREATYPE_TOTL,96.41,96,EN,2023-07-09T17:00:00.000Z
EUR,Europe,Country,TUR,Türkiye,Year,2015,FALSE,Residence Area Type,Total,RESIDENCEAREATYPE_TOTL,96.26,96,EN,2023-07-09T17:00:00.000Z
EUR,Europe,Country,TUR,Türkiye,Year,2014,FALSE,Residence Area Type,Total,RESIDENCEAREATYPE_TOTL,96.09,96,EN,2023-07-09T17:00:00.000Z
EUR,Europe,Country,TUR,Türkiye,Year,2013,FALSE,Residence Area Type,Total,RESIDENCEAREATYPE_TOTL,95.93,96,EN,2023-07-09T17:00:00.000Z
EUR,Europe,Country,TUR,Türkiye,Year,2012,FALSE,Residence Area Type,Total,RESIDENCEAREATYPE_TOTL,95.76,96,EN,2023-07-09T17:00:00.000Z
EUR,Europe,Country,TUR,Türkiye,Year,2011,FALSE,Residence Area Type,Total,RESIDENCEAREATYPE_TOTL,95.59,96,EN,2023-07-09T17:00:00.000Z
EUR,Europe,Country,TUR,Türkiye,Year,2010,FALSE,Residence Area Type,Total,RESIDENCEAREATYPE_TOTL,95.41,95,EN,2023-07-09T17:00:00.000Z
EUR,Europe,Country,TUR,Türkiye,Year,2009,FALSE,Residence Area Type,Total,RESIDENCEAREATYPE_TOTL,95.23,95,EN,2023-07-09T17:00:00.000Z
EUR,Europe,Country,TUR,Türkiye,Year,2008,FALSE,Residence Area Type,Total,RESIDENCEAREATYPE_TOTL,95.05,95,EN,2023-07-09T17:00:00.000Z
EUR,Europe,Country,TUR,Türkiye,Year,2007,FALSE,Residence Area Type,Total,RESIDENCEAREATYPE_TOTL,94.86,95,EN,2023-07-09T17:00:00.000Z
EUR,Europe,Country,TUR,Türkiye,Year,2006,FALSE,Residence Area Type,Total,RESIDENCEAREATYPE_TOTL,94.67,95,EN,2023-07-09T17:00:00.000Z
EUR,Europe,Country,TUR,Türkiye,Year,2005,FALSE,Residence Area Type,Total,RESIDENCEAREATYPE_TOTL,94.47,94,EN,2023-07-09T17:00:00.000Z
EUR,Europe,Country,TUR,Türkiye,Year,2004,FALSE,Residence Area Type,Total,RESIDENCEAREATYPE_TOTL,94.27,94,EN,2023-07-09T17:00:00.000Z
EUR,Europe,Country,TUR,Türkiye,Year,2003,FALSE,Residence Area Type,Total,RESIDENCEAREATYPE_TOTL,94.07,94,EN,2023-07-09T17:00:00.000Z
EUR,Europe,Country,TUR,Türkiye,Year,2002,FALSE,Residence Area Type,Total,RESIDENCEAREATYPE_TOTL,93.86,94,EN,2023-07-09T17:00:00.000Z
EUR,Europe,Country,TUR,Türkiye,Year,2001,FALSE,Residence Area Type,Total,RESIDENCEAREATYPE_TOTL,93.65,94,EN,2023-07-09T17:00:00.000Z
EUR,Europe,Country,TUR,Türkiye,Year,2000,FALSE,Residence Area Type,Total,RESIDENCEAREATYPE_TOTL,93.56,94,EN,2023-07-09T17:00:00.000Z
EUR,Europe,Country,TKM,Turkmenistan,Year,2022,TRUE,Residence Area Type,Total,RESIDENCEAREATYPE_TOTL,100,100,EN,2023-07-09T17:00:00.000Z
EUR,Europe,Country,TKM,Turkmenistan,Year,2021,FALSE,Residence Area Type,Total,RESIDENCEAREATYPE_TOTL,100,100,EN,2023-07-09T17:00:00.000Z
EUR,Europe,Country,TKM,Turkmenistan,Year,2020,FALSE,Residence Area Type,Total,RESIDENCEAREATYPE_TOTL,100,100,EN,2023-07-09T17:00:00.000Z
EUR,Europe,Country,TKM,Turkmenistan,Year,2019,FALSE,Residence Area Type,Total,RESIDENCEAREATYPE_TOTL,99.79,100,EN,2023-07-09T17:00:00.000Z
EUR,Europe,Country,TKM,Turkmenistan,Year,2018,FALSE,Residence Area Type,Total,RESIDENCEAREATYPE_TOTL,99.35,99,EN,2023-07-09T17:00:00.000Z
EUR,Europe,Country,TKM,Turkmenistan,Year,2017,FALSE,Residence Area Type,Total,RESIDENCEAREATYPE_TOTL,99,99,EN,2023-07-09T17:00:00.000Z
EUR,Europe,Country,TKM,Turkmenistan,Year,2016,FALSE,Residence Area Type,Total,RESIDENCEAREATYPE_TOTL,98.34,98,EN,2023-07-09T17:00:00.000Z
EUR,Europe,Country,TKM,Turkmenistan,Year,2015,FALSE,Residence Area Type,Total,RESIDENCEAREATYPE_TOTL,97.66,98,EN,2023-07-09T17:00:00.000Z
EUR,Europe,Country,TKM,Turkmenistan,Year,2014,FALSE,Residence Area Type,Total,RESIDENCEAREATYPE_TOTL,96.97,97,EN,2023-07-09T17:00:00.000Z
EUR,Europe,Country,TKM,Turkmenistan,Year,2013,FALSE,Residence Area Type,Total,RESIDENCEAREATYPE_TOTL,96.28,96,EN,2023-07-09T17:00:00.000Z
EUR,Europe,Country,TKM,Turkmenistan,Year,2012,FALSE,Residence Area Type,Total,RESIDENCEAREATYPE_TOTL,95.57,96,EN,2023-07-09T17:00:00.000Z
EUR,Europe,Country,TKM,Turkmenistan,Year,2011,FALSE,Residence Area Type,Total,RESIDENCEAREATYPE_TOTL,94.86,95,EN,2023-07-09T17:00:00.000Z
EUR,Europe,Country,TKM,Turkmenistan,Year,2010,FALSE,Residence Area Type,Total,RESIDENCEAREATYPE_TOTL,94.14,94,EN,2023-07-09T17:00:00.000Z
EUR,Europe,Country,TKM,Turkmenistan,Year,2009,FALSE,Residence Area Type,Total,RESIDENCEAREATYPE_TOTL,93.42,93,EN,2023-07-09T17:00:00.000Z
EUR,Europe,Country,TKM,Turkmenistan,Year,2008,FALSE,Residence Area Type,Total,RESIDENCEAREATYPE_TOTL,92.7,93,EN,2023-07-09T17:00:00.000Z
EUR,Europe,Country,TKM,Turkmenistan,Year,2007,FALSE,Residence Area Type,Total,RESIDENCEAREATYPE_TOTL,91.97,92,EN,2023-07-09T17:00:00.000Z
EUR,Europe,Country,TKM,Turkmenistan,Year,2006,FALSE,Residence Area Type,Total,RESIDENCEAREATYPE_TOTL,91.24,91,EN,2023-07-09T17:00:00.000Z
EUR,Europe,Country,TKM,Turkmenistan,Year,2005,FALSE,Residence Area Type,Total,RESIDENCEAREATYPE_TOTL,90.5,91,EN,2023-07-09T17:00:00.000Z
EUR,Europe,Country,TKM,Turkmenistan,Year,2004,FALSE,Residence Area Type,Total,RESIDENCEAREATYPE_TOTL,89.77,90,EN,2023-07-09T17:00:00.000Z
EUR,Europe,Country,TKM,Turkmenistan,Year,2003,FALSE,Residence Area Type,Total,RESIDENCEAREATYPE_TOTL,89.12,89,EN,2023-07-09T17:00:00.000Z
EUR,Europe,Country,TKM,Turkmenistan,Year,2002,FALSE,Residence Area Type,Total,RESIDENCEAREATYPE_TOTL,88.47,88,EN,2023-07-09T17:00:00.000Z
EUR,Europe,Country,TKM,Turkmenistan,Year,2001,FALSE,Residence Area Type,Total,RESIDENCEAREATYPE_TOTL,87.81,88,EN,2023-07-09T17:00:00.000Z
EUR,Europe,Country,TKM,Turkmenistan,Year,2000,FALSE,Residence Area Type,Total,RESIDENCEAREATYPE_TOTL,87.15,87,EN,2023-07-09T17:00:00.000Z
WPR,Western Pacific,Country,TUV,Tuvalu,Year,2022,TRUE,Residence Area Type,Total,RESIDENCEAREATYPE_TOTL,99.26,99,EN,2023-07-09T17:00:00.000Z
WPR,Western Pacific,Country,TUV,Tuvalu,Year,2021,FALSE,Residence Area Type,Total,RESIDENCEAREATYPE_TOTL,99.24,99,EN,2023-07-09T17:00:00.000Z
WPR,Western Pacific,Country,TUV,Tuvalu,Year,2020,FALSE,Residence Area Type,Total,RESIDENCEAREATYPE_TOTL,99.22,99,EN,2023-07-09T17:00:00.000Z
WPR,Western Pacific,Country,TUV,Tuvalu,Year,2019,FALSE,Residence Area Type,Total,RESIDENCEAREATYPE_TOTL,99.2,99,EN,2023-07-09T17:00:00.000Z
WPR,Western Pacific,Country,TUV,Tuvalu,Year,2018,FALSE,Residence Area Type,Total,RESIDENCEAREATYPE_TOTL,99.18,99,EN,2023-07-09T17:00:00.000Z
WPR,Western Pacific,Country,TUV,Tuvalu,Year,2017,FALSE,Residence Area Type,Total,RESIDENCEAREATYPE_TOTL,99.16,99,EN,2023-07-09T17:00:00.000Z
WPR,Western Pacific,Country,TUV,Tuvalu,Year,2016,FALSE,Residence Area Type,Total,RESIDENCEAREATYPE_TOTL,99.14,99,EN,2023-07-09T17:00:00.000Z
WPR,Western Pacific,Country,TUV,Tuvalu,Year,2015,FALSE,Residence Area Type,Total,RESIDENCEAREATYPE_TOTL,99.12,99,EN,2023-07-09T17:00:00.000Z
WPR,Western Pacific,Country,TUV,Tuvalu,Year,2014,FALSE,Residence Area Type,Total,RESIDENCEAREATYPE_TOTL,99.1,99,EN,2023-07-09T17:00:00.000Z
WPR,Western Pacific,Country,TUV,Tuvalu,Year,2013,FALSE,Residence Area Type,Total,RESIDENCEAREATYPE_TOTL,99.08,99,EN,2023-07-09T17:00:00.000Z
WPR,Western Pacific,Country,TUV,Tuvalu,Year,2012,FALSE,Residence Area Type,Total,RESIDENCEAREATYPE_TOTL,99.07,99,EN,2023-07-09T17:00:00.000Z
WPR,Western Pacific,Country,TUV,Tuvalu,Year,2011,FALSE,Residence Area Type,Total,RESIDENCEAREATYPE_TOTL,99.05,99,EN,2023-07-09T17:00:00.000Z
WPR,Western Pacific,Country,TUV,Tuvalu,Year,2010,FALSE,Residence Area Type,Total,RESIDENCEAREATYPE_TOTL,99.03,99,EN,2023-07-09T17:00:00.000Z
WPR,Western Pacific,Country,TUV,Tuvalu,Year,2009,FALSE,Residence Area Type,Total,RESIDENCEAREATYPE_TOTL,99.01,99,EN,2023-07-09T17:00:00.000Z
WPR,Western Pacific,Country,TUV,Tuvalu,Year,2008,FALSE,Residence Area Type,Total,RESIDENCEAREATYPE_TOTL,98.99,99,EN,2023-07-09T17:00:00.000Z
WPR,Western Pacific,Country,TUV,Tuvalu,Year,2007,FALSE,Residence Area Type,Total,RESIDENCEAREATYPE_TOTL,98.97,99,EN,2023-07-09T17:00:00.000Z
WPR,Western Pacific,Country,TUV,Tuvalu,Year,2006,FALSE,Residence Area Type,Total,RESIDENCEAREATYPE_TOTL,98.94,99,EN,2023-07-09T17:00:00.000Z
WPR,Western Pacific,Country,TUV,Tuvalu,Year,2005,FALSE,Residence Area Type,Total,RESIDENCEAREATYPE_TOTL,98.92,99,EN,2023-07-09T17:00:00.000Z
WPR,Western Pacific,Country,TUV,Tuvalu,Year,2004,FALSE,Residence Area Type,Total,RESIDENCEAREATYPE_TOTL,98.9,99,EN,2023-07-09T17:00:00.000Z
WPR,Western Pacific,Country,TUV,Tuvalu,Year,2003,FALSE,Residence Area Type,Total,RESIDENCEAREATYPE_TOTL,98.88,99,EN,2023-07-09T17:00:00.000Z
WPR,Western Pacific,Country,TUV,Tuvalu,Year,2002,FALSE,Residence Area Type,Total,RESIDENCEAREATYPE_TOTL,98.86,99,EN,2023-07-09T17:00:00.000Z
WPR,Western Pacific,Country,TUV,Tuvalu,Year,2001,FALSE,Residence Area Type,Total,RESIDENCEAREATYPE_TOTL,98.83,99,EN,2023-07-09T17:00:00.000Z
WPR,Western Pacific,Country,TUV,Tuvalu,Year,2000,FALSE,Residence Area Type,Total,RESIDENCEAREATYPE_TOTL,98.81,99,EN,2023-07-09T17:00:00.000Z
AFR,Africa,Country,UGA,Uganda,Year,2022,TRUE,Residence Area Type,Total,RESIDENCEAREATYPE_TOTL,59.26,59,EN,2023-07-09T17:00:00.000Z
AFR,Africa,Country,UGA,Uganda,Year,2021,FALSE,Residence Area Type,Total,RESIDENCEAREATYPE_TOTL,57.61,58,EN,2023-07-09T17:00:00.000Z
AFR,Africa,Country,UGA,Uganda,Year,2020,FALSE,Residence Area Type,Total,RESIDENCEAREATYPE_TOTL,55.96,56,EN,2023-07-09T17:00:00.000Z
AFR,Africa,Country,UGA,Uganda,Year,2019,FALSE,Residence Area Type,Total,RESIDENCEAREATYPE_TOTL,54.33,54,EN,2023-07-09T17:00:00.000Z
AFR,Africa,Country,UGA,Uganda,Year,2018,FALSE,Residence Area Type,Total,RESIDENCEAREATYPE_TOTL,52.7,53,EN,2023-07-09T17:00:00.000Z
AFR,Africa,Country,UGA,Uganda,Year,2017,FALSE,Residence Area Type,Total,RESIDENCEAREATYPE_TOTL,51.09,51,EN,2023-07-09T17:00:00.000Z
AFR,Africa,Country,UGA,Uganda,Year,2016,FALSE,Residence Area Type,Total,RESIDENCEAREATYPE_TOTL,49.49,49,EN,2023-07-09T17:00:00.000Z
AFR,Africa,Country,UGA,Uganda,Year,2015,FALSE,Residence Area Type,Total,RESIDENCEAREATYPE_TOTL,47.91,48,EN,2023-07-09T17:00:00.000Z
AFR,Africa,Country,UGA,Uganda,Year,2014,FALSE,Residence Area Type,Total,RESIDENCEAREATYPE_TOTL,46.34,46,EN,2023-07-09T17:00:00.000Z
AFR,Africa,Country,UGA,Uganda,Year,2013,FALSE,Residence Area Type,Total,RESIDENCEAREATYPE_TOTL,44.78,45,EN,2023-07-09T17:00:00.000Z
AFR,Africa,Country,UGA,Uganda,Year,2012,FALSE,Residence Area Type,Total,RESIDENCEAREATYPE_TOTL,43.25,43,EN,2023-07-09T17:00:00.000Z
AFR,Africa,Country,UGA,Uganda,Year,2011,FALSE,Residence Area Type,Total,RESIDENCEAREATYPE_TOTL,41.73,42,EN,2023-07-09T17:00:00.000Z
AFR,Africa,Country,UGA,Uganda,Year,2010,FALSE,Residence Area Type,Total,RESIDENCEAREATYPE_TOTL,40.23,40,EN,2023-07-09T17:00:00.000Z
AFR,Africa,Country,UGA,Uganda,Year,2009,FALSE,Residence Area Type,Total,RESIDENCEAREATYPE_TOTL,38.75,39,EN,2023-07-09T17:00:00.000Z
AFR,Africa,Country,UGA,Uganda,Year,2008,FALSE,Residence Area Type,Total,RESIDENCEAREATYPE_TOTL,37.29,37,EN,2023-07-09T17:00:00.000Z
AFR,Africa,Country,UGA,Uganda,Year,2007,FALSE,Residence Area Type,Total,RESIDENCEAREATYPE_TOTL,35.85,36,EN,2023-07-09T17:00:00.000Z
AFR,Africa,Country,UGA,Uganda,Year,2006,FALSE,Residence Area Type,Total,RESIDENCEAREATYPE_TOTL,34.43,34,EN,2023-07-09T17:00:00.000Z
AFR,Africa,Country,UGA,Uganda,Year,2005,FALSE,Residence Area Type,Total,RESIDENCEAREATYPE_TOTL,33.04,33,EN,2023-07-09T17:00:00.000Z
AFR,Africa,Country,UGA,Uganda,Year,2004,FALSE,Residence Area Type,Total,RESIDENCEAREATYPE_TOTL,31.67,32,EN,2023-07-09T17:00:00.000Z
AFR,Africa,Country,UGA,Uganda,Year,2003,FALSE,Residence Area Type,Total,RESIDENCEAREATYPE_TOTL,30.32,30,EN,2023-07-09T17:00:00.000Z
AFR,Africa,Country,UGA,Uganda,Year,2002,FALSE,Residence Area Type,Total,RESIDENCEAREATYPE_TOTL,28.99,29,EN,2023-07-09T17:00:00.000Z
AFR,Africa,Country,UGA,Uganda,Year,2001,FALSE,Residence Area Type,Total,RESIDENCEAREATYPE_TOTL,27.69,28,EN,2023-07-09T17:00:00.000Z
AFR,Africa,Country,UGA,Uganda,Year,2000,FALSE,Residence Area Type,Total,RESIDENCEAREATYPE_TOTL,26.42,26,EN,2023-07-09T17:00:00.000Z
EUR,Europe,Country,UKR,Ukraine,Year,2022,TRUE,Residence Area Type,Total,RESIDENCEAREATYPE_TOTL,93.59,94,EN,2023-07-09T17:00:00.000Z
EUR,Europe,Country,UKR,Ukraine,Year,2021,FALSE,Residence Area Type,Total,RESIDENCEAREATYPE_TOTL,93.53,94,EN,2023-07-09T17:00:00.000Z
EUR,Europe,Country,UKR,Ukraine,Year,2020,FALSE,Residence Area Type,Total,RESIDENCEAREATYPE_TOTL,93.54,94,EN,2023-07-09T17:00:00.000Z
EUR,Europe,Country,UKR,Ukraine,Year,2019,FALSE,Residence Area Type,Total,RESIDENCEAREATYPE_TOTL,93.51,94,EN,2023-07-09T17:00:00.000Z
EUR,Europe,Country,UKR,Ukraine,Year,2018,FALSE,Residence Area Type,Total,RESIDENCEAREATYPE_TOTL,93.48,93,EN,2023-07-09T17:00:00.000Z
EUR,Europe,Country,UKR,Ukraine,Year,2017,FALSE,Residence Area Type,Total,RESIDENCEAREATYPE_TOTL,93.44,93,EN,2023-07-09T17:00:00.000Z
EUR,Europe,Country,UKR,Ukraine,Year,2016,FALSE,Residence Area Type,Total,RESIDENCEAREATYPE_TOTL,93.4,93,EN,2023-07-09T17:00:00.000Z
EUR,Europe,Country,UKR,Ukraine,Year,2015,FALSE,Residence Area Type,Total,RESIDENCEAREATYPE_TOTL,93.36,93,EN,2023-07-09T17:00:00.000Z
EUR,Europe,Country,UKR,Ukraine,Year,2014,FALSE,Residence Area Type,Total,RESIDENCEAREATYPE_TOTL,93.32,93,EN,2023-07-09T17:00:00.000Z
EUR,Europe,Country,UKR,Ukraine,Year,2013,FALSE,Residence Area Type,Total,RESIDENCEAREATYPE_TOTL,93.79,94,EN,2023-07-09T17:00:00.000Z
EUR,Europe,Country,UKR,Ukraine,Year,2012,FALSE,Residence Area Type,Total,RESIDENCEAREATYPE_TOTL,93.95,94,EN,2023-07-09T17:00:00.000Z
EUR,Europe,Country,UKR,Ukraine,Year,2011,FALSE,Residence Area Type,Total,RESIDENCEAREATYPE_TOTL,94.44,94,EN,2023-07-09T17:00:00.000Z
EUR,Europe,Country,UKR,Ukraine,Year,2010,FALSE,Residence Area Type,Total,RESIDENCEAREATYPE_TOTL,94.92,95,EN,2023-07-09T17:00:00.000Z
EUR,Europe,Country,UKR,Ukraine,Year,2009,FALSE,Residence Area Type,Total,RESIDENCEAREATYPE_TOTL,95.4,95,EN,2023-07-09T17:00:00.000Z
EUR,Europe,Country,UKR,Ukraine,Year,2008,FALSE,Residence Area Type,Total,RESIDENCEAREATYPE_TOTL,95.88,96,EN,2023-07-09T17:00:00.000Z
EUR,Europe,Country,UKR,Ukraine,Year,2007,FALSE,Residence Area Type,Total,RESIDENCEAREATYPE_TOTL,96.35,96,EN,2023-07-09T17:00:00.000Z
EUR,Europe,Country,UKR,Ukraine,Year,2006,FALSE,Residence Area Type,Total,RESIDENCEAREATYPE_TOTL,96.83,97,EN,2023-07-09T17:00:00.000Z
EUR,Europe,Country,UKR,Ukraine,Year,2005,FALSE,Residence Area Type,Total,RESIDENCEAREATYPE_TOTL,97.29,97,EN,2023-07-09T17:00:00.000Z
EUR,Europe,Country,UKR,Ukraine,Year,2004,FALSE,Residence Area Type,Total,RESIDENCEAREATYPE_TOTL,97.76,98,EN,2023-07-09T17:00:00.000Z
EUR,Europe,Country,UKR,Ukraine,Year,2003,FALSE,Residence Area Type,Total,RESIDENCEAREATYPE_TOTL,98.23,98,EN,2023-07-09T17:00:00.000Z
EUR,Europe,Country,UKR,Ukraine,Year,2002,FALSE,Residence Area Type,Total,RESIDENCEAREATYPE_TOTL,98.23,98,EN,2023-07-09T17:00:00.000Z
EUR,Europe,Country,UKR,Ukraine,Year,2001,FALSE,Residence Area Type,Total,RESIDENCEAREATYPE_TOTL,98.19,98,EN,2023-07-09T17:00:00.000Z
EUR,Europe,Country,UKR,Ukraine,Year,2000,FALSE,Residence Area Type,Total,RESIDENCEAREATYPE_TOTL,98.14,98,EN,2023-07-09T17:00:00.000Z
EMR,Eastern Mediterranean,Country,ARE,United Arab Emirates,Year,2022,TRUE,Residence Area Type,Total,RESIDENCEAREATYPE_TOTL,100,100,EN,2023-07-09T17:00:00.000Z
EMR,Eastern Mediterranean,Country,ARE,United Arab Emirates,Year,2021,FALSE,Residence Area Type,Total,RESIDENCEAREATYPE_TOTL,100,100,EN,2023-07-09T17:00:00.000Z
EMR,Eastern Mediterranean,Country,ARE,United Arab Emirates,Year,2020,FALSE,Residence Area Type,Total,RESIDENCEAREATYPE_TOTL,100,100,EN,2023-07-09T17:00:00.000Z
EMR,Eastern Mediterranean,Country,ARE,United Arab Emirates,Year,2019,FALSE,Residence Area Type,Total,RESIDENCEAREATYPE_TOTL,100,100,EN,2023-07-09T17:00:00.000Z
EMR,Eastern Mediterranean,Country,ARE,United Arab Emirates,Year,2018,FALSE,Residence Area Type,Total,RESIDENCEAREATYPE_TOTL,100,100,EN,2023-07-09T17:00:00.000Z
EMR,Eastern Mediterranean,Country,ARE,United Arab Emirates,Year,2017,FALSE,Residence Area Type,Total,RESIDENCEAREATYPE_TOTL,99.98,100,EN,2023-07-09T17:00:00.000Z
EMR,Eastern Mediterranean,Country,ARE,United Arab Emirates,Year,2016,FALSE,Residence Area Type,Total,RESIDENCEAREATYPE_TOTL,99.95,100,EN,2023-07-09T17:00:00.000Z
EMR,Eastern Mediterranean,Country,ARE,United Arab Emirates,Year,2015,FALSE,Residence Area Type,Total,RESIDENCEAREATYPE_TOTL,99.93,100,EN,2023-07-09T17:00:00.000Z
EMR,Eastern Mediterranean,Country,ARE,United Arab Emirates,Year,2014,FALSE,Residence Area Type,Total,RESIDENCEAREATYPE_TOTL,99.9,100,EN,2023-07-09T17:00:00.000Z
EMR,Eastern Mediterranean,Country,ARE,United Arab Emirates,Year,2013,FALSE,Residence Area Type,Total,RESIDENCEAREATYPE_TOTL,99.88,100,EN,2023-07-09T17:00:00.000Z
EMR,Eastern Mediterranean,Country,ARE,United Arab Emirates,Year,2012,FALSE,Residence Area Type,Total,RESIDENCEAREATYPE_TOTL,99.86,100,EN,2023-07-09T17:00:00.000Z
EMR,Eastern Mediterranean,Country,ARE,United Arab Emirates,Year,2011,FALSE,Residence Area Type,Total,RESIDENCEAREATYPE_TOTL,99.83,100,EN,2023-07-09T17:00:00.000Z
EMR,Eastern Mediterranean,Country,ARE,United Arab Emirates,Year,2010,FALSE,Residence Area Type,Total,RESIDENCEAREATYPE_TOTL,99.81,100,EN,2023-07-09T17:00:00.000Z
EMR,Eastern Mediterranean,Country,ARE,United Arab Emirates,Year,2009,FALSE,Residence Area Type,Total,RESIDENCEAREATYPE_TOTL,99.79,100,EN,2023-07-09T17:00:00.000Z
EMR,Eastern Mediterranean,Country,ARE,United Arab Emirates,Year,2008,FALSE,Residence Area Type,Total,RESIDENCEAREATYPE_TOTL,99.77,100,EN,2023-07-09T17:00:00.000Z
EMR,Eastern Mediterranean,Country,ARE,United Arab Emirates,Year,2007,FALSE,Residence Area Type,Total,RESIDENCEAREATYPE_TOTL,99.74,100,EN,2023-07-09T17:00:00.000Z
EMR,Eastern Mediterranean,Country,ARE,United Arab Emirates,Year,2006,FALSE,Residence Area Type,Total,RESIDENCEAREATYPE_TOTL,99.72,100,EN,2023-07-09T17:00:00.000Z
EMR,Eastern Mediterranean,Country,ARE,United Arab Emirates,Year,2005,FALSE,Residence Area Type,Total,RESIDENCEAREATYPE_TOTL,99.7,100,EN,2023-07-09T17:00:00.000Z
EMR,Eastern Mediterranean,Country,ARE,United Arab Emirates,Year,2004,FALSE,Residence Area Type,Total,RESIDENCEAREATYPE_TOTL,99.68,100,EN,2023-07-09T17:00:00.000Z
EMR,Eastern Mediterranean,Country,ARE,United Arab Emirates,Year,2003,FALSE,Residence Area Type,Total,RESIDENCEAREATYPE_TOTL,99.66,100,EN,2023-07-09T17:00:00.000Z
EMR,Eastern Mediterranean,Country,ARE,United Arab Emirates,Year,2002,FALSE,Residence Area Type,Total,RESIDENCEAREATYPE_TOTL,99.63,100,EN,2023-07-09T17:00:00.000Z
EMR,Eastern Mediterranean,Country,ARE,United Arab Emirates,Year,2001,FALSE,Residence Area Type,Total,RESIDENCEAREATYPE_TOTL,99.61,100,EN,2023-07-09T17:00:00.000Z
EMR,Eastern Mediterranean,Country,ARE,United Arab Emirates,Year,2000,FALSE,Residence Area Type,Total,RESIDENCEAREATYPE_TOTL,99.62,100,EN,2023-07-09T17:00:00.000Z
EUR,Europe,Country,GBR,United Kingdom of Great Britain and Northern Ireland,Year,2022,TRUE,Residence Area Type,Total,RESIDENCEAREATYPE_TOTL,100,100,EN,2023-07-09T17:00:00.000Z
EUR,Europe,Country,GBR,United Kingdom of Great Britain and Northern Ireland,Year,2021,FALSE,Residence Area Type,Total,RESIDENCEAREATYPE_TOTL,100,100,EN,2023-07-09T17:00:00.000Z
EUR,Europe,Country,GBR,United Kingdom of Great Britain and Northern Ireland,Year,2020,FALSE,Residence Area Type,Total,RESIDENCEAREATYPE_TOTL,100,100,EN,2023-07-09T17:00:00.000Z
EUR,Europe,Country,GBR,United Kingdom of Great Britain and Northern Ireland,Year,2019,FALSE,Residence Area Type,Total,RESIDENCEAREATYPE_TOTL,100,100,EN,2023-07-09T17:00:00.000Z
EUR,Europe,Country,GBR,United Kingdom of Great Britain and Northern Ireland,Year,2018,FALSE,Residence Area Type,Total,RESIDENCEAREATYPE_TOTL,100,100,EN,2023-07-09T17:00:00.000Z
EUR,Europe,Country,GBR,United Kingdom of Great Britain and Northern Ireland,Year,2017,FALSE,Residence Area Type,Total,RESIDENCEAREATYPE_TOTL,100,100,EN,2023-07-09T17:00:00.000Z
EUR,Europe,Country,GBR,United Kingdom of Great Britain and Northern Ireland,Year,2016,FALSE,Residence Area Type,Total,RESIDENCEAREATYPE_TOTL,100,100,EN,2023-07-09T17:00:00.000Z
EUR,Europe,Country,GBR,United Kingdom of Great Britain and Northern Ireland,Year,2015,FALSE,Residence Area Type,Total,RESIDENCEAREATYPE_TOTL,100,100,EN,2023-07-09T17:00:00.000Z
EUR,Europe,Country,GBR,United Kingdom of Great Britain and Northern Ireland,Year,2014,FALSE,Residence Area Type,Total,RESIDENCEAREATYPE_TOTL,100,100,EN,2023-07-09T17:00:00.000Z
EUR,Europe,Country,GBR,United Kingdom of Great Britain and Northern Ireland,Year,2013,FALSE,Residence Area Type,Total,RESIDENCEAREATYPE_TOTL,100,100,EN,2023-07-09T17:00:00.000Z
EUR,Europe,Country,GBR,United Kingdom of Great Britain and Northern Ireland,Year,2012,FALSE,Residence Area Type,Total,RESIDENCEAREATYPE_TOTL,100,100,EN,2023-07-09T17:00:00.000Z
EUR,Europe,Country,GBR,United Kingdom of Great Britain and Northern Ireland,Year,2011,FALSE,Residence Area Type,Total,RESIDENCEAREATYPE_TOTL,100,100,EN,2023-07-09T17:00:00.000Z
EUR,Europe,Country,GBR,United Kingdom of Great Britain and Northern Ireland,Year,2010,FALSE,Residence Area Type,Total,RESIDENCEAREATYPE_TOTL,100,100,EN,2023-07-09T17:00:00.000Z
EUR,Europe,Country,GBR,United Kingdom of Great Britain and Northern Ireland,Year,2009,FALSE,Residence Area Type,Total,RESIDENCEAREATYPE_TOTL,100,100,EN,2023-07-09T17:00:00.000Z
EUR,Europe,Country,GBR,United Kingdom of Great Britain and Northern Ireland,Year,2008,FALSE,Residence Area Type,Total,RESIDENCEAREATYPE_TOTL,100,100,EN,2023-07-09T17:00:00.000Z
EUR,Europe,Country,GBR,United Kingdom of Great Britain and Northern Ireland,Year,2007,FALSE,Residence Area Type,Total,RESIDENCEAREATYPE_TOTL,100,100,EN,2023-07-09T17:00:00.000Z
EUR,Europe,Country,GBR,United Kingdom of Great Britain and Northern Ireland,Year,2006,FALSE,Residence Area Type,Total,RESIDENCEAREATYPE_TOTL,100,100,EN,2023-07-09T17:00:00.000Z
EUR,Europe,Country,GBR,United Kingdom of Great Britain and Northern Ireland,Year,2005,FALSE,Residence Area Type,Total,RESIDENCEAREATYPE_TOTL,100,100,EN,2023-07-09T17:00:00.000Z
EUR,Europe,Country,GBR,United Kingdom of Great Britain and Northern Ireland,Year,2004,FALSE,Residence Area Type,Total,RESIDENCEAREATYPE_TOTL,100,100,EN,2023-07-09T17:00:00.000Z
EUR,Europe,Country,GBR,United Kingdom of Great Britain and Northern Ireland,Year,2003,FALSE,Residence Area Type,Total,RESIDENCEAREATYPE_TOTL,100,100,EN,2023-07-09T17:00:00.000Z
EUR,Europe,Country,GBR,United Kingdom of Great Britain and Northern Ireland,Year,2002,FALSE,Residence Area Type,Total,RESIDENCEAREATYPE_TOTL,100,100,EN,2023-07-09T17:00:00.000Z
EUR,Europe,Country,GBR,United Kingdom of Great Britain and Northern Ireland,Year,2001,FALSE,Residence Area Type,Total,RESIDENCEAREATYPE_TOTL,100,100,EN,2023-07-09T17:00:00.000Z
EUR,Europe,Country,GBR,United Kingdom of Great Britain and Northern Ireland,Year,2000,FALSE,Residence Area Type,Total,RESIDENCEAREATYPE_TOTL,100,100,EN,2023-07-09T17:00:00.000Z
AFR,Africa,Country,TZA,United Republic of Tanzania,Year,2022,TRUE,Residence Area Type,Total,RESIDENCEAREATYPE_TOTL,60.79,61,EN,2023-07-09T17:00:00.000Z
AFR,Africa,Country,TZA,United Republic of Tanzania,Year,2021,FALSE,Residence Area Type,Total,RESIDENCEAREATYPE_TOTL,59.36,59,EN,2023-07-09T17:00:00.000Z
AFR,Africa,Country,TZA,United Republic of Tanzania,Year,2020,FALSE,Residence Area Type,Total,RESIDENCEAREATYPE_TOTL,57.97,58,EN,2023-07-09T17:00:00.000Z
AFR,Africa,Country,TZA,United Republic of Tanzania,Year,2019,FALSE,Residence Area Type,Total,RESIDENCEAREATYPE_TOTL,56.57,57,EN,2023-07-09T17:00:00.000Z
AFR,Africa,Country,TZA,United Republic of Tanzania,Year,2018,FALSE,Residence Area Type,Total,RESIDENCEAREATYPE_TOTL,55.15,55,EN,2023-07-09T17:00:00.000Z
AFR,Africa,Country,TZA,United Republic of Tanzania,Year,2017,FALSE,Residence Area Type,Total,RESIDENCEAREATYPE_TOTL,53.72,54,EN,2023-07-09T17:00:00.000Z
AFR,Africa,Country,TZA,United Republic of Tanzania,Year,2016,FALSE,Residence Area Type,Total,RESIDENCEAREATYPE_TOTL,52.28,52,EN,2023-07-09T17:00:00.000Z
AFR,Africa,Country,TZA,United Republic of Tanzania,Year,2015,FALSE,Residence Area Type,Total,RESIDENCEAREATYPE_TOTL,50.83,51,EN,2023-07-09T17:00:00.000Z
AFR,Africa,Country,TZA,United Republic of Tanzania,Year,2014,FALSE,Residence Area Type,Total,RESIDENCEAREATYPE_TOTL,49.37,49,EN,2023-07-09T17:00:00.000Z
AFR,Africa,Country,TZA,United Republic of Tanzania,Year,2013,FALSE,Residence Area Type,Total,RESIDENCEAREATYPE_TOTL,47.9,48,EN,2023-07-09T17:00:00.000Z
AFR,Africa,Country,TZA,United Republic of Tanzania,Year,2012,FALSE,Residence Area Type,Total,RESIDENCEAREATYPE_TOTL,46.43,46,EN,2023-07-09T17:00:00.000Z
AFR,Africa,Country,TZA,United Republic of Tanzania,Year,2011,FALSE,Residence Area Type,Total,RESIDENCEAREATYPE_TOTL,44.95,45,EN,2023-07-09T17:00:00.000Z
AFR,Africa,Country,TZA,United Republic of Tanzania,Year,2010,FALSE,Residence Area Type,Total,RESIDENCEAREATYPE_TOTL,43.46,43,EN,2023-07-09T17:00:00.000Z
AFR,Africa,Country,TZA,United Republic of Tanzania,Year,2009,FALSE,Residence Area Type,Total,RESIDENCEAREATYPE_TOTL,41.97,42,EN,2023-07-09T17:00:00.000Z
AFR,Africa,Country,TZA,United Republic of Tanzania,Year,2008,FALSE,Residence Area Type,Total,RESIDENCEAREATYPE_TOTL,40.47,40,EN,2023-07-09T17:00:00.000Z
AFR,Africa,Country,TZA,United Republic of Tanzania,Year,2007,FALSE,Residence Area Type,Total,RESIDENCEAREATYPE_TOTL,38.98,39,EN,2023-07-09T17:00:00.000Z
AFR,Africa,Country,TZA,United Republic of Tanzania,Year,2006,FALSE,Residence Area Type,Total,RESIDENCEAREATYPE_TOTL,37.48,37,EN,2023-07-09T17:00:00.000Z
AFR,Africa,Country,TZA,United Republic of Tanzania,Year,2005,FALSE,Residence Area Type,Total,RESIDENCEAREATYPE_TOTL,35.98,36,EN,2023-07-09T17:00:00.000Z
AFR,Africa,Country,TZA,United Republic of Tanzania,Year,2004,FALSE,Residence Area Type,Total,RESIDENCEAREATYPE_TOTL,34.48,34,EN,2023-07-09T17:00:00.000Z
AFR,Africa,Country,TZA,United Republic of Tanzania,Year,2003,FALSE,Residence Area Type,Total,RESIDENCEAREATYPE_TOTL,32.98,33,EN,2023-07-09T17:00:00.000Z
AFR,Africa,Country,TZA,United Republic of Tanzania,Year,2002,FALSE,Residence Area Type,Total,RESIDENCEAREATYPE_TOTL,31.48,31,EN,2023-07-09T17:00:00.000Z
AFR,Africa,Country,TZA,United Republic of Tanzania,Year,2001,FALSE,Residence Area Type,Total,RESIDENCEAREATYPE_TOTL,30.07,30,EN,2023-07-09T17:00:00.000Z
AFR,Africa,Country,TZA,United Republic of Tanzania,Year,2000,FALSE,Residence Area Type,Total,RESIDENCEAREATYPE_TOTL,28.67,29,EN,2023-07-09T17:00:00.000Z
AMR,Americas,Country,USA,United States of America,Year,2022,TRUE,Residence Area Type,Total,RESIDENCEAREATYPE_TOTL,99.96,100,EN,2023-07-09T17:00:00.000Z
AMR,Americas,Country,USA,United States of America,Year,2021,FALSE,Residence Area Type,Total,RESIDENCEAREATYPE_TOTL,99.89,100,EN,2023-07-09T17:00:00.000Z
AMR,Americas,Country,USA,United States of America,Year,2020,FALSE,Residence Area Type,Total,RESIDENCEAREATYPE_TOTL,99.82,100,EN,2023-07-09T17:00:00.000Z
AMR,Americas,Country,USA,United States of America,Year,2019,FALSE,Residence Area Type,Total,RESIDENCEAREATYPE_TOTL,99.74,100,EN,2023-07-09T17:00:00.000Z
AMR,Americas,Country,USA,United States of America,Year,2018,FALSE,Residence Area Type,Total,RESIDENCEAREATYPE_TOTL,99.67,100,EN,2023-07-09T17:00:00.000Z
AMR,Americas,Country,USA,United States of America,Year,2017,FALSE,Residence Area Type,Total,RESIDENCEAREATYPE_TOTL,99.59,100,EN,2023-07-09T17:00:00.000Z
AMR,Americas,Country,USA,United States of America,Year,2016,FALSE,Residence Area Type,Total,RESIDENCEAREATYPE_TOTL,99.51,100,EN,2023-07-09T17:00:00.000Z
AMR,Americas,Country,USA,United States of America,Year,2015,FALSE,Residence Area Type,Total,RESIDENCEAREATYPE_TOTL,99.43,99,EN,2023-07-09T17:00:00.000Z
AMR,Americas,Country,USA,United States of America,Year,2014,FALSE,Residence Area Type,Total,RESIDENCEAREATYPE_TOTL,99.35,99,EN,2023-07-09T17:00:00.000Z
AMR,Americas,Country,USA,United States of America,Year,2013,FALSE,Residence Area Type,Total,RESIDENCEAREATYPE_TOTL,99.26,99,EN,2023-07-09T17:00:00.000Z
AMR,Americas,Country,USA,United States of America,Year,2012,FALSE,Residence Area Type,Total,RESIDENCEAREATYPE_TOTL,99.18,99,EN,2023-07-09T17:00:00.000Z
AMR,Americas,Country,USA,United States of America,Year,2011,FALSE,Residence Area Type,Total,RESIDENCEAREATYPE_TOTL,99.1,99,EN,2023-07-09T17:00:00.000Z
AMR,Americas,Country,USA,United States of America,Year,2010,FALSE,Residence Area Type,Total,RESIDENCEAREATYPE_TOTL,99.01,99,EN,2023-07-09T17:00:00.000Z
AMR,Americas,Country,USA,United States of America,Year,2009,FALSE,Residence Area Type,Total,RESIDENCEAREATYPE_TOTL,98.92,99,EN,2023-07-09T17:00:00.000Z
AMR,Americas,Country,USA,United States of America,Year,2008,FALSE,Residence Area Type,Total,RESIDENCEAREATYPE_TOTL,98.92,99,EN,2023-07-09T17:00:00.000Z
AMR,Americas,Country,USA,United States of America,Year,2007,FALSE,Residence Area Type,Total,RESIDENCEAREATYPE_TOTL,98.91,99,EN,2023-07-09T17:00:00.000Z
AMR,Americas,Country,USA,United States of America,Year,2006,FALSE,Residence Area Type,Total,RESIDENCEAREATYPE_TOTL,98.9,99,EN,2023-07-09T17:00:00.000Z
AMR,Americas,Country,USA,United States of America,Year,2005,FALSE,Residence Area Type,Total,RESIDENCEAREATYPE_TOTL,98.9,99,EN,2023-07-09T17:00:00.000Z
AMR,Americas,Country,URY,Uruguay,Year,2022,TRUE,Residence Area Type,Total,RESIDENCEAREATYPE_TOTL,99.51,100,EN,2023-07-09T17:00:00.000Z
AMR,Americas,Country,URY,Uruguay,Year,2021,FALSE,Residence Area Type,Total,RESIDENCEAREATYPE_TOTL,99.5,100,EN,2023-07-09T17:00:00.000Z
AMR,Americas,Country,URY,Uruguay,Year,2020,FALSE,Residence Area Type,Total,RESIDENCEAREATYPE_TOTL,99.5,99,EN,2023-07-09T17:00:00.000Z
AMR,Americas,Country,URY,Uruguay,Year,2019,FALSE,Residence Area Type,Total,RESIDENCEAREATYPE_TOTL,99.49,99,EN,2023-07-09T17:00:00.000Z
AMR,Americas,Country,URY,Uruguay,Year,2018,FALSE,Residence Area Type,Total,RESIDENCEAREATYPE_TOTL,99.48,99,EN,2023-07-09T17:00:00.000Z
AMR,Americas,Country,URY,Uruguay,Year,2017,FALSE,Residence Area Type,Total,RESIDENCEAREATYPE_TOTL,99.4,99,EN,2023-07-09T17:00:00.000Z
AMR,Americas,Country,URY,Uruguay,Year,2016,FALSE,Residence Area Type,Total,RESIDENCEAREATYPE_TOTL,99.27,99,EN,2023-07-09T17:00:00.000Z
AMR,Americas,Country,URY,Uruguay,Year,2015,FALSE,Residence Area Type,Total,RESIDENCEAREATYPE_TOTL,99.13,99,EN,2023-07-09T17:00:00.000Z
AMR,Americas,Country,URY,Uruguay,Year,2014,FALSE,Residence Area Type,Total,RESIDENCEAREATYPE_TOTL,98.99,99,EN,2023-07-09T17:00:00.000Z
AMR,Americas,Country,URY,Uruguay,Year,2013,FALSE,Residence Area Type,Total,RESIDENCEAREATYPE_TOTL,98.85,99,EN,2023-07-09T17:00:00.000Z
AMR,Americas,Country,URY,Uruguay,Year,2012,FALSE,Residence Area Type,Total,RESIDENCEAREATYPE_TOTL,98.71,99,EN,2023-07-09T17:00:00.000Z
AMR,Americas,Country,URY,Uruguay,Year,2011,FALSE,Residence Area Type,Total,RESIDENCEAREATYPE_TOTL,98.56,99,EN,2023-07-09T17:00:00.000Z
AMR,Americas,Country,URY,Uruguay,Year,2010,FALSE,Residence Area Type,Total,RESIDENCEAREATYPE_TOTL,98.39,98,EN,2023-07-09T17:00:00.000Z
AMR,Americas,Country,URY,Uruguay,Year,2009,FALSE,Residence Area Type,Total,RESIDENCEAREATYPE_TOTL,98.22,98,EN,2023-07-09T17:00:00.000Z
AMR,Americas,Country,URY,Uruguay,Year,2008,FALSE,Residence Area Type,Total,RESIDENCEAREATYPE_TOTL,98.04,98,EN,2023-07-09T17:00:00.000Z
AMR,Americas,Country,URY,Uruguay,Year,2007,FALSE,Residence Area Type,Total,RESIDENCEAREATYPE_TOTL,97.86,98,EN,2023-07-09T17:00:00.000Z
AMR,Americas,Country,URY,Uruguay,Year,2006,FALSE,Residence Area Type,Total,RESIDENCEAREATYPE_TOTL,97.66,98,EN,2023-07-09T17:00:00.000Z
AMR,Americas,Country,URY,Uruguay,Year,2005,FALSE,Residence Area Type,Total,RESIDENCEAREATYPE_TOTL,97.46,97,EN,2023-07-09T17:00:00.000Z
AMR,Americas,Country,URY,Uruguay,Year,2004,FALSE,Residence Area Type,Total,RESIDENCEAREATYPE_TOTL,97.25,97,EN,2023-07-09T17:00:00.000Z
AMR,Americas,Country,URY,Uruguay,Year,2003,FALSE,Residence Area Type,Total,RESIDENCEAREATYPE_TOTL,97.18,97,EN,2023-07-09T17:00:00.000Z
AMR,Americas,Country,URY,Uruguay,Year,2002,FALSE,Residence Area Type,Total,RESIDENCEAREATYPE_TOTL,97.11,97,EN,2023-07-09T17:00:00.000Z
AMR,Americas,Country,URY,Uruguay,Year,2001,FALSE,Residence Area Type,Total,RESIDENCEAREATYPE_TOTL,97.05,97,EN,2023-07-09T17:00:00.000Z
AMR,Americas,Country,URY,Uruguay,Year,2000,FALSE,Residence Area Type,Total,RESIDENCEAREATYPE_TOTL,96.98,97,EN,2023-07-09T17:00:00.000Z
EUR,Europe,Country,UZB,Uzbekistan,Year,2022,TRUE,Residence Area Type,Total,RESIDENCEAREATYPE_TOTL,96.62,97,EN,2023-07-09T17:00:00.000Z
EUR,Europe,Country,UZB,Uzbekistan,Year,2021,FALSE,Residence Area Type,Total,RESIDENCEAREATYPE_TOTL,96.29,96,EN,2023-07-09T17:00:00.000Z
EUR,Europe,Country,UZB,Uzbekistan,Year,2020,FALSE,Residence Area Type,Total,RESIDENCEAREATYPE_TOTL,95.96,96,EN,2023-07-09T17:00:00.000Z
EUR,Europe,Country,UZB,Uzbekistan,Year,2019,FALSE,Residence Area Type,Total,RESIDENCEAREATYPE_TOTL,95.63,96,EN,2023-07-09T17:00:00.000Z
EUR,Europe,Country,UZB,Uzbekistan,Year,2018,FALSE,Residence Area Type,Total,RESIDENCEAREATYPE_TOTL,95.22,95,EN,2023-07-09T17:00:00.000Z
EUR,Europe,Country,UZB,Uzbekistan,Year,2017,FALSE,Residence Area Type,Total,RESIDENCEAREATYPE_TOTL,94.81,95,EN,2023-07-09T17:00:00.000Z
EUR,Europe,Country,UZB,Uzbekistan,Year,2016,FALSE,Residence Area Type,Total,RESIDENCEAREATYPE_TOTL,94.41,94,EN,2023-07-09T17:00:00.000Z
EUR,Europe,Country,UZB,Uzbekistan,Year,2015,FALSE,Residence Area Type,Total,RESIDENCEAREATYPE_TOTL,94.01,94,EN,2023-07-09T17:00:00.000Z
EUR,Europe,Country,UZB,Uzbekistan,Year,2014,FALSE,Residence Area Type,Total,RESIDENCEAREATYPE_TOTL,93.61,94,EN,2023-07-09T17:00:00.000Z
EUR,Europe,Country,UZB,Uzbekistan,Year,2013,FALSE,Residence Area Type,Total,RESIDENCEAREATYPE_TOTL,93.22,93,EN,2023-07-09T17:00:00.000Z
EUR,Europe,Country,UZB,Uzbekistan,Year,2012,FALSE,Residence Area Type,Total,RESIDENCEAREATYPE_TOTL,92.82,93,EN,2023-07-09T17:00:00.000Z
EUR,Europe,Country,UZB,Uzbekistan,Year,2011,FALSE,Residence Area Type,Total,RESIDENCEAREATYPE_TOTL,92.44,92,EN,2023-07-09T17:00:00.000Z
EUR,Europe,Country,UZB,Uzbekistan,Year,2010,FALSE,Residence Area Type,Total,RESIDENCEAREATYPE_TOTL,92.02,92,EN,2023-07-09T17:00:00.000Z
EUR,Europe,Country,UZB,Uzbekistan,Year,2009,FALSE,Residence Area Type,Total,RESIDENCEAREATYPE_TOTL,91.57,92,EN,2023-07-09T17:00:00.000Z
EUR,Europe,Country,UZB,Uzbekistan,Year,2008,FALSE,Residence Area Type,Total,RESIDENCEAREATYPE_TOTL,91.12,91,EN,2023-07-09T17:00:00.000Z
EUR,Europe,Country,UZB,Uzbekistan,Year,2007,FALSE,Residence Area Type,Total,RESIDENCEAREATYPE_TOTL,90.66,91,EN,2023-07-09T17:00:00.000Z
EUR,Europe,Country,UZB,Uzbekistan,Year,2006,FALSE,Residence Area Type,Total,RESIDENCEAREATYPE_TOTL,90.19,90,EN,2023-07-09T17:00:00.000Z
EUR,Europe,Country,UZB,Uzbekistan,Year,2005,FALSE,Residence Area Type,Total,RESIDENCEAREATYPE_TOTL,89.72,90,EN,2023-07-09T17:00:00.000Z
EUR,Europe,Country,UZB,Uzbekistan,Year,2004,FALSE,Residence Area Type,Total,RESIDENCEAREATYPE_TOTL,89.25,89,EN,2023-07-09T17:00:00.000Z
EUR,Europe,Country,UZB,Uzbekistan,Year,2003,FALSE,Residence Area Type,Total,RESIDENCEAREATYPE_TOTL,88.77,89,EN,2023-07-09T17:00:00.000Z
EUR,Europe,Country,UZB,Uzbekistan,Year,2002,FALSE,Residence Area Type,Total,RESIDENCEAREATYPE_TOTL,88.29,88,EN,2023-07-09T17:00:00.000Z
EUR,Europe,Country,UZB,Uzbekistan,Year,2001,FALSE,Residence Area Type,Total,RESIDENCEAREATYPE_TOTL,87.8,88,EN,2023-07-09T17:00:00.000Z
EUR,Europe,Country,UZB,Uzbekistan,Year,2000,FALSE,Residence Area Type,Total,RESIDENCEAREATYPE_TOTL,87.31,87,EN,2023-07-09T17:00:00.000Z
WPR,Western Pacific,Country,VUT,Vanuatu,Year,2022,TRUE,Residence Area Type,Total,RESIDENCEAREATYPE_TOTL,91.34,91,EN,2023-07-09T17:00:00.000Z
WPR,Western Pacific,Country,VUT,Vanuatu,Year,2021,FALSE,Residence Area Type,Total,RESIDENCEAREATYPE_TOTL,90.91,91,EN,2023-07-09T17:00:00.000Z
WPR,Western Pacific,Country,VUT,Vanuatu,Year,2020,FALSE,Residence Area Type,Total,RESIDENCEAREATYPE_TOTL,90.49,90,EN,2023-07-09T17:00:00.000Z
WPR,Western Pacific,Country,VUT,Vanuatu,Year,2019,FALSE,Residence Area Type,Total,RESIDENCEAREATYPE_TOTL,90.07,90,EN,2023-07-09T17:00:00.000Z
WPR,Western Pacific,Country,VUT,Vanuatu,Year,2018,FALSE,Residence Area Type,Total,RESIDENCEAREATYPE_TOTL,89.64,90,EN,2023-07-09T17:00:00.000Z
WPR,Western Pacific,Country,VUT,Vanuatu,Year,2017,FALSE,Residence Area Type,Total,RESIDENCEAREATYPE_TOTL,89.22,89,EN,2023-07-09T17:00:00.000Z
WPR,Western Pacific,Country,VUT,Vanuatu,Year,2016,FALSE,Residence Area Type,Total,RESIDENCEAREATYPE_TOTL,88.8,89,EN,2023-07-09T17:00:00.000Z
WPR,Western Pacific,Country,VUT,Vanuatu,Year,2015,FALSE,Residence Area Type,Total,RESIDENCEAREATYPE_TOTL,88.38,88,EN,2023-07-09T17:00:00.000Z
WPR,Western Pacific,Country,VUT,Vanuatu,Year,2014,FALSE,Residence Area Type,Total,RESIDENCEAREATYPE_TOTL,87.95,88,EN,2023-07-09T17:00:00.000Z
WPR,Western Pacific,Country,VUT,Vanuatu,Year,2013,FALSE,Residence Area Type,Total,RESIDENCEAREATYPE_TOTL,87.53,88,EN,2023-07-09T17:00:00.000Z
WPR,Western Pacific,Country,VUT,Vanuatu,Year,2012,FALSE,Residence Area Type,Total,RESIDENCEAREATYPE_TOTL,87.11,87,EN,2023-07-09T17:00:00.000Z
WPR,Western Pacific,Country,VUT,Vanuatu,Year,2011,FALSE,Residence Area Type,Total,RESIDENCEAREATYPE_TOTL,86.69,87,EN,2023-07-09T17:00:00.000Z
WPR,Western Pacific,Country,VUT,Vanuatu,Year,2010,FALSE,Residence Area Type,Total,RESIDENCEAREATYPE_TOTL,86.26,86,EN,2023-07-09T17:00:00.000Z
WPR,Western Pacific,Country,VUT,Vanuatu,Year,2009,FALSE,Residence Area Type,Total,RESIDENCEAREATYPE_TOTL,85.83,86,EN,2023-07-09T17:00:00.000Z
WPR,Western Pacific,Country,VUT,Vanuatu,Year,2008,FALSE,Residence Area Type,Total,RESIDENCEAREATYPE_TOTL,85.37,85,EN,2023-07-09T17:00:00.000Z
WPR,Western Pacific,Country,VUT,Vanuatu,Year,2007,FALSE,Residence Area Type,Total,RESIDENCEAREATYPE_TOTL,84.91,85,EN,2023-07-09T17:00:00.000Z
WPR,Western Pacific,Country,VUT,Vanuatu,Year,2006,FALSE,Residence Area Type,Total,RESIDENCEAREATYPE_TOTL,84.46,84,EN,2023-07-09T17:00:00.000Z
WPR,Western Pacific,Country,VUT,Vanuatu,Year,2005,FALSE,Residence Area Type,Total,RESIDENCEAREATYPE_TOTL,84,84,EN,2023-07-09T17:00:00.000Z
WPR,Western Pacific,Country,VUT,Vanuatu,Year,2004,FALSE,Residence Area Type,Total,RESIDENCEAREATYPE_TOTL,83.57,84,EN,2023-07-09T17:00:00.000Z
WPR,Western Pacific,Country,VUT,Vanuatu,Year,2003,FALSE,Residence Area Type,Total,RESIDENCEAREATYPE_TOTL,83.52,84,EN,2023-07-09T17:00:00.000Z
WPR,Western Pacific,Country,VUT,Vanuatu,Year,2002,FALSE,Residence Area Type,Total,RESIDENCEAREATYPE_TOTL,83.47,83,EN,2023-07-09T17:00:00.000Z
WPR,Western Pacific,Country,VUT,Vanuatu,Year,2001,FALSE,Residence Area Type,Total,RESIDENCEAREATYPE_TOTL,83.42,83,EN,2023-07-09T17:00:00.000Z
WPR,Western Pacific,Country,VUT,Vanuatu,Year,2000,FALSE,Residence Area Type,Total,RESIDENCEAREATYPE_TOTL,83.38,83,EN,2023-07-09T17:00:00.000Z
AMR,Americas,Country,VEN,Venezuela (Bolivarian Republic of),Year,2022,TRUE,Residence Area Type,Total,RESIDENCEAREATYPE_TOTL,93.33,93,EN,2023-07-09T17:00:00.000Z
AMR,Americas,Country,VEN,Venezuela (Bolivarian Republic of),Year,2021,FALSE,Residence Area Type,Total,RESIDENCEAREATYPE_TOTL,93.51,94,EN,2023-07-09T17:00:00.000Z
AMR,Americas,Country,VEN,Venezuela (Bolivarian Republic of),Year,2020,FALSE,Residence Area Type,Total,RESIDENCEAREATYPE_TOTL,93.69,94,EN,2023-07-09T17:00:00.000Z
AMR,Americas,Country,VEN,Venezuela (Bolivarian Republic of),Year,2019,FALSE,Residence Area Type,Total,RESIDENCEAREATYPE_TOTL,93.86,94,EN,2023-07-09T17:00:00.000Z
AMR,Americas,Country,VEN,Venezuela (Bolivarian Republic of),Year,2018,FALSE,Residence Area Type,Total,RESIDENCEAREATYPE_TOTL,94.04,94,EN,2023-07-09T17:00:00.000Z
AMR,Americas,Country,VEN,Venezuela (Bolivarian Republic of),Year,2017,FALSE,Residence Area Type,Total,RESIDENCEAREATYPE_TOTL,94.22,94,EN,2023-07-09T17:00:00.000Z
AMR,Americas,Country,VEN,Venezuela (Bolivarian Republic of),Year,2016,FALSE,Residence Area Type,Total,RESIDENCEAREATYPE_TOTL,94.39,94,EN,2023-07-09T17:00:00.000Z
AMR,Americas,Country,VEN,Venezuela (Bolivarian Republic of),Year,2015,FALSE,Residence Area Type,Total,RESIDENCEAREATYPE_TOTL,94.57,95,EN,2023-07-09T17:00:00.000Z
AMR,Americas,Country,VEN,Venezuela (Bolivarian Republic of),Year,2014,FALSE,Residence Area Type,Total,RESIDENCEAREATYPE_TOTL,94.75,95,EN,2023-07-09T17:00:00.000Z
AMR,Americas,Country,VEN,Venezuela (Bolivarian Republic of),Year,2013,FALSE,Residence Area Type,Total,RESIDENCEAREATYPE_TOTL,94.93,95,EN,2023-07-09T17:00:00.000Z
AMR,Americas,Country,VEN,Venezuela (Bolivarian Republic of),Year,2012,FALSE,Residence Area Type,Total,RESIDENCEAREATYPE_TOTL,95.1,95,EN,2023-07-09T17:00:00.000Z
AMR,Americas,Country,VEN,Venezuela (Bolivarian Republic of),Year,2011,FALSE,Residence Area Type,Total,RESIDENCEAREATYPE_TOTL,95.28,95,EN,2023-07-09T17:00:00.000Z
AMR,Americas,Country,VEN,Venezuela (Bolivarian Republic of),Year,2010,FALSE,Residence Area Type,Total,RESIDENCEAREATYPE_TOTL,95.46,95,EN,2023-07-09T17:00:00.000Z
AMR,Americas,Country,VEN,Venezuela (Bolivarian Republic of),Year,2009,FALSE,Residence Area Type,Total,RESIDENCEAREATYPE_TOTL,95.63,96,EN,2023-07-09T17:00:00.000Z
AMR,Americas,Country,VEN,Venezuela (Bolivarian Republic of),Year,2008,FALSE,Residence Area Type,Total,RESIDENCEAREATYPE_TOTL,95.81,96,EN,2023-07-09T17:00:00.000Z
AMR,Americas,Country,VEN,Venezuela (Bolivarian Republic of),Year,2007,FALSE,Residence Area Type,Total,RESIDENCEAREATYPE_TOTL,95.99,96,EN,2023-07-09T17:00:00.000Z
AMR,Americas,Country,VEN,Venezuela (Bolivarian Republic of),Year,2006,FALSE,Residence Area Type,Total,RESIDENCEAREATYPE_TOTL,96.17,96,EN,2023-07-09T17:00:00.000Z
AMR,Americas,Country,VEN,Venezuela (Bolivarian Republic of),Year,2005,FALSE,Residence Area Type,Total,RESIDENCEAREATYPE_TOTL,96.34,96,EN,2023-07-09T17:00:00.000Z
AMR,Americas,Country,VEN,Venezuela (Bolivarian Republic of),Year,2004,FALSE,Residence Area Type,Total,RESIDENCEAREATYPE_TOTL,96.52,97,EN,2023-07-09T17:00:00.000Z
AMR,Americas,Country,VEN,Venezuela (Bolivarian Republic of),Year,2003,FALSE,Residence Area Type,Total,RESIDENCEAREATYPE_TOTL,96.7,97,EN,2023-07-09T17:00:00.000Z
AMR,Americas,Country,VEN,Venezuela (Bolivarian Republic of),Year,2002,FALSE,Residence Area Type,Total,RESIDENCEAREATYPE_TOTL,96.87,97,EN,2023-07-09T17:00:00.000Z
AMR,Americas,Country,VEN,Venezuela (Bolivarian Republic of),Year,2001,FALSE,Residence Area Type,Total,RESIDENCEAREATYPE_TOTL,97.05,97,EN,2023-07-09T17:00:00.000Z
AMR,Americas,Country,VEN,Venezuela (Bolivarian Republic of),Year,2000,FALSE,Residence Area Type,Total,RESIDENCEAREATYPE_TOTL,97.23,97,EN,2023-07-09T17:00:00.000Z
WPR,Western Pacific,Country,VNM,Viet Nam,Year,2022,TRUE,Residence Area Type,Total,RESIDENCEAREATYPE_TOTL,97.96,98,EN,2023-07-09T17:00:00.000Z
WPR,Western Pacific,Country,VNM,Viet Nam,Year,2021,FALSE,Residence Area Type,Total,RESIDENCEAREATYPE_TOTL,97.32,97,EN,2023-07-09T17:00:00.000Z
WPR,Western Pacific,Country,VNM,Viet Nam,Year,2020,FALSE,Residence Area Type,Total,RESIDENCEAREATYPE_TOTL,96.67,97,EN,2023-07-09T17:00:00.000Z
WPR,Western Pacific,Country,VNM,Viet Nam,Year,2019,FALSE,Residence Area Type,Total,RESIDENCEAREATYPE_TOTL,95.99,96,EN,2023-07-09T17:00:00.000Z
WPR,Western Pacific,Country,VNM,Viet Nam,Year,2018,FALSE,Residence Area Type,Total,RESIDENCEAREATYPE_TOTL,95.17,95,EN,2023-07-09T17:00:00.000Z
WPR,Western Pacific,Country,VNM,Viet Nam,Year,2017,FALSE,Residence Area Type,Total,RESIDENCEAREATYPE_TOTL,94.13,94,EN,2023-07-09T17:00:00.000Z
WPR,Western Pacific,Country,VNM,Viet Nam,Year,2016,FALSE,Residence Area Type,Total,RESIDENCEAREATYPE_TOTL,93.4,93,EN,2023-07-09T17:00:00.000Z
WPR,Western Pacific,Country,VNM,Viet Nam,Year,2015,FALSE,Residence Area Type,Total,RESIDENCEAREATYPE_TOTL,92.67,93,EN,2023-07-09T17:00:00.000Z
WPR,Western Pacific,Country,VNM,Viet Nam,Year,2014,FALSE,Residence Area Type,Total,RESIDENCEAREATYPE_TOTL,91.92,92,EN,2023-07-09T17:00:00.000Z
WPR,Western Pacific,Country,VNM,Viet Nam,Year,2013,FALSE,Residence Area Type,Total,RESIDENCEAREATYPE_TOTL,91.17,91,EN,2023-07-09T17:00:00.000Z
WPR,Western Pacific,Country,VNM,Viet Nam,Year,2012,FALSE,Residence Area Type,Total,RESIDENCEAREATYPE_TOTL,90.4,90,EN,2023-07-09T17:00:00.000Z
WPR,Western Pacific,Country,VNM,Viet Nam,Year,2011,FALSE,Residence Area Type,Total,RESIDENCEAREATYPE_TOTL,89.63,90,EN,2023-07-09T17:00:00.000Z
WPR,Western Pacific,Country,VNM,Viet Nam,Year,2010,FALSE,Residence Area Type,Total,RESIDENCEAREATYPE_TOTL,88.84,89,EN,2023-07-09T17:00:00.000Z
WPR,Western Pacific,Country,VNM,Viet Nam,Year,2009,FALSE,Residence Area Type,Total,RESIDENCEAREATYPE_TOTL,88.05,88,EN,2023-07-09T17:00:00.000Z
WPR,Western Pacific,Country,VNM,Viet Nam,Year,2008,FALSE,Residence Area Type,Total,RESIDENCEAREATYPE_TOTL,87.25,87,EN,2023-07-09T17:00:00.000Z
WPR,Western Pacific,Country,VNM,Viet Nam,Year,2007,FALSE,Residence Area Type,Total,RESIDENCEAREATYPE_TOTL,86.44,86,EN,2023-07-09T17:00:00.000Z
WPR,Western Pacific,Country,VNM,Viet Nam,Year,2006,FALSE,Residence Area Type,Total,RESIDENCEAREATYPE_TOTL,85.63,86,EN,2023-07-09T17:00:00.000Z
WPR,Western Pacific,Country,VNM,Viet Nam,Year,2005,FALSE,Residence Area Type,Total,RESIDENCEAREATYPE_TOTL,84.81,85,EN,2023-07-09T17:00:00.000Z
WPR,Western Pacific,Country,VNM,Viet Nam,Year,2004,FALSE,Residence Area Type,Total,RESIDENCEAREATYPE_TOTL,83.98,84,EN,2023-07-09T17:00:00.000Z
WPR,Western Pacific,Country,VNM,Viet Nam,Year,2003,FALSE,Residence Area Type,Total,RESIDENCEAREATYPE_TOTL,83.14,83,EN,2023-07-09T17:00:00.000Z
WPR,Western Pacific,Country,VNM,Viet Nam,Year,2002,FALSE,Residence Area Type,Total,RESIDENCEAREATYPE_TOTL,82.29,82,EN,2023-07-09T17:00:00.000Z
WPR,Western Pacific,Country,VNM,Viet Nam,Year,2001,FALSE,Residence Area Type,Total,RESIDENCEAREATYPE_TOTL,81.44,81,EN,2023-07-09T17:00:00.000Z
WPR,Western Pacific,Country,VNM,Viet Nam,Year,2000,FALSE,Residence Area Type,Total,RESIDENCEAREATYPE_TOTL,80.58,81,EN,2023-07-09T17:00:00.000Z
EMR,Eastern Mediterranean,Country,YEM,Yemen,Year,2022,TRUE,Residence Area Type,Total,RESIDENCEAREATYPE_TOTL,61.76,62,EN,2023-07-09T17:00:00.000Z
EMR,Eastern Mediterranean,Country,YEM,Yemen,Year,2021,FALSE,Residence Area Type,Total,RESIDENCEAREATYPE_TOTL,61.6,62,EN,2023-07-09T17:00:00.000Z
EMR,Eastern Mediterranean,Country,YEM,Yemen,Year,2020,FALSE,Residence Area Type,Total,RESIDENCEAREATYPE_TOTL,60.66,61,EN,2023-07-09T17:00:00.000Z
EMR,Eastern Mediterranean,Country,YEM,Yemen,Year,2019,FALSE,Residence Area Type,Total,RESIDENCEAREATYPE_TOTL,59.72,60,EN,2023-07-09T17:00:00.000Z
EMR,Eastern Mediterranean,Country,YEM,Yemen,Year,2018,FALSE,Residence Area Type,Total,RESIDENCEAREATYPE_TOTL,58.75,59,EN,2023-07-09T17:00:00.000Z
EMR,Eastern Mediterranean,Country,YEM,Yemen,Year,2017,FALSE,Residence Area Type,Total,RESIDENCEAREATYPE_TOTL,57.78,58,EN,2023-07-09T17:00:00.000Z
EMR,Eastern Mediterranean,Country,YEM,Yemen,Year,2016,FALSE,Residence Area Type,Total,RESIDENCEAREATYPE_TOTL,56.79,57,EN,2023-07-09T17:00:00.000Z
EMR,Eastern Mediterranean,Country,YEM,Yemen,Year,2015,FALSE,Residence Area Type,Total,RESIDENCEAREATYPE_TOTL,55.78,56,EN,2023-07-09T17:00:00.000Z
EMR,Eastern Mediterranean,Country,YEM,Yemen,Year,2014,FALSE,Residence Area Type,Total,RESIDENCEAREATYPE_TOTL,54.76,55,EN,2023-07-09T17:00:00.000Z
EMR,Eastern Mediterranean,Country,YEM,Yemen,Year,2013,FALSE,Residence Area Type,Total,RESIDENCEAREATYPE_TOTL,53.72,54,EN,2023-07-09T17:00:00.000Z
EMR,Eastern Mediterranean,Country,YEM,Yemen,Year,2012,FALSE,Residence Area Type,Total,RESIDENCEAREATYPE_TOTL,52.67,53,EN,2023-07-09T17:00:00.000Z
EMR,Eastern Mediterranean,Country,YEM,Yemen,Year,2011,FALSE,Residence Area Type,Total,RESIDENCEAREATYPE_TOTL,51.61,52,EN,2023-07-09T17:00:00.000Z
EMR,Eastern Mediterranean,Country,YEM,Yemen,Year,2010,FALSE,Residence Area Type,Total,RESIDENCEAREATYPE_TOTL,50.53,51,EN,2023-07-09T17:00:00.000Z
EMR,Eastern Mediterranean,Country,YEM,Yemen,Year,2009,FALSE,Residence Area Type,Total,RESIDENCEAREATYPE_TOTL,49.44,49,EN,2023-07-09T17:00:00.000Z
EMR,Eastern Mediterranean,Country,YEM,Yemen,Year,2008,FALSE,Residence Area Type,Total,RESIDENCEAREATYPE_TOTL,48.33,48,EN,2023-07-09T17:00:00.000Z
EMR,Eastern Mediterranean,Country,YEM,Yemen,Year,2007,FALSE,Residence Area Type,Total,RESIDENCEAREATYPE_TOTL,47.21,47,EN,2023-07-09T17:00:00.000Z
EMR,Eastern Mediterranean,Country,YEM,Yemen,Year,2006,FALSE,Residence Area Type,Total,RESIDENCEAREATYPE_TOTL,46.08,46,EN,2023-07-09T17:00:00.000Z
EMR,Eastern Mediterranean,Country,YEM,Yemen,Year,2005,FALSE,Residence Area Type,Total,RESIDENCEAREATYPE_TOTL,44.93,45,EN,2023-07-09T17:00:00.000Z
EMR,Eastern Mediterranean,Country,YEM,Yemen,Year,2004,FALSE,Residence Area Type,Total,RESIDENCEAREATYPE_TOTL,43.77,44,EN,2023-07-09T17:00:00.000Z
EMR,Eastern Mediterranean,Country,YEM,Yemen,Year,2003,FALSE,Residence Area Type,Total,RESIDENCEAREATYPE_TOTL,42.6,43,EN,2023-07-09T17:00:00.000Z
EMR,Eastern Mediterranean,Country,YEM,Yemen,Year,2002,FALSE,Residence Area Type,Total,RESIDENCEAREATYPE_TOTL,41.34,41,EN,2023-07-09T17:00:00.000Z
EMR,Eastern Mediterranean,Country,YEM,Yemen,Year,2001,FALSE,Residence Area Type,Total,RESIDENCEAREATYPE_TOTL,41.11,41,EN,2023-07-09T17:00:00.000Z
EMR,Eastern Mediterranean,Country,YEM,Yemen,Year,2000,FALSE,Residence Area Type,Total,RESIDENCEAREATYPE_TOTL,40.88,41,EN,2023-07-09T17:00:00.000Z
AFR,Africa,Country,ZMB,Zambia,Year,2022,TRUE,Residence Area Type,Total,RESIDENCEAREATYPE_TOTL,68.25,68,EN,2023-07-09T17:00:00.000Z
AFR,Africa,Country,ZMB,Zambia,Year,2021,FALSE,Residence Area Type,Total,RESIDENCEAREATYPE_TOTL,68.03,68,EN,2023-07-09T17:00:00.000Z
AFR,Africa,Country,ZMB,Zambia,Year,2020,FALSE,Residence Area Type,Total,RESIDENCEAREATYPE_TOTL,67.82,68,EN,2023-07-09T17:00:00.000Z
AFR,Africa,Country,ZMB,Zambia,Year,2019,FALSE,Residence Area Type,Total,RESIDENCEAREATYPE_TOTL,66.85,67,EN,2023-07-09T17:00:00.000Z
AFR,Africa,Country,ZMB,Zambia,Year,2018,FALSE,Residence Area Type,Total,RESIDENCEAREATYPE_TOTL,65.87,66,EN,2023-07-09T17:00:00.000Z
AFR,Africa,Country,ZMB,Zambia,Year,2017,FALSE,Residence Area Type,Total,RESIDENCEAREATYPE_TOTL,64.89,65,EN,2023-07-09T17:00:00.000Z
AFR,Africa,Country,ZMB,Zambia,Year,2016,FALSE,Residence Area Type,Total,RESIDENCEAREATYPE_TOTL,63.89,64,EN,2023-07-09T17:00:00.000Z
AFR,Africa,Country,ZMB,Zambia,Year,2015,FALSE,Residence Area Type,Total,RESIDENCEAREATYPE_TOTL,62.89,63,EN,2023-07-09T17:00:00.000Z
AFR,Africa,Country,ZMB,Zambia,Year,2014,FALSE,Residence Area Type,Total,RESIDENCEAREATYPE_TOTL,61.88,62,EN,2023-07-09T17:00:00.000Z
AFR,Africa,Country,ZMB,Zambia,Year,2013,FALSE,Residence Area Type,Total,RESIDENCEAREATYPE_TOTL,60.86,61,EN,2023-07-09T17:00:00.000Z
AFR,Africa,Country,ZMB,Zambia,Year,2012,FALSE,Residence Area Type,Total,RESIDENCEAREATYPE_TOTL,59.83,60,EN,2023-07-09T17:00:00.000Z
AFR,Africa,Country,ZMB,Zambia,Year,2011,FALSE,Residence Area Type,Total,RESIDENCEAREATYPE_TOTL,58.8,59,EN,2023-07-09T17:00:00.000Z
AFR,Africa,Country,ZMB,Zambia,Year,2010,FALSE,Residence Area Type,Total,RESIDENCEAREATYPE_TOTL,57.76,58,EN,2023-07-09T17:00:00.000Z
AFR,Africa,Country,ZMB,Zambia,Year,2009,FALSE,Residence Area Type,Total,RESIDENCEAREATYPE_TOTL,56.71,57,EN,2023-07-09T17:00:00.000Z
AFR,Africa,Country,ZMB,Zambia,Year,2008,FALSE,Residence Area Type,Total,RESIDENCEAREATYPE_TOTL,55.65,56,EN,2023-07-09T17:00:00.000Z
AFR,Africa,Country,ZMB,Zambia,Year,2007,FALSE,Residence Area Type,Total,RESIDENCEAREATYPE_TOTL,54.58,55,EN,2023-07-09T17:00:00.000Z
AFR,Africa,Country,ZMB,Zambia,Year,2006,FALSE,Residence Area Type,Total,RESIDENCEAREATYPE_TOTL,53.51,54,EN,2023-07-09T17:00:00.000Z
AFR,Africa,Country,ZMB,Zambia,Year,2005,FALSE,Residence Area Type,Total,RESIDENCEAREATYPE_TOTL,52.42,52,EN,2023-07-09T17:00:00.000Z
AFR,Africa,Country,ZMB,Zambia,Year,2004,FALSE,Residence Area Type,Total,RESIDENCEAREATYPE_TOTL,51.32,51,EN,2023-07-09T17:00:00.000Z
AFR,Africa,Country,ZMB,Zambia,Year,2003,FALSE,Residence Area Type,Total,RESIDENCEAREATYPE_TOTL,50.22,50,EN,2023-07-09T17:00:00.000Z
AFR,Africa,Country,ZMB,Zambia,Year,2002,FALSE,Residence Area Type,Total,RESIDENCEAREATYPE_TOTL,49.11,49,EN,2023-07-09T17:00:00.000Z
AFR,Africa,Country,ZMB,Zambia,Year,2001,FALSE,Residence Area Type,Total,RESIDENCEAREATYPE_TOTL,47.99,48,EN,2023-07-09T17:00:00.000Z
AFR,Africa,Country,ZMB,Zambia,Year,2000,FALSE,Residence Area Type,Total,RESIDENCEAREATYPE_TOTL,47,47,EN,2023-07-09T17:00:00.000Z
AFR,Africa,Country,ZWE,Zimbabwe,Year,2022,TRUE,Residence Area Type,Total,RESIDENCEAREATYPE_TOTL,62.29,62,EN,2023-07-09T17:00:00.000Z
AFR,Africa,Country,ZWE,Zimbabwe,Year,2021,FALSE,Residence Area Type,Total,RESIDENCEAREATYPE_TOTL,62.25,62,EN,2023-07-09T17:00:00.000Z
AFR,Africa,Country,ZWE,Zimbabwe,Year,2020,FALSE,Residence Area Type,Total,RESIDENCEAREATYPE_TOTL,62.67,63,EN,2023-07-09T17:00:00.000Z
AFR,Africa,Country,ZWE,Zimbabwe,Year,2019,FALSE,Residence Area Type,Total,RESIDENCEAREATYPE_TOTL,63.09,63,EN,2023-07-09T17:00:00.000Z
AFR,Africa,Country,ZWE,Zimbabwe,Year,2018,FALSE,Residence Area Type,Total,RESIDENCEAREATYPE_TOTL,63.54,64,EN,2023-07-09T17:00:00.000Z
AFR,Africa,Country,ZWE,Zimbabwe,Year,2017,FALSE,Residence Area Type,Total,RESIDENCEAREATYPE_TOTL,64,64,EN,2023-07-09T17:00:00.000Z
AFR,Africa,Country,ZWE,Zimbabwe,Year,2016,FALSE,Residence Area Type,Total,RESIDENCEAREATYPE_TOTL,64.47,64,EN,2023-07-09T17:00:00.000Z
AFR,Africa,Country,ZWE,Zimbabwe,Year,2015,FALSE,Residence Area Type,Total,RESIDENCEAREATYPE_TOTL,64.95,65,EN,2023-07-09T17:00:00.000Z
AFR,Africa,Country,ZWE,Zimbabwe,Year,2014,FALSE,Residence Area Type,Total,RESIDENCEAREATYPE_TOTL,65.45,65,EN,2023-07-09T17:00:00.000Z
AFR,Africa,Country,ZWE,Zimbabwe,Year,2013,FALSE,Residence Area Type,Total,RESIDENCEAREATYPE_TOTL,65.97,66,EN,2023-07-09T17:00:00.000Z
AFR,Africa,Country,ZWE,Zimbabwe,Year,2012,FALSE,Residence Area Type,Total,RESIDENCEAREATYPE_TOTL,66.49,66,EN,2023-07-09T17:00:00.000Z
AFR,Africa,Country,ZWE,Zimbabwe,Year,2011,FALSE,Residence Area Type,Total,RESIDENCEAREATYPE_TOTL,67.02,67,EN,2023-07-09T17:00:00.000Z
AFR,Africa,Country,ZWE,Zimbabwe,Year,2010,FALSE,Residence Area Type,Total,RESIDENCEAREATYPE_TOTL,67.54,68,EN,2023-07-09T17:00:00.000Z
AFR,Africa,Country,ZWE,Zimbabwe,Year,2009,FALSE,Residence Area Type,Total,RESIDENCEAREATYPE_TOTL,68.07,68,EN,2023-07-09T17:00:00.000Z
AFR,Africa,Country,ZWE,Zimbabwe,Year,2008,FALSE,Residence Area Type,Total,RESIDENCEAREATYPE_TOTL,68.59,69,EN,2023-07-09T17:00:00.000Z
AFR,Africa,Country,ZWE,Zimbabwe,Year,2007,FALSE,Residence Area Type,Total,RESIDENCEAREATYPE_TOTL,69.11,69,EN,2023-07-09T17:00:00.000Z
AFR,Africa,Country,ZWE,Zimbabwe,Year,2006,FALSE,Residence Area Type,Total,RESIDENCEAREATYPE_TOTL,69.64,70,EN,2023-07-09T17:00:00.000Z
AFR,Africa,Country,ZWE,Zimbabwe,Year,2005,FALSE,Residence Area Type,Total,RESIDENCEAREATYPE_TOTL,70.16,70,EN,2023-07-09T17:00:00.000Z
AFR,Africa,Country,ZWE,Zimbabwe,Year,2004,FALSE,Residence Area Type,Total,RESIDENCEAREATYPE_TOTL,70.69,71,EN,2023-07-09T17:00:00.000Z
AFR,Africa,Country,ZWE,Zimbabwe,Year,2003,FALSE,Residence Area Type,Total,RESIDENCEAREATYPE_TOTL,71.21,71,EN,2023-07-09T17:00:00.000Z
AFR,Africa,Country,ZWE,Zimbabwe,Year,2002,FALSE,Residence Area Type,Total,RESIDENCEAREATYPE_TOTL,71.71,72,EN,2023-07-09T17:00:00.000Z
AFR,Africa,Country,ZWE,Zimbabwe,Year,2001,FALSE,Residence Area Type,Total,RESIDENCEAREATYPE_TOTL,72.02,72,EN,2023-07-09T17:00:00.000Z
AFR,Africa,Country,ZWE,Zimbabwe,Year,2000,FALSE,Residence Area Type,Total,RESIDENCEAREATYPE_TOTL,71.87,72,EN,2023-07-09T17:00:00.000Z