"ISO.Code","Country.Name","SDG.Region","SDG.Subregion","UNICEF.Region","UNICEF.Programme.Region","Uncertainty.Bounds.","2000","2001","2002","2003","2004","2005","2006","2007","2008","2009","2010","2011","2012","2013","2014","2015","2016","2017","2018","2019","2020","2021","2022","2023"
"AFG","Afghanistan","Central and Southern Asia","Southern Asia","South Asia","South Asia","Lower",122.0501,118.1708,114.2417,110.241,106.123,102.0219,97.8591,93.6185,89.4488,85.264,81.2312,77.4353,73.9144,70.6092,67.463,64.3258,61.2922,58.3534,55.407,52.5264,49.9433,47.3435,44.8188,42.4156
"AFG","Afghanistan","Central and Southern Asia","Southern Asia","South Asia","South Asia","Median",131.6572,127.4307,123.1415,118.731,114.2366,109.6527,105.0852,100.6716,96.3436,92.2038,88.3016,84.6279,81.2086,78.023,75.1236,72.4387,69.97,67.6374,65.4299,63.3243,61.3055,59.3354,57.3906,55.5079
"AFG","Afghanistan","Central and Southern Asia","Southern Asia","South Asia","South Asia","Upper",142.2544,137.8682,133.2336,128.2609,123.1502,118.042,113.0392,108.2139,103.8148,99.5677,95.8091,92.2668,88.9799,85.9684,83.3441,81.1055,79.125,77.4983,76.1318,75.2145,74.4663,73.6142,73.1177,72.6995
"AGO","Angola","Sub-Saharan Africa","","Eastern and Southern Africa","Eastern and Southern Africa","Lower",177.8788,171.7637,165.1826,157.2229,148.4655,138.6325,127.5356,116.0789,104.4286,93.2885,82.8756,72.7493,63.3238,55.4758,49.8735,45.1855,41.5722,38.4725,35.8585,33.6531,31.4071,29.855,28.2879,26.8203
"AGO","Angola","Sub-Saharan Africa","","Eastern and Southern Africa","Eastern and Southern Africa","Median",203.0085,196.9048,189.9073,182.2487,173.7812,165.0204,155.4678,146.02,136.9606,128.2249,119.8198,112.0528,104.7906,98.2898,92.7677,88.1533,84.0566,80.473,77.2545,74.3629,71.5969,68.9975,66.437,64.0126
"AGO","Angola","Sub-Saharan Africa","","Eastern and Southern Africa","Eastern and Southern Africa","Upper",232.2189,226.7433,219.9274,212.2242,204.1843,196.1504,188.4924,181.9206,175.8406,170.6382,165.861,161.8902,158.332,155.0188,151.7893,148.6877,146.2368,144.2864,141.6326,139.8895,137.9941,135.736,133.5377,131.9715
"AIA","Anguilla","Latin America and the Caribbean","","Latin America and Caribbean","Latin America and Caribbean","Lower",8.2072,7.882,7.5735,7.2958,6.9908,6.7266,6.5036,6.2868,6.0833,5.8574,5.608,5.3737,5.111,4.8591,4.5841,4.3146,4.0799,3.8723,3.6727,3.4724,3.2986,3.1419,2.9637,2.8285
"AIA","Anguilla","Latin America and the Caribbean","","Latin America and Caribbean","Latin America and Caribbean","Median",11.9023,11.4608,11.0353,10.6458,10.2898,9.9633,9.6636,9.3504,9.0674,8.808,8.5522,8.3111,8.0818,7.8607,7.6393,7.4037,7.1803,6.9645,6.7475,6.562,6.3565,6.1424,5.9432,5.7652
"AIA","Anguilla","Latin America and the Caribbean","","Latin America and Caribbean","Latin America and Caribbean","Upper",17.2229,16.5854,16.0529,15.5821,15.1277,14.6729,14.2976,13.9198,13.5599,13.2779,13.0559,12.881,12.7656,12.7292,12.7054,12.6167,12.5669,12.4868,12.3905,12.2099,12.1171,11.9318,11.8155,11.7418
"ALB","Albania","Europe and Northern America","Europe","Eastern Europe and Central Asia","Europe and Central Asia","Lower",24.6185,23.587,22.5287,21.4782,20.3908,19.1961,17.9172,16.5836,15.2845,14.0388,12.8608,11.7756,10.8382,10.1058,9.5788,9.223,9.0393,8.965,8.9542,8.9349,8.8762,8.7375,8.5204,8.2146
"ALB","Albania","Europe and Northern America","Europe","Eastern Europe and Central Asia","Europe and Central Asia","Median",27.0985,25.7174,24.3143,22.8801,21.4263,19.9558,18.5057,17.0961,15.7533,14.4827,13.2804,12.1693,11.2176,10.4722,9.9259,9.5783,9.3989,9.3367,9.3429,9.3864,9.4332,9.4651,9.4457,9.3709
"ALB","Albania","Europe and Northern America","Europe","Eastern Europe and Central Asia","Europe and Central Asia","Upper",29.8842,28.0893,26.2605,24.3985,22.5352,20.7582,19.1133,17.6246,16.2344,14.9303,13.7075,12.5677,11.6035,10.8351,10.2963,9.9426,9.7627,9.7152,9.7466,9.848,10.0071,10.2255,10.479,10.6964
"AND","Andorra","Europe and Northern America","Europe","Western Europe","Non-programme countries","Lower",3.7691,3.7299,3.668,3.5818,3.4261,3.2424,3.0817,2.8639,2.6453,2.4099,2.2004,1.9845,1.7665,1.5846,1.3876,1.2194,1.0842,0.9862,0.9086,0.8498,0.7984,0.7492,0.7095,0.669
"AND","Andorra","Europe and Northern America","Europe","Western Europe","Non-programme countries","Median",7.5976,7.2384,6.8963,6.5663,6.2484,5.9627,5.6472,5.3637,5.0845,4.8256,4.5866,4.3602,4.1397,3.9356,3.7269,3.5412,3.3655,3.2105,3.084,2.9662,2.8565,2.7631,2.6685,2.5776
"AND","Andorra","Europe and Northern America","Europe","Western Europe","Non-programme countries","Upper",15.1933,13.8438,12.7024,11.8663,11.0562,10.4566,10.1163,9.8999,9.7419,9.641,9.6978,9.7098,9.7809,9.9663,10.1047,10.3249,10.5414,10.7148,10.7341,10.6884,10.5665,10.4394,10.3347,10.0854
"ARE","United Arab Emirates","Northern Africa and Western Asia","Western Asia","Middle East and North Africa","Middle East and North Africa","Lower",10.1345,9.9478,9.7645,9.5804,9.3989,9.2153,9.0428,8.858,8.6772,8.4937,8.3102,8.1183,7.921,7.7124,7.4826,7.2271,6.9262,6.6093,6.2735,5.9245,5.5576,5.176,4.7877,4.4178
"ARE","United Arab Emirates","Northern Africa and Western Asia","Western Asia","Middle East and North Africa","Middle East and North Africa","Median",10.7211,10.5219,10.3271,10.1424,9.9541,9.7616,9.5769,9.3865,9.1992,9.0056,8.806,8.6108,8.4041,8.1775,7.9318,7.6564,7.3481,7.0141,6.6606,6.3045,5.9554,5.624,5.3102,5.0286
"ARE","United Arab Emirates","Northern Africa and Western Asia","Western Asia","Middle East and North Africa","Middle East and North Africa","Upper",11.3482,11.1447,10.9329,10.7295,10.5245,10.3213,10.1298,9.9319,9.7399,9.5358,9.3259,9.1215,8.9066,8.675,8.4038,8.121,7.8012,7.4411,7.0688,6.7081,6.3661,6.0962,5.8785,5.7164
"ARG","Argentina","Latin America and the Caribbean","","Latin America and Caribbean","Latin America and Caribbean","Lower",18.9833,18.4258,17.965,17.4883,16.9613,16.4129,15.9192,15.5066,15.0955,14.6635,14.168,13.6148,13.0341,12.4357,11.8831,11.3712,10.9149,10.5341,10.1957,9.888,9.5963,9.2592,8.8874,8.4922
"ARG","Argentina","Latin America and the Caribbean","","Latin America and Caribbean","Latin America and Caribbean","Median",19.3566,18.7862,18.3058,17.83,17.2944,16.7334,16.2292,15.7974,15.3888,14.944,14.4406,13.8827,13.2863,12.705,12.1898,11.7465,11.3631,11.0346,10.7455,10.4831,10.2582,10.0469,9.8458,9.6485
"ARG","Argentina","Latin America and the Caribbean","","Latin America and Caribbean","Latin America and Caribbean","Upper",19.724,19.1466,18.6443,18.1683,17.6173,17.0503,16.5359,16.0935,15.687,15.2286,14.7209,14.1549,13.5413,12.9811,12.5044,12.1303,11.8247,11.5585,11.3255,11.1232,10.9759,10.9192,10.9204,10.9614
"ARM","Armenia","Northern Africa and Western Asia","Western Asia","Eastern Europe and Central Asia","Europe and Central Asia","Lower",27.5949,26.2092,24.8619,23.5316,22.268,21.0683,19.9408,18.8656,17.8579,16.9155,16.0061,15.1829,14.4031,13.6708,12.9925,12.3526,11.7257,11.1487,10.6007,10.0674,9.5538,9.0432,8.5381,8.0301
"ARM","Armenia","Northern Africa and Western Asia","Western Asia","Eastern Europe and Central Asia","Europe and Central Asia","Median",30.7515,29.2827,27.8841,26.5417,25.2292,23.9904,22.8161,21.7062,20.6481,19.6507,18.7093,17.8141,16.9601,16.1563,15.3804,14.6489,13.9707,13.3218,12.7115,12.132,11.5714,11.0392,10.5306,10.0445
"ARM","Armenia","Northern Africa and Western Asia","Western Asia","Eastern Europe and Central Asia","Europe and Central Asia","Upper",33.8427,32.2406,30.719,29.2413,27.854,26.512,25.2694,24.1288,23.0381,22.0196,21.0521,20.1531,19.2674,18.4557,17.697,16.9616,16.2533,15.5993,14.9897,14.4062,13.92,13.4674,13.0605,12.6775
"ATG","Antigua and Barbuda","Latin America and the Caribbean","","Latin America and Caribbean","Latin America and Caribbean","Lower",13.3809,13.0716,12.7179,12.3917,12.061,11.76,11.4777,11.2421,11.0029,10.7486,10.5394,10.3048,10.0915,9.9118,9.7233,9.5449,9.3591,9.1169,8.8393,8.4725,8.0784,7.6331,7.2078,6.7933
"ATG","Antigua and Barbuda","Latin America and the Caribbean","","Latin America and Caribbean","Latin America and Caribbean","Median",14.9301,14.6122,14.292,13.9653,13.6403,13.3247,13.0061,12.712,12.4475,12.1869,11.944,11.727,11.5228,11.335,11.1595,10.9706,10.8097,10.6402,10.4796,10.2791,10.0627,9.8271,9.5832,9.331
"ATG","Antigua and Barbuda","Latin America and the Caribbean","","Latin America and Caribbean","Latin America and Caribbean","Upper",16.6824,16.3827,16.0686,15.7543,15.4158,15.0436,14.6989,14.3525,14.041,13.7686,13.5372,13.3545,13.187,12.9875,12.8032,12.6197,12.5106,12.487,12.5138,12.5736,12.6319,12.6646,12.7292,12.8007
"AUS","Australia","Oceania","Australia and New Zealand","East Asia and Pacific","Non-programme countries","Lower",6.0751,5.9617,5.8659,5.7957,5.7159,5.6134,5.4752,5.3063,5.1179,4.9042,4.6756,4.4436,4.2242,4.0385,3.889,3.7938,3.7409,3.7158,3.7082,3.7004,3.6878,3.6629,3.6147,3.5262
"AUS","Australia","Oceania","Australia and New Zealand","East Asia and Pacific","Non-programme countries","Median",6.1924,6.0771,5.982,5.9091,5.8321,5.7246,5.5841,5.4139,5.2193,5.0028,4.7694,4.5339,4.3146,4.126,3.9793,3.881,3.8255,3.7986,3.789,3.7838,3.773,3.7495,3.7134,3.6655
"AUS","Australia","Oceania","Australia and New Zealand","East Asia and Pacific","Non-programme countries","Upper",6.3108,6.1968,6.1036,6.0255,5.9497,5.8406,5.697,5.5253,5.3236,5.1066,4.8664,4.6267,4.4051,4.2131,4.0673,3.9664,3.9101,3.8851,3.8751,3.8749,3.8615,3.8379,3.8161,3.8092
"AUT","Austria","Europe and Northern America","Europe","Western Europe","Non-programme countries","Lower",5.3121,5.2143,5.115,5.0023,4.8716,4.7294,4.5886,4.4677,4.3756,4.2793,4.1629,4.0311,3.8898,3.7598,3.6449,3.5618,3.5021,3.4505,3.4062,3.3478,3.2769,3.1807,3.0553,2.8995
"AUT","Austria","Europe and Northern America","Europe","Western Europe","Non-programme countries","Median",5.4989,5.4034,5.3067,5.1879,5.0508,4.9058,4.7656,4.6427,4.5434,4.4441,4.3258,4.1883,4.0477,3.917,3.8025,3.7122,3.6467,3.5938,3.5486,3.4937,3.4205,3.3291,3.2288,3.1264
"AUT","Austria","Europe and Northern America","Europe","Western Europe","Non-programme countries","Upper",5.693,5.6036,5.5069,5.3799,5.2466,5.0932,4.947,4.8217,4.7163,4.6212,4.4969,4.3539,4.2113,4.0702,3.9587,3.8665,3.797,3.7429,3.6957,3.6442,3.5701,3.4832,3.4089,3.3717
"AZE","Azerbaijan","Northern Africa and Western Asia","Western Asia","Eastern Europe and Central Asia","Europe and Central Asia","Lower",65.9511,60.8704,55.9875,51.7272,47.7567,44.2778,41.227,38.4427,35.9006,33.4609,31.083,28.9843,26.9823,25.1675,23.4655,21.8907,20.4843,19.1241,17.8201,16.6716,15.543,14.429,13.2897,12.2099
"AZE","Azerbaijan","Northern Africa and Western Asia","Western Asia","Eastern Europe and Central Asia","Europe and Central Asia","Median",74.0347,69.0202,64.1261,59.5717,55.4696,51.8348,48.494,45.4542,42.6721,40.1174,37.703,35.3758,33.2253,31.2482,29.4655,27.8065,26.2971,24.9221,23.616,22.4372,21.3304,20.3674,19.4345,18.5556
"AZE","Azerbaijan","Northern Africa and Western Asia","Western Asia","Eastern Europe and Central Asia","Europe and Central Asia","Upper",83.2768,78.1023,73.0829,68.305,64.0415,60.1138,56.6463,53.4945,50.6351,48.03,45.555,43.1603,40.8278,38.7318,36.7996,34.9286,33.4312,32.208,31.0484,30.1237,29.4307,28.8652,28.5705,28.4047
"BDI","Burundi","Sub-Saharan Africa","","Eastern and Southern Africa","Eastern and Southern Africa","Lower",138.9747,134.1914,128.9435,123.4266,117.214,110.9269,104.0959,97.3104,90.6739,84.2164,78.2303,72.6134,66.8366,61.4627,56.1604,51.6948,47.7411,43.9629,40.7276,37.8418,35.2181,32.9086,30.7141,28.6826
"BDI","Burundi","Sub-Saharan Africa","","Eastern and Southern Africa","Eastern and Southern Africa","Median",153.6862,148.5009,143.0138,137.3155,131.0033,124.1002,116.8132,109.7066,102.8436,96.5989,90.7784,85.2533,80.1795,75.4602,71.2953,67.5575,64.3729,61.4824,58.9925,56.6573,54.6319,52.6478,50.8367,49.2072
"BDI","Burundi","Sub-Saharan Africa","","Eastern and Southern Africa","Eastern and Southern Africa","Upper",170.1703,164.6838,159.3289,153.4904,146.9963,139.5537,131.4113,123.6482,116.5221,110.2569,104.4394,99.5581,95.6785,92.4591,89.7894,87.8008,86.6326,85.8629,85.3995,84.8587,84.4754,84.2485,84.0974,83.7863
"BEL","Belgium","Europe and Northern America","Europe","Western Europe","Non-programme countries","Lower",5.7195,5.5265,5.3474,5.1848,5.0327,4.8946,4.7734,4.6553,4.5445,4.4368,4.3386,4.2505,4.1696,4.0954,4.0309,3.984,3.948,3.9108,3.8646,3.8036,3.7124,3.5818,3.4218,3.2494
"BEL","Belgium","Europe and Northern America","Europe","Western Europe","Non-programme countries","Median",5.8752,5.6731,5.4906,5.3239,5.1694,5.0297,4.9036,4.7853,4.6691,4.5593,4.4589,4.37,4.2894,4.2169,4.1536,4.1051,4.0672,4.0311,3.9864,3.929,3.8588,3.7794,3.6963,3.6026
"BEL","Belgium","Europe and Northern America","Europe","Western Europe","Non-programme countries","Upper",6.03,5.8226,5.6405,5.4696,5.3103,5.1671,5.0357,4.9167,4.7971,4.6867,4.5832,4.4924,4.4093,4.3383,4.2771,4.2287,4.1917,4.1582,4.1161,4.0677,4.0225,3.9883,3.967,3.9628
"BEN","Benin","Sub-Saharan Africa","","West and Central Africa","West and Central Africa","Lower",127.6322,124.447,121.3207,118.1885,115.2282,112.3143,109.6379,107.1674,104.664,102.2856,100.0465,97.6294,95.2852,92.8152,90.3544,87.8874,85.2107,82.5055,79.3337,75.6477,71.6362,67.6394,63.5356,59.5607
"BEN","Benin","Sub-Saharan Africa","","West and Central Africa","West and Central Africa","Median",136.0878,132.8159,129.6001,126.4756,123.4943,120.6116,117.913,115.3926,112.9716,110.6482,108.3626,106.1614,103.8686,101.6039,99.3472,97.1158,94.9725,92.73,90.457,88.0035,85.5446,83.0583,80.4331,77.9021
"BEN","Benin","Sub-Saharan Africa","","West and Central Africa","West and Central Africa","Upper",144.9261,141.599,138.3163,135.0988,132.1095,129.3544,126.6846,124.1112,121.7944,119.5134,117.3978,115.3394,113.2929,111.2608,109.3364,107.5813,105.825,104.2675,102.8022,101.9908,101.2846,101.4424,101.753,102.4475
"BFA","Burkina Faso","Sub-Saharan Africa","","West and Central Africa","West and Central Africa","Lower",165.7999,161.7139,157.2286,152.2045,146.7358,140.7032,134.248,127.632,121.3068,115.3686,109.7231,104.3283,99.0087,93.665,88.4451,83.4679,78.743,74.0984,69.7365,65.2476,61.096,56.907,53.452,50.0647
"BFA","Burkina Faso","Sub-Saharan Africa","","West and Central Africa","West and Central Africa","Median",178.105,173.9669,169.3199,164.254,158.5658,152.2983,145.7125,139.0207,132.7107,126.8147,121.5205,116.8348,112.5655,108.5541,104.715,101.0825,97.6642,94.2873,91.2302,88.2485,85.2543,82.4705,79.8947,77.272
"BFA","Burkina Faso","Sub-Saharan Africa","","West and Central Africa","West and Central Africa","Upper",190.9135,186.6865,182.3139,177.2244,171.5706,164.9906,158.2391,151.4254,145.1494,139.6312,134.8045,130.6325,127.7017,125.295,123.637,122.3744,121.3003,120.673,120.297,120.0349,119.908,120.1678,119.6876,119.652
"BGD","Bangladesh","Central and Southern Asia","Southern Asia","South Asia","South Asia","Lower",82.5919,77.4689,72.7638,68.5239,64.6562,61.1046,57.8356,54.795,52.0037,49.4278,47.1529,45.0211,42.9834,41.0418,39.1284,37.2361,35.3791,33.5738,31.9676,30.7358,30.0078,29.7962,29.6964,29.2123
"BGD","Bangladesh","Central and Southern Asia","Southern Asia","South Asia","South Asia","Median",85.4054,80.1241,75.279,70.8643,66.8584,63.1687,59.8077,56.7093,53.8599,51.2642,48.9059,46.7462,44.6887,42.705,40.7347,38.7933,36.913,35.1821,33.6612,32.4252,31.5442,30.9672,30.667,30.5562
"BGD","Bangladesh","Central and Southern Asia","Southern Asia","South Asia","South Asia","Upper",88.3784,82.8314,77.8571,73.2937,69.1798,65.3827,61.8531,58.7393,55.7948,53.1719,50.7623,48.5586,46.4859,44.4665,42.4859,40.4504,38.4889,36.7167,35.1785,33.8687,32.817,32.0427,31.6983,32.0874
"BGR","Bulgaria","Europe and Northern America","Europe","Eastern Europe and Central Asia","Europe and Central Asia","Lower",17.0907,16.3596,15.5637,14.7325,13.8214,12.9331,12.0925,11.4681,11.1277,10.8491,10.5304,10.1109,9.5878,9.0074,8.3996,7.8873,7.4334,7.0433,6.7188,6.4324,6.2171,6.0524,5.8932,5.6803
"BGR","Bulgaria","Europe and Northern America","Europe","Eastern Europe and Central Asia","Europe and Central Asia","Median",17.5006,16.7532,15.956,15.1046,14.2033,13.2847,12.4496,11.8331,11.4499,11.1636,10.8396,10.4217,9.8985,9.2936,8.6934,8.1593,7.7012,7.3063,6.9655,6.6905,6.4777,6.3125,6.1829,6.0768
"BGR","Bulgaria","Europe and Northern America","Europe","Eastern Europe and Central Asia","Europe and Central Asia","Upper",17.9237,17.1669,16.3826,15.5012,14.6015,13.6368,12.7994,12.1857,11.7691,11.498,11.1608,10.7525,10.2226,9.5906,8.9977,8.4422,7.9735,7.5767,7.2265,6.9581,6.7367,6.5764,6.4807,6.5019
"BHR","Bahrain","Northern Africa and Western Asia","Western Asia","Middle East and North Africa","Middle East and North Africa","Lower",11.923,11.4401,11.0636,10.758,10.4574,10.1394,9.7774,9.3725,8.9575,8.5558,8.203,7.9087,7.6841,7.5181,7.3964,7.314,7.2759,7.2821,7.3467,7.4458,7.5782,7.7265,7.8416,7.8874
"BHR","Bahrain","Northern Africa and Western Asia","Western Asia","Middle East and North Africa","Middle East and North Africa","Median",12.4975,11.9879,11.5975,11.2722,10.9656,10.6254,10.2512,9.8356,9.4019,8.9779,8.61,8.3026,8.0587,7.8823,7.7599,7.6798,7.6419,7.6529,7.7201,7.833,7.9892,8.1821,8.3918,8.5957
"BHR","Bahrain","Northern Africa and Western Asia","Western Asia","Middle East and North Africa","Middle East and North Africa","Upper",13.0944,12.561,12.1512,11.808,11.4834,11.1312,10.7459,10.3217,9.8606,9.4291,9.0461,8.7216,8.4699,8.2779,8.1444,8.0521,8.0207,8.0341,8.1013,8.2271,8.4127,8.6535,8.9858,9.3792
"BHS","Bahamas","Latin America and the Caribbean","","Latin America and Caribbean","Non-programme countries","Lower",15.2346,15.3289,15.5356,15.7548,15.8905,15.9102,15.785,15.547,15.2233,14.8488,14.4621,14.0878,13.7709,13.4805,13.2138,12.9969,12.8073,12.6126,12.3818,21.1549,11.7077,11.2877,10.777,10.2493
"BHS","Bahamas","Latin America and the Caribbean","","Latin America and Caribbean","Non-programme countries","Median",16.2017,16.3203,16.5208,16.7278,16.8569,16.8699,16.7507,16.507,16.1778,15.7951,15.4077,15.0471,14.7152,14.4146,14.1613,13.9499,13.7778,13.6473,13.5342,23.5059,13.3016,13.1423,12.9326,12.6869
"BHS","Bahamas","Latin America and the Caribbean","","Latin America and Caribbean","Non-programme countries","Upper",17.2412,17.3787,17.5813,17.7885,17.8944,17.8863,17.7606,17.512,17.2123,16.8344,16.4465,16.0727,15.7219,15.4299,15.1814,14.9754,14.8229,14.7267,14.7479,26.1145,15.1354,15.3525,15.5291,15.6622
"BIH","Bosnia and Herzegovina","Europe and Northern America","Europe","Eastern Europe and Central Asia","Europe and Central Asia","Lower",9.2332,8.6386,8.1154,7.6894,7.3492,7.1062,6.931,6.803,6.704,6.6181,6.5405,6.4714,6.4269,6.401,6.4057,6.4387,6.4798,6.4996,6.4772,6.3988,6.268,6.0806,5.8285,5.5405
"BIH","Bosnia and Herzegovina","Europe and Northern America","Europe","Eastern Europe and Central Asia","Europe and Central Asia","Median",9.546,8.9283,8.398,7.9664,7.6299,7.3831,7.2082,7.0816,6.984,6.9045,6.8331,6.7718,6.7269,6.7049,6.711,6.7389,6.7753,6.7907,6.7645,6.6947,6.5741,6.411,6.2277,6.0421
"BIH","Bosnia and Herzegovina","Europe and Northern America","Europe","Eastern Europe and Central Asia","Europe and Central Asia","Upper",9.8924,9.252,8.7116,8.2686,7.927,7.6715,7.4911,7.3607,7.2654,7.1984,7.1318,7.0782,7.0458,7.0256,7.0295,7.0563,7.0834,7.0979,7.0708,7.0085,6.8945,6.7621,6.6602,6.5904
"BLR","Belarus","Europe and Northern America","Europe","Eastern Europe and Central Asia","Europe and Central Asia","Lower",12.4624,11.5465,10.665,9.8784,9.1906,8.4949,7.796,7.0987,6.4492,5.8917,5.4155,5.0299,4.7057,4.4262,4.1813,3.9467,3.7196,3.4772,3.2116,2.9125,2.6203,2.3589,2.1331,1.943
"BLR","Belarus","Europe and Northern America","Europe","Eastern Europe and Central Asia","Europe and Central Asia","Median",12.7662,11.8343,10.9515,10.1523,9.4348,8.7385,8.0149,7.2997,6.6434,6.0749,5.5929,5.1936,4.8599,4.5767,4.3245,4.0878,3.8536,3.6154,3.3726,3.1323,2.9142,2.7269,2.5723,2.4415
"BLR","Belarus","Europe and Northern America","Europe","Eastern Europe and Central Asia","Europe and Central Asia","Upper",13.0698,12.1221,11.2338,10.4194,9.6862,8.9965,8.2518,7.5078,6.8356,6.2571,5.7684,5.3567,5.0157,4.7267,4.4695,4.2346,3.9981,3.7635,3.544,3.3599,3.2227,3.1235,3.0732,3.0427
"BLZ","Belize","Latin America and the Caribbean","","Latin America and Caribbean","Latin America and Caribbean","Lower",22.9522,22.3107,21.6911,21.1035,20.5514,20.066,19.6087,19.1804,18.7764,18.3397,17.8906,17.3858,16.799,16.1398,15.4504,14.7942,14.1672,13.5936,13.1022,12.7061,12.3696,12.0665,11.7651,11.4333
"BLZ","Belize","Latin America and the Caribbean","","Latin America and Caribbean","Latin America and Caribbean","Median",24.4655,23.6004,22.82,22.1356,21.5353,21.0285,20.5595,20.1352,19.7236,19.2987,18.8294,18.2961,17.6884,17.0195,16.3246,15.6417,14.9923,14.4044,13.8983,13.4824,13.1719,12.9537,12.8202,12.7358
"BLZ","Belize","Latin America and the Caribbean","","Latin America and Caribbean","Latin America and Caribbean","Upper",26.0838,24.9593,24.0274,23.2454,22.6076,22.0718,21.5993,21.1855,20.7521,20.3134,19.8233,19.26,18.6387,17.9511,17.2673,16.5538,15.873,15.2759,14.7524,14.339,14.0421,13.9241,13.9611,14.1565
"BOL","Bolivia (Plurinational State of)","Latin America and the Caribbean","","Latin America and Caribbean","Latin America and Caribbean","Lower",70.8376,66.7104,62.7246,58.9315,55.2803,51.8419,48.5671,45.4045,42.4695,39.7261,37.199,34.7494,32.4605,30.2066,28.1277,26.2507,24.5655,23.0939,21.6457,20.2351,18.8938,17.6281,16.4869,15.4362
"BOL","Bolivia (Plurinational State of)","Latin America and the Caribbean","","Latin America and Caribbean","Latin America and Caribbean","Median",75.7189,71.4204,67.3573,63.5055,59.8627,56.398,53.1234,50.0396,47.1658,44.4788,41.9958,39.6733,37.4707,35.4124,33.5298,31.7996,30.3067,29.0002,27.8094,26.7182,25.7344,24.814,23.9438,23.1037
"BOL","Bolivia (Plurinational State of)","Latin America and the Caribbean","","Latin America and Caribbean","Latin America and Caribbean","Upper",80.7832,76.3958,72.2197,68.3212,64.634,61.2206,57.9889,54.9619,52.1141,49.5262,47.1662,44.9958,42.9967,41.1905,39.5174,38.0139,36.8115,36.0716,35.5327,35.1154,34.8186,34.6687,34.5456,34.513
"BRA","Brazil","Latin America and the Caribbean","","Latin America and Caribbean","Latin America and Caribbean","Lower",32.2354,30.1506,28.157,26.2932,24.587,23.0266,21.6909,20.5737,19.5959,18.8021,18.1047,17.4777,16.907,16.3641,15.8911,15.4435,16.1179,14.7266,14.4302,14.1789,13.8984,13.5633,13.1531,12.7083
"BRA","Brazil","Latin America and the Caribbean","","Latin America and Caribbean","Latin America and Caribbean","Median",34.4505,32.2114,30.1151,28.1479,26.3042,24.6146,23.0771,21.7252,20.5365,19.4937,18.6132,17.8646,17.2433,16.7304,16.3112,15.9638,16.779,15.4282,15.2119,15.0338,14.8719,14.7336,14.5944,14.4415
"BRA","Brazil","Latin America and the Caribbean","","Latin America and Caribbean","Latin America and Caribbean","Upper",36.8815,34.5724,32.3123,30.1741,28.1388,26.2537,24.5036,22.913,21.4802,20.2214,19.1295,18.2636,17.5892,17.0955,16.735,16.5028,17.4729,16.1803,16.0454,15.9614,15.9142,15.9718,16.1358,16.3552
"BRB","Barbados","Latin America and the Caribbean","","Latin America and Caribbean","Latin America and Caribbean","Lower",13.337,13.4862,13.6562,13.7923,13.8355,13.7764,13.6457,13.4535,13.2322,12.9744,12.6912,12.3699,11.9862,11.5025,10.9882,10.4445,9.8786,9.3203,8.7612,8.2139,7.6874,7.2038,6.7426,6.3287
"BRB","Barbados","Latin America and the Caribbean","","Latin America and Caribbean","Latin America and Caribbean","Median",14.3647,14.5223,14.695,14.8223,14.8731,14.8268,14.6975,14.5179,14.3064,14.0853,13.8873,13.6883,13.5024,13.3101,13.0641,12.7944,12.4761,12.1209,11.7723,11.4083,11.065,10.7219,10.3834,10.0397
"BRB","Barbados","Latin America and the Caribbean","","Latin America and Caribbean","Latin America and Caribbean","Upper",15.4403,15.614,15.7948,15.9468,16.0181,15.988,15.8588,15.7004,15.4727,15.2753,15.1275,15.0897,15.161,15.273,15.4097,15.4809,15.6319,15.7399,15.8034,15.8988,15.948,16.0227,16.1158,16.1225
"BRN","Brunei Darussalam","Eastern and South-Eastern Asia","South-Eastern Asia","East Asia and Pacific","Non-programme countries","Lower",9.6631,9.3782,9.1571,9.0033,8.9002,8.8515,8.8484,8.8614,8.9155,8.985,9.0506,9.1286,9.2082,9.2724,9.3118,9.3295,9.3169,9.2856,9.2188,9.1254,8.9541,8.7124,8.4157,8.0665
"BRN","Brunei Darussalam","Eastern and South-Eastern Asia","South-Eastern Asia","East Asia and Pacific","Non-programme countries","Median",10.3111,10.0255,9.8001,9.6344,9.531,9.4825,9.4749,9.5028,9.5554,9.6192,9.7012,9.7891,9.872,9.9417,9.9838,10.0033,9.9999,9.9645,9.9088,9.8347,9.7385,9.6434,9.5284,9.3906
"BRN","Brunei Darussalam","Eastern and South-Eastern Asia","South-Eastern Asia","East Asia and Pacific","Non-programme countries","Upper",10.9888,10.6844,10.4637,10.2938,10.1785,10.1381,10.136,10.1659,10.2239,10.2958,10.3794,10.467,10.5507,10.6163,10.6677,10.6992,10.7013,10.6803,10.6416,10.6081,10.6338,10.6878,10.8054,10.921
"BTN","Bhutan","Central and Southern Asia","Southern Asia","South Asia","South Asia","Lower",69.8089,65.863,62.1297,58.3784,54.7291,50.9232,47.0724,43.3406,39.668,36.0794,32.645,29.5445,27.0173,24.9586,23.1719,21.5065,20.0253,18.573,17.3234,16.1988,15.1553,14.2188,13.3152,12.5495
"BTN","Bhutan","Central and Southern Asia","Southern Asia","South Asia","South Asia","Median",78.4818,74.0057,69.6278,65.3705,61.1829,57.0984,53.2342,49.5926,46.2061,43.0793,40.2766,37.749,35.6118,33.7715,32.1772,30.8403,29.6064,28.5287,27.4463,26.4556,25.4906,24.6912,23.8639,23.0581
"BTN","Bhutan","Central and Southern Asia","Southern Asia","South Asia","South Asia","Upper",87.845,82.7695,77.7209,72.8905,68.2955,64.0607,60.1968,56.9167,54.1452,51.7316,49.628,47.8633,46.54,45.452,44.8771,44.5128,43.9164,43.5304,43.3068,43.1859,43.1358,42.9279,42.5425,42.0473
"BWA","Botswana","Sub-Saharan Africa","","Eastern and Southern Africa","Eastern and Southern Africa","Lower",62.3734,63.0881,63.0117,62.6508,60.8785,55.5416,49.9214,47.1349,45.5293,43.0088,41.103,41.284,38.1905,34.8273,32.432,29.1533,26.4974,23.4698,21.6036,20.1674,18.7519,17.1683,15.9422,14.8939
"BWA","Botswana","Sub-Saharan Africa","","Eastern and Southern Africa","Eastern and Southern Africa","Median",81.1199,81.2467,79.9987,78.4775,76.314,70.2988,64.3424,61.6064,60.336,57.7893,55.8177,56.75,53.4314,50.991,51.1435,49.8054,48.974,46.5473,45.8765,44.9939,43.8911,42.0255,40.6584,39.5682
"BWA","Botswana","Sub-Saharan Africa","","Eastern and Southern Africa","Eastern and Southern Africa","Upper",105.7147,103.9411,99.5633,96.0914,93.3929,88.2129,83.9484,83.8968,84.5448,82.5903,81.5105,85.2598,84.7737,87.1097,94.6261,97.7053,101.7988,101.8996,104.5927,106.3753,108.1055,106.9489,106.2895,104.3678
"CAF","Central African Republic","Sub-Saharan Africa","","West and Central Africa","West and Central Africa","Lower",150.3355,147.3279,144.2257,140.7933,137.0531,133.2637,129.0555,124.9077,120.9172,425.1963,131.8454,110.3718,107.0073,116.3111,157.947,98.0131,107.2801,128.2967,99.4444,198.9144,98.3985,134.1592,296.4739,68.5874
"CAF","Central African Republic","Sub-Saharan Africa","","West and Central Africa","West and Central Africa","Median",165.5485,162.8002,159.4499,155.9526,152.237,148.3565,143.7607,139.529,135.6231,478.932,149.2267,125.3832,122.2568,133.5503,182.5779,114.1406,126.075,152.3734,119.7887,243.1205,122.6227,171.2524,387.4425,92.1959
"CAF","Central African Republic","Sub-Saharan Africa","","West and Central Africa","West and Central Africa","Upper",183.37,180.6019,177.1443,173.4643,168.9578,164.5686,159.8501,155.5014,151.5671,537.9209,168.3306,142.0644,139.1776,152.8317,210.1645,132.3385,147.4286,180.2738,143.1724,294.9779,151.854,217.2826,503.6573,123.4822
"CAN","Canada","Europe and Northern America","Northern America","North America","Non-programme countries","Lower",6.1176,6.0888,6.0759,6.0612,6.033,5.9922,5.9343,5.8661,5.7842,5.7068,5.6294,5.5549,5.4829,5.4061,5.3333,5.262,5.1943,5.1397,5.0925,5.0543,5.0222,4.9886,4.9381,4.8479
"CAN","Canada","Europe and Northern America","Northern America","North America","Non-programme countries","Median",6.2286,6.1949,6.179,6.1651,6.1376,6.0946,6.0356,5.9619,5.8832,5.8028,5.726,5.6496,5.5733,5.4976,5.4233,5.3516,5.2866,5.2306,5.1854,5.1474,5.1184,5.1,5.0881,5.0643
"CAN","Canada","Europe and Northern America","Northern America","North America","Non-programme countries","Upper",6.3368,6.3018,6.2856,6.275,6.2502,6.2031,6.1411,6.0639,5.9825,5.9032,5.8271,5.7499,5.6703,5.5972,5.519,5.4446,5.3798,5.321,5.2752,5.237,5.2113,5.2119,5.2422,5.2939
"CHE","Switzerland","Europe and Northern America","Europe","Western Europe","Non-programme countries","Lower",5.4575,5.358,5.2521,5.1355,5.013,4.8913,4.7736,4.6607,4.5636,4.4712,4.4027,4.3397,4.2887,4.2415,4.1889,4.1293,4.0624,3.996,3.939,3.8901,3.8604,3.831,3.7827,3.7082
"CHE","Switzerland","Europe and Northern America","Europe","Western Europe","Non-programme countries","Median",5.6334,5.5377,5.4333,5.3129,5.1884,5.0635,4.9408,4.8278,4.727,4.6381,4.5602,4.4946,4.437,4.3862,4.3354,4.2734,4.2052,4.14,4.0833,4.0367,4.0042,3.982,3.9631,3.9436
"CHE","Switzerland","Europe and Northern America","Europe","Western Europe","Non-programme countries","Upper",5.8208,5.7299,5.6267,5.5041,5.3717,5.2374,5.1097,4.999,4.8919,4.7974,4.7165,4.6486,4.5931,4.537,4.4822,4.416,4.3479,4.2845,4.2277,4.1821,4.1517,4.1371,4.1531,4.1968
"CHL","Chile","Latin America and the Caribbean","","Latin America and Caribbean","Latin America and Caribbean","Lower",10.6929,10.0508,9.5312,9.2721,9.0764,8.9279,8.7727,8.6674,8.6662,8.6265,8.541,8.3842,8.1922,8.0396,7.8743,7.7344,7.5685,7.3431,7.0807,6.8006,6.5975,6.5037,6.634,6.88
"CHL","Chile","Latin America and the Caribbean","","Latin America and Caribbean","Latin America and Caribbean","Median",10.938,10.2795,9.7648,9.4737,9.2974,9.1287,8.9731,8.8804,8.8545,8.8292,8.7313,8.5696,8.391,8.2239,8.0661,7.9159,7.7445,7.5198,7.2443,6.973,6.7661,6.6894,6.8175,7.1642
"CHL","Chile","Latin America and the Caribbean","","Latin America and Caribbean","Latin America and Caribbean","Upper",11.1913,10.5145,10.0022,9.6779,9.5211,9.3351,9.1801,9.0978,9.0533,9.0466,8.9342,8.7623,8.5898,8.4092,8.2617,8.0959,7.9192,7.7019,7.4074,7.1521,6.9426,6.8759,7.0085,7.4663
"CHN","China","Eastern and South-Eastern Asia","Eastern Asia","East Asia and Pacific","East Asia and Pacific","Lower",34.7478,32.3189,29.7958,27.2703,24.8504,22.6074,20.6209,18.8783,17.3616,16.0514,14.8286,13.7073,12.6752,11.7449,10.8735,10.0915,9.3655,8.7015,8.1021,7.5464,7.0524,6.5673,6.0806,5.5884
"CHN","China","Eastern and South-Eastern Asia","Eastern Asia","East Asia and Pacific","East Asia and Pacific","Median",36.7157,34.1528,31.512,28.8743,26.354,24.0267,21.938,20.0967,18.4745,17.0561,15.7595,14.5718,13.4823,12.4717,11.5447,10.7049,9.9348,9.2376,8.6086,8.0392,7.5166,7.0396,6.595,6.1904
"CHN","China","Eastern and South-Eastern Asia","Eastern Asia","East Asia and Pacific","East Asia and Pacific","Upper",38.973,36.2578,33.4084,30.5824,27.8945,25.4415,23.2454,21.3032,19.5948,18.0818,16.7148,15.4508,14.3168,13.2388,12.2483,11.3558,10.5471,9.8081,9.1395,8.5428,8.0083,7.5508,7.1746,6.895
"CIV","Côte d'Ivoire","Sub-Saharan Africa","","West and Central Africa","West and Central Africa","Lower",131.0245,127.7581,124.2454,120.6361,116.9075,113.1246,109.4631,105.6934,101.4501,97.9389,94.3593,91.2792,88.1599,84.7446,81.307,78.1091,75.332,72.5686,69.5256,66.4151,63.6474,60.7499,57.7417,54.716
"CIV","Côte d'Ivoire","Sub-Saharan Africa","","West and Central Africa","West and Central Africa","Median",140.5021,137.0822,133.4442,129.6332,125.7396,121.6223,117.813,113.9183,109.4993,105.8312,102.1558,99.081,95.9997,92.6576,89.2396,86.1482,83.59,81.1429,78.5323,75.9142,73.7156,71.3771,69.1876,67.1289
"CIV","Côte d'Ivoire","Sub-Saharan Africa","","West and Central Africa","West and Central Africa","Upper",151.0252,147.3996,143.3495,139.3663,135.3901,131.0892,127.0299,122.9324,118.3135,114.5317,110.7159,107.5749,104.5058,101.2278,97.876,94.9455,92.7127,90.7316,88.5237,86.5772,85.2543,83.8164,83.017,82.299
"CMR","Cameroon","Sub-Saharan Africa","","West and Central Africa","West and Central Africa","Lower",134.2054,131.2019,127.7712,124.4509,120.9614,117.8655,114.4507,111.3083,107.8728,104.3866,100.5194,96.5902,92.434,88.1774,84.2466,80.124,76.5056,72.7275,68.7448,65.0535,61.1305,57.0727,53.2469,49.995
"CMR","Cameroon","Sub-Saharan Africa","","West and Central Africa","West and Central Africa","Median",144.4486,141.4426,138.0692,134.6765,131.2797,128.0769,124.6145,121.2631,117.7148,114.2947,110.0395,105.8643,101.5887,97.2613,93.0853,88.97,85.6163,82.4729,79.6849,77.2058,74.6493,72.1043,69.5224,67.2353
"CMR","Cameroon","Sub-Saharan Africa","","West and Central Africa","West and Central Africa","Upper",155.729,152.6398,149.1858,145.6696,142.2131,138.9757,135.5913,132.3397,128.6289,125.0892,120.684,116.2199,111.622,106.9813,102.7862,98.801,95.8109,93.5486,92.1965,91.5854,91.2632,90.8354,90.3881,90.4073
"COD","Democratic Republic of the Congo","Sub-Saharan Africa","","West and Central Africa","West and Central Africa","Lower",144.0652,140.1642,135.8952,131.1554,126.2897,121.2111,115.9971,110.6336,105.3756,99.7056,94.0643,88.6154,83.6444,78.8083,74.2585,69.9111,65.7254,61.7722,58.0249,54.2902,51.018,47.7788,44.7301,42.0789
"COD","Democratic Republic of the Congo","Sub-Saharan Africa","","West and Central Africa","West and Central Africa","Median",159.1901,154.8437,150.1904,145.4742,140.6525,135.8578,131.0856,126.4661,121.9353,117.5446,113.4927,109.6404,105.9962,102.4965,98.9748,95.61,92.3385,89.3143,86.2514,83.4569,80.6986,78.137,75.7334,73.1897
"COD","Democratic Republic of the Congo","Sub-Saharan Africa","","West and Central Africa","West and Central Africa","Upper",176.2307,171.5438,166.6156,161.7349,156.7703,152.1705,147.9236,144.1999,140.761,137.6153,135.0547,132.6042,130.3855,129.0164,128.2351,127.2769,126.9218,126.7851,126.4499,126.3501,125.8633,125.8332,125.4057,125.5494
"COG","Congo","Sub-Saharan Africa","","West and Central Africa","West and Central Africa","Lower",102.1218,99.411,95.3689,90.0033,84.0832,77.5327,71.2167,65.6823,61.0218,57.1416,53.4248,49.7433,46.0105,42.4095,39.2977,36.4117,33.7593,31.5578,29.5379,31.4311,25.8948,24.3984,22.8675,21.5417
"COG","Congo","Sub-Saharan Africa","","West and Central Africa","West and Central Africa","Median",113.7166,110.694,106.0485,100.1065,93.4813,86.6181,80.153,74.3426,69.4886,65.5119,62.5226,60.1574,58.1632,56.3516,54.5288,52.6684,50.9269,49.2715,47.7139,52.3838,44.7324,43.3105,41.8638,40.5137
"COG","Congo","Sub-Saharan Africa","","West and Central Africa","West and Central Africa","Upper",126.5203,123.2267,117.92,111.2441,103.9603,96.5016,89.86,83.88,78.8178,75.0522,72.4014,71.0303,70.946,72.1735,73.5528,74.3442,75.134,75.8233,76.4226,87.0073,76.7087,76.7032,75.9319,76.386
"COK","Cook Islands","Oceania","Oceania (exc. Australia and New Zealand)","East Asia and Pacific","East Asia and Pacific","Lower",16.6314,15.9237,15.2429,14.5871,13.9436,13.2834,12.6244,12.0295,11.454,11.027,10.6851,10.4266,10.3129,10.2635,10.2395,10.2264,10.2275,10.1961,10.0822,9.9035,9.6436,9.3577,9.0003,8.5873
"COK","Cook Islands","Oceania","Oceania (exc. Australia and New Zealand)","East Asia and Pacific","East Asia and Pacific","Median",18.6996,17.9435,17.2324,16.5466,15.8702,15.201,14.5811,14.0186,13.5272,13.1432,12.8836,12.7771,12.8108,12.9425,13.1545,13.415,13.6989,13.9907,14.217,14.3372,14.3165,14.1565,13.9288,13.6428
"COK","Cook Islands","Oceania","Oceania (exc. Australia and New Zealand)","East Asia and Pacific","East Asia and Pacific","Upper",21.0022,20.2171,19.4815,18.7954,18.1425,17.4914,16.8783,16.3606,15.9338,15.6282,15.5373,15.5857,15.8568,16.2695,16.8188,17.4413,18.165,19.0317,19.8403,20.5189,20.9798,21.2682,21.4307,21.5787
"COL","Colombia","Latin America and the Caribbean","","Latin America and Caribbean","Latin America and Caribbean","Lower",23.0567,22.2847,21.5867,20.8746,20.2241,19.5599,18.8757,18.185,17.4804,16.7825,16.061,15.3389,14.627,13.9459,13.2477,12.5395,11.8562,11.1451,10.4783,9.8603,9.2491,8.6826,8.1234,7.634
"COL","Colombia","Latin America and the Caribbean","","Latin America and Caribbean","Latin America and Caribbean","Median",25.084,24.2886,23.5435,22.8344,22.1519,21.4954,20.8578,20.2153,19.5764,18.948,18.3372,17.7429,17.1548,16.5887,16.0586,15.5586,15.0531,14.582,14.1063,13.6784,13.2402,12.8056,12.4192,12.0288
"COL","Colombia","Latin America and the Caribbean","","Latin America and Caribbean","Latin America and Caribbean","Upper",27.1895,26.3726,25.604,24.8981,24.2283,23.6202,23.0255,22.4408,21.9006,21.3743,20.8806,20.4746,20.1133,19.7807,19.4939,19.303,19.1064,19.0074,18.9615,18.9573,18.9682,18.9347,18.8925,18.8892
"COM","Comoros","Sub-Saharan Africa","","Eastern and Southern Africa","Eastern and Southern Africa","Lower",65.812,62.5297,59.5041,56.6861,54.1709,51.8377,49.7801,47.7874,46.1629,44.6711,43.5772,42.7536,42.044,41.2881,40.5723,39.838,38.8409,37.8628,36.8414,35.6076,34.3182,32.871,31.4842,30.0074
"COM","Comoros","Sub-Saharan Africa","","Eastern and Southern Africa","Eastern and Southern Africa","Median",79.5776,76.5312,73.5919,70.7473,67.9923,65.4715,63.1124,60.8477,58.767,56.8574,55.0852,53.5573,52.1468,50.8352,49.7088,48.7028,47.6239,46.6348,45.6119,44.5805,43.5262,42.3765,41.1352,39.8189
"COM","Comoros","Sub-Saharan Africa","","Eastern and Southern Africa","Eastern and Southern Africa","Upper",92.7398,89.5793,86.5705,83.5582,80.7358,78.0208,75.3647,72.7952,70.4355,68.1552,66.0803,64.1153,62.2296,60.4189,58.8051,57.2413,55.9912,55.0172,54.3945,53.9338,53.5024,53.2389,53.1081,52.7714
"CPV","Cabo Verde","Sub-Saharan Africa","","West and Central Africa","West and Central Africa","Lower",34.9323,31.7117,29.4529,27.9984,27.2509,27.013,27.0018,27.0248,26.8894,26.4792,25.7295,24.6179,23.2177,21.6029,19.8948,18.2216,16.715,15.4256,14.3058,13.3749,12.5372,11.7382,10.9935,10.244
"CPV","Cabo Verde","Sub-Saharan Africa","","West and Central Africa","West and Central Africa","Median",36.0129,32.782,30.4818,29.0047,28.2453,27.9922,27.9857,28.0156,27.908,27.503,26.7396,25.6328,24.2209,22.6017,20.8548,19.1342,17.5632,16.2075,15.064,14.1209,13.3462,12.684,12.1078,11.5895
"CPV","Cabo Verde","Sub-Saharan Africa","","West and Central Africa","West and Central Africa","Upper",37.1198,33.8601,31.523,30.0406,29.2484,28.9966,29.0069,29.0432,28.9515,28.5383,27.7592,26.6685,25.2491,23.6158,21.8504,20.0738,18.4622,17.0481,15.8655,14.9184,14.1958,13.685,13.3303,13.1138
"CRI","Costa Rica","Latin America and the Caribbean","","Latin America and Caribbean","Latin America and Caribbean","Lower",12.8114,12.2972,11.8708,11.5159,11.2568,11.0677,10.917,10.8006,10.6536,10.4717,10.2243,9.9117,9.582,9.2505,8.968,8.7552,8.6278,8.6035,8.6728,8.8397,9.0866,9.3649,9.6132,9.7451
"CRI","Costa Rica","Latin America and the Caribbean","","Latin America and Caribbean","Latin America and Caribbean","Median",13.1113,12.5944,12.1543,11.8002,11.5357,11.345,11.1989,11.0737,10.9281,10.7326,10.482,10.1784,9.8375,9.5027,9.2137,8.9955,8.869,8.8531,8.9356,9.1093,9.3711,9.7127,10.1043,10.4598
"CRI","Costa Rica","Latin America and the Caribbean","","Latin America and Caribbean","Latin America and Caribbean","Upper",13.4168,12.8993,12.4479,12.0965,11.8262,11.6312,11.4874,11.3486,11.2084,11.0068,10.7536,10.4451,10.0956,9.7682,9.4736,9.2521,9.127,9.1137,9.2044,9.3869,9.6751,10.0917,10.6518,11.2475
"CUB","Cuba","Latin America and the Caribbean","","Latin America and Caribbean","Latin America and Caribbean","Lower",7.618,7.3286,7.0481,6.79,6.5308,6.2859,6.0738,5.8812,5.706,5.5435,5.4203,5.3234,5.2608,5.2302,5.2505,5.3139,5.4279,5.6083,5.833,6.0967,6.354,6.5496,6.706,6.7649
"CUB","Cuba","Latin America and the Caribbean","","Latin America and Caribbean","Latin America and Caribbean","Median",8.5686,8.2275,7.914,7.616,7.3377,7.0846,6.8511,6.6393,6.4522,6.3015,6.1806,6.0917,6.0332,6.0147,6.0355,6.1022,6.2185,6.3819,6.5968,6.866,7.1885,7.5577,7.942,8.2723
"CUB","Cuba","Latin America and the Caribbean","","Latin America and Caribbean","Latin America and Caribbean","Upper",9.6819,9.2972,8.928,8.5912,8.2826,7.9882,7.719,7.4838,7.2885,7.1223,6.9898,6.896,6.8382,6.8209,6.8383,6.9081,7.0161,7.1857,7.4085,7.7188,8.1464,8.745,9.5055,10.3435
"CYP","Cyprus","Northern Africa and Western Asia","Western Asia","Western Europe","Non-programme countries","Lower",6.1534,5.7361,5.3271,4.9222,4.5344,4.163,3.8318,3.5421,3.3086,3.1222,2.9602,2.8213,2.7056,2.6307,2.5793,2.5656,2.5788,2.6272,2.7061,2.7917,2.8631,2.9061,2.8856,2.798
"CYP","Cyprus","Northern Africa and Western Asia","Western Asia","Western Europe","Non-programme countries","Median",6.6416,6.2116,5.7884,5.3763,4.9721,4.5878,4.2402,3.9353,3.6803,3.4721,3.2988,3.1569,3.0438,2.9603,2.9087,2.891,2.9071,2.9531,3.0242,3.121,3.2402,3.3638,3.4732,3.5336
"CYP","Cyprus","Northern Africa and Western Asia","Western Asia","Western Europe","Non-programme countries","Upper",7.1759,6.731,6.3077,5.8758,5.4561,5.0573,4.6811,4.3606,4.0913,3.8647,3.6762,3.5212,3.4017,3.3112,3.254,3.242,3.2534,3.3037,3.3884,3.4989,3.6711,3.9139,4.226,4.5439
"CZE","Czechia","Europe and Northern America","Europe","Western Europe","Non-programme countries","Lower",5.2712,5.0179,4.8029,4.6104,4.4075,4.2046,3.9932,3.78,3.5856,3.4002,3.2518,3.132,3.0516,3.0205,3.0158,3.0441,3.0679,3.0538,2.9972,2.901,2.7865,2.659,2.5239,2.3698
"CZE","Czechia","Europe and Northern America","Europe","Western Europe","Non-programme countries","Median",5.4597,5.1947,4.9774,4.7759,4.5742,4.3608,4.1407,3.9226,3.718,3.5334,3.3791,3.2592,3.1808,3.1443,3.143,3.1657,3.1868,3.1776,3.1198,3.0237,2.9058,2.7847,2.6658,2.5594
"CZE","Czechia","Europe and Northern America","Europe","Western Europe","Non-programme countries","Upper",5.6571,5.3791,5.1594,4.952,4.7515,4.5245,4.2965,4.07,3.8546,3.6686,3.5093,3.387,3.3089,3.2695,3.2728,3.292,3.3199,3.317,3.2506,3.154,3.0348,2.9151,2.8166,2.7613
"DEU","Germany","Europe and Northern America","Europe","Western Europe","Non-programme countries","Lower",5.2625,5.1282,5.0034,4.8863,4.7672,4.648,4.5273,4.4092,4.2979,4.1918,4.1001,4.0221,3.962,3.9195,3.8832,3.8523,3.8193,3.7775,3.7276,3.672,3.6274,3.5998,3.5862,3.5636
"DEU","Germany","Europe and Northern America","Europe","Western Europe","Non-programme countries","Median",5.355,5.2169,5.0911,4.9697,4.85,4.7286,4.6067,4.4866,4.3722,4.2677,4.1752,4.0976,4.0358,3.9887,3.9513,3.9202,3.887,3.8455,3.7939,3.7413,3.6987,3.6696,3.6544,3.6501
"DEU","Germany","Europe and Northern America","Europe","Western Europe","Non-programme countries","Upper",5.4503,5.3094,5.1822,5.0592,4.9409,4.8156,4.6896,4.5681,4.4511,4.3448,4.2496,4.1694,4.1069,4.0588,4.0231,3.994,3.9632,3.9198,3.8618,3.8094,3.7652,3.7333,3.7221,3.7413
"DJI","Djibouti","Sub-Saharan Africa","","Eastern and Southern Africa","Middle East and North Africa","Lower",84.7969,82.6594,80.3765,77.8902,75.4023,72.8853,70.3281,67.4897,64.8045,61.8738,58.7443,55.7593,52.6118,49.4305,46.5497,43.9274,41.1245,38.8329,36.4962,34.2565,32.2457,30.2328,28.525,26.7592
"DJI","Djibouti","Sub-Saharan Africa","","Eastern and Southern Africa","Middle East and North Africa","Median",99.4805,97.2249,94.8348,92.4064,90.0366,87.6676,85.269,82.7675,80.3307,78.1194,75.8808,73.6326,71.4416,69.3002,67.2316,65.1398,63.2607,61.2722,59.4132,57.4793,55.6157,53.8297,52.1575,50.4232
"DJI","Djibouti","Sub-Saharan Africa","","Eastern and Southern Africa","Middle East and North Africa","Upper",118.2379,115.4155,112.7083,110.3355,108.2788,106.0402,103.9243,102.12,100.3064,99.0482,98.187,97.3843,96.6223,96.1196,95.7292,95.3346,94.8849,94.9065,94.9366,94.4747,94.7691,94.8049,94.5234,94.4385
"DMA","Dominica","Latin America and the Caribbean","","Latin America and Caribbean","Latin America and Caribbean","Lower",18.1573,18.4769,18.8534,19.2719,19.7284,20.2191,20.7576,21.3409,21.9435,22.6023,23.2804,24.0056,24.7188,25.4251,26.1519,26.884,27.5948,28.2687,28.9287,29.4829,29.9787,30.3886,30.6463,30.8039
"DMA","Dominica","Latin America and the Caribbean","","Latin America and Caribbean","Latin America and Caribbean","Median",19.362,19.7226,20.1319,20.5879,21.0818,21.6219,22.2047,22.8211,23.4854,24.1994,24.9559,25.7412,26.5734,27.4456,28.3414,29.2807,30.2315,31.1823,32.119,33.0152,33.8224,34.5171,35.0977,35.4723
"DMA","Dominica","Latin America and the Caribbean","","Latin America and Caribbean","Latin America and Caribbean","Upper",20.6512,21.0395,21.4736,21.9493,22.4835,23.0726,23.7024,24.3864,25.1164,25.8911,26.7255,27.6168,28.5906,29.6396,30.7398,31.8958,33.1161,34.3669,35.6731,36.9531,38.1905,39.3232,40.2524,41.053
"DNK","Denmark","Europe and Northern America","Europe","Western Europe","Non-programme countries","Lower",5.4386,5.3169,5.1844,5.0216,4.8418,4.6536,4.464,4.2913,4.1353,4.0187,3.9419,3.9034,3.9048,3.9128,3.9138,3.8936,3.8506,3.7895,3.705,3.6134,3.5133,3.3921,3.2447,3.0732
"DNK","Denmark","Europe and Northern America","Europe","Western Europe","Non-programme countries","Median",5.634,5.5192,5.3805,5.2178,5.032,4.8366,4.646,4.4697,4.3189,4.2019,4.1206,4.0807,4.075,4.0832,4.0834,4.0679,4.0282,3.9633,3.878,3.7825,3.6872,3.5954,3.5106,3.4233
"DNK","Denmark","Europe and Northern America","Europe","Western Europe","Non-programme countries","Upper",5.8472,5.7359,5.5887,5.4281,5.2333,5.0294,4.8314,4.6491,4.4973,4.3818,4.3053,4.2639,4.2531,4.2661,4.2705,4.2576,4.2187,4.1478,4.0597,3.9642,3.8742,3.8087,3.7903,3.8078
"DOM","Dominican Republic","Latin America and the Caribbean","","Latin America and Caribbean","Latin America and Caribbean","Lower",36.7578,35.8166,34.9698,34.2874,33.741,33.2849,32.8264,32.4486,32.0647,31.715,31.4293,31.1724,30.8839,30.55,30.1385,29.6706,29.193,28.6523,27.899,27.0716,25.9599,24.7734,23.4717,22.1416
"DOM","Dominican Republic","Latin America and the Caribbean","","Latin America and Caribbean","Latin America and Caribbean","Median",39.8241,38.8009,37.9526,37.2627,36.6999,36.2349,35.8684,35.5966,35.3539,35.1897,35.0818,34.9797,34.9435,34.9543,34.9715,34.9861,35.018,34.9633,34.7379,34.348,33.7506,33.0724,32.2499,31.4113
"DOM","Dominican Republic","Latin America and the Caribbean","","Latin America and Caribbean","Latin America and Caribbean","Upper",42.9535,41.9037,41.0287,40.3432,39.7863,39.3743,39.0938,38.8998,38.8426,38.8227,38.8624,39.0578,39.3808,39.7699,40.3026,40.9879,41.7463,42.7186,43.3233,43.7616,44.1263,44.3673,44.5988,44.7539
"DZA","Algeria","Northern Africa and Western Asia","Northern Africa","Middle East and North Africa","Middle East and North Africa","Lower",39.1543,37.8104,36.3663,34.9515,33.4936,32.0989,30.78,29.5477,28.4282,27.4207,26.5307,25.7551,25.0735,24.487,23.9517,23.4825,23.0589,22.669,22.3091,21.9439,21.587,21.1626,20.5798,19.8482
"DZA","Algeria","Northern Africa and Western Asia","Northern Africa","Middle East and North Africa","Middle East and North Africa","Median",41.5983,40.0715,38.4996,36.9542,35.4242,33.9508,32.5624,31.2599,30.094,29.0395,28.1088,27.2975,26.585,25.9571,25.4137,24.9296,24.4785,24.0484,23.6501,23.2701,22.9335,22.5912,22.3006,22.0008
"DZA","Algeria","Northern Africa and Western Asia","Northern Africa","Middle East and North Africa","Middle East and North Africa","Upper",44.2083,42.5247,40.7784,39.1137,37.4898,35.915,34.4399,33.1092,31.8964,30.7708,29.7825,28.9222,28.1818,27.5026,26.9281,26.392,25.9179,25.484,25.0401,24.6598,24.349,24.1626,24.172,24.3903
"ECU","Ecuador","Latin America and the Caribbean","","Latin America and Caribbean","Latin America and Caribbean","Lower",26.3197,24.9669,23.7845,22.7098,21.7565,20.9349,20.1683,19.3869,18.6847,18.0026,17.3456,16.7202,16.1277,15.5981,15.1348,14.7548,14.4158,14.0371,13.6445,13.2538,12.8955,12.5428,12.1742,11.7676
"ECU","Ecuador","Latin America and the Caribbean","","Latin America and Caribbean","Latin America and Caribbean","Median",29.6485,28.1069,26.7921,25.6522,24.6255,23.6597,22.7656,21.8719,20.9664,20.0486,19.1505,18.2704,17.4221,16.6319,15.9274,15.3346,14.8426,14.4362,14.0911,13.8034,13.5631,13.3656,13.2026,13.0549
"ECU","Ecuador","Latin America and the Caribbean","","Latin America and Caribbean","Latin America and Caribbean","Upper",33.3472,31.6939,30.2885,29.0459,27.8724,26.787,25.7108,24.6467,23.4888,22.3285,21.181,20.0115,18.8494,17.7491,16.7874,15.9489,15.2907,14.8326,14.554,14.3947,14.2854,14.2208,14.2739,14.4096
"EGY","Egypt","Northern Africa and Western Asia","Northern Africa","Middle East and North Africa","Middle East and North Africa","Lower",43.7148,41.0701,38.7117,36.5762,34.6545,32.9453,31.3251,29.8054,28.3362,26.9285,25.5247,24.0775,22.6231,21.2265,19.9085,18.6022,17.4383,16.3798,15.2421,14.2939,13.333,12.4656,11.6952,10.961
"EGY","Egypt","Northern Africa and Western Asia","Northern Africa","Middle East and North Africa","Middle East and North Africa","Median",46.607,43.9312,41.5315,39.3778,37.4588,35.7282,34.1402,32.657,31.2416,29.9073,28.6097,27.378,26.2497,25.1661,24.1439,23.2541,22.4307,21.6243,20.8071,20.0926,19.378,18.7489,18.1055,17.5278
"EGY","Egypt","Northern Africa and Western Asia","Northern Africa","Middle East and North Africa","Middle East and North Africa","Upper",49.7668,47.0102,44.5678,42.4033,40.4764,38.8071,37.3018,35.8581,34.5902,33.3134,32.1915,31.2353,30.5294,29.904,29.4358,29.1323,28.9203,28.7751,28.6883,28.5069,28.3624,28.4857,28.3895,28.346
"ERI","Eritrea","Sub-Saharan Africa","","Eastern and Southern Africa","Eastern and Southern Africa","Lower",77.5509,73.5741,69.8719,66.4975,63.2926,60.2958,57.4358,54.763,51.9216,49.0262,46.0773,43.1626,40.3665,37.6381,35.0428,32.5882,30.4588,28.2624,26.4143,24.8008,23.2666,21.8991,20.5483,19.3307
"ERI","Eritrea","Sub-Saharan Africa","","Eastern and Southern Africa","Eastern and Southern Africa","Median",85.2742,81.0772,77.2859,73.7773,70.5149,67.4506,64.5969,61.8813,59.3775,57.0871,54.9919,53.0554,51.2412,49.4157,47.7677,46.1173,44.5885,43.2141,41.7317,40.3452,39.0501,37.886,36.6422,35.3824
"ERI","Eritrea","Sub-Saharan Africa","","Eastern and Southern Africa","Eastern and Southern Africa","Upper",94.046,89.6113,85.6196,81.9741,78.5089,75.3329,72.4239,69.9255,67.8555,66.5193,65.6808,65.3838,65.3233,65.5137,65.7383,65.7716,66.0013,66.2132,66.4247,66.2767,66.3396,66.2623,66.0747,65.7172
"ESP","Spain","Europe and Northern America","Europe","Western Europe","Non-programme countries","Lower",5.3186,5.1719,5.0503,4.9219,4.7833,4.6259,4.4557,4.2833,4.1062,3.9372,3.775,3.6249,3.4967,3.3868,3.3044,3.2436,3.1979,3.1676,3.1369,3.1104,3.0833,3.0554,3.0118,2.9385
"ESP","Spain","Europe and Northern America","Europe","Western Europe","Non-programme countries","Median",5.4237,5.275,5.1466,5.0189,4.8751,4.7154,4.5426,4.3641,4.1853,4.0108,3.8465,3.6967,3.5655,3.4562,3.3724,3.3105,3.266,3.2343,3.2085,3.1819,3.1573,3.1395,3.131,3.1156
"ESP","Spain","Europe and Northern America","Europe","Western Europe","Non-programme countries","Upper",5.5258,5.3792,5.2456,5.1203,4.9726,4.8101,4.6343,4.4481,4.2674,4.0882,3.9211,3.77,3.6351,3.5258,3.44,3.3781,3.3354,3.3034,3.2813,3.2557,3.2324,3.2269,3.2532,3.3058
"EST","Estonia","Europe and Northern America","Europe","Western Europe","Non-programme countries","Lower",10.4884,9.6384,8.8129,8.0533,7.3563,6.7143,6.1264,5.5884,5.097,4.6575,4.2633,3.9206,3.62,3.3553,3.1261,2.9249,2.7479,2.5904,2.4438,2.3083,2.1736,2.0426,1.9142,1.7867
"EST","Estonia","Europe and Northern America","Europe","Western Europe","Non-programme countries","Median",11.04,10.1456,9.2997,8.5074,7.7776,7.106,6.49,5.928,5.4202,4.9613,4.5579,4.2008,3.8881,3.6193,3.3827,3.1735,2.987,2.8199,2.671,2.5389,2.4166,2.3056,2.2016,2.1064
"EST","Estonia","Europe and Northern America","Europe","Western Europe","Non-programme countries","Upper",11.6246,10.7031,9.8249,8.9963,8.2311,7.5258,6.8789,6.2983,5.7682,5.2882,4.87,4.5015,4.1825,3.9023,3.6548,3.4337,3.2362,3.0608,2.9132,2.7872,2.6825,2.6052,2.5388,2.4936
"ETH","Ethiopia","Sub-Saharan Africa","","Eastern and Southern Africa","Eastern and Southern Africa","Lower",131.8161,125.8041,119.7222,113.7075,107.6436,101.6927,96.0252,90.5888,85.6928,81.089,76.9127,72.9552,69.1714,65.3686,61.705,58.0246,54.3773,50.9409,47.8023,44.7689,41.8157,38.9823,36.4062,34.0266
"ETH","Ethiopia","Sub-Saharan Africa","","Eastern and Southern Africa","Eastern and Southern Africa","Median",140.4157,134.1042,127.7344,121.3774,114.9885,108.7864,102.9106,97.3793,92.2569,87.5972,83.2262,79.1056,75.2526,71.6249,68.1778,64.8988,61.7449,58.914,56.3501,54.0839,51.9632,50.0499,48.2278,46.4612
"ETH","Ethiopia","Sub-Saharan Africa","","Eastern and Southern Africa","Eastern and Southern Africa","Upper",149.6808,143.202,136.4895,129.6865,122.9294,116.3707,110.1701,104.4882,99.2309,94.3996,89.9735,85.9025,82.1452,78.5941,75.4916,72.6934,70.3731,68.3023,66.5829,65.4516,64.5874,64.0615,63.6096,63.4495
"FIN","Finland","Europe and Northern America","Europe","Western Europe","Non-programme countries","Lower",4.1087,3.9988,3.9,3.8072,3.7058,3.5894,3.4593,3.3187,3.1737,3.0265,2.8853,2.7491,2.6278,2.5185,2.423,2.3506,2.2979,2.26,2.2325,2.2144,2.1941,2.1661,2.1269,2.0766
"FIN","Finland","Europe and Northern America","Europe","Western Europe","Non-programme countries","Median",4.2803,4.1661,4.0635,3.9665,3.8648,3.7474,3.6135,3.4679,3.3175,3.1671,3.0219,2.8849,2.7602,2.6491,2.5559,2.4834,2.4289,2.3894,2.3601,2.3397,2.3242,2.3132,2.3041,2.2935
"FIN","Finland","Europe and Northern America","Europe","Western Europe","Non-programme countries","Upper",4.4538,4.3367,4.2333,4.1388,4.042,3.9207,3.7799,3.6288,3.4718,3.3165,3.1636,3.0216,2.8927,2.7841,2.6932,2.6189,2.5657,2.5253,2.4973,2.4796,2.4692,2.4716,2.4953,2.5429
"FJI","Fiji","Oceania","Oceania (exc. Australia and New Zealand)","East Asia and Pacific","East Asia and Pacific","Lower",21.6039,21.7095,21.8616,22.0647,22.3296,22.567,22.7319,22.7271,22.5001,22.0621,21.4834,20.8881,20.3589,20.0212,19.9578,20.2197,20.9187,21.9729,23.2289,24.4133,25.2822,25.6052,25.2946,24.5839
"FJI","Fiji","Oceania","Oceania (exc. Australia and New Zealand)","East Asia and Pacific","East Asia and Pacific","Median",22.6664,22.6139,22.6635,22.8292,23.0805,23.3229,23.478,23.4638,23.2216,22.7662,22.1793,21.5681,21.0328,20.6946,20.639,20.9271,21.629,22.7194,24.132,25.7147,27.1909,28.271,28.9145,29.1439
"FJI","Fiji","Oceania","Oceania (exc. Australia and New Zealand)","East Asia and Pacific","East Asia and Pacific","Upper",23.739,23.5012,23.4575,23.5929,23.8454,24.0982,24.2302,24.2145,23.9748,23.503,22.9176,22.2686,21.7223,21.395,21.3434,21.6491,22.3665,23.5114,25.1001,27.0936,29.2719,31.3537,33.2192,34.7909
"FRA","France","Europe and Northern America","Europe","Western Europe","Non-programme countries","Lower",5.2754,5.142,4.9956,4.8366,4.6737,4.5406,4.4368,4.3494,4.2784,4.207,4.1367,4.0731,4.033,4.0329,4.0541,4.0895,4.1238,4.1459,4.1568,4.1543,4.1602,4.1769,4.196,4.1873
"FRA","France","Europe and Northern America","Europe","Western Europe","Non-programme countries","Median",5.3792,5.2461,5.0948,4.9284,4.7658,4.6313,4.5248,4.4377,4.3602,4.2882,4.2165,4.1539,4.117,4.1134,4.1341,4.1678,4.2036,4.2281,4.2358,4.2381,4.245,4.2607,4.2881,4.3215
"FRA","France","Europe and Northern America","Europe","Western Europe","Non-programme countries","Upper",5.4885,5.357,5.2021,5.0201,4.8547,4.7179,4.6102,4.5249,4.4445,4.3746,4.2961,4.2326,4.1965,4.1917,4.2137,4.2477,4.2885,4.3157,4.3209,4.3243,4.3299,4.3457,4.3839,4.4602
"FSM","Micronesia (Federated States of)","Oceania","Oceania (exc. Australia and New Zealand)","East Asia and Pacific","East Asia and Pacific","Lower",30.4857,29.2832,31.7877,27.2843,26.4364,25.585,24.5517,23.7075,22.7598,21.7304,20.7733,19.6744,18.6303,17.7119,16.7897,15.9936,15.217,14.4465,13.727,12.9522,12.288,11.6043,10.9555,10.4021
"FSM","Micronesia (Federated States of)","Oceania","Oceania (exc. Australia and New Zealand)","East Asia and Pacific","East Asia and Pacific","Median",38.6186,37.6959,41.5741,36.4537,36.112,35.8905,35.9223,35.7517,35.397,34.866,34.1956,33.458,32.5428,31.6332,30.7171,29.7543,28.8296,27.949,27.1298,26.3489,25.4907,24.6969,23.8922,23.0838
"FSM","Micronesia (Federated States of)","Oceania","Oceania (exc. Australia and New Zealand)","East Asia and Pacific","East Asia and Pacific","Upper",48.6932,48.319,54.0466,48.2042,48.9033,49.8956,51.1124,52.3425,53.2699,53.7378,54.0644,54.3435,54.2775,54.2846,54.1045,53.839,53.3515,53.047,53.1066,52.7754,52.0831,51.7017,51.2664,50.9129
"GAB","Gabon","Sub-Saharan Africa","","West and Central Africa","West and Central Africa","Lower",65.5265,63.8967,62.1114,60.2673,58.1611,56.1455,54.5527,52.6538,50.8543,49.1187,47.0495,45.0069,42.9261,40.7902,39.0356,37.4198,35.4904,33.8018,32.061,30.2588,28.2427,26.7626,25.2229,23.8062
"GAB","Gabon","Sub-Saharan Africa","","West and Central Africa","West and Central Africa","Median",73.693,71.9286,70.0909,68.0726,65.9796,63.9233,62.0739,59.8572,57.7385,55.7267,53.4913,51.4111,49.3571,47.2538,45.6789,44.2383,42.4338,41.0062,39.5601,37.9922,36.1984,35.1527,34.1408,33.2113
"GAB","Gabon","Sub-Saharan Africa","","West and Central Africa","West and Central Africa","Upper",82.5139,80.5004,78.5165,76.2688,74.0022,71.6324,69.6638,67.3827,65.1667,63.0653,60.7668,58.7162,56.7379,54.8465,53.5926,52.5918,51.4103,50.5708,49.7538,48.9046,47.6815,47.6233,47.5935,47.9036
"GBR","United Kingdom","Europe and Northern America","Europe","Western Europe","Non-programme countries","Lower",6.4196,6.3232,6.2223,6.1321,6.0317,5.9189,5.792,5.6408,5.466,5.2747,5.0734,4.8778,4.6956,4.5527,4.4457,4.3708,4.3273,4.2991,4.2872,4.2906,4.3012,4.2964,4.2389,4.1211
"GBR","United Kingdom","Europe and Northern America","Europe","Western Europe","Non-programme countries","Median",6.546,6.4453,6.3478,6.2509,6.1498,6.0371,5.9062,5.7532,5.5745,5.3755,5.1687,4.9672,4.788,4.6427,4.5343,4.4596,4.4125,4.3858,4.3743,4.3773,4.3997,4.4354,4.4601,4.457
"GBR","United Kingdom","Europe and Northern America","Europe","Western Europe","Non-programme countries","Upper",6.674,6.5668,6.4733,6.3708,6.2666,6.1554,6.0197,5.867,5.683,5.4794,5.2719,5.0616,4.8808,4.7309,4.6203,4.5471,4.497,4.4745,4.4631,4.4649,4.4979,4.5789,4.6976,4.8307
"GEO","Georgia","Northern Africa and Western Asia","Western Asia","Eastern Europe and Central Asia","Europe and Central Asia","Lower",32.1178,30.0031,27.8197,25.6649,23.5823,21.5878,19.6904,17.8516,16.1534,14.6148,13.2792,12.186,11.3267,10.6778,10.1908,9.8368,9.5821,9.3922,9.2222,9.0419,8.8053,8.4748,8.0755,7.6449
"GEO","Georgia","Northern Africa and Western Asia","Western Asia","Eastern Europe and Central Asia","Europe and Central Asia","Median",36.2813,33.8599,31.3087,28.6627,26.0418,23.5163,21.1638,19.0351,17.1565,15.5249,14.1458,13.0215,12.1195,11.4239,10.8959,10.5117,10.2221,10.015,9.8425,9.6943,9.5724,9.4639,9.3342,9.1663
"GEO","Georgia","Northern Africa and Western Asia","Western Asia","Eastern Europe and Central Asia","Europe and Central Asia","Upper",41.8566,39.189,36.2784,33.0423,29.9129,26.7713,23.7788,21.0572,18.7044,16.7268,15.1729,13.9291,12.9617,12.2046,11.6252,11.198,10.8838,10.6696,10.4934,10.3991,10.4123,10.5654,10.8472,11.13
"GHA","Ghana","Sub-Saharan Africa","","West and Central Africa","West and Central Africa","Lower",94.728,90.677,86.8796,83.4485,80.3042,77.4259,74.5772,71.7209,68.693,65.4751,62.248,59.0104,56.0358,53.2594,50.6525,48.2687,45.9402,43.6465,41.2796,38.7764,36.2725,33.8731,31.6593,29.5237
"GHA","Ghana","Sub-Saharan Africa","","West and Central Africa","West and Central Africa","Median",100.1674,96.0545,92.1451,88.5117,85.2061,82.2146,79.2912,76.2883,73.1456,69.8813,66.5317,63.2759,60.2227,57.3932,54.8449,52.4985,50.2229,48.0897,45.9985,43.9222,41.9908,40.2049,38.5487,37.064
"GHA","Ghana","Sub-Saharan Africa","","West and Central Africa","West and Central Africa","Upper",106.0427,101.7513,97.6538,93.8175,90.3939,87.1855,84.2868,81.2178,77.9537,74.5802,71.1603,67.8293,64.6702,61.8637,59.2804,56.9802,54.8422,52.9129,51.2764,49.8394,48.6548,47.6795,46.964,46.4732
"GIN","Guinea","Sub-Saharan Africa","","West and Central Africa","West and Central Africa","Lower",154.2704,147.7566,141.5213,136.0053,130.9276,126.5556,122.6372,119.4227,116.7386,114.4793,112.3024,110.3378,108.4437,106.3873,104.84,102.7459,99.768,97.22,94.4337,91.1668,87.0139,82.5885,77.9539,73.3914
"GIN","Guinea","Sub-Saharan Africa","","West and Central Africa","West and Central Africa","Median",165.3648,158.5682,152.1799,146.4162,141.2434,136.6432,132.6864,129.3884,126.573,124.1285,122.0357,120.1186,118.3837,116.7265,115.6309,114.0869,111.7219,109.9432,108.0373,105.7459,103.1523,100.506,97.7917,95.0314
"GIN","Guinea","Sub-Saharan Africa","","West and Central Africa","West and Central Africa","Upper",177.1255,169.9168,163.2634,157.3939,152.0564,147.3461,143.3641,139.9097,137.1567,134.7436,132.8067,131.1358,129.6197,128.2702,127.6663,126.7793,125.3052,124.6539,123.7442,123.0988,123.0789,123.1806,123.6144,124.2064
"GMB","Gambia","Sub-Saharan Africa","","West and Central Africa","West and Central Africa","Lower",103.3108,98.997,94.6528,90.4124,86.3012,82.3869,78.5791,74.9856,71.582,68.2973,65.2317,62.1571,59.3751,56.625,54.0596,51.4452,48.8206,46.3643,43.9619,41.6183,39.3684,37.0107,34.6206,32.3773
"GMB","Gambia","Sub-Saharan Africa","","West and Central Africa","West and Central Africa","Median",113.0772,108.452,103.9125,99.4801,95.2164,91.0956,87.0977,83.3389,79.766,76.3937,73.1203,70.1146,67.2567,64.4579,61.8396,59.334,56.9595,54.7486,52.7006,50.7424,48.9415,47.2197,45.5962,44.081
"GMB","Gambia","Sub-Saharan Africa","","West and Central Africa","West and Central Africa","Upper",123.5887,118.6714,113.8525,109.2356,104.7674,100.4392,96.2444,92.3575,88.5889,85.0483,81.7758,78.7273,75.8488,73.0527,70.4868,68.2174,66.0978,64.1888,62.6072,61.3132,60.6022,59.9207,59.7911,59.5912
"GNB","Guinea-Bissau","Sub-Saharan Africa","","West and Central Africa","West and Central Africa","Lower",156.1408,151.053,145.4726,139.7203,133.947,127.8185,121.5563,114.9388,108.3857,101.4361,94.4985,87.7458,81.344,75.6617,70.3333,65.5367,61.2754,57.3158,53.6989,50.5335,47.2658,44.3912,41.6964,39.1747
"GNB","Guinea-Bissau","Sub-Saharan Africa","","West and Central Africa","West and Central Africa","Median",173.8145,168.3883,162.7879,157.0291,151.0695,144.9021,138.5517,132.2093,126.0918,120.008,114.2045,108.6704,103.6608,99.3421,95.3269,91.8052,88.3798,85.2567,82.0869,79.1086,76.5668,74.147,71.6381,69.3049
"GNB","Guinea-Bissau","Sub-Saharan Africa","","West and Central Africa","West and Central Africa","Upper",194.0565,188.4813,182.5611,176.5502,170.4439,164.2784,158.0263,152.4819,147.5474,142.8845,138.9185,135.2606,131.8433,129.2362,126.7853,125.0646,123.3913,122.6179,121.7239,121.6119,120.3968,120.0697,120.0064,119.8476
"GNQ","Equatorial Guinea","Sub-Saharan Africa","","West and Central Africa","West and Central Africa","Lower",140.0616,135.5629,130.782,125.9122,120.6475,115.3206,109.9882,104.4553,98.7499,93.1755,87.4128,82.0126,77.2669,72.2699,67.6696,63.3359,59.27,55.5052,52.0023,48.8431,45.8807,43.0046,40.5255,38.2278
"GNQ","Equatorial Guinea","Sub-Saharan Africa","","West and Central Africa","West and Central Africa","Median",155.9089,151.5055,147.0471,142.5022,137.7512,133.1586,128.5721,123.9961,119.4347,115.1769,111.0577,107.144,103.4044,99.907,96.5794,93.2518,89.9029,86.9999,84.1722,81.6945,78.8099,76.1188,73.3994,70.6248
"GNQ","Equatorial Guinea","Sub-Saharan Africa","","West and Central Africa","West and Central Africa","Upper",177.7798,174.212,169.7476,165.2625,160.3297,155.548,151.3202,147.3901,144.2017,141.5465,138.9611,136.8203,135.6413,134.763,133.7491,133.0842,132.7078,132.1262,131.6847,131.277,131.726,131.1694,131.3298,130.232
"GRC","Greece","Europe and Northern America","Europe","Western Europe","Europe and Central Asia","Lower",6.221,5.8003,5.3969,5.0369,4.7091,4.4186,4.1787,3.9915,3.8768,3.8175,3.8065,3.8354,3.8931,3.9922,4.0868,4.1409,4.1489,4.1081,4.0331,3.9262,3.7797,3.6018,3.3966,3.1757
"GRC","Greece","Europe and Northern America","Europe","Western Europe","Europe and Central Asia","Median",6.4089,5.9778,5.5694,5.1961,4.8618,4.5674,4.3218,4.1337,4.0142,3.9562,3.9457,3.9761,4.04,4.1362,4.2384,4.3036,4.3127,4.2724,4.1993,4.1092,4.0139,3.9257,3.8394,3.7447
"GRC","Greece","Europe and Northern America","Europe","Western Europe","Europe and Central Asia","Upper",6.6028,6.1585,5.7496,5.3624,5.0167,4.7197,4.4666,4.2787,4.1533,4.0929,4.0846,4.1153,4.1856,4.2896,4.4032,4.4828,4.4884,4.4477,4.3701,4.294,4.2586,4.2786,4.3261,4.3905
"GRD","Grenada","Latin America and the Caribbean","","Latin America and Caribbean","Latin America and Caribbean","Lower",14.1731,13.9093,13.7344,13.6008,13.5281,13.4883,13.5085,13.5977,13.7266,13.9227,14.2131,14.5407,14.8874,15.2811,15.6401,15.9724,16.2139,16.3612,16.3614,16.2498,15.9698,15.5684,14.9985,14.3186
"GRD","Grenada","Latin America and the Caribbean","","Latin America and Caribbean","Latin America and Caribbean","Median",15.5109,15.2433,15.0459,14.9155,14.8538,14.8286,14.8692,14.9722,15.1229,15.3555,15.6579,16.0156,16.4017,16.8043,17.1931,17.5453,17.8545,18.1223,18.3374,18.5246,18.6626,18.6646,18.5053,18.2652
"GRD","Grenada","Latin America and the Caribbean","","Latin America and Caribbean","Latin America and Caribbean","Upper",16.9446,16.6817,16.4974,16.369,16.2758,16.2815,16.3542,16.5007,16.6926,16.935,17.2943,17.6842,18.0795,18.4911,18.894,19.2786,19.6228,19.9875,20.4381,21.0325,21.6849,22.2778,22.8107,23.2137
"GTM","Guatemala","Latin America and the Caribbean","","Latin America and Caribbean","Latin America and Caribbean","Lower",48.0315,46.0372,44.109,42.3312,40.672,38.9758,37.3357,35.7281,34.1544,32.5718,31.0619,29.596,28.1165,26.7273,25.3561,24.0789,22.8352,21.5717,20.3017,19.0495,17.8258,16.6947,15.6563,14.6904
"GTM","Guatemala","Latin America and the Caribbean","","Latin America and Caribbean","Latin America and Caribbean","Median",52.0661,50.0092,48.0237,46.1489,44.3482,42.6268,40.9566,39.3312,37.7629,36.2142,34.7561,33.3265,31.9619,30.6721,29.4318,28.2778,27.2339,26.2615,25.3517,24.5162,23.6734,22.8464,22.0954,21.3588
"GTM","Guatemala","Latin America and the Caribbean","","Latin America and Caribbean","Latin America and Caribbean","Upper",56.2053,54.077,52.0638,50.1647,48.341,46.6056,44.9114,43.2531,41.6843,40.1948,38.8269,37.4741,36.2031,35.0525,34.047,33.1488,32.3616,31.8985,31.591,31.4233,31.303,31.1852,31.2496,31.3009
"GUY","Guyana","Latin America and the Caribbean","","Latin America and Caribbean","Latin America and Caribbean","Lower",41.7584,40.5576,39.362,38.2425,37.1713,36.0726,34.8923,33.6068,32.3093,31.0113,29.5892,28.2106,26.8835,25.5021,24.2678,23.017,21.7645,20.5541,19.4941,18.3355,17.3146,16.303,15.3553,14.459
"GUY","Guyana","Latin America and the Caribbean","","Latin America and Caribbean","Latin America and Caribbean","Median",46.5208,45.3433,44.2384,43.2211,42.258,41.3733,40.5154,39.6726,38.8552,38.0804,37.3214,36.5444,35.7697,34.9336,34.0087,33.0511,32.0631,31.117,30.193,29.2781,28.364,27.4597,26.5816,25.7356
"GUY","Guyana","Latin America and the Caribbean","","Latin America and Caribbean","Latin America and Caribbean","Upper",51.7115,50.5052,49.5147,48.6125,47.8942,47.4127,47.0007,46.7114,46.6879,46.8343,47.0688,47.4228,47.9264,48.0775,48.0862,48.1008,47.8466,47.8037,47.4907,47.2624,47.1705,46.9459,46.5969,46.66
"HND","Honduras","Latin America and the Caribbean","","Latin America and Caribbean","Latin America and Caribbean","Lower",34.3742,32.8472,31.3346,29.895,28.5435,27.2432,26.0848,24.9577,23.9024,22.8967,21.9382,20.9801,20.0523,19.159,18.261,17.3797,16.5401,15.7391,15.0128,14.2663,13.4474,12.6529,11.916,11.1925
"HND","Honduras","Latin America and the Caribbean","","Latin America and Caribbean","Latin America and Caribbean","Median",37.305,35.6626,34.0661,32.5568,31.1488,29.8368,28.6246,27.4949,26.4534,25.4869,24.5589,23.6888,22.8415,22.0331,21.248,20.4945,19.7566,19.0501,18.3854,17.7645,17.1735,16.5946,16.0305,15.5106
"HND","Honduras","Latin America and the Caribbean","","Latin America and Caribbean","Latin America and Caribbean","Upper",40.4952,38.7464,37.072,35.5362,34.0749,32.6938,31.45,30.3056,29.2428,28.2734,27.4471,26.6107,25.8837,25.2348,24.6605,24.192,23.7349,23.3627,22.9697,22.6969,22.3993,22.1364,22.0535,22.0112
"HRV","Croatia","Europe and Northern America","Europe","Eastern Europe and Central Asia","Europe and Central Asia","Lower",8.0523,7.7366,7.417,7.8345,6.7875,6.4814,6.1896,5.9154,5.6627,5.4312,5.2286,5.0613,4.9314,4.8371,4.761,4.7019,4.647,4.5979,4.5483,4.4972,4.4447,4.3821,4.3027,4.1977
"HRV","Croatia","Europe and Northern America","Europe","Eastern Europe and Central Asia","Europe and Central Asia","Median",8.3398,8.0321,7.7129,8.1519,7.0579,6.7388,6.4339,6.1494,5.8904,5.6605,5.4583,5.2889,5.156,5.0526,4.9746,4.9115,4.8594,4.8122,4.7673,4.7251,4.6846,4.6452,4.6107,4.5684
"HRV","Croatia","Europe and Northern America","Europe","Eastern Europe and Central Asia","Europe and Central Asia","Upper",8.6538,8.3528,8.0379,8.4982,7.3619,7.016,6.6914,6.3903,6.1209,5.8856,5.6816,5.5101,5.3774,5.2683,5.1914,5.1307,5.0826,5.0401,4.9993,4.9637,4.9347,4.9171,4.9303,4.9685
"HTI","Haiti","Latin America and the Caribbean","","Latin America and Caribbean","Latin America and Caribbean","Lower",95.413,92.0016,88.9176,86.1833,83.8583,81.7272,79.5732,77.4896,75.2583,73.008,122.0753,68.5702,66.1791,63.8317,61.5148,59.1441,56.3871,53.4947,50.4794,47.3345,44.3518,41.6396,38.9936,36.4223
"HTI","Haiti","Latin America and the Caribbean","","Latin America and Caribbean","Latin America and Caribbean","Median",103.4851,99.9888,96.7974,93.9662,91.4166,89.1022,86.9371,84.9045,82.9494,81.0981,136.6687,77.4184,75.5642,73.7561,71.913,69.9303,67.9339,66.0784,64.1778,62.3101,60.399,58.5305,56.868,55.1197
"HTI","Haiti","Latin America and the Caribbean","","Latin America and Caribbean","Latin America and Caribbean","Upper",111.6899,108.2772,105.0018,101.9783,99.2783,97.0101,94.8061,92.996,91.4057,89.8859,152.7056,87.4446,86.5833,85.8267,85.1574,84.4176,83.9058,83.5132,83.2311,83.2057,83.3572,83.8073,83.7781,83.9756
"HUN","Hungary","Europe and Northern America","Europe","Western Europe","Non-programme countries","Lower",9.8446,9.2809,8.6963,8.188,7.7111,7.3175,6.9589,6.6219,6.3115,6.0187,5.822,5.6759,5.532,5.3686,5.142,4.8698,4.5652,4.2893,4.1002,3.9626,3.8713,3.8,3.7048,3.5321
"HUN","Hungary","Europe and Northern America","Europe","Western Europe","Non-programme countries","Median",10.116,9.5376,8.9619,8.4293,7.9515,7.5444,7.1832,6.8415,6.5157,6.2401,6.0335,5.8802,5.7363,5.5671,5.3445,5.0531,4.7402,4.4711,4.2747,4.1363,4.0374,3.9648,3.89,3.8028
"HUN","Hungary","Europe and Northern America","Europe","Western Europe","Non-programme countries","Upper",10.3997,9.8092,9.2291,8.6716,8.2043,7.7783,7.4109,7.0688,6.7261,6.459,6.248,6.0921,5.9561,5.7759,5.5599,5.2502,4.9303,4.6631,4.4519,4.3154,4.2129,4.1411,4.0881,4.097
"IDN","Indonesia","Eastern and South-Eastern Asia","South-Eastern Asia","East Asia and Pacific","East Asia and Pacific","Lower",49.2933,47.0079,44.8026,42.7259,46.3617,38.958,37.2279,35.6041,34.0523,32.5516,31.1112,29.7246,28.375,27.0703,25.7686,24.5134,23.3123,22.1845,21.0037,19.7943,18.6033,17.4428,16.3062,15.2206
"IDN","Indonesia","Eastern and South-Eastern Asia","South-Eastern Asia","East Asia and Pacific","East Asia and Pacific","Median",51.9315,49.559,47.3165,45.1973,49.1286,41.3508,39.5965,37.9532,36.4236,34.9684,33.573,32.2417,30.959,29.731,28.5559,27.4363,26.3736,25.376,24.4574,23.6121,22.788,22.02,21.2927,20.6244
"IDN","Indonesia","Eastern and South-Eastern Asia","South-Eastern Asia","East Asia and Pacific","East Asia and Pacific","Upper",54.6966,52.2636,49.9811,47.8668,52.1283,43.9579,42.2161,40.5733,39.0477,37.6128,36.2621,35.0058,33.8486,32.7489,31.7657,30.8467,29.9829,29.228,28.6637,28.3663,28.0989,27.9313,27.855,27.958
"IND","India","Central and Southern Asia","Southern Asia","South Asia","South Asia","Lower",88.2485,84.6695,81.2263,77.86,74.5116,71.237,67.9916,64.7973,61.6565,58.5334,55.5136,52.537,49.6157,46.7749,44.0252,41.4195,38.9047,36.4671,34.1143,31.787,29.5596,27.5478,25.6736,23.852
"IND","India","Central and Southern Asia","Southern Asia","South Asia","South Asia","Median",91.6373,88.0364,84.5267,81.0762,77.7163,74.4081,71.133,67.852,64.5967,61.3791,58.1919,55.0327,51.9961,49.0594,46.2633,43.5982,41.0784,38.6775,36.4399,34.3225,32.3567,30.6037,29.0807,27.7458
"IND","India","Central and Southern Asia","Southern Asia","South Asia","South Asia","Upper",95.2312,91.5433,87.9702,84.5376,81.1386,77.8772,74.5831,71.2582,67.9274,64.5322,61.1359,57.7886,54.5733,51.4483,48.5454,45.8269,43.2977,40.9826,38.8791,36.9777,35.2498,33.784,32.62,31.9127
"IRL","Ireland","Europe and Northern America","Europe","Western Europe","Non-programme countries","Lower",6.8804,6.6207,6.2549,5.8127,5.3682,4.9558,4.6397,4.4192,4.2518,4.1212,4.0012,3.8924,3.7992,3.7009,3.6036,3.4982,3.3929,3.3066,3.2449,3.2507,3.31,3.3731,3.4032,3.3712
"IRL","Ireland","Europe and Northern America","Europe","Western Europe","Non-programme countries","Median",7.1613,6.8942,6.5017,6.0454,5.5888,5.1798,4.8529,4.6132,4.4343,4.2907,4.169,4.0624,3.9666,3.8686,3.7667,3.6613,3.5623,3.4779,3.4289,3.4355,3.4915,3.5854,3.7013,3.8037
"IRL","Ireland","Europe and Northern America","Europe","Western Europe","Non-programme countries","Upper",7.4568,7.1847,6.7575,6.2918,5.8188,5.4018,5.0668,4.8087,4.6241,4.4733,4.3507,4.245,4.1435,4.0499,3.9434,3.831,3.733,3.6484,3.6057,3.616,3.6787,3.8089,4.0381,4.3263
"IRN","Iran (Islamic Republic of)","Central and Southern Asia","Southern Asia","Middle East and North Africa","Middle East and North Africa","Lower",32.8163,30.8055,28.9026,27.0787,25.339,23.7609,22.2793,20.7977,19.2269,17.7003,16.3277,15.0843,13.953,12.8883,11.98,11.1052,10.3794,9.6529,8.9572,8.315,7.7638,7.2941,6.845,6.4423
"IRN","Iran (Islamic Republic of)","Central and Southern Asia","Southern Asia","Middle East and North Africa","Middle East and North Africa","Median",36.2536,34.2455,32.2213,30.2197,28.2784,26.4593,24.7562,23.1677,21.7168,20.4213,19.3144,18.3852,17.5468,16.7887,16.1093,15.5411,14.9921,14.459,13.9479,13.472,13.0219,12.5902,12.1758,11.7733
"IRN","Iran (Islamic Republic of)","Central and Southern Asia","Southern Asia","Middle East and North Africa","Middle East and North Africa","Upper",40.2213,38.1638,36.0353,33.7712,31.5514,29.3992,27.5465,25.8984,24.5533,23.563,22.8,22.3023,22.0335,21.8656,21.8108,21.7805,21.6688,21.6523,21.621,21.6034,21.523,21.3503,21.2367,21.1943
"IRQ","Iraq","Northern Africa and Western Asia","Western Asia","Middle East and North Africa","Middle East and North Africa","Lower",40.2057,39.3122,38.4592,37.5678,36.6693,35.73,34.7744,33.8097,32.7505,31.6545,30.5909,29.4522,28.2763,27.0857,25.8854,24.644,23.3848,22.162,20.9863,19.8486,18.8394,17.7965,16.7233,15.7935
"IRQ","Iraq","Northern Africa and Western Asia","Western Asia","Middle East and North Africa","Middle East and North Africa","Median",44.2836,43.3496,42.4415,41.5507,40.6666,39.7339,38.7629,37.7592,36.7068,35.6312,34.5561,33.4902,32.4306,31.4034,30.3722,29.38,28.4072,27.4861,26.6239,25.747,24.9058,24.1387,23.3373,22.6163
"IRQ","Iraq","Northern Africa and Western Asia","Western Asia","Middle East and North Africa","Middle East and North Africa","Upper",48.5929,47.6776,46.8154,45.9517,45.0818,44.261,43.3427,42.3705,41.3302,40.235,39.1532,38.1817,37.2946,36.5105,35.7559,35.1156,34.5004,33.9447,33.4105,33.0945,32.7399,32.3819,32.2328,32.1363
"ISL","Iceland","Europe and Northern America","Europe","Western Europe","Non-programme countries","Lower",3.5857,3.3887,3.2023,3.0336,2.8799,2.7483,2.6371,2.5408,2.4678,2.4119,2.3675,2.3338,2.3118,2.2957,2.2896,2.2922,2.2925,2.297,2.2811,2.2521,2.2009,2.13,2.0406,1.9428
"ISL","Iceland","Europe and Northern America","Europe","Western Europe","Non-programme countries","Median",4.0144,3.7948,3.5972,3.4161,3.2565,3.1179,2.9999,2.898,2.8139,2.7462,2.6925,2.6557,2.6316,2.62,2.6146,2.6185,2.6317,2.6473,2.6654,2.676,2.6773,2.6594,2.6227,2.5747
"ISL","Iceland","Europe and Northern America","Europe","Western Europe","Non-programme countries","Upper",4.4774,4.2543,4.0391,3.8497,3.6846,3.5402,3.4085,3.2947,3.2107,3.1294,3.0696,3.0327,3.0076,2.9881,2.9867,2.9913,3.0108,3.0461,3.0989,3.1742,3.2452,3.2983,3.3509,3.3986
"ISR","Israel","Northern Africa and Western Asia","Western Asia","Middle East and North Africa","Non-programme countries","Lower",6.7369,6.4713,6.2073,5.9489,5.6896,5.4374,5.2032,4.9872,4.793,4.6137,4.4512,4.303,4.1639,4.0394,3.9241,3.825,3.7319,3.6435,3.5579,3.4793,3.419,3.3677,3.3073,3.2332
"ISR","Israel","Northern Africa and Western Asia","Western Asia","Middle East and North Africa","Non-programme countries","Median",6.886,6.6155,6.3492,6.0852,5.8248,5.5701,5.3312,5.1088,4.9075,4.727,4.5611,4.4085,4.2689,4.1419,4.0269,3.9237,3.8292,3.7397,3.6541,3.577,3.5136,3.4632,3.4231,3.3853
"ISR","Israel","Northern Africa and Western Asia","Western Asia","Middle East and North Africa","Non-programme countries","Upper",7.0448,6.7758,6.5136,6.2393,5.9693,5.7044,5.4566,5.231,5.0246,4.8426,4.6719,4.5195,4.3781,4.2468,4.1305,4.024,3.9279,3.8385,3.7498,3.6736,3.6107,3.5627,3.5412,3.5541
"ITA","Italy","Europe and Northern America","Europe","Western Europe","Non-programme countries","Lower",5.4593,5.1998,4.9583,4.741,4.5414,4.3832,4.2549,4.148,4.0635,3.977,3.8888,3.7957,3.7016,3.6135,3.5263,3.4423,3.3506,3.2467,3.132,3.0119,2.9084,2.8189,2.741,2.6544
"ITA","Italy","Europe and Northern America","Europe","Western Europe","Non-programme countries","Median",5.5662,5.2989,5.0557,4.831,4.6343,4.4725,4.341,4.2338,4.1419,4.0555,3.9642,3.8694,3.775,3.6847,3.5967,3.51,3.4185,3.3134,3.1958,3.0788,2.9741,2.8858,2.8138,2.7559
"ITA","Italy","Europe and Northern America","Europe","Western Europe","Non-programme countries","Upper",5.6733,5.4025,5.155,4.9241,4.7245,4.5578,4.4249,4.3177,4.2237,4.1388,4.043,3.9444,3.8499,3.7555,3.6689,3.5796,3.4857,3.381,3.2624,3.147,3.0429,2.9541,2.8908,2.8652
"JAM","Jamaica","Latin America and the Caribbean","","Latin America and Caribbean","Latin America and Caribbean","Lower",17.6626,17.2364,16.8946,16.6539,16.5081,16.4619,16.4563,16.5425,16.6547,16.8216,16.9752,17.1576,17.3623,17.5789,17.7614,17.9139,18.0168,18.1135,18.181,18.2693,18.3513,18.3527,18.2428,17.9536
"JAM","Jamaica","Latin America and the Caribbean","","Latin America and Caribbean","Latin America and Caribbean","Median",20.5679,20.0416,19.6537,19.3865,19.2446,19.1658,19.1429,19.1574,19.1518,19.1126,19.0831,19.0362,18.9427,18.8499,18.7456,18.6529,18.6164,18.6393,18.7197,18.8371,18.9746,19.1312,19.2611,19.3289
"JAM","Jamaica","Latin America and the Caribbean","","Latin America and Caribbean","Latin America and Caribbean","Upper",24.0305,23.3995,22.9262,22.6281,22.4553,22.3481,22.2564,22.158,22.0104,21.7669,21.4686,21.1322,20.6966,20.2369,19.8017,19.4313,19.2295,19.1896,19.2719,19.407,19.6102,19.9016,20.3027,20.7884
"JOR","Jordan","Northern Africa and Western Asia","Western Asia","Middle East and North Africa","Middle East and North Africa","Lower",23.9518,23.1861,22.4148,21.6451,20.9106,20.1793,19.5038,18.8407,18.1788,17.574,16.9658,16.3853,15.818,15.2517,14.697,14.1358,13.5814,12.9998,12.4511,11.9203,11.4007,10.8865,10.3631,9.8489
"JOR","Jordan","Northern Africa and Western Asia","Western Asia","Middle East and North Africa","Middle East and North Africa","Median",25.7966,25.0175,24.2373,23.4773,22.7327,22.0145,21.329,20.6692,20.0383,19.4472,18.8859,18.3458,17.8462,17.3764,16.9143,16.4654,16.0307,15.6083,15.2084,14.8074,14.3938,14.0086,13.6097,13.2123
"JOR","Jordan","Northern Africa and Western Asia","Western Asia","Middle East and North Africa","Middle East and North Africa","Upper",27.89,27.048,26.2537,25.476,24.6973,23.9848,23.3014,22.6598,22.0756,21.525,21.05,20.6242,20.2389,19.9194,19.6724,19.4219,19.2444,19.1076,19.0181,18.9387,18.8405,18.7399,18.5714,18.4217
"JPN","Japan","Eastern and South-Eastern Asia","Eastern Asia","East Asia and Pacific","Non-programme countries","Lower",4.4187,4.2199,4.0495,3.91,3.7861,3.6747,3.5699,3.473,3.3827,3.2929,3.2043,3.217,3.0114,2.9083,2.804,2.7097,2.6254,2.5473,2.4779,2.4148,2.3662,2.3324,2.3104,2.2892
"JPN","Japan","Eastern and South-Eastern Asia","Eastern Asia","East Asia and Pacific","Non-programme countries","Median",4.5025,4.3005,4.1269,3.9816,3.8564,3.7432,3.638,3.5388,3.445,3.3542,3.2631,3.276,3.0682,2.961,2.8557,2.7598,2.6741,2.5964,2.5252,2.4637,2.4138,2.3793,2.3633,2.3633
"JPN","Japan","Eastern and South-Eastern Asia","Eastern Asia","East Asia and Pacific","Non-programme countries","Upper",4.5883,4.3807,4.2058,4.0562,3.9294,3.8133,3.7036,3.604,3.5076,3.4162,3.3241,3.339,3.1277,3.016,2.9093,2.8109,2.7234,2.6454,2.5727,2.5118,2.4608,2.4258,2.4158,2.4403
"KAZ","Kazakhstan","Central and Southern Asia","Central Asia","Eastern Europe and Central Asia","Europe and Central Asia","Lower",38.7792,36.3841,34.1907,32.1975,30.4384,28.8685,27.3672,25.7092,23.9559,21.9752,19.9261,17.9155,16.0026,14.2614,12.7519,11.6131,10.805,10.3098,10.1049,9.9879,9.8967,9.7741,9.6048,9.3262
"KAZ","Kazakhstan","Central and Southern Asia","Central Asia","Eastern Europe and Central Asia","Europe and Central Asia","Median",42.4803,39.9258,37.5775,35.3785,33.2506,31.1611,29.0478,26.8916,24.6845,22.4885,20.3507,18.3002,16.3481,14.5532,13.0378,11.8662,11.0435,10.5478,10.3156,10.2161,10.1192,9.9898,9.8308,9.6476
"KAZ","Kazakhstan","Central and Southern Asia","Central Asia","Eastern Europe and Central Asia","Europe and Central Asia","Upper",46.5819,43.9046,41.3059,38.7793,36.292,33.6344,30.924,28.1901,25.4762,23.013,20.7905,18.7032,16.7184,14.8601,13.3236,12.1259,11.2846,10.7738,10.5249,10.4455,10.3521,10.2158,10.0587,9.982
"KEN","Kenya","Sub-Saharan Africa","","Eastern and Southern Africa","Eastern and Southern Africa","Lower",89.9995,85.4939,80.8072,75.9389,71.0738,65.9705,61.7461,58.0929,53.5422,51.0282,49.3228,48.1735,47.2201,46.0399,44.8231,43.4862,42.0804,41.2802,40.218,39.0171,38.1592,36.6749,35.208,33.333
"KEN","Kenya","Sub-Saharan Africa","","Eastern and Southern Africa","Eastern and Southern Africa","Median",96.3356,91.6253,86.5997,81.5652,76.6165,71.5339,67.0854,63.1706,58.1772,55.3703,53.4623,52.1953,51.218,49.9775,48.7821,47.4077,46.0242,45.2686,44.2629,43.2535,42.7786,41.9128,41.0916,39.9021
"KEN","Kenya","Sub-Saharan Africa","","Eastern and Southern Africa","Eastern and Southern Africa","Upper",103.2175,98.1927,92.8212,87.4799,82.4232,77.2379,72.6567,68.4775,63.1073,60.055,58.0294,56.7081,55.7544,54.5728,53.3976,52.0466,50.6343,49.9061,48.9718,48.1492,48.1591,48.0673,48.1008,47.7929
"KGZ","Kyrgyzstan","Central and Southern Asia","Central Asia","Eastern Europe and Central Asia","Europe and Central Asia","Lower",45.6192,43.4641,41.6586,40.1703,38.8447,37.7495,36.4982,34.772,32.7839,30.7116,28.7,26.817,25.2313,24.0061,22.8008,21.6153,20.4302,19.3419,18.4762,17.7917,17.3436,17.0054,16.6458,16.1476
"KGZ","Kyrgyzstan","Central and Southern Asia","Central Asia","Eastern Europe and Central Asia","Europe and Central Asia","Median",50.765,48.1393,45.6536,43.3282,41.1952,39.3296,37.5834,35.7289,33.7035,31.6097,29.5596,27.6694,26.0412,24.6867,23.4506,22.2357,21.0564,19.9906,19.0826,18.3594,17.8453,17.4829,17.2216,16.9819
"KGZ","Kyrgyzstan","Central and Southern Asia","Central Asia","Eastern Europe and Central Asia","Europe and Central Asia","Upper",55.6267,52.1291,48.9071,45.8894,43.2242,40.7741,38.7106,36.8687,34.7963,32.5974,30.3913,28.4077,26.7409,25.3672,24.1999,22.9418,21.6892,20.5808,19.6538,18.9279,18.3515,17.993,17.865,17.97
"KHM","Cambodia","Eastern and South-Eastern Asia","South-Eastern Asia","East Asia and Pacific","East Asia and Pacific","Lower",97.1228,88.4192,78.8924,70.3937,63.3809,57.8887,53.1925,48.8297,44.6981,40.7284,36.9161,33.1306,29.3051,26.0888,23.3006,20.8483,18.7339,17.0652,15.6226,14.509,13.4125,12.4877,11.6604,10.8949
"KHM","Cambodia","Eastern and South-Eastern Asia","South-Eastern Asia","East Asia and Pacific","East Asia and Pacific","Median",105.9467,96.4954,86.7296,78.0474,70.7915,64.785,59.7516,55.3846,51.2563,47.3577,43.7472,40.5046,37.717,35.3131,33.2943,31.61,30.1554,28.8615,27.7132,26.657,25.6294,24.7253,23.8292,22.8971
"KHM","Cambodia","Eastern and South-Eastern Asia","South-Eastern Asia","East Asia and Pacific","East Asia and Pacific","Upper",115.7008,105.055,94.9328,86.13,78.6001,72.3414,67.2237,62.9373,59.0689,55.266,51.9905,49.5421,48.0101,47.6504,47.9324,48.2812,48.6289,49.0127,49.2072,49.193,49.2495,49.3387,49.125,49.2258
"KIR","Kiribati","Oceania","Oceania (exc. Australia and New Zealand)","East Asia and Pacific","East Asia and Pacific","Lower",58.7983,57.1591,55.7424,54.6042,53.7369,53.0911,52.4451,51.7882,50.9072,50.0246,49.0579,48.1167,47.2858,46.6332,45.9713,45.3073,44.7662,44.0106,42.8473,41.5723,39.9262,38.0934,36.2876,34.4613
"KIR","Kiribati","Oceania","Oceania (exc. Australia and New Zealand)","East Asia and Pacific","East Asia and Pacific","Median",66.3641,64.5769,63.0809,61.9806,61.2558,60.7264,60.2775,59.8535,59.2994,58.7328,58.1951,57.9162,57.8005,57.9674,58.4101,58.9219,59.5126,59.8568,59.826,59.2998,58.5784,57.6006,56.4568,55.1416
"KIR","Kiribati","Oceania","Oceania (exc. Australia and New Zealand)","East Asia and Pacific","East Asia and Pacific","Upper",74.6774,72.8148,71.2364,70.1725,69.5685,69.1971,69.0111,68.865,68.7973,68.7983,68.8967,69.4046,70.3178,71.8326,73.6804,75.8137,78.3222,80.6455,82.6329,83.9646,85.1645,85.5442,85.6327,85.6746
"KNA","Saint Kitts and Nevis","Latin America and the Caribbean","","Latin America and Caribbean","Latin America and Caribbean","Lower",21.3417,20.4133,19.5153,18.7004,17.9883,17.4187,16.9495,16.7076,16.5549,16.4992,16.5056,16.5448,16.5613,16.4657,16.2566,15.8101,15.2358,14.5828,13.8845,13.1441,12.4407,11.7123,11.0144,10.3489
"KNA","Saint Kitts and Nevis","Latin America and the Caribbean","","Latin America and Caribbean","Latin America and Caribbean","Median",23.8688,22.9097,21.9826,21.1117,20.3276,19.7143,19.242,18.9331,18.772,18.7411,18.7925,18.9319,19.1025,19.31,19.4713,19.4468,19.2508,18.9524,18.6247,18.2255,17.7373,17.2357,16.753,16.2776
"KNA","Saint Kitts and Nevis","Latin America and the Caribbean","","Latin America and Caribbean","Latin America and Caribbean","Upper",26.6638,25.6879,24.7086,23.7841,22.9568,22.2769,21.8079,21.4827,21.3337,21.3326,21.4342,21.5953,22.0239,22.5897,23.235,23.7201,24.2498,24.6163,24.8761,25.1234,25.3346,25.4305,25.4687,25.4663
"KOR","Republic of Korea","Eastern and South-Eastern Asia","Eastern Asia","East Asia and Pacific","Non-programme countries","Lower",7.3153,6.9683,6.6332,6.2687,5.8707,5.4628,5.0774,4.7394,4.4503,4.2279,4.0503,3.9018,3.7731,3.6548,3.5464,3.4437,3.3466,3.2556,3.1592,3.0605,2.9581,2.8464,2.7259,2.5845
"KOR","Republic of Korea","Eastern and South-Eastern Asia","Eastern Asia","East Asia and Pacific","Non-programme countries","Median",7.5482,7.1464,6.7714,6.3918,5.9837,5.5677,5.1752,4.8281,4.5388,4.3091,4.1284,3.9774,3.8458,3.7264,3.6167,3.5135,3.4164,3.3245,3.2317,3.1347,3.0348,2.9388,2.8475,2.7607
"KOR","Republic of Korea","Eastern and South-Eastern Asia","Eastern Asia","East Asia and Pacific","Non-programme countries","Upper",7.7883,7.334,6.9186,6.5219,6.0979,5.6726,5.2767,4.9201,4.6273,4.3906,4.2067,4.0557,3.9185,3.7993,3.6854,3.583,3.4888,3.3959,3.3078,3.2109,3.1148,3.0311,2.9782,2.9508
"KWT","Kuwait","Northern Africa and Western Asia","Western Asia","Middle East and North Africa","Middle East and North Africa","Lower",12.372,12.168,11.9777,11.7938,11.5917,11.4163,11.2421,11.0849,10.9395,10.7228,10.4225,10.0404,9.6584,9.3241,9.0434,8.8427,8.7064,8.6193,8.5734,8.5419,8.5192,8.4915,8.416,8.2495
"KWT","Kuwait","Northern Africa and Western Asia","Western Asia","Middle East and North Africa","Middle East and North Africa","Median",12.7372,12.5265,12.338,12.1367,11.9338,11.7427,11.5712,11.4108,11.2495,11.0297,10.7128,10.3258,9.9403,9.5969,9.3164,9.111,8.9751,8.9008,8.8717,8.8669,8.8701,8.8569,8.8217,8.7508
"KWT","Kuwait","Northern Africa and Western Asia","Western Asia","Middle East and North Africa","Middle East and North Africa","Upper",13.1115,12.8886,12.7063,12.4918,12.2929,12.0869,11.9007,11.7388,11.572,11.349,11.0145,10.6213,10.2368,9.8839,9.6013,9.3859,9.2515,9.1865,9.1789,9.2109,9.2301,9.2392,9.2534,9.3065
"LAO","Lao People's Democratic Republic","Eastern and South-Eastern Asia","South-Eastern Asia","East Asia and Pacific","East Asia and Pacific","Lower",98.3396,94.4014,90.4456,86.4846,82.4872,78.5443,74.6217,70.7019,66.8612,63.2285,59.5342,56.07,52.5275,49.2396,46.0369,43.0567,40.4699,38.0541,35.7536,33.5683,31.4362,29.476,27.6633,25.9631
"LAO","Lao People's Democratic Republic","Eastern and South-Eastern Asia","South-Eastern Asia","East Asia and Pacific","East Asia and Pacific","Median",107.5036,103.363,99.1364,94.9286,90.8486,86.7745,82.7265,78.8357,75.02,71.3637,67.9651,64.6669,61.5325,58.5652,55.7835,53.2224,50.886,48.7843,46.8373,45.0711,43.4425,41.8953,40.4312,39.0014
"LAO","Lao People's Democratic Republic","Eastern and South-Eastern Asia","South-Eastern Asia","East Asia and Pacific","East Asia and Pacific","Upper",117.701,113.4147,109.0115,104.6318,100.275,96.0193,91.7961,87.7884,83.9617,80.4367,77.2271,74.2687,71.4947,68.9086,66.5583,64.4402,62.6615,61.2754,60.1359,59.3871,58.9209,58.5011,58.1645,58.0836
"LBN","Lebanon","Northern Africa and Western Asia","Western Asia","Middle East and North Africa","Middle East and North Africa","Lower",16.8247,15.8878,14.9235,14.0238,13.1969,12.4644,11.8364,11.3255,10.9243,10.6529,10.4721,10.402,10.4365,10.5875,10.8399,11.2095,11.6778,12.2449,12.9144,13.6632,14.4634,15.2569,15.9473,16.4603
"LBN","Lebanon","Northern Africa and Western Asia","Western Asia","Middle East and North Africa","Middle East and North Africa","Median",19.8787,18.8516,17.8362,16.8753,15.9622,15.1527,14.43,13.8327,13.3327,12.9507,12.6727,12.4996,12.4083,12.4281,12.5412,12.7421,13.0551,13.4794,14.026,14.6842,15.457,16.3404,17.3097,18.3136
"LBN","Lebanon","Northern Africa and Western Asia","Western Asia","Middle East and North Africa","Middle East and North Africa","Upper",23.3763,22.352,21.3143,20.2886,19.3447,18.4432,17.6325,16.8985,16.289,15.7562,15.3436,14.9684,14.7166,14.5374,14.4618,14.4588,14.5762,14.8018,15.1893,15.7543,16.5071,17.5218,18.8238,20.3943
"LBR","Liberia","Sub-Saharan Africa","","West and Central Africa","West and Central Africa","Lower",178.7065,166.552,154.4818,142.8682,132.398,123.1611,115.3771,108.9406,103.7132,99.335,95.7174,92.4618,89.4414,86.3696,85.5838,80.894,77.6846,74.2667,70.5094,66.7638,62.9488,59.2783,55.6176,52.2469
"LBR","Liberia","Sub-Saharan Africa","","West and Central Africa","West and Central Africa","Median",192.3806,179.414,166.5964,154.3352,143.0515,133.1819,124.8112,118.0197,112.573,108.1034,104.3648,101.1437,98.1891,95.4064,95.0388,90.7524,88.2531,86.0276,83.9891,81.9063,79.6555,77.3677,75.0525,72.8828
"LBR","Liberia","Sub-Saharan Africa","","West and Central Africa","West and Central Africa","Upper",207.1543,193.0658,179.1232,166.0723,154.3346,143.899,135.2508,127.969,122.2412,117.6197,113.9477,110.9766,108.0597,105.5825,105.9536,102.0171,100.5077,100.0188,100.038,100.2647,100.5586,100.9107,101.4591,101.7908
"LBY","Libya","Northern Africa and Western Asia","Northern Africa","Middle East and North Africa","Middle East and North Africa","Lower",26.5673,26.1724,25.6789,24.943,23.9159,22.6614,21.2019,19.5426,17.8678,16.2959,14.8632,16.7873,12.3842,11.3881,10.5312,9.7146,9.0114,8.427,7.8361,7.2827,6.8161,6.3749,5.9913,17.0464
"LBY","Libya","Northern Africa and Western Asia","Northern Africa","Middle East and North Africa","Middle East and North Africa","Median",28.1197,27.293,26.4552,25.5105,24.403,23.1142,21.6836,20.1922,18.796,17.6144,16.6325,19.5606,15.0872,14.4588,13.866,13.3294,12.8273,12.3534,11.9359,11.5562,11.1729,10.8366,10.4647,30.7841
"LBY","Libya","Northern Africa and Western Asia","Northern Africa","Middle East and North Africa","Middle East and North Africa","Upper",29.758,28.4514,27.242,26.0916,24.902,23.5749,22.1885,20.8477,19.7549,19.0212,18.5941,22.7309,18.2133,18.1828,18.1727,18.1625,18.1437,18.0812,18.1029,18.0346,18.1276,18.115,18.0143,54.9818
"LCA","Saint Lucia","Latin America and the Caribbean","","Latin America and Caribbean","Latin America and Caribbean","Lower",17.436,17.3391,17.2685,17.2184,17.1943,17.1634,17.1417,17.0902,17.0457,16.98,16.8982,16.8027,16.6654,16.5017,16.3114,16.0656,15.8157,15.521,15.1923,14.808,14.4157,14.0208,13.6209,13.2276
"LCA","Saint Lucia","Latin America and the Caribbean","","Latin America and Caribbean","Latin America and Caribbean","Median",18.4758,18.4021,18.3467,18.3099,18.282,18.2653,18.2391,18.205,18.1599,18.0988,18.0198,17.9186,17.8082,17.6762,17.5252,17.3543,17.158,16.9551,16.7452,16.5108,16.2727,16.0263,15.7799,15.5457
"LCA","Saint Lucia","Latin America and the Caribbean","","Latin America and Caribbean","Latin America and Caribbean","Upper",19.5536,19.5041,19.4716,19.4505,19.4427,19.4357,19.4373,19.4335,19.4061,19.3359,19.2554,19.1499,19.0506,18.9267,18.8174,18.6961,18.5743,18.4955,18.4038,18.3681,18.3114,18.3081,18.2891,18.2878
"LKA","Sri Lanka","Central and Southern Asia","Southern Asia","South Asia","South Asia","Lower",15.9648,15.5128,15.1936,14.8649,28.1847,13.7576,13.0406,12.3703,11.7799,20.317,10.9432,10.5755,10.124,9.5949,9.044,8.5252,8.0558,7.6632,7.3235,6.9787,6.5739,6.1425,5.7196,5.3088
"LKA","Sri Lanka","Central and Southern Asia","Southern Asia","South Asia","South Asia","Median",16.2691,15.8303,15.504,15.1738,28.7855,14.0428,13.3117,12.6249,12.0374,20.7704,11.1784,10.7935,10.3227,9.7854,9.2456,8.7457,8.3007,7.9121,7.564,7.2368,6.9211,6.6226,6.351,6.1079
"LKA","Sri Lanka","Central and Southern Asia","Southern Asia","South Asia","South Asia","Upper",16.5721,16.1343,15.8043,15.4838,29.4029,14.3311,13.5858,12.8806,12.2892,21.2239,11.412,11.0154,10.5226,9.972,9.4476,8.9702,8.5536,8.1697,7.8263,7.5288,7.3057,7.1525,7.0488,7.0147
"LSO","Lesotho","Sub-Saharan Africa","","Eastern and Southern Africa","Eastern and Southern Africa","Lower",100.3835,101.9859,103.2655,104.4935,105.3823,105.9918,105.5851,101.8786,99.237,87.7022,81.6746,77.7675,74.7253,72.6939,70.7431,67.6737,64.2144,62.8579,59.8199,57.9467,54.5357,50.4772,46.6019,43.1233
"LSO","Lesotho","Sub-Saharan Africa","","Eastern and Southern Africa","Eastern and Southern Africa","Median",109.3957,111.0974,112.3978,113.6734,114.685,115.5754,115.3254,111.5125,108.7892,96.4058,90.0596,85.8772,82.584,80.2324,78.2435,75.1119,71.8264,71.1642,69.0515,68.7079,66.7802,64.3986,61.5384,58.934
"LSO","Lesotho","Sub-Saharan Africa","","Eastern and Southern Africa","Eastern and Southern Africa","Upper",118.9094,120.6539,121.9615,123.4194,124.6542,125.7703,125.8827,122.2028,119.8155,106.5131,99.6482,95.2787,91.7931,89.2172,86.9888,83.5939,80.2937,80.5163,79.5681,80.9489,80.9403,80.3041,79.0803,78.0566
"LTU","Lithuania","Europe and Northern America","Europe","Western Europe","Non-programme countries","Lower",10.2425,9.7672,9.4138,9.0912,8.7909,8.5545,8.1414,7.618,6.9498,6.2627,5.6698,5.1728,4.9116,4.7908,4.7352,4.6939,4.5375,4.2675,3.9074,3.5886,3.3822,3.2402,3.1173,2.8827
"LTU","Lithuania","Europe and Northern America","Europe","Western Europe","Non-programme countries","Median",10.7108,10.2787,9.9008,9.5755,9.2904,9.002,8.6089,8.0405,7.3638,6.6662,6.0364,5.5578,5.2744,5.1398,5.0794,5.0221,4.8738,4.5849,4.2283,3.9121,3.6973,3.5523,3.4509,3.3803
"LTU","Lithuania","Europe and Northern America","Europe","Western Europe","Non-programme countries","Upper",11.1926,10.8161,10.4113,10.0807,9.802,9.4617,9.096,8.4985,7.8041,7.0856,6.4115,5.9406,5.6435,5.5122,5.4592,5.3863,5.2641,4.9412,4.5752,4.271,4.0246,3.8856,3.8246,3.953
"LUX","Luxembourg","Europe and Northern America","Europe","Western Europe","Non-programme countries","Lower",4.2485,3.9905,3.7441,3.5154,3.3021,3.1109,2.943,2.7964,2.6755,2.5783,2.4995,2.4326,2.388,2.3477,2.3135,2.2875,2.2602,2.2296,2.1922,2.1456,2.085,2.0082,1.9216,1.8218
"LUX","Luxembourg","Europe and Northern America","Europe","Western Europe","Non-programme countries","Median",4.6879,4.4139,4.1507,3.9036,3.6761,3.469,3.287,3.1331,3.0048,2.8982,2.8126,2.7417,2.6883,2.6437,2.6061,2.5744,2.5488,2.5241,2.5039,2.4822,2.4595,2.4257,2.3856,2.3358
"LUX","Luxembourg","Europe and Northern America","Europe","Western Europe","Non-programme countries","Upper",5.1714,4.8749,4.5934,4.3359,4.0917,3.8681,3.6751,3.5091,3.3689,3.2569,3.1659,3.0919,3.0251,2.9728,2.9268,2.8872,2.864,2.8465,2.8419,2.862,2.8903,2.9238,2.9647,2.9887
"LVA","Latvia","Europe and Northern America","Europe","Western Europe","Non-programme countries","Lower",13.5701,12.6363,11.949,11.2803,10.6217,9.9512,9.3221,8.8179,8.328,7.8542,7.341,6.7822,6.2103,5.635,5.1381,4.723,4.3848,4.1272,3.8866,3.6543,3.4125,3.142,2.8251,2.4787
"LVA","Latvia","Europe and Northern America","Europe","Western Europe","Non-programme countries","Median",14.2393,13.3034,12.5615,11.8861,11.1862,10.4801,9.855,9.3211,8.824,8.3228,7.7928,7.2148,6.6184,6.0372,5.5174,5.0737,4.7203,4.4515,4.2155,3.9738,3.7278,3.4696,3.2062,2.9639
"LVA","Latvia","Europe and Northern America","Europe","Western Europe","Non-programme countries","Upper",14.9421,13.9764,13.1719,12.5183,11.7819,11.0385,10.4012,9.8196,9.3219,8.8182,8.2911,7.7109,7.0533,6.4555,5.9102,5.4492,5.0889,4.8047,4.5691,4.3336,4.0834,3.8222,3.6215,3.5221
"MAR","Morocco","Northern Africa and Western Asia","Northern Africa","Middle East and North Africa","Middle East and North Africa","Lower",47.7429,45.5837,43.5068,41.4102,39.2987,37.1526,35.1039,32.9818,30.9562,28.9681,27.0501,25.2447,23.5424,21.8607,20.2689,18.7466,17.3587,16.1854,15.0856,14.0763,13.1727,12.245,11.518,10.8615
"MAR","Morocco","Northern Africa and Western Asia","Northern Africa","Middle East and North Africa","Middle East and North Africa","Median",52.2444,50.0588,47.8825,45.7347,43.5531,41.3313,39.1435,36.9686,34.9118,32.9498,31.0847,29.3341,27.7316,26.1821,24.7423,23.3974,22.1712,21.1237,20.1887,19.3596,18.5785,17.8517,17.1771,16.5751
"MAR","Morocco","Northern Africa and Western Asia","Northern Africa","Middle East and North Africa","Middle East and North Africa","Upper",57.582,55.4044,53.2223,50.9827,48.6831,46.1856,43.6956,41.2482,38.9832,36.9092,35.1019,33.5236,32.0572,30.7149,29.5119,28.5378,27.6478,26.8814,26.2896,25.8614,25.4474,25.2238,24.9064,24.6949
"MCO","Monaco","Europe and Northern America","Europe","Western Europe","Non-programme countries","Lower",4.8594,4.7095,4.5733,4.4448,4.3309,4.2274,4.1243,4.027,3.9255,3.8123,3.6717,3.5187,3.3541,3.1787,2.9866,2.8082,2.6295,2.4594,2.2974,2.1581,2.0179,1.8901,1.7738,1.6564
"MCO","Monaco","Europe and Northern America","Europe","Western Europe","Non-programme countries","Median",5.1585,4.9928,4.8449,4.7146,4.5935,4.482,4.3746,4.2758,4.1774,4.0834,3.9935,3.9042,3.8126,3.7205,3.6287,3.5291,3.4278,3.3266,3.224,3.1252,3.0232,2.9299,2.8359,2.7436
"MCO","Monaco","Europe and Northern America","Europe","Western Europe","Non-programme countries","Upper",5.4657,5.2888,5.1353,4.9922,4.8699,4.7568,4.6459,4.5431,4.452,4.3813,4.3441,4.3373,4.3511,4.362,4.388,4.4216,4.4359,4.4488,4.4742,4.4917,4.5181,4.5299,4.5226,4.524
"MDA","Republic of Moldova","Europe and Northern America","Europe","Eastern Europe and Central Asia","Europe and Central Asia","Lower",25.8176,23.3292,20.995,19.1274,17.6711,16.6689,16.0731,15.7462,15.499,15.26,14.8589,14.3329,13.8101,13.3058,12.8821,12.5763,12.2737,12.1035,11.999,11.9191,11.8696,11.7996,11.6285,11.2433
"MDA","Republic of Moldova","Europe and Northern America","Europe","Eastern Europe and Central Asia","Europe and Central Asia","Median",31.3047,28.4791,25.81,23.4387,21.5526,20.1025,19.0752,18.2973,17.7277,17.2952,16.9375,16.6407,16.3412,16.0429,15.8065,15.539,15.344,15.1844,15.0648,14.9925,14.9274,14.8439,14.7669,14.6743
"MDA","Republic of Moldova","Europe and Northern America","Europe","Eastern Europe and Central Asia","Europe and Central Asia","Upper",37.4812,34.4794,31.7646,29.3211,27.1231,25.3342,23.8174,22.5887,21.5813,20.8763,20.4057,20.144,19.9955,19.7914,19.5937,19.3331,19.0008,18.7174,18.4305,18.2727,18.196,18.3674,18.9479,19.9428
"MDG","Madagascar","Sub-Saharan Africa","","Eastern and Southern Africa","Eastern and Southern Africa","Lower",97.7182,93.3385,89.2883,85.4279,81.752,78.2307,74.9548,71.881,69.0171,66.4411,64.3159,62.4619,61.1446,60.2118,59.5948,59.1885,58.9601,58.7426,58.269,57.6818,56.7479,55.426,53.6982,51.5548
"MDG","Madagascar","Sub-Saharan Africa","","Eastern and Southern Africa","Eastern and Southern Africa","Median",105.0126,100.3631,96.0267,92.0098,88.1979,84.6447,81.2427,78.0878,75.2502,72.8178,70.7387,69.0099,67.7398,66.8629,66.1951,65.8424,65.6699,65.6765,65.8341,66.0841,66.2596,66.2118,65.74,64.7708
"MDG","Madagascar","Sub-Saharan Africa","","Eastern and Southern Africa","Eastern and Southern Africa","Upper",112.6856,107.8842,103.3082,98.999,95.0852,91.3521,87.8473,84.5801,81.8344,79.4605,77.5933,76.0515,74.8418,73.8847,73.3037,73.1419,73.2315,73.6733,74.5181,75.905,77.5668,79.4904,81.047,82.5794
"MDV","Maldives","Central and Southern Asia","Southern Asia","South Asia","South Asia","Lower",35.4002,31.5535,28.009,24.8364,24.7503,19.9051,18.0268,16.4848,15.1665,14.0292,13.0403,12.1514,11.3407,10.5977,9.8839,9.2155,8.5576,7.9425,7.3235,6.7024,6.1128,5.5636,5.0925,4.6812
"MDV","Maldives","Central and Southern Asia","Southern Asia","South Asia","South Asia","Median",39.0487,34.7455,30.7849,27.2348,27.0162,21.5504,19.3727,17.5853,16.1182,14.8792,13.8253,12.8965,12.0516,11.2774,10.5496,9.857,9.1947,8.5622,7.9695,7.4043,6.8815,6.4125,6.0267,5.7057
"MDV","Maldives","Central and Southern Asia","Southern Asia","South Asia","South Asia","Upper",43.1761,38.3974,33.9047,29.8625,29.4648,23.3213,20.8222,18.7844,17.1429,15.794,14.6613,13.6881,12.8052,12.0047,11.2599,10.5378,9.8696,9.2386,8.6642,8.1708,7.738,7.3991,7.1436,6.9442
"MEX","Mexico","Latin America and the Caribbean","","Latin America and Caribbean","Latin America and Caribbean","Lower",26.0404,24.9104,23.8531,22.8921,22.0237,21.2483,20.5301,19.8698,19.2621,18.6862,18.1316,17.5934,17.0628,16.527,15.9805,15.4143,14.8103,14.1902,13.5621,12.8983,12.1567,11.3948,10.6527,9.9402
"MEX","Mexico","Latin America and the Caribbean","","Latin America and Caribbean","Latin America and Caribbean","Median",28.092,26.8388,25.6709,24.602,23.6263,22.7171,21.8949,21.1447,20.4318,19.768,19.1201,18.5067,17.9096,17.3373,16.7788,16.2473,15.7233,15.2154,14.7206,14.2284,13.7606,13.324,12.8739,12.4591
"MEX","Mexico","Latin America and the Caribbean","","Latin America and Caribbean","Latin America and Caribbean","Upper",30.2758,28.9466,27.6914,26.5207,25.4252,24.426,23.4828,22.6099,21.7789,21.0279,20.3134,19.6363,18.9922,18.3725,17.7713,17.211,16.6937,16.2428,15.8711,15.6107,15.4687,15.4462,15.4236,15.4939
"MHL","Marshall Islands","Oceania","Oceania (exc. Australia and New Zealand)","East Asia and Pacific","East Asia and Pacific","Lower",36.1744,36.1591,36.1169,36.0016,35.776,35.596,35.2618,34.9434,34.4625,33.8032,32.883,31.8042,30.605,29.1235,27.6344,26.0964,24.6579,23.2473,21.8324,20.4187,19.2067,18.0878,16.9797,15.9837
"MHL","Marshall Islands","Oceania","Oceania (exc. Australia and New Zealand)","East Asia and Pacific","East Asia and Pacific","Median",42.4664,42.5039,42.3805,42.1304,41.7986,41.422,41.0093,40.6013,40.186,39.7438,39.3662,38.8679,38.214,37.4847,36.6176,35.6739,34.7783,33.8112,32.864,31.9253,31.0286,30.0337,29.1317,28.1766
"MHL","Marshall Islands","Oceania","Oceania (exc. Australia and New Zealand)","East Asia and Pacific","East Asia and Pacific","Upper",49.6484,49.6701,49.5512,49.2262,48.7367,48.2971,47.8789,47.4309,47.3298,47.3648,47.6869,48.1564,48.5125,49.0055,49.0969,49.4479,49.3795,49.4603,49.656,49.8294,49.8519,49.5054,49.2472,49.1125
"MKD","North Macedonia","Europe and Northern America","Europe","Eastern Europe and Central Asia","Europe and Central Asia","Lower",15.2964,14.0217,13.652,13.704,13.5267,13.0554,12.312,11.6835,11.0693,10.4045,9.816,9.3858,9.56,10.0645,10.5055,10.6451,10.1927,9.1265,7.6496,6.4064,5.5154,4.5969,3.6613,2.7196
"MKD","North Macedonia","Europe and Northern America","Europe","Eastern Europe and Central Asia","Europe and Central Asia","Median",15.9336,14.8013,14.3433,14.3334,14.2165,13.7131,12.991,12.307,11.661,10.9985,10.3748,10.0391,10.1795,10.6564,11.1381,11.2797,10.826,9.6829,8.2512,6.9689,5.95,5.0169,4.0819,3.2587
"MKD","North Macedonia","Europe and Northern America","Europe","Eastern Europe and Central Asia","Europe and Central Asia","Upper",16.5896,15.5148,15.0164,15.0181,15.0052,14.3771,13.7265,12.9736,12.2939,11.6395,10.9799,10.6954,10.8074,11.2712,11.8092,11.9711,11.5541,10.2827,8.8291,7.5341,6.4416,5.507,4.5627,3.8678
"MLI","Mali","Sub-Saharan Africa","","West and Central Africa","West and Central Africa","Lower",176.2301,170.565,164.6656,158.6267,152.8614,147.4083,142.263,137.375,132.6888,128.2274,123.8394,119.6173,115.3802,111.1974,107.2693,103.2049,99.1866,95.1789,91.0205,86.9163,82.4388,77.8966,73.3507,68.6925
"MLI","Mali","Sub-Saharan Africa","","West and Central Africa","West and Central Africa","Median",187.5792,181.4676,175.1779,168.9962,163.0759,157.4333,152.1833,147.2718,142.6163,138.1679,133.9225,129.8737,126.0557,122.4496,118.9816,115.6763,112.4255,109.2721,106.1248,103.1149,99.9978,96.9475,93.9828,91.3014
"MLI","Mali","Sub-Saharan Africa","","West and Central Africa","West and Central Africa","Upper",200.0355,193.508,186.7087,180.2019,174.0259,168.1927,162.7377,157.7814,153.1533,148.8331,144.6686,141.065,137.6122,134.4321,131.7687,129.5968,127.5709,125.7847,124.2142,122.9515,121.9308,121.185,121.0965,121.433
"MLT","Malta","Europe and Northern America","Europe","Western Europe","Non-programme countries","Lower",6.9767,6.7478,6.5723,6.4408,6.3491,6.3002,6.2639,6.2532,6.2529,6.2453,6.2431,6.2169,6.1906,6.1412,6.0736,5.9921,5.8979,5.7745,5.6217,5.4326,5.2166,4.9693,4.7239,4.4569
"MLT","Malta","Europe and Northern America","Europe","Western Europe","Non-programme countries","Median",7.6334,7.3968,7.2072,7.0677,6.9769,6.9172,6.8886,6.8801,6.878,6.8736,6.8601,6.8309,6.7891,6.738,6.6755,6.5984,6.5006,6.3848,6.2615,6.1181,5.9675,5.8153,5.6532,5.4956
"MLT","Malta","Europe and Northern America","Europe","Western Europe","Non-programme countries","Upper",8.337,8.1033,7.91,7.7624,7.6653,7.6059,7.5602,7.5418,7.5351,7.5319,7.5237,7.5055,7.4618,7.3992,7.3322,7.255,7.1602,7.0579,6.9552,6.8616,6.8075,6.7884,6.776,6.7575
"MMR","Myanmar","Eastern and South-Eastern Asia","South-Eastern Asia","East Asia and Pacific","East Asia and Pacific","Lower",82.3706,80.046,77.6617,75.2301,72.6546,69.9626,67.2119,64.2317,89.8845,58.0172,54.8419,51.5658,48.1649,45.0785,42.1928,39.5159,37.0431,34.7086,32.4305,30.3301,28.4826,26.7103,25.0409,23.5127
"MMR","Myanmar","Eastern and South-Eastern Asia","South-Eastern Asia","East Asia and Pacific","East Asia and Pacific","Median",89.4743,87.122,84.7106,82.2122,79.6928,77.0552,74.3755,71.6114,101.0805,65.978,63.2144,60.5144,57.978,55.5848,53.4299,51.3461,49.4718,47.7221,45.9776,44.4018,42.8574,41.3676,40.0309,38.7362
"MMR","Myanmar","Eastern and South-Eastern Asia","South-Eastern Asia","East Asia and Pacific","East Asia and Pacific","Upper",97.4152,94.8934,92.3338,89.9367,87.3681,84.6752,82.157,79.6555,113.5655,74.784,72.6828,70.5313,68.552,66.7429,65.1524,63.9179,63.0144,62.303,62.0535,61.8308,61.5479,61.5427,61.6715,61.419
"MNE","Montenegro","Europe and Northern America","Europe","Eastern Europe and Central Asia","Europe and Central Asia","Lower",13.4714,12.9382,12.2814,11.5492,10.7567,9.9367,9.1042,8.2847,7.5008,6.7711,6.1009,5.493,4.9636,4.4991,4.1011,3.7586,3.47,3.2202,3.0123,2.8226,2.6357,2.4636,2.2951,2.139
"MNE","Montenegro","Europe and Northern America","Europe","Eastern Europe and Central Asia","Europe and Central Asia","Median",14.2199,13.6646,12.9892,12.2315,11.4057,10.5579,9.702,8.8579,8.041,7.2769,6.5791,5.9496,5.3942,4.9061,4.4845,4.126,3.8197,3.5619,3.3455,3.1564,2.9894,2.8376,2.7004,2.5846
"MNE","Montenegro","Europe and Northern America","Europe","Eastern Europe and Central Asia","Europe and Central Asia","Upper",14.983,14.4185,13.7312,12.9491,12.1144,11.2408,10.3572,9.4762,8.623,7.8354,7.1046,6.4482,5.8688,5.3542,4.904,4.5195,4.1928,3.9212,3.6984,3.5181,3.3776,3.2725,3.193,3.1295
"MNG","Mongolia","Eastern and South-Eastern Asia","Eastern Asia","East Asia and Pacific","East Asia and Pacific","Lower",57.7871,53.201,48.7331,44.6918,40.9746,37.6141,34.6161,31.9461,29.5624,27.446,25.5375,23.8312,22.3371,21.1224,20.0496,19.0371,18.0416,17.0437,16.0988,15.2171,14.5122,13.9685,13.5131,13.1011
"MNG","Mongolia","Eastern and South-Eastern Asia","Eastern Asia","East Asia and Pacific","East Asia and Pacific","Median",62.8598,57.9722,53.244,48.7414,44.5351,40.6733,37.1384,33.9463,31.0653,28.5096,26.2619,24.3503,22.7878,21.5319,20.4452,19.422,18.4137,17.4073,16.4299,15.5552,14.838,14.2908,13.8994,13.6356
"MNG","Mongolia","Eastern and South-Eastern Asia","Eastern Asia","East Asia and Pacific","East Asia and Pacific","Upper",68.3938,63.1957,58.0774,53.1706,48.4671,44.011,39.8199,36.0254,32.6094,29.5901,27.0021,24.8864,23.2514,21.9516,20.8516,19.8083,18.7831,17.7837,16.7891,15.9177,15.1881,14.6427,14.302,14.1874
"MOZ","Mozambique","Sub-Saharan Africa","","Eastern and Southern Africa","Eastern and Southern Africa","Lower",151.2488,143.0388,135.4196,128.4195,121.8561,115.6551,109.2443,101.5939,95.5433,89.7041,87.2214,83.0123,78.9347,75.1994,71.8335,67.8119,64.9565,63.4729,61.8384,60.1394,58.3996,56.0793,53.634,50.1051
"MOZ","Mozambique","Sub-Saharan Africa","","Eastern and Southern Africa","Eastern and Southern Africa","Median",162.9614,154.1959,145.9634,138.5372,131.5609,124.9927,118.156,110.047,103.6575,97.5162,94.9738,90.4659,86.2985,82.5994,79.2069,75.1434,72.3363,70.9268,69.5107,68.3476,67.3413,65.8055,64.33,61.6531
"MOZ","Mozambique","Sub-Saharan Africa","","Eastern and Southern Africa","Eastern and Southern Africa","Upper",175.5063,166.0462,157.2044,149.257,141.841,134.849,127.6063,118.8964,111.9693,105.5507,102.9401,98.3979,94.2522,90.7568,87.4792,83.38,80.5982,79.5202,78.4715,77.854,77.8058,77.5611,77.4723,76.0579
"MRT","Mauritania","Sub-Saharan Africa","","West and Central Africa","West and Central Africa","Lower",89.7853,85.365,80.4801,75.2391,69.8577,64.699,60.3674,56.6795,53.8657,51.6967,50.0383,48.682,47.4184,46.0852,44.6453,43.1229,41.3161,39.3995,37.2666,35.0047,32.9115,30.8428,28.8006,26.9365
"MRT","Mauritania","Sub-Saharan Africa","","West and Central Africa","West and Central Africa","Median",98.2187,93.4715,88.1241,82.4724,76.9903,71.8364,67.2986,63.4639,60.4033,57.9463,56.0881,54.4916,53.0604,51.7245,50.3652,48.9464,47.4447,45.9351,44.464,43.048,41.6693,40.3209,39.1215,37.8043
"MRT","Mauritania","Sub-Saharan Africa","","West and Central Africa","West and Central Africa","Upper",107.8013,102.6044,96.5655,90.3973,84.5709,79.2769,74.6118,70.7225,67.4193,64.7572,62.5735,60.8108,59.2404,57.8327,56.5048,55.2381,54.2849,53.5568,53.2178,53.1551,53.0367,53.0716,53.1951,53.1434
"MSR","Montserrat","Latin America and the Caribbean","","Latin America and Caribbean","Latin America and Caribbean","Lower",8.7862,8.2729,7.8155,7.4169,6.9983,6.5894,6.2208,5.8798,5.5262,5.2523,4.9844,4.725,4.4836,4.2172,3.9988,3.7731,3.5636,3.399,3.2259,3.0564,2.9116,2.7647,2.6145,2.5039
"MSR","Montserrat","Latin America and the Caribbean","","Latin America and Caribbean","Latin America and Caribbean","Median",13.923,13.427,12.9694,12.529,12.1159,11.7074,11.3194,10.9668,10.5983,10.2584,9.9306,9.6116,9.3024,8.9845,8.6912,8.389,8.1092,7.8656,7.6044,7.3287,7.1244,6.8968,6.6746,6.4663
"MSR","Montserrat","Latin America and the Caribbean","","Latin America and Caribbean","Latin America and Caribbean","Upper",21.7517,21.5359,21.2947,21.1395,20.9391,20.742,20.5794,20.5377,20.3626,20.1899,19.9544,19.8505,19.6664,19.5925,19.3348,19.1976,18.9865,18.6853,18.5412,18.2377,18.1314,17.9371,17.6087,17.373
"MUS","Mauritius","Sub-Saharan Africa","","Eastern and Southern Africa","Non-programme countries","Lower",18.0725,16.7861,15.8126,15.3105,14.946,14.7769,14.6342,14.4213,14.2049,13.9952,14.0148,14.0937,14.1002,14.0672,13.8649,13.818,13.8531,14.0457,14.4944,14.7918,14.9191,14.8064,14.4938,13.7451
"MUS","Mauritius","Sub-Saharan Africa","","Eastern and Southern Africa","Non-programme countries","Median",18.9019,17.5909,16.6203,16.0367,15.715,15.5404,15.4011,15.2267,14.9992,14.8299,14.8276,14.9165,14.9584,14.8709,14.748,14.6751,14.7235,14.9631,15.3436,15.7051,15.8474,15.7468,15.4945,15.1725
"MUS","Mauritius","Sub-Saharan Africa","","Eastern and Southern Africa","Non-programme countries","Upper",19.7735,18.4412,17.4631,16.8029,16.5414,16.339,16.223,16.09,15.8255,15.7111,15.6652,15.7689,15.8685,15.7267,15.6822,15.5749,15.6369,15.9009,16.2594,16.6984,16.8235,16.7478,16.573,16.7279
"MWI","Malawi","Sub-Saharan Africa","","Eastern and Southern Africa","Eastern and Southern Africa","Lower",163.2624,150.5811,136.7726,123.36,111.3698,102.5256,96.6754,91.5638,86.2423,81.1782,76.2916,70.2351,63.6732,57.7453,53.0353,47.9913,42.8957,38.2192,33.7766,30.7083,27.8453,25.7019,23.6518,21.9134
"MWI","Malawi","Sub-Saharan Africa","","Eastern and Southern Africa","Eastern and Southern Africa","Median",173.314,159.9184,145.4788,131.5195,119.3198,109.9386,103.4349,98.2804,93.0687,88.0806,83.0274,76.6866,69.7928,63.9983,60.224,56.7085,53.5029,50.6468,47.5237,45.4559,43.0862,41.5269,39.9397,38.3401
"MWI","Malawi","Sub-Saharan Africa","","Eastern and Southern Africa","Eastern and Southern Africa","Upper",183.8334,169.6158,154.4781,139.8198,127.4705,117.9666,110.7649,105.5783,100.5878,96.0829,90.9322,83.7731,76.4275,70.7667,68.0576,65.9469,64.9551,64.8903,64.1114,64.6174,64.466,65.1006,65.4696,65.2784
"MYS","Malaysia","Eastern and South-Eastern Asia","South-Eastern Asia","East Asia and Pacific","East Asia and Pacific","Lower",9.7702,9.1086,8.6398,8.3845,8.2535,8.1804,8.1263,8.0932,8.0792,8.0416,7.9863,7.9195,7.8845,7.9049,7.9458,7.9798,7.9786,7.9354,7.8669,7.7839,7.7032,7.6048,7.4675,7.2861
"MYS","Malaysia","Eastern and South-Eastern Asia","South-Eastern Asia","East Asia and Pacific","East Asia and Pacific","Median",9.9641,9.2901,8.813,8.5482,8.4133,8.3344,8.2811,8.2497,8.2293,8.1978,8.1399,8.0743,8.0401,8.0557,8.1012,8.1493,8.1861,8.2025,8.1931,8.1687,8.1412,8.1157,8.0962,8.0801
"MYS","Malaysia","Eastern and South-Eastern Asia","South-Eastern Asia","East Asia and Pacific","East Asia and Pacific","Upper",10.1494,9.4704,8.9883,8.7114,8.5808,8.4965,8.4444,8.4137,8.3838,8.3556,8.2954,8.2288,8.1963,8.2092,8.2628,8.3245,8.3994,8.4727,8.535,8.5823,8.6268,8.6926,8.794,8.9545
"NAM","Namibia","Sub-Saharan Africa","","Eastern and Southern Africa","Eastern and Southern Africa","Lower",68.5685,68.0163,66.9664,66.0462,65.1261,62.1839,57.0635,52.8476,48.4934,44.9504,42.7199,42.8821,45.2535,43.9808,43.083,44.501,43.6865,41.8962,40.563,38.8121,37.4226,36.2762,34.8388,33.0221
"NAM","Namibia","Sub-Saharan Africa","","Eastern and Southern Africa","Eastern and Southern Africa","Median",77.9213,77.119,76.0726,75.1402,74.1157,70.5096,64.9072,60.6295,56.4291,52.8589,50.7917,51.6418,55.0969,53.9512,53.1036,55.0219,54.2253,51.868,50.0828,47.8121,45.7234,43.8264,41.968,40.6527
"NAM","Namibia","Sub-Saharan Africa","","Eastern and Southern Africa","Eastern and Southern Africa","Upper",88.7607,87.5751,86.3419,85.069,83.877,79.6553,73.6837,69.7777,66.0556,62.889,60.9442,62.5312,66.8831,65.3969,63.9053,65.6135,64.5233,62.3525,61.109,59.3602,57.4798,55.6748,54.2074,54.6934
"NER","Niger","Sub-Saharan Africa","","West and Central Africa","West and Central Africa","Lower",211.6168,201.6283,191.232,180.3206,169.5133,159.3166,149.7679,141.4741,134.3656,128.6279,124.3874,120.9753,118.3001,116.0453,114.3287,112.5734,110.8759,109.0631,106.7483,104.3152,101.1058,97.2404,92.9519,88.1342
"NER","Niger","Sub-Saharan Africa","","West and Central Africa","West and Central Africa","Median",227.7961,217.4835,206.232,194.41,182.8165,171.9053,162.0266,153.6151,146.5851,140.8524,136.5234,133.1401,130.6652,128.8796,127.4011,126.2575,125.1059,123.8834,122.7787,121.8483,120.6366,119.0965,117.0688,114.7887
"NER","Niger","Sub-Saharan Africa","","West and Central Africa","West and Central Africa","Upper",245.3522,234.7485,222.5207,209.7507,197.2795,185.4943,175.2331,166.7838,159.7085,154.0606,149.8843,147.001,144.9229,143.5853,142.6791,142.2317,141.6522,141.4305,141.4985,142.5504,144.028,145.75,147.2675,148.0045
"NGA","Nigeria","Sub-Saharan Africa","","West and Central Africa","West and Central Africa","Lower",171.1511,165.8885,160.5109,155.1358,149.684,144.4215,139.5303,134.9082,130.8701,127.0034,123.8504,120.9708,118.1702,115.5196,112.59,109.4119,105.8015,101.8155,97.3596,92.5632,87.353,82.4637,77.4887,72.7419
"NGA","Nigeria","Sub-Saharan Africa","","West and Central Africa","West and Central Africa","Median",182.3103,176.7531,171.0794,165.354,159.8438,154.4649,149.5532,145.1854,141.3196,138.0462,135.131,132.8862,130.8717,129.2899,127.8581,126.4224,124.8351,122.7505,120.1956,117.471,114.37,111.2703,108.0691,104.9096
"NGA","Nigeria","Sub-Saharan Africa","","West and Central Africa","West and Central Africa","Upper",194.4816,188.5976,182.722,176.8163,171.05,165.4041,160.3926,155.9924,152.4118,149.482,147.7065,146.3667,145.6243,145.5996,146.2935,147.5377,149.176,150.1191,151.0489,151.8874,152.5984,153.1645,153.7729,153.9533
"NIC","Nicaragua","Latin America and the Caribbean","","Latin America and Caribbean","Latin America and Caribbean","Lower",34.5894,32.6513,30.9021,29.3021,27.8068,26.4186,25.1459,23.9624,22.8961,21.9122,20.9987,20.1925,19.4566,18.7528,18.085,17.4488,16.7969,16.137,15.4822,14.8608,14.2858,13.7094,13.0961,12.4337
"NIC","Nicaragua","Latin America and the Caribbean","","Latin America and Caribbean","Latin America and Caribbean","Median",38.214,36.1837,34.3225,32.5963,30.9619,29.4692,28.0566,26.7503,25.5292,24.3696,23.2682,22.2356,21.2641,20.3377,19.4464,18.6063,17.8058,17.0663,16.364,15.7124,15.0923,14.4948,13.9278,13.4289
"NIC","Nicaragua","Latin America and the Caribbean","","Latin America and Caribbean","Latin America and Caribbean","Upper",41.9699,39.8054,37.8061,36.0087,34.2507,32.6153,31.0532,29.5986,28.1885,26.8179,25.5107,24.3105,23.1657,22.1094,21.1386,20.197,19.3077,18.4821,17.7124,17.0396,16.4475,15.9811,15.6236,15.3471
"NIU","Niue","Oceania","Oceania (exc. Australia and New Zealand)","East Asia and Pacific","East Asia and Pacific","Lower",25.2943,25.4325,25.4425,25.3539,24.957,24.5184,23.9161,23.1092,22.3741,21.405,20.4068,19.4151,18.5251,17.6729,16.7387,15.8775,15.0013,14.2361,13.5057,12.7855,12.1656,11.533,10.9189,10.3652
"NIU","Niue","Oceania","Oceania (exc. Australia and New Zealand)","East Asia and Pacific","East Asia and Pacific","Median",32.7479,33.6821,34.5417,35.4088,36.2246,36.8712,37.143,37.093,36.708,36.1714,35.4727,34.6187,33.6645,32.8358,31.9366,31.005,30.0342,29.1957,28.3533,27.461,26.6393,25.8053,25.0228,24.2795
"NIU","Niue","Oceania","Oceania (exc. Australia and New Zealand)","East Asia and Pacific","East Asia and Pacific","Upper",42.4158,44.4359,46.8341,49.4139,52.391,55.1105,57.254,58.7011,59.9188,60.6684,61.1058,61.4738,61.3672,61.5587,61.4453,61.1398,60.9123,60.4468,60.1974,59.1778,58.9382,58.2388,57.6264,56.5722
"NLD","Netherlands (Kingdom of the)","Europe and Northern America","Europe","Western Europe","Non-programme countries","Lower",6.0674,5.931,5.7744,5.5966,5.4037,5.2075,5.0051,4.8104,4.6317,4.47,4.3365,4.2277,4.1379,4.068,4.0145,3.9783,3.955,3.9422,3.9349,3.9249,3.9122,3.8897,3.8507,3.7909
"NLD","Netherlands (Kingdom of the)","Europe and Northern America","Europe","Western Europe","Non-programme countries","Median",6.1845,6.0501,5.8935,5.7142,5.5188,5.3148,5.1118,4.9177,4.7383,4.5789,4.443,4.3312,4.2392,4.1673,4.1138,4.0768,4.052,4.0375,4.0301,4.0233,4.0116,3.9958,3.9778,3.9573
"NLD","Netherlands (Kingdom of the)","Europe and Northern America","Europe","Western Europe","Non-programme countries","Upper",6.31,6.1784,6.0234,5.8367,5.6358,5.4252,5.2191,5.0234,4.8418,4.6825,4.5449,4.43,4.3383,4.264,4.2104,4.1716,4.1493,4.1392,4.1304,4.1249,4.114,4.1054,4.1097,4.1302
"NOR","Norway","Europe and Northern America","Europe","Western Europe","Non-programme countries","Lower",4.6618,4.5238,4.3671,4.204,4.0365,3.8801,3.722,3.5692,3.4148,3.2602,3.1157,2.9781,2.8565,2.7494,2.6501,2.561,2.4757,2.3947,2.3246,2.2654,2.2282,2.2039,2.1779,2.1385
"NOR","Norway","Europe and Northern America","Europe","Western Europe","Non-programme countries","Median",4.8574,4.7143,4.5561,4.3892,4.22,4.0557,3.8952,3.7347,3.5749,3.4172,3.2664,3.1266,2.9999,2.8879,2.7878,2.6954,2.6084,2.5278,2.4584,2.4025,2.3651,2.3468,2.346,2.3553
"NOR","Norway","Europe and Northern America","Europe","Western Europe","Non-programme countries","Upper",5.0725,4.9233,4.7603,4.583,4.4138,4.2407,4.0708,3.9046,3.7372,3.5779,3.4228,3.2802,3.1491,3.0357,2.9345,2.8407,2.7506,2.6697,2.5979,2.5431,2.5069,2.4972,2.5247,2.6016
"NPL","Nepal","Central and Southern Asia","Southern Asia","South Asia","South Asia","Lower",74.2932,69.9813,66.0493,62.4354,59.212,56.295,53.6778,51.2307,48.9775,46.8215,44.6976,42.6198,40.5946,38.5747,36.6115,34.6907,32.7925,30.8819,29.0482,27.2745,25.6523,24.1246,22.6233,21.2895
"NPL","Nepal","Central and Southern Asia","Southern Asia","South Asia","South Asia","Median",79.2072,74.7578,70.6358,66.8535,63.4745,60.411,57.6272,55.0993,52.708,50.4538,48.2875,46.1671,44.0907,42.0622,40.1038,38.2089,36.3724,34.6243,32.9628,31.3668,29.9064,28.6424,27.5066,26.4681
"NPL","Nepal","Central and Southern Asia","Southern Asia","South Asia","South Asia","Upper",84.2716,79.5771,75.3041,71.3882,67.8164,64.575,61.7023,59.0517,56.5595,54.2327,52.0376,49.8752,47.8071,45.7888,43.8653,42.0466,40.3349,38.7763,37.3907,36.1583,35.0042,33.9967,33.2852,32.8035
"NRU","Nauru","Oceania","Oceania (exc. Australia and New Zealand)","East Asia and Pacific","East Asia and Pacific","Lower",36.1196,34.7235,33.3827,32.1169,30.9338,29.7613,28.452,26.9568,25.4343,23.7229,21.9774,20.2084,18.4709,16.7034,15.0062,13.4425,11.9454,10.5458,9.2902,8.1437,7.1642,6.3217,5.68,5.1351
"NRU","Nauru","Oceania","Oceania (exc. Australia and New Zealand)","East Asia and Pacific","East Asia and Pacific","Median",41.3156,39.648,38.0813,36.6326,35.3384,34.106,32.8599,31.5226,30.0265,28.3814,26.6022,24.7768,22.9286,21.099,19.3205,17.6359,16.0855,14.6678,13.3633,12.1632,11.129,10.2499,9.5298,8.9416
"NRU","Nauru","Oceania","Oceania (exc. Australia and New Zealand)","East Asia and Pacific","East Asia and Pacific","Upper",47.6653,45.5361,43.6155,42.0286,40.5448,39.263,38.1336,36.8716,35.4862,33.7977,31.9771,30.1276,28.2816,26.4423,24.7407,23.1417,21.6671,20.3106,19.2199,18.2588,17.5131,16.8717,16.2438,15.8582
"NZL","New Zealand","Oceania","Australia and New Zealand","East Asia and Pacific","Non-programme countries","Lower",7.1596,6.98,6.8204,6.6723,6.538,6.4257,6.3371,6.2561,6.1922,6.1203,6.0365,5.9336,5.8157,5.6881,5.5516,5.4116,5.2694,5.1264,4.981,4.8278,4.662,4.4862,4.3005,4.103
"NZL","New Zealand","Oceania","Australia and New Zealand","East Asia and Pacific","Non-programme countries","Median",7.3882,7.2042,7.0362,6.8845,6.7484,6.6328,6.537,6.4571,6.3825,6.3067,6.2197,6.1181,6.0015,5.8747,5.7394,5.6028,5.468,5.3374,5.219,5.1085,5.0044,4.9035,4.7956,4.684
"NZL","New Zealand","Oceania","Australia and New Zealand","East Asia and Pacific","Non-programme countries","Upper",7.6099,7.4198,7.2513,7.0932,6.9555,6.8386,6.7384,6.6574,6.5847,6.5137,6.4304,6.3247,6.2092,6.0755,5.941,5.8039,5.67,5.55,5.4597,5.3896,5.3588,5.3489,5.3553,5.3689
"OMN","Oman","Northern Africa and Western Asia","Western Asia","Middle East and North Africa","Middle East and North Africa","Lower",14.3396,13.5021,12.8699,12.3636,12.0001,11.7666,11.6202,11.5458,11.513,11.4691,11.3861,11.279,11.1644,11.0489,10.9598,10.8747,10.7681,10.6331,10.4594,10.2684,10.0541,9.7912,9.4871,9.1398
"OMN","Oman","Northern Africa and Western Asia","Western Asia","Middle East and North Africa","Middle East and North Africa","Median",16.3874,15.3579,14.4969,13.7911,13.2279,12.7854,12.4464,12.1938,12.0024,11.852,11.7229,11.5928,11.4557,11.3326,11.2397,11.1773,11.1089,11.0275,10.9358,10.8271,10.722,10.6205,10.5268,10.4047
"OMN","Oman","Northern Africa and Western Asia","Western Asia","Middle East and North Africa","Middle East and North Africa","Upper",18.9033,17.6221,16.4851,15.5276,14.6819,13.9744,13.3929,12.9011,12.5179,12.2513,12.0682,11.9155,11.7529,11.6206,11.5229,11.478,11.4645,11.4558,11.4488,11.4324,11.4323,11.502,11.6315,11.8223
"PAK","Pakistan","Central and Southern Asia","Southern Asia","South Asia","South Asia","Lower",103.6614,100.885,98.3731,96.1105,94.1829,92.2259,90.3109,88.3327,86.3646,84.2895,82.068,79.7711,77.3624,74.8673,72.2637,69.686,67.0977,64.3309,61.5708,58.8308,56.0506,53.3374,50.4729,47.7581
"PAK","Pakistan","Central and Southern Asia","Southern Asia","South Asia","South Asia","Median",108.1291,105.3438,102.7902,100.5272,98.4688,96.5427,94.652,92.8618,91.0188,89.0986,87.0725,84.9255,82.6776,80.3566,77.9999,75.5999,73.2779,70.9646,68.7735,66.6829,64.5758,62.507,60.463,58.4639
"PAK","Pakistan","Central and Southern Asia","Southern Asia","South Asia","South Asia","Upper",112.7422,109.8564,107.2904,105.0661,102.9976,101.1853,99.4886,97.8339,96.1733,94.424,92.6062,90.5001,88.3825,86.2486,84.1168,81.9762,80.1747,78.5332,76.9724,75.6082,74.3371,73.168,72.3817,71.7305
"PAN","Panama","Latin America and the Caribbean","","Latin America and Caribbean","Latin America and Caribbean","Lower",22.3179,21.624,20.837,20.0266,19.3169,18.6174,18.0071,17.5073,17.0933,16.768,16.5274,16.3832,16.3364,16.374,16.4934,16.6102,16.6147,16.4681,16.1144,15.5636,14.8757,14.1163,13.3227,12.5029
"PAN","Panama","Latin America and the Caribbean","","Latin America and Caribbean","Latin America and Caribbean","Median",25.6361,24.9022,24.0929,23.2726,22.471,21.7038,20.9888,20.3017,19.6694,19.0866,18.559,18.1066,17.7436,17.484,17.2969,17.1655,17.028,16.8295,16.4776,15.9237,15.2295,14.5204,13.8758,13.2831
"PAN","Panama","Latin America and the Caribbean","","Latin America and Caribbean","Latin America and Caribbean","Upper",28.8757,28.2244,27.4381,26.7216,25.925,25.0907,24.2324,23.351,22.4932,21.5962,20.7406,19.9492,19.2187,18.6089,18.1068,17.7352,17.4506,17.1937,16.8378,16.2751,15.5975,14.95,14.4462,14.1216
"PER","Peru","Latin America and the Caribbean","","Latin America and Caribbean","Latin America and Caribbean","Lower",35.7383,32.8649,30.379,28.278,26.4365,24.8827,23.4946,22.2543,21.1221,20.0905,19.1634,18.3351,17.6384,17.0707,16.5853,16.1709,15.7789,15.3613,14.9108,14.4198,13.8888,13.3021,12.7252,12.1024
"PER","Peru","Latin America and the Caribbean","","Latin America and Caribbean","Latin America and Caribbean","Median",37.9346,34.9496,32.37,30.1314,28.1908,26.5042,25.0053,23.6591,22.4509,21.3747,20.4279,19.6115,18.9252,18.3684,17.9257,17.5842,17.3203,17.108,16.9337,16.7944,16.628,16.3863,16.1337,15.8051
"PER","Peru","Latin America and the Caribbean","","Latin America and Caribbean","Latin America and Caribbean","Upper",40.1889,37.0947,34.3831,32.0123,29.954,28.1667,26.5617,25.1,23.8249,22.7363,21.7768,20.9776,20.336,19.8177,19.4333,19.1741,19.0465,19.0634,19.2327,19.5783,20.0105,20.4817,20.8659,21.0602
"PHL","Philippines","Eastern and South-Eastern Asia","South-Eastern Asia","East Asia and Pacific","East Asia and Pacific","Lower",34.3478,33.5689,32.8132,31.9809,31.2081,30.4097,29.6597,28.9565,28.2743,27.675,27.0896,26.5476,26.0387,25.5931,25.2026,24.899,24.633,24.3508,24.019,23.5713,23.0066,22.3292,21.4765,20.5296
"PHL","Philippines","Eastern and South-Eastern Asia","South-Eastern Asia","East Asia and Pacific","East Asia and Pacific","Median",36.8994,36.0682,35.2475,34.4362,33.6261,32.8267,32.073,31.3722,30.7295,30.1351,29.5964,29.1001,28.6542,28.2831,28.0138,27.8364,27.8012,27.8222,27.9146,27.9681,27.9388,27.6914,27.3486,26.8818
"PHL","Philippines","Eastern and South-Eastern Asia","South-Eastern Asia","East Asia and Pacific","East Asia and Pacific","Upper",39.6326,38.7817,37.9678,37.1748,36.3195,35.4878,34.7335,33.9609,33.348,32.7603,32.2444,31.7559,31.4141,31.1809,31.0908,31.148,31.4227,31.8502,32.5535,33.4702,34.3747,34.9569,35.4756,35.9349
"PLW","Palau","Oceania","Oceania (exc. Australia and New Zealand)","East Asia and Pacific","East Asia and Pacific","Lower",22.8094,21.9675,21.0744,20.2237,19.4114,18.5952,17.809,17.0211,16.4287,15.8832,15.4952,15.2631,15.192,15.1767,15.1647,15.2508,15.2543,15.2081,15.1061,14.7787,14.3713,13.8091,13.1971,12.5779
"PLW","Palau","Oceania","Oceania (exc. Australia and New Zealand)","East Asia and Pacific","East Asia and Pacific","Median",26.4697,25.512,24.6294,23.7733,22.9259,22.1181,21.3795,20.7482,20.2358,19.8499,19.685,19.691,19.8881,20.2544,20.7695,21.4336,22.123,22.785,23.2296,23.3762,23.2893,23.0492,22.7329,22.2984
"PLW","Palau","Oceania","Oceania (exc. Australia and New Zealand)","East Asia and Pacific","East Asia and Pacific","Upper",30.7147,29.7473,28.8779,28.0185,27.2445,26.5299,25.8568,25.316,24.8974,24.7198,24.8116,25.2285,25.9273,26.8604,28.2105,29.7693,31.4574,33.254,34.5664,35.5637,36.2028,36.7535,37.0668,37.3264
"PNG","Papua New Guinea","Oceania","Oceania (exc. Australia and New Zealand)","East Asia and Pacific","East Asia and Pacific","Lower",64.5152,63.2941,62.0395,60.704,59.3031,57.8285,56.4446,54.8804,53.361,51.7349,49.9778,48.2486,46.3967,44.4221,42.5814,40.6832,38.717,36.8017,34.8083,32.9454,31.0548,29.0915,27.2939,25.6827
"PNG","Papua New Guinea","Oceania","Oceania (exc. Australia and New Zealand)","East Asia and Pacific","East Asia and Pacific","Median",71.9172,70.7797,69.5731,68.3534,67.1273,65.8091,64.4416,63.0571,61.649,60.2299,58.7593,57.2885,55.8506,54.4457,53.046,51.667,50.1692,48.7478,47.2427,45.8507,44.4627,43.0902,41.6745,40.3057
"PNG","Papua New Guinea","Oceania","Oceania (exc. Australia and New Zealand)","East Asia and Pacific","East Asia and Pacific","Upper",80.2795,79.436,78.4186,77.4479,76.3892,75.28,74.1596,72.8555,71.5768,70.2929,69.1818,68.1822,67.1744,66.298,65.4662,64.7063,64.0316,63.4934,63.134,62.9421,63.0733,63.1855,63.0051,62.6851
"POL","Poland","Europe and Northern America","Europe","Western Europe","Non-programme countries","Lower",9.1364,8.6432,8.2544,7.9446,7.6611,7.4104,7.1487,6.8542,6.5309,6.1873,5.8649,5.5689,5.3107,5.1088,4.9347,4.7953,4.6703,4.5479,4.4419,4.3484,4.2993,4.2774,4.257,4.2008
"POL","Poland","Europe and Northern America","Europe","Western Europe","Non-programme countries","Median",9.3373,8.8227,8.4248,8.0956,7.8156,7.5564,7.2916,6.9959,6.6617,6.3149,5.9838,5.6821,5.4229,5.2108,5.0371,4.8915,4.7636,4.6447,4.5327,4.4432,4.3918,4.3711,4.3633,4.3522
"POL","Poland","Europe and Northern America","Europe","Western Europe","Non-programme countries","Upper",9.5393,9.0048,8.5992,8.2577,7.9796,7.7099,7.443,7.1477,6.7975,6.4454,6.1022,5.7929,5.5333,5.3131,5.14,4.9902,4.862,4.7414,4.6235,4.5391,4.4875,4.4672,4.4707,4.5134
"PRK","Democratic People's Republic of Korea","Eastern and South-Eastern Asia","Eastern Asia","East Asia and Pacific","East Asia and Pacific","Lower",78.4965,77.5422,76.5522,27.0387,26.4683,26.0792,25.6617,25.3749,24.3002,23.4651,22.4461,21.3283,20.1391,18.8839,17.7208,16.722,16.1365,14.9723,14.4224,13.8615,13.6639,13.6612,13.8799,14.0938
"PRK","Democratic People's Republic of Korea","Eastern and South-Eastern Asia","Eastern Asia","East Asia and Pacific","East Asia and Pacific","Median",100.2346,99.016,97.7518,34.5265,33.7982,33.3013,32.7682,32.402,31.0297,29.9634,28.6621,27.2348,25.7162,24.1134,22.6283,21.3529,20.6052,19.1186,18.4164,17.7002,17.4479,17.4444,17.7237,17.9968
"PRK","Democratic People's Republic of Korea","Eastern and South-Eastern Asia","Eastern Asia","East Asia and Pacific","East Asia and Pacific","Upper",128.3362,126.776,125.1574,44.2063,43.2738,42.6376,41.955,41.4862,39.7291,38.3638,36.6978,34.8703,32.926,30.8738,28.9723,27.3393,26.382,24.4787,23.5796,22.6626,22.3396,22.3351,22.6927,23.0423
"PRT","Portugal","Europe and Northern America","Europe","Western Europe","Non-programme countries","Lower",6.9609,6.4261,5.8781,5.35,4.8728,4.5093,4.2296,4.0207,3.8737,3.756,3.6622,3.5874,3.5346,3.5067,3.4909,3.488,3.4774,3.445,3.3898,3.3141,3.2318,3.1448,3.0535,2.9402
"PRT","Portugal","Europe and Northern America","Europe","Western Europe","Non-programme countries","Median",7.1519,6.6083,6.0513,5.5145,5.0413,4.6667,4.3837,4.1724,4.0148,3.8961,3.8042,3.7309,3.6806,3.6499,3.635,3.6277,3.6178,3.5876,3.5304,3.4554,3.3717,3.29,3.2207,3.164
"PRT","Portugal","Europe and Northern America","Europe","Western Europe","Non-programme countries","Upper",7.3555,6.7971,6.2318,5.6842,5.2104,4.8278,4.537,4.3176,4.1557,4.043,3.9478,3.8754,3.8253,3.7943,3.7823,3.7748,3.7654,3.7402,3.6793,3.6037,3.5176,3.4426,3.3936,3.4016
"PRY","Paraguay","Latin America and the Caribbean","","Latin America and Caribbean","Latin America and Caribbean","Lower",28.0209,26.8762,25.7686,24.6477,23.3864,22.2453,21.1231,20.0705,19.0707,18.0875,17.1669,16.2939,15.3996,14.51,13.7298,12.9472,12.2493,11.5088,10.8668,10.2566,9.6883,9.1586,8.6624,8.1449
"PRY","Paraguay","Latin America and the Caribbean","","Latin America and Caribbean","Latin America and Caribbean","Median",33.6354,32.891,32.1872,31.4168,30.6666,29.8873,29.1124,28.3226,27.504,26.6688,25.9291,25.0926,24.4087,23.6868,22.9597,22.1866,21.4724,20.7683,20.0716,19.3999,18.8263,18.1929,17.5727,17.0177
"PRY","Paraguay","Latin America and the Caribbean","","Latin America and Caribbean","Latin America and Caribbean","Upper",40.6526,40.4637,40.4019,40.448,40.5643,40.7852,40.9625,41.1094,40.9407,40.7214,40.4262,40.007,39.5499,39.1808,38.9817,38.6169,38.3069,37.9933,37.7721,37.4599,37.2177,36.8884,36.7421,36.2638
"PSE","State of Palestine","Northern Africa and Western Asia","Western Asia","Middle East and North Africa","Middle East and North Africa","Lower",27.9857,27.0921,26.221,25.3782,24.542,23.7393,22.8732,21.9971,21.1509,20.2895,19.44,18.6112,17.782,16.938,18.6794,15.1907,14.378,13.5734,12.8102,12.0467,11.334,10.7159,10.0543,18.1318
"PSE","State of Palestine","Northern Africa and Western Asia","Western Asia","Middle East and North Africa","Middle East and North Africa","Median",30.326,29.3982,28.5154,27.671,26.8418,26.0138,25.1705,24.3432,23.545,22.7546,21.9758,21.193,20.4451,19.7022,22.036,18.2608,17.5708,16.9378,16.3149,15.7397,15.2056,14.677,14.1781,26.2808
"PSE","State of Palestine","Northern Africa and Western Asia","Western Asia","Middle East and North Africa","Middle East and North Africa","Upper",32.9116,31.9505,31.102,30.2689,29.4497,28.6403,27.8224,27.0194,26.2911,25.5462,24.856,24.2066,23.6082,23.0641,26.1817,22.113,21.7311,21.4053,21.085,20.7539,20.4778,20.2832,20.1428,38.4097
"QAT","Qatar","Northern Africa and Western Asia","Western Asia","Middle East and North Africa","Middle East and North Africa","Lower",11.8669,11.4304,11.01,10.6196,10.2519,9.9095,9.6172,9.3514,9.1102,8.8936,8.6925,8.5003,8.2941,8.0697,7.8054,7.5151,7.2008,6.8913,6.6004,6.3415,6.1308,5.9454,5.7551,5.5502
"QAT","Qatar","Northern Africa and Western Asia","Western Asia","Middle East and North Africa","Middle East and North Africa","Median",12.4793,12.0192,11.5784,11.1666,10.7795,10.428,10.1096,9.8193,9.562,9.3243,9.1036,8.8929,8.6712,8.4324,8.163,7.8606,7.5369,7.2144,6.9124,6.6511,6.4372,6.2671,6.1291,6.0155
"QAT","Qatar","Northern Africa and Western Asia","Western Asia","Middle East and North Africa","Middle East and North Africa","Upper",13.1158,12.6243,12.1657,11.7374,11.3332,10.9642,10.6316,10.3282,10.0422,9.7786,9.5371,9.3064,9.0725,8.8097,8.5308,8.2158,7.8825,7.5539,7.2461,6.9699,6.751,6.6031,6.5383,6.5282
"RKS","Kosovo (UNSCR 1244)","Europe and Northern America","Europe","Eastern Europe and Central Asia","Europe and Central Asia","Lower",40.2222,36.7703,33.4636,30.5488,27.8259,25.4198,23.2905,21.3434,19.6245,18.1266,16.8308,15.7129,14.7611,13.924,13.2467,12.6441,12.1151,11.6202,11.0411,10.3246,9.5065,8.7616,8.0614,7.4232
"RKS","Kosovo (UNSCR 1244)","Europe and Northern America","Europe","Eastern Europe and Central Asia","Europe and Central Asia","Median",48.2892,44.0933,40.1686,36.6321,33.4253,30.5312,27.9349,25.6304,23.5652,21.7356,20.1003,18.664,17.3949,16.2589,15.2232,14.2837,13.4296,12.6139,11.8593,11.1507,10.5185,9.966,9.5103,9.1058
"RKS","Kosovo (UNSCR 1244)","Europe and Northern America","Europe","Eastern Europe and Central Asia","Europe and Central Asia","Upper",57.7001,52.6381,48.0074,43.8447,40.0881,36.6803,33.5559,30.7828,28.3168,26.0898,24.0385,22.2336,20.5589,18.9723,17.5276,16.1711,14.9175,13.7191,12.7385,12.073,11.6649,11.4161,11.2367,11.173
"ROU","Romania","Europe and Northern America","Europe","Eastern Europe and Central Asia","Europe and Central Asia","Lower",21.0694,20.1473,19.6106,19.4357,18.8877,17.7694,16.2098,14.7248,13.6372,12.7378,12.097,11.525,10.9247,10.3073,9.6123,8.9763,8.3388,7.6779,7.0855,6.6044,6.4008,6.36,6.3985,6.3284
"ROU","Romania","Europe and Northern America","Europe","Eastern Europe and Central Asia","Europe and Central Asia","Median",21.5777,20.6369,20.1106,19.8725,19.3871,18.2097,16.6127,15.1114,13.9532,13.0722,12.3878,11.805,11.2031,10.5392,9.8564,9.1933,8.5433,7.8842,7.2543,6.7866,6.5695,6.5443,6.592,6.6343
"ROU","Romania","Europe and Northern America","Europe","Eastern Europe and Central Asia","Europe and Central Asia","Upper",22.0949,21.129,20.6377,20.3313,19.91,18.6599,17.0123,15.5087,14.2745,13.4122,12.6893,12.0914,11.4899,10.7807,10.1171,9.42,8.7506,8.0846,7.4266,6.9714,6.7424,6.7374,6.8009,6.9455
"RUS","Russian Federation","Europe and Northern America","Europe","Eastern Europe and Central Asia","Non-programme countries","Lower",19.0149,18.0524,16.9692,15.8168,14.6749,13.6046,12.612,11.7559,11.0501,10.5389,10.2197,9.9605,9.6788,9.2934,8.7568,8.0977,7.4003,6.7638,6.2082,5.7056,5.2383,4.8012,4.3902,4.0012
"RUS","Russian Federation","Europe and Northern America","Europe","Eastern Europe and Central Asia","Non-programme countries","Median",19.3835,18.4095,17.3,16.1237,14.9587,13.8576,12.8558,11.9756,11.2599,10.7451,10.4107,10.1527,9.864,9.4687,8.9243,8.2459,7.5436,6.8982,6.3319,5.838,5.4138,5.0509,4.7477,4.4979
"RUS","Russian Federation","Europe and Northern America","Europe","Eastern Europe and Central Asia","Non-programme countries","Upper",19.7586,18.7752,17.637,16.4391,15.2513,14.1198,13.1078,12.2125,11.4806,10.9566,10.6108,10.3543,10.0523,9.65,9.0984,8.407,7.6964,7.0385,6.4601,5.9703,5.5906,5.3167,5.1413,5.048
"RWA","Rwanda","Sub-Saharan Africa","","Eastern and Southern Africa","Eastern and Southern Africa","Lower",173.078,155.6516,139.2399,123.9356,109.6663,97.1218,86.2382,77.5111,69.6344,62.9408,57.0385,51.7224,47.6837,44.5333,42.2029,40.3716,38.7028,37.3874,36.3711,35.5794,34.8806,34.0213,32.8459,30.9578
"RWA","Rwanda","Sub-Saharan Africa","","Eastern and Southern Africa","Eastern and Southern Africa","Median",184.8645,166.759,149.3703,133.2656,118.1059,104.895,93.7164,84.4735,76.2402,69.2471,63.2747,58.0862,54.4701,51.7256,49.6133,47.7697,46.3197,45.2025,44.333,43.4428,42.4624,41.5808,40.8224,40.0146
"RWA","Rwanda","Sub-Saharan Africa","","Eastern and Southern Africa","Eastern and Southern Africa","Upper",196.6662,177.9179,159.59,142.6819,126.9288,113.1386,101.4171,91.6126,83.2731,75.9772,70.1514,65.4596,62.1576,59.8755,58.0159,56.3933,55.2893,54.4952,53.6565,52.8437,51.6249,50.4032,50.4552,51.6789
"SAU","Saudi Arabia","Northern Africa and Western Asia","Western Asia","Middle East and North Africa","Middle East and North Africa","Lower",19.8539,18.7147,17.6337,16.6186,15.6226,14.6755,13.7745,12.9244,12.1162,11.3714,10.6801,10.0374,9.4363,8.8551,8.2938,7.7385,7.1741,6.6409,6.1535,5.7374,5.3293,4.9592,4.6451,4.3348
"SAU","Saudi Arabia","Northern Africa and Western Asia","Western Asia","Middle East and North Africa","Middle East and North Africa","Median",22.0962,20.8166,19.6353,18.5316,17.481,16.5024,15.5678,14.6676,13.8044,12.9899,12.226,11.4985,10.8166,10.1826,9.587,9.0339,8.5131,8.0349,7.6133,7.2499,6.9327,6.6487,6.3995,6.158
"SAU","Saudi Arabia","Northern Africa and Western Asia","Western Asia","Middle East and North Africa","Middle East and North Africa","Upper",24.7306,23.3141,22.0688,20.9324,19.9426,18.9608,18.0644,17.1009,16.1592,15.2047,14.2481,13.3463,12.5086,11.7817,11.1298,10.5968,10.1592,9.824,9.5483,9.3279,9.1756,9.0229,8.9611,8.9022
"SDN","Sudan","Northern Africa and Western Asia","Northern Africa","Eastern and Southern Africa","Middle East and North Africa","Lower",94.9153,91.5157,88.0826,84.8103,93.0859,90.5286,75.5984,72.9179,70.3097,67.8741,65.4133,62.9476,60.5524,58.0979,55.5697,53.0535,50.3999,47.598,44.8534,42.1711,39.6302,37.1885,34.7541,32.5411
"SDN","Sudan","Northern Africa and Western Asia","Northern Africa","Eastern and Southern Africa","Middle East and North Africa","Median",103.4093,99.9228,96.4588,93.1127,102.5808,100.138,84.0087,81.3438,78.7826,76.4265,74.2256,72.184,70.227,68.3073,66.3657,64.4679,62.5866,60.6683,58.9003,57.0711,55.3088,53.5554,51.7728,50.1492
"SDN","Sudan","Northern Africa and Western Asia","Northern Africa","Eastern and Southern Africa","Middle East and North Africa","Upper",112.6425,108.9983,105.2709,101.8265,112.4488,110.1142,92.6588,90.0804,87.7961,85.702,83.875,82.2963,80.975,79.8641,78.9398,78.0676,77.3851,76.9155,76.636,76.2913,76.3477,76.6281,76.496,76.3169
"SEN","Senegal","Sub-Saharan Africa","","West and Central Africa","West and Central Africa","Lower",122.2827,115.603,107.3206,98.7423,90.6025,82.9206,76.3605,70.7196,66.0026,62.0546,58.8922,56.1893,53.8288,51.8714,50.1687,48.5556,47.1331,45.6078,43.8688,41.8917,39.6253,36.9389,34.0835,31.4607
"SEN","Senegal","Sub-Saharan Africa","","West and Central Africa","West and Central Africa","Median",129.2892,122.1322,113.5442,104.5088,95.8886,87.9927,81.0556,75.2188,70.3418,66.3202,62.9792,60.1353,57.7108,55.6769,53.9428,52.4391,51.0603,49.6671,48.1575,46.4586,44.5515,42.4917,40.4198,38.5193
"SEN","Senegal","Sub-Saharan Africa","","West and Central Africa","West and Central Africa","Upper",137.0466,129.3959,120.2907,110.8526,101.6171,93.3817,86.049,79.9637,74.8811,70.6716,67.1663,64.1669,61.6793,59.6293,57.9425,56.5494,55.3965,54.3537,53.1287,51.7852,50.4372,49.1943,48.249,47.5322
"SGP","Singapore","Eastern and South-Eastern Asia","South-Eastern Asia","East Asia and Pacific","Non-programme countries","Lower",3.6459,3.4086,3.1903,3.0039,2.8704,2.7673,2.7108,2.6801,2.6593,2.6512,2.6425,2.6306,2.6069,2.5814,2.5614,2.5315,2.4934,2.4398,2.36,2.268,2.1566,2.0264,1.8757,1.7209
"SGP","Singapore","Eastern and South-Eastern Asia","South-Eastern Asia","East Asia and Pacific","Non-programme countries","Median",3.849,3.6051,3.3887,3.2075,3.0664,2.9671,2.8997,2.863,2.8426,2.8322,2.8221,2.8063,2.7836,2.7626,2.7418,2.7168,2.6755,2.6165,2.5367,2.4394,2.3369,2.2397,2.1525,2.069
"SGP","Singapore","Eastern and South-Eastern Asia","South-Eastern Asia","East Asia and Pacific","Non-programme countries","Upper",4.0713,3.8191,3.5994,3.4156,3.2718,3.1687,3.093,3.051,3.0311,3.0186,3.0144,2.9939,2.971,2.9531,2.9307,2.9059,2.8692,2.8092,2.7297,2.6231,2.5275,2.4684,2.454,2.4739
"SLB","Solomon Islands","Oceania","Oceania (exc. Australia and New Zealand)","East Asia and Pacific","East Asia and Pacific","Lower",27.4167,27.1024,26.8007,26.529,26.2515,25.9602,25.6317,25.2131,24.7619,24.2211,23.5795,22.9426,22.2285,21.5416,20.8978,20.2127,19.5482,18.8061,18.0592,17.2548,16.3813,15.5302,14.6613,13.8629
"SLB","Solomon Islands","Oceania","Oceania (exc. Australia and New Zealand)","East Asia and Pacific","East Asia and Pacific","Median",30.6522,30.2681,29.9487,29.6825,29.4043,29.1274,28.8262,28.4743,28.08,27.6473,27.2025,26.706,26.2279,25.7768,25.3244,24.9358,24.5171,24.0834,23.5972,23.0305,22.4081,21.8313,21.2263,20.5501
"SLB","Solomon Islands","Oceania","Oceania (exc. Australia and New Zealand)","East Asia and Pacific","East Asia and Pacific","Upper",34.1508,33.7987,33.4228,33.162,32.9421,32.7349,32.5374,32.2813,31.9283,31.6504,31.3699,31.0628,30.833,30.7517,30.6926,30.6089,30.7108,30.7041,30.7233,30.7663,30.6604,30.6415,30.6749,30.8929
"SLE","Sierra Leone","Sub-Saharan Africa","","West and Central Africa","West and Central Africa","Lower",209.0282,203.852,198.6896,193.2439,187.4079,181.4185,175.1825,168.6874,161.8303,154.841,147.8428,140.9277,134.3969,128.1071,125.5754,125.3335,110.6747,105.1227,99.7412,94.4368,89.1282,83.8918,78.8159,73.9307
"SLE","Sierra Leone","Sub-Saharan Africa","","West and Central Africa","West and Central Africa","Median",223.7431,218.246,212.5961,206.7029,200.6252,194.3248,187.6542,180.6151,173.3449,166.0256,158.7101,151.6761,145.0231,138.8379,136.7993,137.6194,122.6631,117.9094,113.3647,109.1465,105.0567,101.4342,97.7457,94.2763
"SLE","Sierra Leone","Sub-Saharan Africa","","West and Central Africa","West and Central Africa","Upper",239.78,233.8155,227.693,221.4249,214.8883,208.0562,201.0558,193.654,186.0902,178.4594,170.6753,163.3441,156.7261,150.748,149.2757,151.2794,136.1966,132.6416,129.7414,127.013,125.0171,123.4325,122.2517,122.0045
"SLV","El Salvador","Latin America and the Caribbean","","Latin America and Caribbean","Latin America and Caribbean","Lower",29.1138,27.3401,25.6831,24.1325,22.641,21.233,19.9524,18.7266,17.58,16.5322,15.5303,14.565,13.6464,12.7237,11.8714,11.061,10.3007,9.5721,8.9029,8.2765,7.7074,7.2278,6.7838,6.4018
"SLV","El Salvador","Latin America and the Caribbean","","Latin America and Caribbean","Latin America and Caribbean","Median",32.2643,30.3835,28.6419,27.0021,25.4589,24.038,22.7183,21.5127,20.3877,19.364,18.4187,17.526,16.7235,15.9412,15.2159,14.5416,13.9019,13.2931,12.7101,12.1701,11.6893,11.2383,10.8177,10.4303
"SLV","El Salvador","Latin America and the Caribbean","","Latin America and Caribbean","Latin America and Caribbean","Upper",35.6578,33.7032,31.9003,30.202,28.6571,27.2007,25.8816,24.7335,23.661,22.6875,21.8394,21.0697,20.4482,19.9101,19.5215,19.1748,18.8784,18.6876,18.5728,18.3588,18.1325,17.9189,17.7832,17.6015
"SMR","San Marino","Europe and Northern America","Europe","Western Europe","Non-programme countries","Lower",3.844,3.5295,3.2403,2.9877,2.7638,2.558,2.3662,2.1957,2.039,1.8932,1.7507,1.6213,1.508,1.398,1.288,1.175,1.0763,0.9884,0.9146,0.8527,0.7992,0.7543,0.7076,0.6669
"SMR","San Marino","Europe and Northern America","Europe","Western Europe","Non-programme countries","Median",5.3607,4.953,4.59,4.246,3.947,3.6822,3.4426,3.2255,3.025,2.8493,2.68,2.537,2.3918,2.2617,2.142,2.0292,1.9301,1.8332,1.7492,1.6708,1.6047,1.5401,1.4793,1.4293
"SMR","San Marino","Europe and Northern America","Europe","Western Europe","Non-programme countries","Upper",7.4577,6.9067,6.438,6.0129,5.6333,5.302,4.996,4.7547,4.5468,4.3515,4.1704,4.0109,3.8604,3.7229,3.6234,3.5227,3.4522,3.3953,3.3219,3.2654,3.2304,3.182,3.1355,3.0795
"SOM","Somalia","Sub-Saharan Africa","","Eastern and Southern Africa","Eastern and Southern Africa","Lower",135.4734,135.4734,135.4734,135.4734,135.4734,135.4097,134.4497,131.1414,125.399,118.3879,131.3831,245.3104,121.5651,91.3067,85.4934,79.7415,74.8027,87.4382,73.728,61.9435,57.9673,54.5459,68.2628,48.3151
"SOM","Somalia","Sub-Saharan Africa","","Eastern and Southern Africa","Eastern and Southern Africa","Median",172.3452,172.3452,172.3452,172.3452,172.3452,172.3017,171.538,169.7211,166.1217,161.8123,185.912,358.5452,184.0544,142.6275,137.7718,133.5592,129.6383,155.3752,136.0078,118.09,114.4448,110.8546,142.8675,104.0192
"SOM","Somalia","Sub-Saharan Africa","","Eastern and Southern Africa","Eastern and Southern Africa","Upper",223.0626,223.0626,223.0626,223.0626,223.0626,223.0521,222.6342,223.0418,223.9333,226.4749,270.9224,541.4323,288.6789,232.1473,234.14,233.7583,234.0344,291.6419,261.2925,233.9613,232.2462,230.9881,306.188,225.9336
"SRB","Serbia","Europe and Northern America","Europe","Eastern Europe and Central Asia","Europe and Central Asia","Lower",12.252,11.6677,10.9791,10.2153,9.3802,8.689,8.1821,7.8572,7.6759,7.4945,7.3143,7.0907,6.8348,6.5825,6.314,6.0753,5.8519,5.6694,5.5447,5.4172,5.3055,5.1785,5.0481,4.8712
"SRB","Serbia","Europe and Northern America","Europe","Eastern Europe and Central Asia","Europe and Central Asia","Median",12.5892,12.04,11.3736,10.5287,9.6949,9.0103,8.5073,8.166,7.9461,7.7689,7.5749,7.3483,7.0951,6.8302,6.5646,6.3154,6.0913,5.911,5.7716,5.6525,5.5283,5.4093,5.3097,5.2326
"SRB","Serbia","Europe and Northern America","Europe","Eastern Europe and Central Asia","Europe and Central Asia","Upper",12.9327,12.4431,11.7936,10.8489,9.9908,9.3162,8.8166,8.4577,8.2122,8.0632,7.8663,7.6276,7.3778,7.0879,6.8192,6.5609,6.3273,6.1531,6.0067,5.9028,5.7736,5.6504,5.5775,5.6156
"SSD","South Sudan","Sub-Saharan Africa","","Eastern and Southern Africa","Eastern and Southern Africa","Lower",155.1682,147.8131,140.518,133.3013,125.8772,118.3971,110.6457,102.7722,94.0568,85.69,77.9594,70.8744,65.2071,60.1829,104.0633,126.0387,132.1999,129.4662,57.4975,39.8568,36.8655,33.8179,31.1307,28.6311
"SSD","South Sudan","Sub-Saharan Africa","","Eastern and Southern Africa","Eastern and Southern Africa","Median",182.7137,173.8389,165.0959,156.5493,148.3802,140.7792,133.5089,126.9814,120.6365,114.7061,109.3616,104.5235,100.9173,99.2247,182.3313,236.5654,263.9257,278.1872,132.4107,98.7284,98.7284,98.7284,98.7284,98.7284
"SSD","South Sudan","Sub-Saharan Africa","","Eastern and Southern Africa","Eastern and Southern Africa","Upper",214.8817,204.2738,193.4603,183.7318,174.9353,167.637,161.6886,156.8916,152.9364,150.2436,148.3827,147.141,147.1815,151.1299,291.2127,396.0821,462.8875,513.4211,257.2885,202.5881,214.5779,227.0858,239.7546,255.7418
"STP","Sao Tome and Principe","Sub-Saharan Africa","","West and Central Africa","West and Central Africa","Lower",72.3687,67.328,62.307,57.3514,52.532,47.8804,43.5892,39.6142,35.9477,32.4458,29.3155,26.2494,23.4413,20.8698,18.4543,16.2806,14.3653,12.7698,11.391,10.3943,9.5615,8.8895,8.2838,7.701
"STP","Sao Tome and Principe","Sub-Saharan Africa","","West and Central Africa","West and Central Africa","Median",82.1151,76.5691,71.0196,65.6647,60.4628,55.6142,51.0536,46.8395,43.0253,39.4924,36.2805,33.2608,30.4099,27.7436,25.3618,23.1156,21.15,19.4804,18.1032,17.0013,16.0499,15.257,14.5768,13.9416
"STP","Sao Tome and Principe","Sub-Saharan Africa","","West and Central Africa","West and Central Africa","Upper",93.0531,87.0902,81.1213,75.3908,69.8429,64.6084,59.8147,55.4357,51.3924,47.7378,44.5982,41.6422,39.124,36.8015,34.8239,33.0562,31.5001,30.2236,29.0538,28.1426,27.3157,26.7324,26.1165,25.5981
"SUR","Suriname","Latin America and the Caribbean","","Latin America and Caribbean","Latin America and Caribbean","Lower",26.1163,25.1114,24.128,23.2744,22.4407,21.6796,20.9722,20.3394,19.664,18.9757,18.3257,17.7043,17.0499,16.3554,15.5814,14.8841,14.1949,13.5248,12.8675,12.1997,11.5979,10.9797,10.4315,9.8385
"SUR","Suriname","Latin America and the Caribbean","","Latin America and Caribbean","Latin America and Caribbean","Median",31.0518,29.9662,28.9662,28.0789,27.2291,26.4459,25.726,25.0427,24.3966,23.7661,23.1877,22.649,22.1187,21.58,21.0602,20.5345,20.0343,19.5274,18.9586,18.3795,17.8426,17.3137,16.7871,16.2343
"SUR","Suriname","Latin America and the Caribbean","","Latin America and Caribbean","Latin America and Caribbean","Upper",36.7021,35.6391,34.6278,33.6895,32.887,32.0777,31.4025,30.8197,30.2017,29.694,29.2389,28.8238,28.5762,28.3754,28.2831,28.2362,28.3655,28.2484,28.3323,28.4332,28.3102,28.1053,27.8253,27.823
"SVK","Slovakia","Europe and Northern America","Europe","Western Europe","Non-programme countries","Lower",9.3565,9.0333,8.7719,8.5481,8.3078,8.0431,7.7442,7.4356,7.1448,6.8778,6.6529,6.4717,6.3286,6.2107,6.101,5.9917,5.8892,5.7957,5.7342,5.7051,5.7102,5.7322,5.7365,5.7037
"SVK","Slovakia","Europe and Northern America","Europe","Western Europe","Non-programme countries","Median",9.6473,9.3282,9.0621,8.8249,8.5838,8.3047,7.9976,7.6846,7.384,7.1168,6.8869,6.7007,6.5504,6.4303,6.3211,6.2117,6.1058,6.019,5.9602,5.9293,5.9284,5.9586,6.0138,6.0752
"SVK","Slovakia","Europe and Northern America","Europe","Western Europe","Non-programme countries","Upper",9.9372,9.6214,9.3535,9.1131,8.8814,8.5982,8.2817,7.9565,7.6371,7.3596,7.1235,6.9356,6.7884,6.6628,6.5573,6.4394,6.3283,6.2418,6.1798,6.1517,6.1584,6.2045,6.3095,6.4846
"SVN","Slovenia","Europe and Northern America","Europe","Western Europe","Non-programme countries","Lower",5.1568,4.8901,4.6382,4.3968,4.1731,3.9579,3.748,3.5459,3.3511,3.173,3.0093,2.8584,2.7228,2.6066,2.5082,2.4264,2.3606,2.3095,2.2607,2.2107,2.1576,2.092,2.0222,1.9462
"SVN","Slovenia","Europe and Northern America","Europe","Western Europe","Non-programme countries","Median",5.4454,5.162,4.8986,4.6534,4.4196,4.1924,3.9723,3.7617,3.5638,3.3812,3.2145,3.0643,2.9303,2.8138,2.7131,2.627,2.554,2.4909,2.4379,2.3935,2.3557,2.3209,2.2874,2.2467
"SVN","Slovenia","Europe and Northern America","Europe","Western Europe","Non-programme countries","Upper",5.7404,5.4525,5.1923,4.9443,4.6997,4.4635,4.2326,3.9995,3.7842,3.5884,3.4155,3.2622,3.1263,3.0093,2.9034,2.8114,2.7371,2.6724,2.6263,2.5936,2.5761,2.575,2.5936,2.6191
"SWE","Sweden","Europe and Northern America","Europe","Western Europe","Non-programme countries","Lower",3.9511,3.9019,3.831,3.7345,3.6066,3.4668,3.3252,3.1968,3.0936,3.008,2.9484,2.9001,2.8605,2.8318,2.7961,2.7589,2.7128,2.6565,2.5958,2.5336,2.4827,2.4355,2.3786,2.3007
"SWE","Sweden","Europe and Northern America","Europe","Western Europe","Non-programme countries","Median",4.0966,4.049,3.978,3.8742,3.7433,3.5985,3.4521,3.3221,3.2158,3.13,3.0621,3.0116,2.9724,2.9384,2.9037,2.8634,2.8158,2.7606,2.7005,2.6416,2.5888,2.5451,2.5081,2.4747
"SWE","Sweden","Europe and Northern America","Europe","Western Europe","Non-programme countries","Upper",4.2487,4.2056,4.1396,4.0247,3.8874,3.7334,3.5813,3.4508,3.3361,3.2487,3.1777,3.1278,3.0869,3.0509,3.0198,2.9784,2.9295,2.8711,2.8074,2.7502,2.6982,2.6618,2.6467,2.6619
"SWZ","Eswatini","Sub-Saharan Africa","","Eastern and Southern Africa","Eastern and Southern Africa","Lower",98.9061,102.0689,103.566,104.7448,104.933,104.0868,94.7979,89.5052,87.4189,81.85,71.8821,59.3657,54.9606,52.3897,51.6133,48.2436,44.6467,42.8147,39.1623,38.5367,36.1291,33.7055,32.0422,30.3911
"SWZ","Eswatini","Sub-Saharan Africa","","Eastern and Southern Africa","Eastern and Southern Africa","Median",109.1049,112.5644,114.3189,115.703,116.2088,115.5478,105.3493,100.0301,98.1986,92.4934,81.7843,68.1355,63.8349,61.6177,61.7429,58.6347,55.3145,54.2683,50.9627,51.6436,49.817,47.6438,46.1928,45.0093
"SWZ","Eswatini","Sub-Saharan Africa","","Eastern and Southern Africa","Eastern and Southern Africa","Upper",121.0546,124.9007,126.9408,128.5706,129.253,128.659,117.807,112.2841,110.8465,105.06,93.3675,78.2464,74.0941,72.5091,73.9551,71.7729,69.6149,70.3684,68.132,71.049,70.22,68.7964,68.4996,68.1734
"SYC","Seychelles","Sub-Saharan Africa","","Eastern and Southern Africa","Non-programme countries","Lower",12.3962,12.3608,12.3604,12.366,12.3979,12.4343,12.4727,12.514,12.5755,12.6424,12.7122,12.7988,12.8758,12.9604,13.0282,13.0842,13.1029,13.0861,12.9659,12.7761,12.4526,12.0388,11.5276,10.9695
"SYC","Seychelles","Sub-Saharan Africa","","Eastern and Southern Africa","Non-programme countries","Median",13.7663,13.7475,13.7365,13.743,13.7527,13.7788,13.8286,13.8835,13.9406,14.0097,14.0911,14.1779,14.2721,14.3753,14.4705,14.5489,14.6202,14.6859,14.7568,14.8101,14.8062,14.7032,14.5086,14.2543
"SYC","Seychelles","Sub-Saharan Africa","","Eastern and Southern Africa","Non-programme countries","Upper",15.2941,15.2791,15.2697,15.2812,15.2935,15.3118,15.3421,15.3833,15.4396,15.5075,15.6096,15.7331,15.8575,15.9823,16.0718,16.1879,16.3388,16.5406,16.847,17.1923,17.6003,17.9569,18.2603,18.4964
"SYR","Syrian Arab Republic","Northern Africa and Western Asia","Western Asia","Middle East and North Africa","Middle East and North Africa","Lower",20.8498,20.0056,19.3288,18.7115,18.2009,17.7449,17.3042,16.8824,16.4364,15.9833,15.5131,17.0941,25.6092,26.3368,24.141,23.955,19.7419,19.0711,17.9879,13.2842,11.5547,10.6031,10.5015,10.0496
"SYR","Syrian Arab Republic","Northern Africa and Western Asia","Western Asia","Middle East and North Africa","Middle East and North Africa","Median",23.1779,22.2881,21.5183,20.8601,20.302,19.8366,19.4584,19.186,19.0404,18.9514,18.9599,21.6706,33.8595,36.5341,35.3061,36.9586,32.2078,32.9603,32.6003,24.9614,22.3684,20.9895,21.1242,20.5551
"SYR","Syrian Arab Republic","Northern Africa and Western Asia","Western Asia","Middle East and North Africa","Middle East and North Africa","Upper",25.7086,24.7711,23.9756,23.3186,22.8204,22.4479,22.1781,22.0505,22.032,22.16,22.3651,25.7884,40.5207,43.9532,42.6066,44.8939,39.5177,41.0815,41.6846,32.9252,30.393,29.5421,30.752,31.0822
"TCA","Turks and Caicos Islands","Latin America and the Caribbean","","Latin America and Caribbean","Latin America and Caribbean","Lower",8.551,8.3537,8.1975,7.9337,7.6057,7.1898,6.7249,6.2376,5.775,5.3258,4.9087,4.5207,4.1375,3.7636,3.4331,3.1393,2.8748,2.6167,2.404,2.2357,2.0963,1.9787,1.8697,1.7845
"TCA","Turks and Caicos Islands","Latin America and the Caribbean","","Latin America and Caribbean","Latin America and Caribbean","Median",10.6674,10.1647,9.7245,9.3263,8.9747,8.6562,8.3807,8.1349,7.918,7.7307,7.5406,7.3757,7.2251,7.0774,6.949,6.8298,6.7043,6.5726,6.4296,6.2836,6.1134,5.9583,5.7922,5.6122
"TCA","Turks and Caicos Islands","Latin America and the Caribbean","","Latin America and Caribbean","Latin America and Caribbean","Upper",13.3714,12.4587,11.6515,11.0057,10.6103,10.3909,10.357,10.4678,10.6846,10.9729,11.2957,11.7497,12.2505,12.8476,13.4911,14.2192,14.9822,15.6799,16.1744,16.5423,16.7676,16.767,16.674,16.4842
"TCD","Chad","Sub-Saharan Africa","","West and Central Africa","West and Central Africa","Lower",169.7261,166.3838,163.1323,159.772,156.4379,153.0173,149.3783,145.5194,141.6158,137.4773,133.2605,128.8377,124.1739,119.5243,114.9481,110.282,105.1207,99.6841,94.1336,88.38,82.8181,77.7354,72.7986,68.3744
"TCD","Chad","Sub-Saharan Africa","","West and Central Africa","West and Central Africa","Median",183.5534,180.2068,176.7784,173.4145,170.0316,166.5243,162.8507,159.1553,155.3713,151.5465,147.6896,143.8859,140.0975,136.4811,132.9515,129.2741,125.6635,121.9799,118.3343,114.6344,111.0052,107.5729,104.3333,101.1315
"TCD","Chad","Sub-Saharan Africa","","West and Central Africa","West and Central Africa","Upper",198.5978,195.2136,191.7889,188.3421,184.949,181.4246,177.8475,174.3759,170.7927,167.0916,164.0754,160.9732,158.4248,155.8503,153.2427,150.7888,149.322,148.5106,147.8817,147.485,147.9125,147.9227,148.1189,148.6147
"TGO","Togo","Sub-Saharan Africa","","West and Central Africa","West and Central Africa","Lower",111.5901,108.1027,104.6914,101.3621,98.1509,95.0374,92.0631,89.2903,86.5589,83.805,81.0016,78.0877,75.2365,72.2806,69.2388,66.1912,63.1127,60.2175,57.0492,53.9012,50.6644,47.5093,44.3992,41.5265
"TGO","Togo","Sub-Saharan Africa","","West and Central Africa","West and Central Africa","Median",119.5919,115.9918,112.5225,109.1184,105.8615,102.719,99.719,96.9033,94.1056,91.3984,88.6534,85.947,83.2877,80.6971,78.0909,75.5915,73.191,70.8731,68.5785,66.3164,64.27,62.2125,60.2442,58.2898
"TGO","Togo","Sub-Saharan Africa","","West and Central Africa","West and Central Africa","Upper",128.4329,124.7412,121.2045,117.8364,114.5098,111.3006,108.3344,105.5808,102.7846,100.1686,97.5295,95.0375,92.6467,90.4252,88.5029,86.7204,84.9973,83.4001,82.298,81.6682,81.579,81.7619,81.2759,81.3343
"THA","Thailand","Eastern and South-Eastern Asia","South-Eastern Asia","East Asia and Pacific","East Asia and Pacific","Lower",19.1962,18.2066,17.2737,16.3798,15.6067,14.8564,14.184,13.526,12.9791,12.4701,11.9698,11.5334,11.1575,10.8208,10.5251,10.2768,10.0239,9.7781,9.5612,9.342,9.1069,8.8535,8.569,8.2448
"THA","Thailand","Eastern and South-Eastern Asia","South-Eastern Asia","East Asia and Pacific","East Asia and Pacific","Median",21.7817,20.7553,19.8084,18.9162,18.0865,17.3022,16.5774,15.9177,15.2826,14.7053,14.1678,13.6571,13.1778,12.7268,12.2967,11.8896,11.5032,11.1327,10.7774,10.4224,10.1047,9.7912,9.4917,9.2139
"THA","Thailand","Eastern and South-Eastern Asia","South-Eastern Asia","East Asia and Pacific","East Asia and Pacific","Upper",24.0342,22.9862,21.9818,21.0121,20.1038,19.2449,18.4282,17.6581,16.9184,16.2317,15.5938,15.0003,14.4393,13.9315,13.4773,13.0741,12.7311,12.4314,12.1626,11.9432,11.7805,11.6455,11.5683,11.5267
"TJK","Tajikistan","Central and Southern Asia","Central Asia","Eastern Europe and Central Asia","Europe and Central Asia","Lower",71.7751,65.6838,59.874,54.7315,49.9934,45.95,42.3703,39.2934,36.831,34.7694,32.826,31.0737,29.5373,28.2716,27.2119,26.2115,25.2821,24.4735,23.9589,23.5921,23.2435,22.6083,21.6282,20.4871
"TJK","Tajikistan","Central and Southern Asia","Central Asia","Eastern Europe and Central Asia","Europe and Central Asia","Median",79.7138,73.4064,67.4594,61.8058,56.7116,52.153,48.17,44.7182,41.7272,39.217,37.0265,35.1666,33.5661,32.2609,31.1636,30.2001,29.3879,28.7746,28.3456,28.1153,27.9884,27.8586,27.6672,27.3212
"TJK","Tajikistan","Central and Southern Asia","Central Asia","Eastern Europe and Central Asia","Europe and Central Asia","Upper",88.5517,82.0106,75.7285,69.4936,63.982,58.9552,54.4915,50.6976,47.1378,44.0434,41.5189,39.5367,38.0086,36.7072,35.5783,34.6585,34.0201,33.6174,33.4164,33.4599,33.6727,34.2749,35.3756,36.6854
"TKM","Turkmenistan","Central and Southern Asia","Central Asia","Eastern Europe and Central Asia","Europe and Central Asia","Lower",60.495,56.8582,52.8141,48.8306,45.2465,42.1029,39.4846,37.4105,35.9325,34.7842,34.1205,33.8769,33.6547,33.7879,33.8615,33.8099,33.4245,32.7115,31.7669,30.515,29.0474,27.5363,25.9086,24.4209
"TKM","Turkmenistan","Central and Southern Asia","Central Asia","Eastern Europe and Central Asia","Europe and Central Asia","Median",69.7496,66.0865,62.379,58.8461,55.5661,52.4987,49.8798,47.7015,45.9591,44.5431,43.5622,42.9213,42.5385,42.4729,42.5488,42.914,43.3302,43.6649,43.6489,43.3013,42.599,41.8227,40.9648,39.9547
"TKM","Turkmenistan","Central and Southern Asia","Central Asia","Eastern Europe and Central Asia","Europe and Central Asia","Upper",80.2481,76.7273,73.1702,69.9066,67.043,64.602,62.3017,60.3826,58.5966,57.2461,55.9233,54.8649,54.0856,53.7221,53.6117,53.9216,54.9889,56.7255,58.619,60.4768,62.242,63.498,64.6107,65.2185
"TLS","Timor-Leste","Eastern and South-Eastern Asia","South-Eastern Asia","East Asia and Pacific","East Asia and Pacific","Lower",100.5542,95.8406,91.1824,86.801,82.4846,78.3701,74.6056,71.034,67.5229,64.2838,61.4103,58.7403,56.1351,53.8031,51.4972,49.4888,47.5767,45.7569,43.9312,42.1983,40.4134,38.5214,36.6639,34.8045
"TLS","Timor-Leste","Eastern and South-Eastern Asia","South-Eastern Asia","East Asia and Pacific","East Asia and Pacific","Median",110.5231,105.5438,100.7108,96.0847,91.6979,87.5332,83.6449,80.0729,76.7993,73.8111,71.1155,68.5717,66.3157,64.2301,62.3466,60.6457,59.1374,57.7713,56.6311,55.529,54.219,52.8445,51.4215,49.9534
"TLS","Timor-Leste","Eastern and South-Eastern Asia","South-Eastern Asia","East Asia and Pacific","East Asia and Pacific","Upper",121.5167,116.0611,110.9703,106.0781,101.4256,97.1251,93.1561,89.5313,86.1419,83.0397,80.2049,77.726,75.5171,73.6392,72.3475,71.4453,71.1039,71.2466,72.0564,72.9943,73.6035,73.9534,73.7596,73.6626
"TON","Tonga","Oceania","Oceania (exc. Australia and New Zealand)","East Asia and Pacific","East Asia and Pacific","Lower",14.6505,14.287,13.9143,13.5482,13.1931,12.8792,12.5562,12.2232,11.9087,11.5976,11.2641,10.9145,10.5562,10.1867,9.8372,9.467,9.1102,8.718,8.2974,7.9107,7.5386,7.1786,6.8232,6.4871
"TON","Tonga","Oceania","Oceania (exc. Australia and New Zealand)","East Asia and Pacific","East Asia and Pacific","Median",16.9747,16.5405,16.0846,15.6437,15.223,14.8274,14.4309,14.0578,13.7249,13.4202,13.131,12.8625,12.6145,12.3848,12.167,11.9355,11.6845,11.4675,11.2322,10.9979,10.7503,10.476,10.1973,9.9297
"TON","Tonga","Oceania","Oceania (exc. Australia and New Zealand)","East Asia and Pacific","East Asia and Pacific","Upper",19.6719,19.1595,18.6426,18.1442,17.6316,17.1279,16.6543,16.2289,15.8947,15.5955,15.3543,15.1617,15.0523,14.9855,14.9475,14.9278,14.913,14.971,15.0329,15.0679,15.1131,15.0468,14.9796,14.9188
"TTO","Trinidad and Tobago","Latin America and the Caribbean","","Latin America and Caribbean","Latin America and Caribbean","Lower",24.8076,24.3753,23.9357,23.4869,22.9874,22.5003,22.014,21.5068,20.981,20.4326,19.9117,19.316,18.7887,18.1893,17.6793,17.0872,16.5377,15.9141,15.3132,14.6941,14.1158,13.5451,12.9374,12.2998
"TTO","Trinidad and Tobago","Latin America and the Caribbean","","Latin America and Caribbean","Latin America and Caribbean","Median",28.8406,28.4446,28.0539,27.6433,27.2414,26.8259,26.3815,25.9474,25.5036,25.0668,24.6636,24.2564,23.8494,23.4652,23.0358,22.6211,22.2231,21.81,21.4368,21.0332,20.614,20.1214,19.5602,19.0716
"TTO","Trinidad and Tobago","Latin America and the Caribbean","","Latin America and Caribbean","Latin America and Caribbean","Upper",33.8421,33.533,33.1853,32.9076,32.5341,32.2622,31.9597,31.6503,31.2738,31.0363,30.8033,30.4957,30.3525,30.1722,30.1247,30.0497,30.0761,30.0932,30.2183,30.2972,30.3993,30.3451,30.4188,30.2157
"TUN","Tunisia","Northern Africa and Western Asia","Northern Africa","Middle East and North Africa","Middle East and North Africa","Lower",25.689,24.0828,22.7316,21.5978,20.6986,20.0165,19.4873,19.0712,18.6861,18.2744,17.9086,17.653,17.5526,17.5615,17.654,17.7432,17.7339,17.5708,17.1764,16.5342,15.6725,14.631,13.4462,12.2541
"TUN","Tunisia","Northern Africa and Western Asia","Northern Africa","Middle East and North Africa","Middle East and North Africa","Median",29.1846,27.2299,25.4818,23.9779,22.6901,21.5986,20.6955,19.9781,19.4171,19.0007,18.7176,18.5237,18.4051,18.3373,18.2829,18.2221,18.1202,17.9141,17.518,16.8647,15.982,14.9628,13.9014,12.9066
"TUN","Tunisia","Northern Africa and Western Asia","Northern Africa","Middle East and North Africa","Middle East and North Africa","Upper",33.2383,30.8183,28.628,26.6583,24.8411,23.2908,21.9742,20.9184,20.1786,19.761,19.5517,19.4218,19.284,19.1197,18.93,18.7239,18.521,18.2594,17.8766,17.2092,16.3158,15.3051,14.3422,13.5762
"TUR","Türkiye","Northern Africa and Western Asia","Western Asia","Eastern Europe and Central Asia","Europe and Central Asia","Lower",34.4109,31.8693,29.4877,27.3014,25.2702,23.379,21.67,20.1223,18.7372,17.4904,16.3564,15.3429,14.4775,13.6863,12.9859,12.3402,11.7316,11.1806,10.6296,10.0792,9.5192,8.9822,8.4463,10.9928
"TUR","Türkiye","Northern Africa and Western Asia","Western Asia","Eastern Europe and Central Asia","Europe and Central Asia","Median",37.4279,34.7424,32.2214,29.8771,27.6944,25.6769,23.8036,22.1035,20.5513,19.1643,17.9004,16.7799,15.7713,14.866,14.0478,13.3107,12.6462,12.0434,11.493,10.9857,10.5194,10.0724,9.644,12.7913
"TUR","Türkiye","Northern Africa and Western Asia","Western Asia","Eastern Europe and Central Asia","Europe and Central Asia","Upper",40.8479,37.9811,35.2347,32.6846,30.2869,28.0791,26.0398,24.1398,22.4098,20.8672,19.4539,18.1922,17.0505,16.0396,15.1315,14.3058,13.5865,12.9652,12.4364,12.011,11.6402,11.3656,11.1402,15.1544
"TUV","Tuvalu","Oceania","Oceania (exc. Australia and New Zealand)","East Asia and Pacific","East Asia and Pacific","Lower",38.6438,37.5648,36.5604,35.656,34.6396,33.4936,32.1618,30.6389,28.9251,27.2208,25.6187,24.0543,22.4732,20.9706,19.4809,18.1314,16.8075,15.5825,14.4846,13.4856,12.6777,11.9259,11.2396,10.5854
"TUV","Tuvalu","Oceania","Oceania (exc. Australia and New Zealand)","East Asia and Pacific","East Asia and Pacific","Median",42.6238,41.5822,40.6703,39.8235,38.9167,37.9632,36.8212,35.5553,34.1629,32.7666,31.4412,30.2193,29.093,28.0411,27.0691,26.1204,25.2087,24.3053,23.509,22.7072,21.924,21.2408,20.5498,19.8913
"TUV","Tuvalu","Oceania","Oceania (exc. Australia and New Zealand)","East Asia and Pacific","East Asia and Pacific","Upper",47.0599,45.9342,45.0705,44.3365,43.6854,42.9434,42.1089,41.209,40.2602,39.2576,38.4765,37.8191,37.4393,37.127,37.0695,37.1683,37.3213,37.6788,37.7682,37.4533,37.2092,36.9932,36.8139,36.4347
"TZA","United Republic of Tanzania","Sub-Saharan Africa","","Eastern and Southern Africa","Eastern and Southern Africa","Lower",120.7797,113.5947,105.9055,98.6933,92.0638,86.1345,80.8922,75.8036,71.4305,67.0048,63.2569,59.7954,56.9619,54.2958,51.5829,49.4907,47.0249,44.6702,42.2236,39.7969,37.4738,34.8898,32.6082,30.4515
"TZA","United Republic of Tanzania","Sub-Saharan Africa","","Eastern and Southern Africa","Eastern and Southern Africa","Median",128.3945,120.6188,112.7779,105.296,98.5523,92.3693,86.9034,81.5553,77.0393,72.4476,68.6158,65.0026,62.1381,59.4513,56.709,54.7833,52.4521,50.2361,48.002,45.9963,44.1638,42.1676,40.4822,38.857
"TZA","United Republic of Tanzania","Sub-Saharan Africa","","Eastern and Southern Africa","Eastern and Southern Africa","Upper",136.7909,128.4638,120.0395,112.3028,105.3377,99.0634,93.3921,87.7872,83.0436,78.3628,74.3458,70.606,67.7081,65.0514,62.4145,60.5781,58.4265,56.5244,54.6704,53.2502,52.0802,50.8,49.9997,49.0868
"UGA","Uganda","Sub-Saharan Africa","","Eastern and Southern Africa","Eastern and Southern Africa","Lower",136.7982,130.243,123.0962,115.5597,107.7699,100.1996,93.096,86.6621,80.7397,75.5134,70.3256,65.1889,60.7759,56.3947,52.5892,48.5419,44.2252,40.6883,37.364,34.3844,31.6869,29.1762,27.3425,25.2468
"UGA","Uganda","Sub-Saharan Africa","","Eastern and Southern Africa","Eastern and Southern Africa","Median",145.6293,138.8029,131.189,123.0581,114.8616,106.9694,99.6991,92.9791,86.8923,81.4461,76.1319,71.0435,66.6845,62.4458,59.1305,55.8437,52.481,49.8438,47.3977,45.3076,43.5091,41.7865,40.4933,38.8077
"UGA","Uganda","Sub-Saharan Africa","","Eastern and Southern Africa","Eastern and Southern Africa","Upper",154.7393,147.7687,139.7304,131.1789,122.6423,114.3712,106.721,99.8204,93.5174,87.8876,82.4686,77.417,73.2774,69.1587,66.5673,64.3629,62.393,61.3456,60.509,59.7721,59.3094,59.0232,59.214,58.5344
"UKR","Ukraine","Europe and Northern America","Europe","Eastern Europe and Central Asia","Europe and Central Asia","Lower",16.6503,15.9831,15.3053,14.7381,14.2825,13.9027,13.5357,13.0825,12.5402,11.9564,11.3802,10.8436,10.336,9.8853,9.4894,9.1408,8.8619,8.6144,8.406,8.236,8.073,7.87,7.9699,7.3253
"UKR","Ukraine","Europe and Northern America","Europe","Eastern Europe and Central Asia","Europe and Central Asia","Median",18.2873,17.455,16.6097,15.8216,15.0977,14.4819,13.9514,13.4377,12.8873,12.3029,11.7226,11.1675,10.654,10.1963,9.7913,9.442,9.145,8.8957,8.682,8.5017,8.3546,8.2304,8.5244,8.0727
"UKR","Ukraine","Europe and Northern America","Europe","Eastern Europe and Central Asia","Europe and Central Asia","Upper",20.4229,19.2744,18.0768,16.8689,15.8399,14.9948,14.3287,13.8068,13.27,12.6821,12.0771,11.5009,10.9837,10.4981,10.0876,9.7441,9.4486,9.1993,8.9592,8.7657,8.6555,8.6712,9.2238,9.0402
"URY","Uruguay","Latin America and the Caribbean","","Latin America and Caribbean","Latin America and Caribbean","Lower",16.605,16.1491,15.8026,15.3761,14.7834,14.0196,13.1855,12.3577,11.586,10.9518,10.4428,10.0367,9.7083,9.3863,9.0326,8.6248,8.1995,7.7836,7.4084,7.095,6.8321,6.5909,6.3409,6.0748
"URY","Uruguay","Latin America and the Caribbean","","Latin America and Caribbean","Latin America and Caribbean","Median",17.0021,16.5502,16.1893,15.7709,15.1643,14.3958,13.5494,12.7063,11.9402,11.3031,10.7931,10.3805,10.0414,9.7083,9.3337,8.9214,8.491,8.0689,7.6932,7.3879,7.146,6.9568,6.8049,6.6625
"URY","Uruguay","Latin America and the Caribbean","","Latin America and Caribbean","Latin America and Caribbean","Upper",17.4176,16.9708,16.5935,16.1695,15.5569,14.7758,13.9222,13.069,12.3036,11.659,11.1498,10.7459,10.3791,10.032,9.6403,9.2208,8.7894,8.3663,7.9932,7.6881,7.4689,7.3479,7.3188,7.3371
"USA","United States","Europe and Northern America","Northern America","North America","Non-programme countries","Lower",8.3095,8.1935,8.0931,8.0098,7.9228,7.8327,7.7298,7.6129,7.4831,7.3431,7.2047,7.0726,6.9516,6.8445,6.7443,6.6534,6.5697,6.494,6.4291,6.3792,6.3555,6.3462,6.3302,6.2914
"USA","United States","Europe and Northern America","Northern America","North America","Non-programme countries","Median",8.4494,8.3324,8.231,8.1416,8.0551,7.9627,7.8583,7.7369,7.5984,7.4524,7.3065,7.1663,7.0411,6.9334,6.838,6.7515,6.6728,6.6009,6.5395,6.4926,6.4688,6.463,6.4701,6.479
"USA","United States","Europe and Northern America","Northern America","North America","Non-programme countries","Upper",8.5849,8.4674,8.3672,8.2769,8.1931,8.1029,7.9955,7.8695,7.719,7.5622,7.4052,7.2592,7.1318,7.022,6.9305,6.8489,6.777,6.7098,6.6485,6.6051,6.5801,6.577,6.6101,6.6738
"UZB","Uzbekistan","Central and Southern Asia","Central Asia","Eastern Europe and Central Asia","Europe and Central Asia","Lower",54.1116,51.4231,48.4865,45.2993,42.1749,39.1436,36.0721,33.1755,30.5129,28.0872,25.9081,23.9569,22.2076,20.6683,19.3368,18.1435,17.0801,16.0773,15.2163,14.4622,13.8366,13.305,12.7638,12.1408
"UZB","Uzbekistan","Central and Southern Asia","Central Asia","Eastern Europe and Central Asia","Europe and Central Asia","Median",61.4994,58.7826,55.7363,52.5064,49.1602,45.7467,42.3723,39.0335,35.8611,32.8666,30.0917,27.5404,25.2424,23.1844,21.3759,19.8161,18.4655,17.3402,16.418,15.649,14.9839,14.3919,13.8365,13.3206
"UZB","Uzbekistan","Central and Southern Asia","Central Asia","Eastern Europe and Central Asia","Europe and Central Asia","Upper",70.1047,67.4385,64.577,61.4175,58.0692,54.299,50.5264,46.5794,42.6764,38.8185,35.111,31.5194,28.2828,25.3475,22.8844,20.8798,19.3982,18.3032,17.4055,16.6847,16.0496,15.5717,15.3017,15.2279
"VCT","Saint Vincent and the Grenadines","Latin America and the Caribbean","","Latin America and Caribbean","Latin America and Caribbean","Lower",20.8169,20.7843,20.751,20.7719,20.7836,20.8298,20.8664,20.774,20.5634,20.1786,19.619,18.9189,18.0983,17.1826,16.245,15.2638,14.2614,13.2465,12.2226,11.2046,10.305,9.4998,8.7741,8.1366
"VCT","Saint Vincent and the Grenadines","Latin America and the Caribbean","","Latin America and Caribbean","Latin America and Caribbean","Median",22.4707,22.4609,22.4339,22.4659,22.5133,22.5739,22.6058,22.5473,22.3363,21.9487,21.3758,20.6308,19.7845,18.849,17.8715,16.8605,15.8555,14.8786,13.9364,13.0599,12.3066,11.655,11.1154,10.6435
"VCT","Saint Vincent and the Grenadines","Latin America and the Caribbean","","Latin America and Caribbean","Latin America and Caribbean","Upper",24.2251,24.2592,24.2602,24.3117,24.3629,24.4521,24.4942,24.4453,24.2574,23.866,23.2857,22.531,21.663,20.6764,19.6453,18.6466,17.6395,16.7023,15.884,15.2248,14.7228,14.3439,14.0602,13.8702
"VEN","Venezuela (Bolivarian Republic of)","Latin America and the Caribbean","","Latin America and Caribbean","Latin America and Caribbean","Lower",21.1123,20.4711,19.9696,19.4183,18.8008,18.152,17.5778,17.1257,16.8412,16.7832,16.846,17.0156,17.252,17.5202,17.693,18.2344,22.4085,21.6141,20.7065,19.78,18.8225,17.8593,16.8632,15.9231
"VEN","Venezuela (Bolivarian Republic of)","Latin America and the Caribbean","","Latin America and Caribbean","Latin America and Caribbean","Median",21.5145,20.861,20.3384,19.7844,19.1485,18.4999,17.9079,17.4458,17.1718,17.104,17.1852,17.3489,17.5884,17.9088,18.2828,19.2052,24.2627,24.2581,24.2574,24.2574,24.2574,24.2574,24.2574,24.2574
"VEN","Venezuela (Bolivarian Republic of)","Latin America and the Caribbean","","Latin America and Caribbean","Latin America and Caribbean","Upper",21.9259,21.2476,20.7077,20.1652,19.5127,18.8573,18.2495,17.7749,17.5014,17.4276,17.527,17.6971,17.943,18.3196,18.8789,20.2606,26.3442,27.3082,28.4103,29.6948,31.2168,32.9406,34.8437,36.9622
"VGB","British Virgin Islands","Latin America and the Caribbean","","Latin America and Caribbean","Latin America and Caribbean","Lower",13.8199,13.565,13.3683,13.1926,13.0072,12.8706,12.7411,12.6078,12.4463,12.2738,12.0808,11.8364,11.4858,11.1173,10.7031,10.2863,9.8096,9.3217,8.8878,8.409,8.0239,7.5826,7.1964,6.8251
"VGB","British Virgin Islands","Latin America and the Caribbean","","Latin America and Caribbean","Latin America and Caribbean","Median",16.8253,16.5893,16.3393,16.1348,15.9611,15.8503,15.7712,15.6916,15.6552,15.6394,15.604,15.6027,15.614,15.6415,15.59,15.4788,15.2376,14.9521,14.6048,14.2576,13.9148,13.5157,13.1325,12.732
"VGB","British Virgin Islands","Latin America and the Caribbean","","Latin America and Caribbean","Latin America and Caribbean","Upper",20.3875,20.117,19.9226,19.7401,19.6257,19.5724,19.6095,19.6385,19.7633,19.9524,20.269,20.7297,21.2313,21.9155,22.6278,23.1452,23.4592,23.6111,23.6675,23.6698,23.7028,23.6857,23.5144,23.4033
"VNM","Viet Nam","Eastern and South-Eastern Asia","South-Eastern Asia","East Asia and Pacific","East Asia and Pacific","Lower",25.2839,24.0799,23.0882,22.3205,21.6969,21.2636,20.9824,20.9048,20.9074,20.9714,21.0482,21.1058,21.0952,21.0032,20.8781,20.7389,20.5037,20.2547,19.923,19.5091,18.9786,18.379,17.6625,16.8135
"VNM","Viet Nam","Eastern and South-Eastern Asia","South-Eastern Asia","East Asia and Pacific","East Asia and Pacific","Median",29.8261,28.568,27.4356,26.5077,25.7077,25.0203,24.4556,23.9829,23.6187,23.3188,23.0547,22.8358,22.613,22.396,22.1782,21.9669,21.7507,21.5484,21.3677,21.1853,20.9729,20.7403,20.4337,20.0478
"VNM","Viet Nam","Eastern and South-Eastern Asia","South-Eastern Asia","East Asia and Pacific","East Asia and Pacific","Upper",34.2337,32.8779,31.6742,30.5748,29.5978,28.6341,27.7718,26.9735,26.2749,25.6455,25.0818,24.5924,24.1442,23.7983,23.5174,23.2827,23.0903,22.9425,22.8969,22.9718,23.2398,23.5703,23.8567,24.0445
"VUT","Vanuatu","Oceania","Oceania (exc. Australia and New Zealand)","East Asia and Pacific","East Asia and Pacific","Lower",23.0885,22.6885,22.3294,21.9303,21.5246,21.0847,20.6171,20.0899,19.5015,18.8537,18.2014,17.5297,16.8924,16.3209,15.8369,15.4761,15.1312,14.8124,14.4399,14.0245,13.51,12.9768,12.4793,11.9075
"VUT","Vanuatu","Oceania","Oceania (exc. Australia and New Zealand)","East Asia and Pacific","East Asia and Pacific","Median",26.7992,26.303,25.8438,25.3958,24.9673,24.5138,24.0113,23.3953,22.7058,21.9583,21.1961,20.4776,19.8679,19.3803,18.9711,18.6611,18.4229,18.2116,18.0274,17.8405,17.6592,17.4184,17.149,16.7955
"VUT","Vanuatu","Oceania","Oceania (exc. Australia and New Zealand)","East Asia and Pacific","East Asia and Pacific","Upper",31.1445,30.5445,30.0353,29.5806,29.178,28.7192,28.1775,27.4683,26.5454,25.6128,24.7339,23.9713,23.319,22.8734,22.5703,22.4348,22.3445,22.3968,22.5106,22.799,23.2257,23.695,23.8775,23.9966
"WSM","Samoa","Oceania","Oceania (exc. Australia and New Zealand)","East Asia and Pacific","East Asia and Pacific","Lower",18.7126,18.137,17.665,17.3105,17.1175,17.0096,16.9788,17.0178,17.0064,22.3179,16.9511,16.8044,16.5494,16.2239,15.8422,15.3673,14.8709,14.2846,13.652,15.0379,12.2837,11.6463,10.9987,10.3768
"WSM","Samoa","Oceania","Oceania (exc. Australia and New Zealand)","East Asia and Pacific","East Asia and Pacific","Median",21.1822,20.5563,20.0334,19.6507,19.3876,19.2768,19.2579,19.2884,19.3442,25.4037,19.3406,19.2454,19.1051,18.9252,18.7092,18.5232,18.3259,18.1125,17.8224,20.2293,17.0308,16.5954,16.1639,15.703
"WSM","Samoa","Oceania","Oceania (exc. Australia and New Zealand)","East Asia and Pacific","East Asia and Pacific","Upper",23.8676,23.1784,22.6529,22.2362,21.9544,21.7875,21.7504,21.7432,21.8192,28.7229,21.9554,21.9808,21.9671,22.0282,22.1682,22.402,22.8012,23.1986,23.5004,27.5509,23.886,23.8946,23.9115,23.9336
"YEM","Yemen","Northern Africa and Western Asia","Western Asia","Middle East and North Africa","Middle East and North Africa","Lower",85.7111,81.3121,76.884,72.4761,68.2585,64.3474,60.5987,57.172,54.1547,51.4822,49.2164,47.3866,45.8257,43.9089,42.7956,43.1254,41.6906,40.3513,40.2775,38.9881,36.2612,35.1406,33.2535,31.3234
"YEM","Yemen","Northern Africa and Western Asia","Western Asia","Middle East and North Africa","Middle East and North Africa","Median",93.1563,88.3764,83.599,79.0369,74.7161,70.6331,66.8058,63.3141,60.1739,57.3981,54.9291,52.9675,51.4128,49.4648,48.3922,49.021,47.7155,46.5747,46.9535,45.9102,43.1629,42.3759,40.8351,39.2535
"YEM","Yemen","Northern Africa and Western Asia","Western Asia","Middle East and North Africa","Middle East and North Africa","Upper",100.8258,95.644,90.5859,85.749,81.2803,77.0301,73.069,69.4666,66.2791,63.4565,61.0703,59.0242,57.5435,55.5776,54.7287,55.8331,54.8153,53.9716,54.8324,54.2464,51.9052,51.83,50.878,49.9686
"ZAF","South Africa","Sub-Saharan Africa","","Eastern and Southern Africa","Eastern and Southern Africa","Lower",65.8601,69.1728,71.5977,74.0137,75.7134,75.3237,72.8846,67.6209,60.321,53.452,46.8172,42.1967,39.7414,38.3932,37.1514,35.8764,34.5044,33.3682,32.5325,32.074,31.7777,31.7813,31.5243,30.9865
"ZAF","South Africa","Sub-Saharan Africa","","Eastern and Southern Africa","Eastern and Southern Africa","Median",71.0658,74.3042,76.8527,79.2761,81.0071,80.2724,77.5499,71.871,64.1783,57.0301,50.0103,45.0471,42.4682,40.9534,39.5766,38.2333,36.8362,35.7602,34.9198,34.482,34.072,34.1356,34.3661,34.6506
"ZAF","South Africa","Sub-Saharan Africa","","Eastern and Southern Africa","Eastern and Southern Africa","Upper",76.4544,79.4889,81.9691,84.4137,86.2306,85.421,82.4332,76.4567,68.4117,60.9971,53.521,48.2287,45.393,43.6587,42.1464,40.6682,39.2195,38.2129,37.3589,36.9232,36.409,36.5573,37.3224,38.7895
"ZMB","Zambia","Sub-Saharan Africa","","Eastern and Southern Africa","Eastern and Southern Africa","Lower",142.3274,134.2786,125.0441,115.5949,105.8135,97.116,89.9144,84.7085,79.8616,74.1445,69.9624,67.4131,64.7298,61.5045,58.1433,55.765,53.0553,49.9711,48.6083,47.1792,44.9179,41.2197,37.9273,35.1249
"ZMB","Zambia","Sub-Saharan Africa","","Eastern and Southern Africa","Eastern and Southern Africa","Median",152.5074,143.7954,133.679,123.5855,113.6902,104.8214,97.1075,91.3675,86.2051,80.0074,75.6772,73.1334,70.4484,67.2013,63.7872,61.5308,59.0068,56.0683,55.1701,54.0881,52.4233,49.2138,46.6667,44.7234
"ZMB","Zambia","Sub-Saharan Africa","","Eastern and Southern Africa","Eastern and Southern Africa","Upper",163.3307,153.736,142.776,132.1302,121.8568,112.7006,104.3457,98.3263,92.8047,86.3789,81.9694,79.2152,76.5128,73.3595,69.9022,67.7948,65.5435,62.8348,62.3886,62.0712,61.3037,58.7823,57.5596,57.1499
"ZWE","Zimbabwe","Sub-Saharan Africa","","Eastern and Southern Africa","Eastern and Southern Africa","Lower",89.1141,88.5825,76.9626,80.4996,83.6858,84.4436,86.2662,86.9118,85.6474,82.7067,77.5599,71.7714,64.6723,58.9436,55.0052,52.1588,48.4682,45.3096,41.1821,38.2502,35.7227,32.1423,29.4324,27.0045
"ZWE","Zimbabwe","Sub-Saharan Africa","","Eastern and Southern Africa","Eastern and Southern Africa","Median",98.2933,97.8962,84.7931,88.4762,91.6561,92.2602,93.9574,94.7094,93.4478,90.3372,84.9606,78.8334,71.3569,65.5495,61.7714,59.7639,56.9124,54.9538,52.2897,51.0626,50.0833,47.6206,45.9859,44.212
"ZWE","Zimbabwe","Sub-Saharan Africa","","Eastern and Southern Africa","Eastern and Southern Africa","Upper",107.8071,107.4251,92.9237,96.9081,100.2382,100.5681,102.5137,103.2051,101.9014,98.7075,92.8503,86.6026,78.7015,72.8953,69.4067,67.9551,66.1272,65.8836,65.2591,66.9022,69.0464,68.5906,69.4278,70.599
